ISO-10303-21;
HEADER;
/* Generated by software containing ST-Developer
 * from STEP Tools, Inc. (www.steptools.com) 
 */
/* OPTION: using custom renumber hook */

FILE_DESCRIPTION(
/* description */ ('STEP AP242 Edition 2',
'CAx-IF Rec.Pracs.---Representation and Presentation of Product Manufa
cturing Information (PMI)---4.0---2014-10-13',
'CAx-IF Rec.Pracs.---3D Tessellated Geometry---0.4---2014-09-14','2;1',
'CAx-IF Rec.Pracs.---User Defined Attributes---1.5---2016-08-15'),
/* implementation_level */ '2;1');

FILE_NAME(
/* name */ 'Plate - Plate',
/* time_stamp */ '2026-08-24T16:08:50Z',
/* author */ (''),
/* organization */ (''),
/* preprocessor_version */ 'ST-DEVELOPER v20',
/* originating_system */ 'ONSHAPE BY PTC INC, 1.219',
/* authorisation */ '  ');

FILE_SCHEMA (('AP242_MANAGED_MODEL_BASED_3D_ENGINEERING_MIM_LF { 1 0 10303 442 3 1 4 }'));
ENDSEC;

DATA;
#10=SHAPE_REPRESENTATION_RELATIONSHIP('','',#7677,#11);
#11=ADVANCED_BREP_SHAPE_REPRESENTATION('',(#7675),#12967);
#12=B_SPLINE_CURVE_WITH_KNOTS('',3,(#12616,#12617,#12618,#12619,#12620),
 .UNSPECIFIED.,.F.,.F.,(4,1,4),(0.,0.000888843926831187,0.00177768785366237),
 .UNSPECIFIED.);
#13=B_SPLINE_CURVE_WITH_KNOTS('',3,(#12631,#12632,#12633,#12634,#12635),
 .UNSPECIFIED.,.F.,.F.,(4,1,4),(0.,0.000886808392673339,0.00177361678534668),
 .UNSPECIFIED.);
#14=CONICAL_SURFACE('',#8148,0.000699999999999992,0.785398163397429);
#15=CONICAL_SURFACE('',#8149,0.000699999999999992,0.785398163397429);
#16=CONICAL_SURFACE('',#8152,0.000699999999999992,0.785398163397429);
#17=CONICAL_SURFACE('',#8153,0.0007,0.785398163397438);
#18=CONICAL_SURFACE('',#8155,0.0011,0.785398163397448);
#19=CONICAL_SURFACE('',#8158,0.0011,0.785398163397439);
#20=CONICAL_SURFACE('',#8159,0.0011,0.785398163397439);
#21=CONICAL_SURFACE('',#8162,0.0011,0.785398163397439);
#22=CONICAL_SURFACE('',#8163,0.0011,0.785398163397448);
#23=CONICAL_SURFACE('',#8166,0.0011,0.785398163397439);
#24=CONICAL_SURFACE('',#8167,0.0011,0.785398163397439);
#25=CONICAL_SURFACE('',#8170,0.0011,0.785398163397439);
#26=CONICAL_SURFACE('',#8171,0.0011,0.785398163397448);
#27=CONICAL_SURFACE('',#8174,0.0011,0.785398163397439);
#28=CONICAL_SURFACE('',#8175,0.0011,0.785398163397439);
#29=CONICAL_SURFACE('',#8178,0.0011,0.785398163397439);
#30=CONICAL_SURFACE('',#8179,0.0011,0.785398163397448);
#31=CONICAL_SURFACE('',#8182,0.0011,0.785398163397439);
#32=CONICAL_SURFACE('',#8183,0.0011,0.785398163397439);
#33=CONICAL_SURFACE('',#8186,0.0011,0.785398163397439);
#34=CONICAL_SURFACE('',#8187,0.0011,0.785398163397439);
#35=CONICAL_SURFACE('',#8190,0.0011,0.785398163397439);
#36=CONICAL_SURFACE('',#8191,0.0011,0.785398163397439);
#37=CONICAL_SURFACE('',#8194,0.0011,0.785398163397443);
#38=CONICAL_SURFACE('',#8195,0.0011,0.785398163397439);
#39=CONICAL_SURFACE('',#8198,0.0011,0.785398163397443);
#40=CONICAL_SURFACE('',#8199,0.0011,0.785398163397439);
#41=CONICAL_SURFACE('',#8202,0.0011,0.785398163397443);
#42=CONICAL_SURFACE('',#8203,0.0011,0.785398163397439);
#43=CONICAL_SURFACE('',#8206,0.0011,0.785398163397439);
#44=CONICAL_SURFACE('',#8207,0.0011,0.785398163397443);
#45=CONICAL_SURFACE('',#8210,0.0011,0.785398163397443);
#46=CONICAL_SURFACE('',#8211,0.0011,0.785398163397439);
#47=CONICAL_SURFACE('',#8214,0.0011,0.785398163397439);
#48=CONICAL_SURFACE('',#8215,0.0011,0.785398163397439);
#49=CONICAL_SURFACE('',#8218,0.0011,0.785398163397443);
#50=CONICAL_SURFACE('',#8219,0.0011,0.785398163397439);
#51=CONICAL_SURFACE('',#8222,0.0011,0.785398163397439);
#52=CONICAL_SURFACE('',#8223,0.0011,0.785398163397439);
#53=CONICAL_SURFACE('',#8226,0.0011,0.785398163397439);
#54=CONICAL_SURFACE('',#8227,0.0011,0.785398163397439);
#55=CONICAL_SURFACE('',#8230,0.0011,0.785398163397439);
#56=CONICAL_SURFACE('',#8231,0.0011,0.785398163397439);
#57=CONICAL_SURFACE('',#8234,0.0011,0.785398163397439);
#58=CONICAL_SURFACE('',#8235,0.0011,0.785398163397439);
#59=CONICAL_SURFACE('',#8238,0.0011,0.785398163397439);
#60=CONICAL_SURFACE('',#8239,0.0011,0.785398163397439);
#61=CONICAL_SURFACE('',#8242,0.0011,0.785398163397439);
#62=CONICAL_SURFACE('',#8243,0.0011,0.785398163397439);
#63=CONICAL_SURFACE('',#8246,0.0011,0.785398163397439);
#64=CONICAL_SURFACE('',#8247,0.0011,0.785398163397439);
#65=CONICAL_SURFACE('',#8250,0.0011,0.785398163397439);
#66=CONICAL_SURFACE('',#8251,0.0011,0.785398163397439);
#67=CONICAL_SURFACE('',#8254,0.0011,0.785398163397439);
#68=CONICAL_SURFACE('',#8255,0.0011,0.785398163397439);
#69=CONICAL_SURFACE('',#8258,0.0011,0.785398163397439);
#70=CONICAL_SURFACE('',#8259,0.0011,0.785398163397439);
#71=CONICAL_SURFACE('',#8262,0.0011,0.785398163397439);
#72=CONICAL_SURFACE('',#8263,0.0011,0.785398163397439);
#73=CONICAL_SURFACE('',#8266,0.0011,0.785398163397439);
#74=CONICAL_SURFACE('',#8267,0.0011,0.785398163397439);
#75=CONICAL_SURFACE('',#8270,0.0011,0.785398163397439);
#76=CONICAL_SURFACE('',#8271,0.0011,0.785398163397439);
#77=CONICAL_SURFACE('',#8274,0.0011,0.785398163397439);
#78=CONICAL_SURFACE('',#8276,0.0058,0.785398163397432);
#79=CONICAL_SURFACE('',#8277,0.0058,0.785398163397432);
#80=CONICAL_SURFACE('',#8280,0.0058,0.785398163397432);
#81=CONICAL_SURFACE('',#8281,0.0058,0.785398163397432);
#82=CONICAL_SURFACE('',#8283,0.00185,0.785398163397443);
#83=CONICAL_SURFACE('',#8284,0.00185,0.785398163397448);
#84=CONICAL_SURFACE('',#8285,0.00185,0.785398163397443);
#85=CONICAL_SURFACE('',#8286,0.00165,0.785398163397443);
#86=CONICAL_SURFACE('',#8287,0.00165,0.785398163397442);
#87=CONICAL_SURFACE('',#8288,0.00165,0.785398163397452);
#88=CONICAL_SURFACE('',#8289,0.0011,0.785398163397443);
#89=CONICAL_SURFACE('',#8292,0.0011,0.785398163397443);
#90=CONICAL_SURFACE('',#8293,0.0011,0.785398163397443);
#91=CONICAL_SURFACE('',#8296,0.0011,0.785398163397452);
#92=CONICAL_SURFACE('',#8311,0.0007,0.785398163397446);
#93=CONICAL_SURFACE('',#8312,0.0007,0.785398163397446);
#94=CONICAL_SURFACE('',#8315,0.0007,0.785398163397446);
#95=CONICAL_SURFACE('',#8316,0.0007,0.785398163397446);
#96=CONICAL_SURFACE('',#8318,0.0013,0.785398163397457);
#97=CONICAL_SURFACE('',#8321,0.0013,0.785398163397448);
#98=CONICAL_SURFACE('',#8322,0.0013,0.785398163397448);
#99=CONICAL_SURFACE('',#8325,0.0013,0.785398163397448);
#100=CONICAL_SURFACE('',#8326,0.0013,0.785398163397448);
#101=CONICAL_SURFACE('',#8329,0.0013,0.785398163397448);
#102=CONICAL_SURFACE('',#8330,0.0013,0.785398163397448);
#103=CONICAL_SURFACE('',#8333,0.0013,0.785398163397448);
#104=CONICAL_SURFACE('',#8334,0.0013,0.785398163397448);
#105=CONICAL_SURFACE('',#8337,0.0013,0.785398163397448);
#106=CONICAL_SURFACE('',#8338,0.0013,0.785398163397448);
#107=CONICAL_SURFACE('',#8341,0.0013,0.785398163397448);
#108=CONICAL_SURFACE('',#8342,0.0013,0.785398163397448);
#109=CONICAL_SURFACE('',#8345,0.0013,0.785398163397448);
#110=CONICAL_SURFACE('',#8346,0.0013,0.785398163397448);
#111=CONICAL_SURFACE('',#8349,0.0013,0.785398163397448);
#112=CONICAL_SURFACE('',#8350,0.0013,0.785398163397457);
#113=CONICAL_SURFACE('',#8353,0.0013,0.785398163397448);
#114=CONICAL_SURFACE('',#8354,0.0013,0.785398163397448);
#115=CONICAL_SURFACE('',#8357,0.0013,0.785398163397448);
#116=CONICAL_SURFACE('',#8358,0.0013,0.785398163397448);
#117=CONICAL_SURFACE('',#8361,0.0013,0.785398163397448);
#118=CONICAL_SURFACE('',#8362,0.0013,0.785398163397448);
#119=CONICAL_SURFACE('',#8365,0.0013,0.785398163397448);
#120=CONICAL_SURFACE('',#8366,0.0013,0.785398163397448);
#121=CONICAL_SURFACE('',#8369,0.0013,0.785398163397448);
#122=CONICAL_SURFACE('',#8370,0.0013,0.785398163397448);
#123=CONICAL_SURFACE('',#8373,0.0013,0.785398163397448);
#124=CONICAL_SURFACE('',#8374,0.0013,0.785398163397448);
#125=CONICAL_SURFACE('',#8377,0.0013,0.785398163397448);
#126=CONICAL_SURFACE('',#8378,0.0013,0.785398163397448);
#127=CONICAL_SURFACE('',#8381,0.0013,0.785398163397448);
#128=CONICAL_SURFACE('',#8382,0.0013,0.785398163397457);
#129=CONICAL_SURFACE('',#8385,0.0013,0.785398163397452);
#130=CONICAL_SURFACE('',#8386,0.0013,0.785398163397448);
#131=CONICAL_SURFACE('',#8389,0.0013,0.785398163397448);
#132=CONICAL_SURFACE('',#8390,0.0013,0.785398163397448);
#133=CONICAL_SURFACE('',#8393,0.0013,0.785398163397452);
#134=CONICAL_SURFACE('',#8394,0.0013,0.785398163397448);
#135=CONICAL_SURFACE('',#8397,0.0013,0.785398163397452);
#136=CONICAL_SURFACE('',#8398,0.0013,0.785398163397452);
#137=CONICAL_SURFACE('',#8401,0.0013,0.785398163397452);
#138=CONICAL_SURFACE('',#8402,0.0013,0.785398163397448);
#139=CONICAL_SURFACE('',#8405,0.0013,0.785398163397448);
#140=CONICAL_SURFACE('',#8406,0.0013,0.785398163397448);
#141=CONICAL_SURFACE('',#8409,0.0013,0.785398163397452);
#142=CONICAL_SURFACE('',#8410,0.0013,0.785398163397448);
#143=CONICAL_SURFACE('',#8413,0.0013,0.785398163397448);
#144=CONICAL_SURFACE('',#8414,0.0013,0.785398163397457);
#145=CONICAL_SURFACE('',#8417,0.0013,0.785398163397448);
#146=CONICAL_SURFACE('',#8418,0.0013,0.785398163397448);
#147=CONICAL_SURFACE('',#8421,0.0013,0.785398163397448);
#148=CONICAL_SURFACE('',#8422,0.0013,0.785398163397448);
#149=CONICAL_SURFACE('',#8425,0.0013,0.785398163397448);
#150=CONICAL_SURFACE('',#8426,0.0013,0.785398163397448);
#151=CONICAL_SURFACE('',#8429,0.0013,0.785398163397448);
#152=CONICAL_SURFACE('',#8430,0.0013,0.785398163397448);
#153=CONICAL_SURFACE('',#8433,0.0013,0.785398163397448);
#154=CONICAL_SURFACE('',#8434,0.0013,0.785398163397448);
#155=CONICAL_SURFACE('',#8437,0.0013,0.785398163397448);
#156=CONICAL_SURFACE('',#8438,0.00185,0.785398163397443);
#157=CONICAL_SURFACE('',#8439,0.00185,0.785398163397447);
#158=CONICAL_SURFACE('',#8440,0.00185,0.785398163397443);
#159=CONICAL_SURFACE('',#8441,0.00165,0.785398163397443);
#160=CONICAL_SURFACE('',#8442,0.00165,0.785398163397442);
#161=CONICAL_SURFACE('',#8443,0.00165,0.785398163397452);
#162=CONICAL_SURFACE('',#8444,0.0013,0.785398163397443);
#163=CONICAL_SURFACE('',#8447,0.0013,0.785398163397443);
#164=CONICAL_SURFACE('',#8448,0.0013,0.785398163397443);
#165=CONICAL_SURFACE('',#8451,0.0013,0.785398163397452);
#166=CONICAL_SURFACE('',#8453,0.0058,0.785398163397467);
#167=CONICAL_SURFACE('',#8455,0.0058,0.785398163397467);
#168=CONICAL_SURFACE('',#8457,0.0058,0.785398163397467);
#169=CONICAL_SURFACE('',#8459,0.0058,0.785398163397467);
#170=CYLINDRICAL_SURFACE('',#7846,0.0011);
#171=CYLINDRICAL_SURFACE('',#7850,0.0011);
#172=CYLINDRICAL_SURFACE('',#7854,0.0011);
#173=CYLINDRICAL_SURFACE('',#7858,0.0011);
#174=CYLINDRICAL_SURFACE('',#7863,0.00165);
#175=CYLINDRICAL_SURFACE('',#7866,0.00165);
#176=CYLINDRICAL_SURFACE('',#7869,0.00165);
#177=CYLINDRICAL_SURFACE('',#7873,0.00165);
#178=CYLINDRICAL_SURFACE('',#7876,0.00165);
#179=CYLINDRICAL_SURFACE('',#7879,0.00165);
#180=CYLINDRICAL_SURFACE('',#7883,0.006);
#181=CYLINDRICAL_SURFACE('',#7886,0.006);
#182=CYLINDRICAL_SURFACE('',#7889,0.006);
#183=CYLINDRICAL_SURFACE('',#7892,0.006);
#184=CYLINDRICAL_SURFACE('',#7895,0.0011);
#185=CYLINDRICAL_SURFACE('',#7899,0.0011);
#186=CYLINDRICAL_SURFACE('',#7903,0.0011);
#187=CYLINDRICAL_SURFACE('',#7907,0.0011);
#188=CYLINDRICAL_SURFACE('',#7911,0.0011);
#189=CYLINDRICAL_SURFACE('',#7915,0.0011);
#190=CYLINDRICAL_SURFACE('',#7919,0.0011);
#191=CYLINDRICAL_SURFACE('',#7923,0.0011);
#192=CYLINDRICAL_SURFACE('',#7927,0.0011);
#193=CYLINDRICAL_SURFACE('',#7931,0.0011);
#194=CYLINDRICAL_SURFACE('',#7935,0.0011);
#195=CYLINDRICAL_SURFACE('',#7939,0.0011);
#196=CYLINDRICAL_SURFACE('',#7943,0.0011);
#197=CYLINDRICAL_SURFACE('',#7947,0.0011);
#198=CYLINDRICAL_SURFACE('',#7951,0.0011);
#199=CYLINDRICAL_SURFACE('',#7955,0.0011);
#200=CYLINDRICAL_SURFACE('',#7959,0.0011);
#201=CYLINDRICAL_SURFACE('',#7963,0.0011);
#202=CYLINDRICAL_SURFACE('',#7967,0.0011);
#203=CYLINDRICAL_SURFACE('',#7971,0.0011);
#204=CYLINDRICAL_SURFACE('',#7975,0.0011);
#205=CYLINDRICAL_SURFACE('',#7979,0.0011);
#206=CYLINDRICAL_SURFACE('',#7983,0.0011);
#207=CYLINDRICAL_SURFACE('',#7987,0.0011);
#208=CYLINDRICAL_SURFACE('',#7991,0.0011);
#209=CYLINDRICAL_SURFACE('',#7995,0.0011);
#210=CYLINDRICAL_SURFACE('',#7999,0.0011);
#211=CYLINDRICAL_SURFACE('',#8003,0.0011);
#212=CYLINDRICAL_SURFACE('',#8007,0.0011);
#213=CYLINDRICAL_SURFACE('',#8011,0.0011);
#214=CYLINDRICAL_SURFACE('',#8015,0.0011);
#215=CYLINDRICAL_SURFACE('',#8019,0.0011);
#216=CYLINDRICAL_SURFACE('',#8023,0.0011);
#217=CYLINDRICAL_SURFACE('',#8027,0.0011);
#218=CYLINDRICAL_SURFACE('',#8031,0.0011);
#219=CYLINDRICAL_SURFACE('',#8035,0.0011);
#220=CYLINDRICAL_SURFACE('',#8039,0.0011);
#221=CYLINDRICAL_SURFACE('',#8043,0.0011);
#222=CYLINDRICAL_SURFACE('',#8047,0.0011);
#223=CYLINDRICAL_SURFACE('',#8051,0.0011);
#224=CYLINDRICAL_SURFACE('',#8055,0.0011);
#225=CYLINDRICAL_SURFACE('',#8059,0.0011);
#226=CYLINDRICAL_SURFACE('',#8063,0.0011);
#227=CYLINDRICAL_SURFACE('',#8067,0.0011);
#228=CYLINDRICAL_SURFACE('',#8071,0.0011);
#229=CYLINDRICAL_SURFACE('',#8075,0.0011);
#230=CYLINDRICAL_SURFACE('',#8079,0.0011);
#231=CYLINDRICAL_SURFACE('',#8083,0.0011);
#232=CYLINDRICAL_SURFACE('',#8087,0.0011);
#233=CYLINDRICAL_SURFACE('',#8091,0.0011);
#234=CYLINDRICAL_SURFACE('',#8095,0.0011);
#235=CYLINDRICAL_SURFACE('',#8099,0.0011);
#236=CYLINDRICAL_SURFACE('',#8103,0.0011);
#237=CYLINDRICAL_SURFACE('',#8107,0.0011);
#238=CYLINDRICAL_SURFACE('',#8111,0.0011);
#239=CYLINDRICAL_SURFACE('',#8115,0.0011);
#240=CYLINDRICAL_SURFACE('',#8119,0.0011);
#241=CYLINDRICAL_SURFACE('',#8123,0.0011);
#242=CYLINDRICAL_SURFACE('',#8127,0.0011);
#243=CYLINDRICAL_SURFACE('',#8131,0.0011);
#244=CYLINDRICAL_SURFACE('',#8135,0.0005);
#245=CYLINDRICAL_SURFACE('',#8138,0.0005);
#246=CYLINDRICAL_SURFACE('',#8141,0.0005);
#247=CYLINDRICAL_SURFACE('',#8144,0.0005);
#248=CYLINDRICAL_SURFACE('',#8297,0.003);
#249=CYLINDRICAL_SURFACE('',#8300,0.003);
#250=CYLINDRICAL_SURFACE('',#8461,0.001);
#251=CYLINDRICAL_SURFACE('',#8463,0.001);
#252=CYLINDRICAL_SURFACE('',#8464,0.001);
#253=CYLINDRICAL_SURFACE('',#8466,0.001);
#254=ELLIPSE('',#7837,0.0014142135623731,0.001);
#255=ELLIPSE('',#7838,0.0014142135623731,0.001);
#256=ELLIPSE('',#8462,0.00108239220029239,0.001);
#257=ELLIPSE('',#8465,0.00108239220029239,0.001);
#258=CIRCLE('',#7680,0.003);
#259=CIRCLE('',#7681,0.003);
#260=CIRCLE('',#7683,0.0007);
#261=CIRCLE('',#7684,0.000699999999999992);
#262=CIRCLE('',#7685,0.000699999999999992);
#263=CIRCLE('',#7686,0.000699999999999992);
#264=CIRCLE('',#7687,0.0013);
#265=CIRCLE('',#7688,0.0013);
#266=CIRCLE('',#7689,0.0013);
#267=CIRCLE('',#7690,0.0013);
#268=CIRCLE('',#7691,0.0013);
#269=CIRCLE('',#7692,0.0013);
#270=CIRCLE('',#7693,0.0013);
#271=CIRCLE('',#7694,0.0013);
#272=CIRCLE('',#7695,0.0013);
#273=CIRCLE('',#7696,0.0013);
#274=CIRCLE('',#7697,0.0013);
#275=CIRCLE('',#7698,0.0013);
#276=CIRCLE('',#7699,0.0013);
#277=CIRCLE('',#7700,0.0013);
#278=CIRCLE('',#7701,0.0013);
#279=CIRCLE('',#7702,0.0013);
#280=CIRCLE('',#7703,0.0013);
#281=CIRCLE('',#7704,0.0013);
#282=CIRCLE('',#7705,0.0013);
#283=CIRCLE('',#7706,0.0013);
#284=CIRCLE('',#7707,0.0013);
#285=CIRCLE('',#7708,0.0013);
#286=CIRCLE('',#7709,0.0013);
#287=CIRCLE('',#7710,0.0013);
#288=CIRCLE('',#7711,0.0013);
#289=CIRCLE('',#7712,0.0013);
#290=CIRCLE('',#7713,0.0013);
#291=CIRCLE('',#7714,0.0013);
#292=CIRCLE('',#7715,0.0013);
#293=CIRCLE('',#7716,0.0013);
#294=CIRCLE('',#7717,0.0013);
#295=CIRCLE('',#7718,0.0013);
#296=CIRCLE('',#7719,0.0013);
#297=CIRCLE('',#7720,0.0013);
#298=CIRCLE('',#7721,0.0013);
#299=CIRCLE('',#7722,0.0013);
#300=CIRCLE('',#7723,0.0013);
#301=CIRCLE('',#7724,0.0013);
#302=CIRCLE('',#7725,0.0013);
#303=CIRCLE('',#7726,0.0013);
#304=CIRCLE('',#7727,0.0013);
#305=CIRCLE('',#7728,0.0013);
#306=CIRCLE('',#7729,0.0013);
#307=CIRCLE('',#7730,0.0013);
#308=CIRCLE('',#7731,0.0013);
#309=CIRCLE('',#7732,0.0013);
#310=CIRCLE('',#7733,0.0013);
#311=CIRCLE('',#7734,0.0013);
#312=CIRCLE('',#7735,0.0013);
#313=CIRCLE('',#7736,0.0013);
#314=CIRCLE('',#7737,0.0013);
#315=CIRCLE('',#7738,0.0013);
#316=CIRCLE('',#7739,0.0013);
#317=CIRCLE('',#7740,0.0013);
#318=CIRCLE('',#7741,0.0013);
#319=CIRCLE('',#7742,0.0013);
#320=CIRCLE('',#7743,0.0013);
#321=CIRCLE('',#7744,0.0013);
#322=CIRCLE('',#7745,0.0013);
#323=CIRCLE('',#7746,0.0013);
#324=CIRCLE('',#7747,0.0058);
#325=CIRCLE('',#7748,0.0058);
#326=CIRCLE('',#7749,0.0058);
#327=CIRCLE('',#7750,0.0058);
#328=CIRCLE('',#7751,0.00185);
#329=CIRCLE('',#7752,0.00185);
#330=CIRCLE('',#7753,0.00185);
#331=CIRCLE('',#7754,0.00185);
#332=CIRCLE('',#7755,0.00185);
#333=CIRCLE('',#7756,0.00185);
#334=CIRCLE('',#7757,0.0013);
#335=CIRCLE('',#7758,0.0013);
#336=CIRCLE('',#7759,0.0013);
#337=CIRCLE('',#7760,0.0013);
#338=CIRCLE('',#7762,0.0007);
#339=CIRCLE('',#7763,0.0007);
#340=CIRCLE('',#7764,0.0007);
#341=CIRCLE('',#7765,0.0007);
#342=CIRCLE('',#7766,0.0013);
#343=CIRCLE('',#7767,0.0013);
#344=CIRCLE('',#7768,0.0013);
#345=CIRCLE('',#7769,0.0013);
#346=CIRCLE('',#7770,0.0013);
#347=CIRCLE('',#7771,0.0013);
#348=CIRCLE('',#7772,0.0013);
#349=CIRCLE('',#7773,0.0013);
#350=CIRCLE('',#7774,0.0013);
#351=CIRCLE('',#7775,0.0013);
#352=CIRCLE('',#7776,0.0013);
#353=CIRCLE('',#7777,0.0013);
#354=CIRCLE('',#7778,0.0013);
#355=CIRCLE('',#7779,0.0013);
#356=CIRCLE('',#7780,0.0013);
#357=CIRCLE('',#7781,0.0013);
#358=CIRCLE('',#7782,0.0013);
#359=CIRCLE('',#7783,0.0013);
#360=CIRCLE('',#7784,0.0013);
#361=CIRCLE('',#7785,0.0013);
#362=CIRCLE('',#7786,0.0013);
#363=CIRCLE('',#7787,0.0013);
#364=CIRCLE('',#7788,0.0013);
#365=CIRCLE('',#7789,0.0013);
#366=CIRCLE('',#7790,0.0013);
#367=CIRCLE('',#7791,0.0013);
#368=CIRCLE('',#7792,0.0013);
#369=CIRCLE('',#7793,0.0013);
#370=CIRCLE('',#7794,0.0013);
#371=CIRCLE('',#7795,0.0013);
#372=CIRCLE('',#7796,0.0013);
#373=CIRCLE('',#7797,0.0013);
#374=CIRCLE('',#7798,0.0013);
#375=CIRCLE('',#7799,0.0013);
#376=CIRCLE('',#7800,0.0013);
#377=CIRCLE('',#7801,0.0013);
#378=CIRCLE('',#7802,0.0013);
#379=CIRCLE('',#7803,0.0013);
#380=CIRCLE('',#7804,0.0013);
#381=CIRCLE('',#7805,0.0013);
#382=CIRCLE('',#7806,0.0013);
#383=CIRCLE('',#7807,0.0013);
#384=CIRCLE('',#7808,0.0013);
#385=CIRCLE('',#7809,0.0013);
#386=CIRCLE('',#7810,0.0013);
#387=CIRCLE('',#7811,0.0013);
#388=CIRCLE('',#7812,0.0013);
#389=CIRCLE('',#7813,0.0013);
#390=CIRCLE('',#7814,0.0013);
#391=CIRCLE('',#7815,0.0013);
#392=CIRCLE('',#7816,0.0013);
#393=CIRCLE('',#7817,0.0013);
#394=CIRCLE('',#7818,0.0013);
#395=CIRCLE('',#7819,0.0013);
#396=CIRCLE('',#7820,0.0013);
#397=CIRCLE('',#7821,0.0013);
#398=CIRCLE('',#7822,0.0013);
#399=CIRCLE('',#7823,0.0013);
#400=CIRCLE('',#7824,0.0013);
#401=CIRCLE('',#7825,0.0013);
#402=CIRCLE('',#7826,0.00185);
#403=CIRCLE('',#7827,0.00185);
#404=CIRCLE('',#7828,0.00185);
#405=CIRCLE('',#7829,0.00185);
#406=CIRCLE('',#7830,0.00185);
#407=CIRCLE('',#7831,0.00185);
#408=CIRCLE('',#7832,0.0013);
#409=CIRCLE('',#7833,0.0013);
#410=CIRCLE('',#7834,0.0013);
#411=CIRCLE('',#7835,0.0013);
#412=CIRCLE('',#7836,0.0058);
#413=CIRCLE('',#7839,0.0058);
#414=CIRCLE('',#7840,0.0058);
#415=CIRCLE('',#7841,0.0058);
#416=CIRCLE('',#7847,0.0011);
#417=CIRCLE('',#7848,0.0011);
#418=CIRCLE('',#7851,0.0011);
#419=CIRCLE('',#7852,0.0011);
#420=CIRCLE('',#7855,0.0011);
#421=CIRCLE('',#7856,0.0011);
#422=CIRCLE('',#7859,0.0011);
#423=CIRCLE('',#7860,0.0011);
#424=CIRCLE('',#7864,0.00165);
#425=CIRCLE('',#7865,0.00165);
#426=CIRCLE('',#7867,0.00165);
#427=CIRCLE('',#7868,0.00165);
#428=CIRCLE('',#7870,0.00165);
#429=CIRCLE('',#7871,0.00165);
#430=CIRCLE('',#7874,0.00165);
#431=CIRCLE('',#7875,0.00165);
#432=CIRCLE('',#7877,0.00165);
#433=CIRCLE('',#7878,0.00165);
#434=CIRCLE('',#7880,0.00165);
#435=CIRCLE('',#7881,0.00165);
#436=CIRCLE('',#7884,0.006);
#437=CIRCLE('',#7885,0.006);
#438=CIRCLE('',#7887,0.006);
#439=CIRCLE('',#7888,0.006);
#440=CIRCLE('',#7890,0.006);
#441=CIRCLE('',#7891,0.006);
#442=CIRCLE('',#7893,0.006);
#443=CIRCLE('',#7894,0.006);
#444=CIRCLE('',#7896,0.0011);
#445=CIRCLE('',#7897,0.0011);
#446=CIRCLE('',#7900,0.0011);
#447=CIRCLE('',#7901,0.0011);
#448=CIRCLE('',#7904,0.0011);
#449=CIRCLE('',#7905,0.0011);
#450=CIRCLE('',#7908,0.0011);
#451=CIRCLE('',#7909,0.0011);
#452=CIRCLE('',#7912,0.0011);
#453=CIRCLE('',#7913,0.0011);
#454=CIRCLE('',#7916,0.0011);
#455=CIRCLE('',#7917,0.0011);
#456=CIRCLE('',#7920,0.0011);
#457=CIRCLE('',#7921,0.0011);
#458=CIRCLE('',#7924,0.0011);
#459=CIRCLE('',#7925,0.0011);
#460=CIRCLE('',#7928,0.0011);
#461=CIRCLE('',#7929,0.0011);
#462=CIRCLE('',#7932,0.0011);
#463=CIRCLE('',#7933,0.0011);
#464=CIRCLE('',#7936,0.0011);
#465=CIRCLE('',#7937,0.0011);
#466=CIRCLE('',#7940,0.0011);
#467=CIRCLE('',#7941,0.0011);
#468=CIRCLE('',#7944,0.0011);
#469=CIRCLE('',#7945,0.0011);
#470=CIRCLE('',#7948,0.0011);
#471=CIRCLE('',#7949,0.0011);
#472=CIRCLE('',#7952,0.0011);
#473=CIRCLE('',#7953,0.0011);
#474=CIRCLE('',#7956,0.0011);
#475=CIRCLE('',#7957,0.0011);
#476=CIRCLE('',#7960,0.0011);
#477=CIRCLE('',#7961,0.0011);
#478=CIRCLE('',#7964,0.0011);
#479=CIRCLE('',#7965,0.0011);
#480=CIRCLE('',#7968,0.0011);
#481=CIRCLE('',#7969,0.0011);
#482=CIRCLE('',#7972,0.0011);
#483=CIRCLE('',#7973,0.0011);
#484=CIRCLE('',#7976,0.0011);
#485=CIRCLE('',#7977,0.0011);
#486=CIRCLE('',#7980,0.0011);
#487=CIRCLE('',#7981,0.0011);
#488=CIRCLE('',#7984,0.0011);
#489=CIRCLE('',#7985,0.0011);
#490=CIRCLE('',#7988,0.0011);
#491=CIRCLE('',#7989,0.0011);
#492=CIRCLE('',#7992,0.0011);
#493=CIRCLE('',#7993,0.0011);
#494=CIRCLE('',#7996,0.0011);
#495=CIRCLE('',#7997,0.0011);
#496=CIRCLE('',#8000,0.0011);
#497=CIRCLE('',#8001,0.0011);
#498=CIRCLE('',#8004,0.0011);
#499=CIRCLE('',#8005,0.0011);
#500=CIRCLE('',#8008,0.0011);
#501=CIRCLE('',#8009,0.0011);
#502=CIRCLE('',#8012,0.0011);
#503=CIRCLE('',#8013,0.0011);
#504=CIRCLE('',#8016,0.0011);
#505=CIRCLE('',#8017,0.0011);
#506=CIRCLE('',#8020,0.0011);
#507=CIRCLE('',#8021,0.0011);
#508=CIRCLE('',#8024,0.0011);
#509=CIRCLE('',#8025,0.0011);
#510=CIRCLE('',#8028,0.0011);
#511=CIRCLE('',#8029,0.0011);
#512=CIRCLE('',#8032,0.0011);
#513=CIRCLE('',#8033,0.0011);
#514=CIRCLE('',#8036,0.0011);
#515=CIRCLE('',#8037,0.0011);
#516=CIRCLE('',#8040,0.0011);
#517=CIRCLE('',#8041,0.0011);
#518=CIRCLE('',#8044,0.0011);
#519=CIRCLE('',#8045,0.0011);
#520=CIRCLE('',#8048,0.0011);
#521=CIRCLE('',#8049,0.0011);
#522=CIRCLE('',#8052,0.0011);
#523=CIRCLE('',#8053,0.0011);
#524=CIRCLE('',#8056,0.0011);
#525=CIRCLE('',#8057,0.0011);
#526=CIRCLE('',#8060,0.0011);
#527=CIRCLE('',#8061,0.0011);
#528=CIRCLE('',#8064,0.0011);
#529=CIRCLE('',#8065,0.0011);
#530=CIRCLE('',#8068,0.0011);
#531=CIRCLE('',#8069,0.0011);
#532=CIRCLE('',#8072,0.0011);
#533=CIRCLE('',#8073,0.0011);
#534=CIRCLE('',#8076,0.0011);
#535=CIRCLE('',#8077,0.0011);
#536=CIRCLE('',#8080,0.0011);
#537=CIRCLE('',#8081,0.0011);
#538=CIRCLE('',#8084,0.0011);
#539=CIRCLE('',#8085,0.0011);
#540=CIRCLE('',#8088,0.0011);
#541=CIRCLE('',#8089,0.0011);
#542=CIRCLE('',#8092,0.0011);
#543=CIRCLE('',#8093,0.0011);
#544=CIRCLE('',#8096,0.0011);
#545=CIRCLE('',#8097,0.0011);
#546=CIRCLE('',#8100,0.0011);
#547=CIRCLE('',#8101,0.0011);
#548=CIRCLE('',#8104,0.0011);
#549=CIRCLE('',#8105,0.0011);
#550=CIRCLE('',#8108,0.0011);
#551=CIRCLE('',#8109,0.0011);
#552=CIRCLE('',#8112,0.0011);
#553=CIRCLE('',#8113,0.0011);
#554=CIRCLE('',#8116,0.0011);
#555=CIRCLE('',#8117,0.0011);
#556=CIRCLE('',#8120,0.0011);
#557=CIRCLE('',#8121,0.0011);
#558=CIRCLE('',#8124,0.0011);
#559=CIRCLE('',#8125,0.0011);
#560=CIRCLE('',#8128,0.0011);
#561=CIRCLE('',#8129,0.0011);
#562=CIRCLE('',#8132,0.0011);
#563=CIRCLE('',#8133,0.0011);
#564=CIRCLE('',#8136,0.0005);
#565=CIRCLE('',#8137,0.0005);
#566=CIRCLE('',#8139,0.0005);
#567=CIRCLE('',#8140,0.0005);
#568=CIRCLE('',#8142,0.0005);
#569=CIRCLE('',#8143,0.0005);
#570=CIRCLE('',#8145,0.0005);
#571=CIRCLE('',#8146,0.0005);
#572=CIRCLE('',#8298,0.003);
#573=CIRCLE('',#8301,0.003);
#574=CIRCLE('',#8303,0.001);
#575=CIRCLE('',#8305,0.001);
#576=ORIENTED_EDGE('',*,*,#2720,.T.);
#577=ORIENTED_EDGE('',*,*,#2721,.T.);
#578=ORIENTED_EDGE('',*,*,#2722,.T.);
#579=ORIENTED_EDGE('',*,*,#2723,.T.);
#580=ORIENTED_EDGE('',*,*,#2724,.T.);
#581=ORIENTED_EDGE('',*,*,#2725,.T.);
#582=ORIENTED_EDGE('',*,*,#2726,.F.);
#583=ORIENTED_EDGE('',*,*,#2727,.T.);
#584=ORIENTED_EDGE('',*,*,#2728,.F.);
#585=ORIENTED_EDGE('',*,*,#2729,.T.);
#586=ORIENTED_EDGE('',*,*,#2730,.F.);
#587=ORIENTED_EDGE('',*,*,#2731,.T.);
#588=ORIENTED_EDGE('',*,*,#2732,.T.);
#589=ORIENTED_EDGE('',*,*,#2733,.T.);
#590=ORIENTED_EDGE('',*,*,#2734,.T.);
#591=ORIENTED_EDGE('',*,*,#2735,.T.);
#592=ORIENTED_EDGE('',*,*,#2736,.T.);
#593=ORIENTED_EDGE('',*,*,#2737,.T.);
#594=ORIENTED_EDGE('',*,*,#2738,.T.);
#595=ORIENTED_EDGE('',*,*,#2739,.T.);
#596=ORIENTED_EDGE('',*,*,#2740,.T.);
#597=ORIENTED_EDGE('',*,*,#2741,.T.);
#598=ORIENTED_EDGE('',*,*,#2742,.T.);
#599=ORIENTED_EDGE('',*,*,#2743,.T.);
#600=ORIENTED_EDGE('',*,*,#2744,.T.);
#601=ORIENTED_EDGE('',*,*,#2745,.T.);
#602=ORIENTED_EDGE('',*,*,#2746,.T.);
#603=ORIENTED_EDGE('',*,*,#2747,.T.);
#604=ORIENTED_EDGE('',*,*,#2748,.T.);
#605=ORIENTED_EDGE('',*,*,#2749,.T.);
#606=ORIENTED_EDGE('',*,*,#2750,.T.);
#607=ORIENTED_EDGE('',*,*,#2751,.T.);
#608=ORIENTED_EDGE('',*,*,#2752,.T.);
#609=ORIENTED_EDGE('',*,*,#2753,.T.);
#610=ORIENTED_EDGE('',*,*,#2754,.T.);
#611=ORIENTED_EDGE('',*,*,#2755,.T.);
#612=ORIENTED_EDGE('',*,*,#2756,.T.);
#613=ORIENTED_EDGE('',*,*,#2757,.T.);
#614=ORIENTED_EDGE('',*,*,#2758,.T.);
#615=ORIENTED_EDGE('',*,*,#2759,.T.);
#616=ORIENTED_EDGE('',*,*,#2760,.T.);
#617=ORIENTED_EDGE('',*,*,#2761,.T.);
#618=ORIENTED_EDGE('',*,*,#2762,.T.);
#619=ORIENTED_EDGE('',*,*,#2763,.T.);
#620=ORIENTED_EDGE('',*,*,#2764,.T.);
#621=ORIENTED_EDGE('',*,*,#2765,.T.);
#622=ORIENTED_EDGE('',*,*,#2766,.T.);
#623=ORIENTED_EDGE('',*,*,#2767,.T.);
#624=ORIENTED_EDGE('',*,*,#2768,.T.);
#625=ORIENTED_EDGE('',*,*,#2769,.T.);
#626=ORIENTED_EDGE('',*,*,#2770,.T.);
#627=ORIENTED_EDGE('',*,*,#2771,.T.);
#628=ORIENTED_EDGE('',*,*,#2772,.T.);
#629=ORIENTED_EDGE('',*,*,#2773,.T.);
#630=ORIENTED_EDGE('',*,*,#2774,.T.);
#631=ORIENTED_EDGE('',*,*,#2775,.T.);
#632=ORIENTED_EDGE('',*,*,#2776,.T.);
#633=ORIENTED_EDGE('',*,*,#2777,.T.);
#634=ORIENTED_EDGE('',*,*,#2778,.T.);
#635=ORIENTED_EDGE('',*,*,#2779,.T.);
#636=ORIENTED_EDGE('',*,*,#2780,.T.);
#637=ORIENTED_EDGE('',*,*,#2781,.T.);
#638=ORIENTED_EDGE('',*,*,#2782,.T.);
#639=ORIENTED_EDGE('',*,*,#2783,.T.);
#640=ORIENTED_EDGE('',*,*,#2784,.T.);
#641=ORIENTED_EDGE('',*,*,#2785,.T.);
#642=ORIENTED_EDGE('',*,*,#2786,.T.);
#643=ORIENTED_EDGE('',*,*,#2787,.T.);
#644=ORIENTED_EDGE('',*,*,#2788,.T.);
#645=ORIENTED_EDGE('',*,*,#2789,.T.);
#646=ORIENTED_EDGE('',*,*,#2790,.T.);
#647=ORIENTED_EDGE('',*,*,#2791,.T.);
#648=ORIENTED_EDGE('',*,*,#2792,.T.);
#649=ORIENTED_EDGE('',*,*,#2793,.T.);
#650=ORIENTED_EDGE('',*,*,#2794,.T.);
#651=ORIENTED_EDGE('',*,*,#2795,.T.);
#652=ORIENTED_EDGE('',*,*,#2796,.T.);
#653=ORIENTED_EDGE('',*,*,#2797,.T.);
#654=ORIENTED_EDGE('',*,*,#2798,.T.);
#655=ORIENTED_EDGE('',*,*,#2799,.T.);
#656=ORIENTED_EDGE('',*,*,#2800,.T.);
#657=ORIENTED_EDGE('',*,*,#2801,.T.);
#658=ORIENTED_EDGE('',*,*,#2802,.T.);
#659=ORIENTED_EDGE('',*,*,#2803,.T.);
#660=ORIENTED_EDGE('',*,*,#2804,.T.);
#661=ORIENTED_EDGE('',*,*,#2805,.T.);
#662=ORIENTED_EDGE('',*,*,#2806,.T.);
#663=ORIENTED_EDGE('',*,*,#2807,.T.);
#664=ORIENTED_EDGE('',*,*,#2808,.T.);
#665=ORIENTED_EDGE('',*,*,#2809,.T.);
#666=ORIENTED_EDGE('',*,*,#2810,.T.);
#667=ORIENTED_EDGE('',*,*,#2811,.T.);
#668=ORIENTED_EDGE('',*,*,#2812,.T.);
#669=ORIENTED_EDGE('',*,*,#2813,.T.);
#670=ORIENTED_EDGE('',*,*,#2814,.T.);
#671=ORIENTED_EDGE('',*,*,#2815,.T.);
#672=ORIENTED_EDGE('',*,*,#2816,.T.);
#673=ORIENTED_EDGE('',*,*,#2817,.T.);
#674=ORIENTED_EDGE('',*,*,#2818,.T.);
#675=ORIENTED_EDGE('',*,*,#2819,.T.);
#676=ORIENTED_EDGE('',*,*,#2820,.T.);
#677=ORIENTED_EDGE('',*,*,#2821,.T.);
#678=ORIENTED_EDGE('',*,*,#2822,.T.);
#679=ORIENTED_EDGE('',*,*,#2823,.T.);
#680=ORIENTED_EDGE('',*,*,#2824,.T.);
#681=ORIENTED_EDGE('',*,*,#2825,.T.);
#682=ORIENTED_EDGE('',*,*,#2826,.T.);
#683=ORIENTED_EDGE('',*,*,#2827,.T.);
#684=ORIENTED_EDGE('',*,*,#2828,.T.);
#685=ORIENTED_EDGE('',*,*,#2829,.T.);
#686=ORIENTED_EDGE('',*,*,#2830,.T.);
#687=ORIENTED_EDGE('',*,*,#2831,.T.);
#688=ORIENTED_EDGE('',*,*,#2832,.T.);
#689=ORIENTED_EDGE('',*,*,#2833,.T.);
#690=ORIENTED_EDGE('',*,*,#2834,.T.);
#691=ORIENTED_EDGE('',*,*,#2835,.T.);
#692=ORIENTED_EDGE('',*,*,#2836,.T.);
#693=ORIENTED_EDGE('',*,*,#2837,.T.);
#694=ORIENTED_EDGE('',*,*,#2838,.T.);
#695=ORIENTED_EDGE('',*,*,#2839,.T.);
#696=ORIENTED_EDGE('',*,*,#2840,.T.);
#697=ORIENTED_EDGE('',*,*,#2841,.T.);
#698=ORIENTED_EDGE('',*,*,#2842,.T.);
#699=ORIENTED_EDGE('',*,*,#2843,.T.);
#700=ORIENTED_EDGE('',*,*,#2844,.T.);
#701=ORIENTED_EDGE('',*,*,#2845,.T.);
#702=ORIENTED_EDGE('',*,*,#2846,.T.);
#703=ORIENTED_EDGE('',*,*,#2847,.T.);
#704=ORIENTED_EDGE('',*,*,#2848,.T.);
#705=ORIENTED_EDGE('',*,*,#2849,.T.);
#706=ORIENTED_EDGE('',*,*,#2850,.T.);
#707=ORIENTED_EDGE('',*,*,#2851,.T.);
#708=ORIENTED_EDGE('',*,*,#2852,.T.);
#709=ORIENTED_EDGE('',*,*,#2853,.T.);
#710=ORIENTED_EDGE('',*,*,#2854,.T.);
#711=ORIENTED_EDGE('',*,*,#2855,.T.);
#712=ORIENTED_EDGE('',*,*,#2856,.T.);
#713=ORIENTED_EDGE('',*,*,#2857,.T.);
#714=ORIENTED_EDGE('',*,*,#2858,.T.);
#715=ORIENTED_EDGE('',*,*,#2859,.T.);
#716=ORIENTED_EDGE('',*,*,#2860,.T.);
#717=ORIENTED_EDGE('',*,*,#2861,.T.);
#718=ORIENTED_EDGE('',*,*,#2862,.T.);
#719=ORIENTED_EDGE('',*,*,#2863,.T.);
#720=ORIENTED_EDGE('',*,*,#2864,.T.);
#721=ORIENTED_EDGE('',*,*,#2865,.T.);
#722=ORIENTED_EDGE('',*,*,#2866,.T.);
#723=ORIENTED_EDGE('',*,*,#2867,.T.);
#724=ORIENTED_EDGE('',*,*,#2868,.T.);
#725=ORIENTED_EDGE('',*,*,#2869,.T.);
#726=ORIENTED_EDGE('',*,*,#2870,.T.);
#727=ORIENTED_EDGE('',*,*,#2871,.T.);
#728=ORIENTED_EDGE('',*,*,#2872,.T.);
#729=ORIENTED_EDGE('',*,*,#2873,.T.);
#730=ORIENTED_EDGE('',*,*,#2874,.T.);
#731=ORIENTED_EDGE('',*,*,#2875,.T.);
#732=ORIENTED_EDGE('',*,*,#2876,.T.);
#733=ORIENTED_EDGE('',*,*,#2877,.T.);
#734=ORIENTED_EDGE('',*,*,#2878,.T.);
#735=ORIENTED_EDGE('',*,*,#2879,.T.);
#736=ORIENTED_EDGE('',*,*,#2880,.T.);
#737=ORIENTED_EDGE('',*,*,#2881,.T.);
#738=ORIENTED_EDGE('',*,*,#2882,.T.);
#739=ORIENTED_EDGE('',*,*,#2883,.T.);
#740=ORIENTED_EDGE('',*,*,#2884,.T.);
#741=ORIENTED_EDGE('',*,*,#2885,.T.);
#742=ORIENTED_EDGE('',*,*,#2886,.T.);
#743=ORIENTED_EDGE('',*,*,#2887,.T.);
#744=ORIENTED_EDGE('',*,*,#2888,.T.);
#745=ORIENTED_EDGE('',*,*,#2889,.T.);
#746=ORIENTED_EDGE('',*,*,#2890,.T.);
#747=ORIENTED_EDGE('',*,*,#2891,.T.);
#748=ORIENTED_EDGE('',*,*,#2892,.T.);
#749=ORIENTED_EDGE('',*,*,#2893,.T.);
#750=ORIENTED_EDGE('',*,*,#2894,.T.);
#751=ORIENTED_EDGE('',*,*,#2895,.T.);
#752=ORIENTED_EDGE('',*,*,#2896,.T.);
#753=ORIENTED_EDGE('',*,*,#2897,.T.);
#754=ORIENTED_EDGE('',*,*,#2898,.T.);
#755=ORIENTED_EDGE('',*,*,#2899,.T.);
#756=ORIENTED_EDGE('',*,*,#2900,.T.);
#757=ORIENTED_EDGE('',*,*,#2901,.T.);
#758=ORIENTED_EDGE('',*,*,#2902,.T.);
#759=ORIENTED_EDGE('',*,*,#2903,.T.);
#760=ORIENTED_EDGE('',*,*,#2904,.T.);
#761=ORIENTED_EDGE('',*,*,#2905,.T.);
#762=ORIENTED_EDGE('',*,*,#2906,.T.);
#763=ORIENTED_EDGE('',*,*,#2907,.T.);
#764=ORIENTED_EDGE('',*,*,#2908,.T.);
#765=ORIENTED_EDGE('',*,*,#2909,.T.);
#766=ORIENTED_EDGE('',*,*,#2910,.T.);
#767=ORIENTED_EDGE('',*,*,#2911,.T.);
#768=ORIENTED_EDGE('',*,*,#2912,.T.);
#769=ORIENTED_EDGE('',*,*,#2913,.T.);
#770=ORIENTED_EDGE('',*,*,#2914,.T.);
#771=ORIENTED_EDGE('',*,*,#2915,.T.);
#772=ORIENTED_EDGE('',*,*,#2916,.T.);
#773=ORIENTED_EDGE('',*,*,#2917,.T.);
#774=ORIENTED_EDGE('',*,*,#2918,.T.);
#775=ORIENTED_EDGE('',*,*,#2919,.T.);
#776=ORIENTED_EDGE('',*,*,#2920,.T.);
#777=ORIENTED_EDGE('',*,*,#2921,.T.);
#778=ORIENTED_EDGE('',*,*,#2922,.T.);
#779=ORIENTED_EDGE('',*,*,#2923,.T.);
#780=ORIENTED_EDGE('',*,*,#2924,.T.);
#781=ORIENTED_EDGE('',*,*,#2925,.T.);
#782=ORIENTED_EDGE('',*,*,#2926,.T.);
#783=ORIENTED_EDGE('',*,*,#2927,.T.);
#784=ORIENTED_EDGE('',*,*,#2928,.T.);
#785=ORIENTED_EDGE('',*,*,#2929,.T.);
#786=ORIENTED_EDGE('',*,*,#2930,.T.);
#787=ORIENTED_EDGE('',*,*,#2931,.T.);
#788=ORIENTED_EDGE('',*,*,#2932,.T.);
#789=ORIENTED_EDGE('',*,*,#2933,.T.);
#790=ORIENTED_EDGE('',*,*,#2934,.T.);
#791=ORIENTED_EDGE('',*,*,#2935,.T.);
#792=ORIENTED_EDGE('',*,*,#2936,.T.);
#793=ORIENTED_EDGE('',*,*,#2937,.T.);
#794=ORIENTED_EDGE('',*,*,#2938,.T.);
#795=ORIENTED_EDGE('',*,*,#2939,.T.);
#796=ORIENTED_EDGE('',*,*,#2940,.T.);
#797=ORIENTED_EDGE('',*,*,#2941,.T.);
#798=ORIENTED_EDGE('',*,*,#2942,.T.);
#799=ORIENTED_EDGE('',*,*,#2943,.T.);
#800=ORIENTED_EDGE('',*,*,#2944,.T.);
#801=ORIENTED_EDGE('',*,*,#2945,.T.);
#802=ORIENTED_EDGE('',*,*,#2946,.T.);
#803=ORIENTED_EDGE('',*,*,#2947,.T.);
#804=ORIENTED_EDGE('',*,*,#2948,.T.);
#805=ORIENTED_EDGE('',*,*,#2949,.T.);
#806=ORIENTED_EDGE('',*,*,#2950,.T.);
#807=ORIENTED_EDGE('',*,*,#2951,.T.);
#808=ORIENTED_EDGE('',*,*,#2952,.T.);
#809=ORIENTED_EDGE('',*,*,#2953,.T.);
#810=ORIENTED_EDGE('',*,*,#2954,.T.);
#811=ORIENTED_EDGE('',*,*,#2955,.T.);
#812=ORIENTED_EDGE('',*,*,#2956,.T.);
#813=ORIENTED_EDGE('',*,*,#2957,.T.);
#814=ORIENTED_EDGE('',*,*,#2958,.T.);
#815=ORIENTED_EDGE('',*,*,#2959,.T.);
#816=ORIENTED_EDGE('',*,*,#2960,.T.);
#817=ORIENTED_EDGE('',*,*,#2961,.T.);
#818=ORIENTED_EDGE('',*,*,#2962,.T.);
#819=ORIENTED_EDGE('',*,*,#2963,.T.);
#820=ORIENTED_EDGE('',*,*,#2964,.T.);
#821=ORIENTED_EDGE('',*,*,#2965,.T.);
#822=ORIENTED_EDGE('',*,*,#2966,.T.);
#823=ORIENTED_EDGE('',*,*,#2967,.T.);
#824=ORIENTED_EDGE('',*,*,#2968,.T.);
#825=ORIENTED_EDGE('',*,*,#2969,.T.);
#826=ORIENTED_EDGE('',*,*,#2970,.T.);
#827=ORIENTED_EDGE('',*,*,#2971,.T.);
#828=ORIENTED_EDGE('',*,*,#2972,.T.);
#829=ORIENTED_EDGE('',*,*,#2973,.T.);
#830=ORIENTED_EDGE('',*,*,#2974,.T.);
#831=ORIENTED_EDGE('',*,*,#2975,.T.);
#832=ORIENTED_EDGE('',*,*,#2976,.T.);
#833=ORIENTED_EDGE('',*,*,#2977,.T.);
#834=ORIENTED_EDGE('',*,*,#2978,.T.);
#835=ORIENTED_EDGE('',*,*,#2979,.T.);
#836=ORIENTED_EDGE('',*,*,#2980,.T.);
#837=ORIENTED_EDGE('',*,*,#2981,.T.);
#838=ORIENTED_EDGE('',*,*,#2982,.T.);
#839=ORIENTED_EDGE('',*,*,#2983,.T.);
#840=ORIENTED_EDGE('',*,*,#2984,.T.);
#841=ORIENTED_EDGE('',*,*,#2985,.T.);
#842=ORIENTED_EDGE('',*,*,#2986,.T.);
#843=ORIENTED_EDGE('',*,*,#2987,.T.);
#844=ORIENTED_EDGE('',*,*,#2988,.T.);
#845=ORIENTED_EDGE('',*,*,#2989,.T.);
#846=ORIENTED_EDGE('',*,*,#2990,.T.);
#847=ORIENTED_EDGE('',*,*,#2991,.T.);
#848=ORIENTED_EDGE('',*,*,#2992,.T.);
#849=ORIENTED_EDGE('',*,*,#2993,.T.);
#850=ORIENTED_EDGE('',*,*,#2994,.T.);
#851=ORIENTED_EDGE('',*,*,#2995,.T.);
#852=ORIENTED_EDGE('',*,*,#2996,.T.);
#853=ORIENTED_EDGE('',*,*,#2997,.T.);
#854=ORIENTED_EDGE('',*,*,#2998,.T.);
#855=ORIENTED_EDGE('',*,*,#2999,.T.);
#856=ORIENTED_EDGE('',*,*,#3000,.T.);
#857=ORIENTED_EDGE('',*,*,#3001,.T.);
#858=ORIENTED_EDGE('',*,*,#3002,.T.);
#859=ORIENTED_EDGE('',*,*,#3003,.T.);
#860=ORIENTED_EDGE('',*,*,#3004,.T.);
#861=ORIENTED_EDGE('',*,*,#3005,.T.);
#862=ORIENTED_EDGE('',*,*,#3006,.T.);
#863=ORIENTED_EDGE('',*,*,#3007,.T.);
#864=ORIENTED_EDGE('',*,*,#3008,.T.);
#865=ORIENTED_EDGE('',*,*,#3009,.T.);
#866=ORIENTED_EDGE('',*,*,#3010,.T.);
#867=ORIENTED_EDGE('',*,*,#3011,.T.);
#868=ORIENTED_EDGE('',*,*,#3012,.T.);
#869=ORIENTED_EDGE('',*,*,#3013,.T.);
#870=ORIENTED_EDGE('',*,*,#3014,.T.);
#871=ORIENTED_EDGE('',*,*,#3015,.T.);
#872=ORIENTED_EDGE('',*,*,#3016,.T.);
#873=ORIENTED_EDGE('',*,*,#3017,.T.);
#874=ORIENTED_EDGE('',*,*,#3018,.T.);
#875=ORIENTED_EDGE('',*,*,#3019,.T.);
#876=ORIENTED_EDGE('',*,*,#3020,.T.);
#877=ORIENTED_EDGE('',*,*,#3021,.T.);
#878=ORIENTED_EDGE('',*,*,#3022,.T.);
#879=ORIENTED_EDGE('',*,*,#3023,.T.);
#880=ORIENTED_EDGE('',*,*,#3024,.T.);
#881=ORIENTED_EDGE('',*,*,#3025,.T.);
#882=ORIENTED_EDGE('',*,*,#3026,.T.);
#883=ORIENTED_EDGE('',*,*,#3027,.T.);
#884=ORIENTED_EDGE('',*,*,#3028,.T.);
#885=ORIENTED_EDGE('',*,*,#3029,.T.);
#886=ORIENTED_EDGE('',*,*,#3030,.T.);
#887=ORIENTED_EDGE('',*,*,#3031,.T.);
#888=ORIENTED_EDGE('',*,*,#3032,.T.);
#889=ORIENTED_EDGE('',*,*,#3033,.T.);
#890=ORIENTED_EDGE('',*,*,#3034,.T.);
#891=ORIENTED_EDGE('',*,*,#3035,.T.);
#892=ORIENTED_EDGE('',*,*,#3036,.T.);
#893=ORIENTED_EDGE('',*,*,#3037,.T.);
#894=ORIENTED_EDGE('',*,*,#3038,.T.);
#895=ORIENTED_EDGE('',*,*,#3039,.T.);
#896=ORIENTED_EDGE('',*,*,#3040,.T.);
#897=ORIENTED_EDGE('',*,*,#3041,.T.);
#898=ORIENTED_EDGE('',*,*,#3042,.T.);
#899=ORIENTED_EDGE('',*,*,#3043,.T.);
#900=ORIENTED_EDGE('',*,*,#3044,.T.);
#901=ORIENTED_EDGE('',*,*,#3045,.T.);
#902=ORIENTED_EDGE('',*,*,#3046,.T.);
#903=ORIENTED_EDGE('',*,*,#3047,.T.);
#904=ORIENTED_EDGE('',*,*,#3048,.T.);
#905=ORIENTED_EDGE('',*,*,#3049,.T.);
#906=ORIENTED_EDGE('',*,*,#3050,.T.);
#907=ORIENTED_EDGE('',*,*,#3051,.T.);
#908=ORIENTED_EDGE('',*,*,#3052,.T.);
#909=ORIENTED_EDGE('',*,*,#3053,.T.);
#910=ORIENTED_EDGE('',*,*,#3054,.T.);
#911=ORIENTED_EDGE('',*,*,#3055,.T.);
#912=ORIENTED_EDGE('',*,*,#3056,.F.);
#913=ORIENTED_EDGE('',*,*,#3057,.T.);
#914=ORIENTED_EDGE('',*,*,#3056,.T.);
#915=ORIENTED_EDGE('',*,*,#3058,.T.);
#916=ORIENTED_EDGE('',*,*,#3059,.F.);
#917=ORIENTED_EDGE('',*,*,#3060,.T.);
#918=ORIENTED_EDGE('',*,*,#3059,.T.);
#919=ORIENTED_EDGE('',*,*,#3061,.T.);
#920=ORIENTED_EDGE('',*,*,#3062,.F.);
#921=ORIENTED_EDGE('',*,*,#3063,.T.);
#922=ORIENTED_EDGE('',*,*,#3062,.T.);
#923=ORIENTED_EDGE('',*,*,#3064,.T.);
#924=ORIENTED_EDGE('',*,*,#3065,.F.);
#925=ORIENTED_EDGE('',*,*,#3066,.T.);
#926=ORIENTED_EDGE('',*,*,#3065,.T.);
#927=ORIENTED_EDGE('',*,*,#3067,.T.);
#928=ORIENTED_EDGE('',*,*,#3068,.F.);
#929=ORIENTED_EDGE('',*,*,#3069,.T.);
#930=ORIENTED_EDGE('',*,*,#3068,.T.);
#931=ORIENTED_EDGE('',*,*,#3070,.T.);
#932=ORIENTED_EDGE('',*,*,#3071,.F.);
#933=ORIENTED_EDGE('',*,*,#3072,.T.);
#934=ORIENTED_EDGE('',*,*,#3071,.T.);
#935=ORIENTED_EDGE('',*,*,#3073,.T.);
#936=ORIENTED_EDGE('',*,*,#3074,.F.);
#937=ORIENTED_EDGE('',*,*,#3075,.T.);
#938=ORIENTED_EDGE('',*,*,#3074,.T.);
#939=ORIENTED_EDGE('',*,*,#3076,.T.);
#940=ORIENTED_EDGE('',*,*,#3054,.F.);
#941=ORIENTED_EDGE('',*,*,#3077,.T.);
#942=ORIENTED_EDGE('',*,*,#3078,.T.);
#943=ORIENTED_EDGE('',*,*,#3079,.T.);
#944=ORIENTED_EDGE('',*,*,#3080,.T.);
#945=ORIENTED_EDGE('',*,*,#3081,.T.);
#946=ORIENTED_EDGE('',*,*,#3082,.T.);
#947=ORIENTED_EDGE('',*,*,#3083,.T.);
#948=ORIENTED_EDGE('',*,*,#3084,.T.);
#949=ORIENTED_EDGE('',*,*,#3085,.T.);
#950=ORIENTED_EDGE('',*,*,#3086,.T.);
#951=ORIENTED_EDGE('',*,*,#3087,.T.);
#952=ORIENTED_EDGE('',*,*,#3088,.T.);
#953=ORIENTED_EDGE('',*,*,#3089,.T.);
#954=ORIENTED_EDGE('',*,*,#3090,.T.);
#955=ORIENTED_EDGE('',*,*,#3091,.T.);
#956=ORIENTED_EDGE('',*,*,#3092,.T.);
#957=ORIENTED_EDGE('',*,*,#3093,.T.);
#958=ORIENTED_EDGE('',*,*,#3094,.T.);
#959=ORIENTED_EDGE('',*,*,#3095,.T.);
#960=ORIENTED_EDGE('',*,*,#3096,.T.);
#961=ORIENTED_EDGE('',*,*,#3097,.T.);
#962=ORIENTED_EDGE('',*,*,#3098,.T.);
#963=ORIENTED_EDGE('',*,*,#3099,.T.);
#964=ORIENTED_EDGE('',*,*,#3100,.T.);
#965=ORIENTED_EDGE('',*,*,#3101,.T.);
#966=ORIENTED_EDGE('',*,*,#2722,.F.);
#967=ORIENTED_EDGE('',*,*,#3102,.T.);
#968=ORIENTED_EDGE('',*,*,#3098,.F.);
#969=ORIENTED_EDGE('',*,*,#3103,.T.);
#970=ORIENTED_EDGE('',*,*,#3090,.F.);
#971=ORIENTED_EDGE('',*,*,#3104,.T.);
#972=ORIENTED_EDGE('',*,*,#2724,.F.);
#973=ORIENTED_EDGE('',*,*,#3105,.T.);
#974=ORIENTED_EDGE('',*,*,#3052,.F.);
#975=ORIENTED_EDGE('',*,*,#3106,.T.);
#976=ORIENTED_EDGE('',*,*,#3088,.F.);
#977=ORIENTED_EDGE('',*,*,#3107,.T.);
#978=ORIENTED_EDGE('',*,*,#3100,.F.);
#979=ORIENTED_EDGE('',*,*,#3108,.T.);
#980=ORIENTED_EDGE('',*,*,#3050,.F.);
#981=ORIENTED_EDGE('',*,*,#3109,.T.);
#982=ORIENTED_EDGE('',*,*,#3110,.F.);
#983=ORIENTED_EDGE('',*,*,#3111,.T.);
#984=ORIENTED_EDGE('',*,*,#3112,.T.);
#985=ORIENTED_EDGE('',*,*,#3113,.T.);
#986=ORIENTED_EDGE('',*,*,#3114,.F.);
#987=ORIENTED_EDGE('',*,*,#3115,.T.);
#988=ORIENTED_EDGE('',*,*,#3110,.T.);
#989=ORIENTED_EDGE('',*,*,#3116,.T.);
#990=ORIENTED_EDGE('',*,*,#3117,.F.);
#991=ORIENTED_EDGE('',*,*,#3118,.T.);
#992=ORIENTED_EDGE('',*,*,#3114,.T.);
#993=ORIENTED_EDGE('',*,*,#3119,.T.);
#994=ORIENTED_EDGE('',*,*,#3120,.F.);
#995=ORIENTED_EDGE('',*,*,#3121,.T.);
#996=ORIENTED_EDGE('',*,*,#3117,.T.);
#997=ORIENTED_EDGE('',*,*,#3122,.T.);
#998=ORIENTED_EDGE('',*,*,#3123,.F.);
#999=ORIENTED_EDGE('',*,*,#3124,.T.);
#1000=ORIENTED_EDGE('',*,*,#3120,.T.);
#1001=ORIENTED_EDGE('',*,*,#3125,.T.);
#1002=ORIENTED_EDGE('',*,*,#3126,.F.);
#1003=ORIENTED_EDGE('',*,*,#3127,.T.);
#1004=ORIENTED_EDGE('',*,*,#3123,.T.);
#1005=ORIENTED_EDGE('',*,*,#3128,.T.);
#1006=ORIENTED_EDGE('',*,*,#3129,.F.);
#1007=ORIENTED_EDGE('',*,*,#3130,.T.);
#1008=ORIENTED_EDGE('',*,*,#3126,.T.);
#1009=ORIENTED_EDGE('',*,*,#3131,.T.);
#1010=ORIENTED_EDGE('',*,*,#3112,.F.);
#1011=ORIENTED_EDGE('',*,*,#3132,.T.);
#1012=ORIENTED_EDGE('',*,*,#3129,.T.);
#1013=ORIENTED_EDGE('',*,*,#3133,.T.);
#1014=ORIENTED_EDGE('',*,*,#3134,.F.);
#1015=ORIENTED_EDGE('',*,*,#3135,.T.);
#1016=ORIENTED_EDGE('',*,*,#3136,.T.);
#1017=ORIENTED_EDGE('',*,*,#3137,.T.);
#1018=ORIENTED_EDGE('',*,*,#3138,.F.);
#1019=ORIENTED_EDGE('',*,*,#3139,.T.);
#1020=ORIENTED_EDGE('',*,*,#3134,.T.);
#1021=ORIENTED_EDGE('',*,*,#3140,.T.);
#1022=ORIENTED_EDGE('',*,*,#3141,.F.);
#1023=ORIENTED_EDGE('',*,*,#3142,.T.);
#1024=ORIENTED_EDGE('',*,*,#3138,.T.);
#1025=ORIENTED_EDGE('',*,*,#3143,.T.);
#1026=ORIENTED_EDGE('',*,*,#3144,.F.);
#1027=ORIENTED_EDGE('',*,*,#3145,.T.);
#1028=ORIENTED_EDGE('',*,*,#3141,.T.);
#1029=ORIENTED_EDGE('',*,*,#3146,.T.);
#1030=ORIENTED_EDGE('',*,*,#3147,.F.);
#1031=ORIENTED_EDGE('',*,*,#3148,.T.);
#1032=ORIENTED_EDGE('',*,*,#3144,.T.);
#1033=ORIENTED_EDGE('',*,*,#3149,.T.);
#1034=ORIENTED_EDGE('',*,*,#3150,.F.);
#1035=ORIENTED_EDGE('',*,*,#3151,.T.);
#1036=ORIENTED_EDGE('',*,*,#3147,.T.);
#1037=ORIENTED_EDGE('',*,*,#3152,.T.);
#1038=ORIENTED_EDGE('',*,*,#3153,.F.);
#1039=ORIENTED_EDGE('',*,*,#3154,.T.);
#1040=ORIENTED_EDGE('',*,*,#3150,.T.);
#1041=ORIENTED_EDGE('',*,*,#3155,.T.);
#1042=ORIENTED_EDGE('',*,*,#3136,.F.);
#1043=ORIENTED_EDGE('',*,*,#3156,.T.);
#1044=ORIENTED_EDGE('',*,*,#3153,.T.);
#1045=ORIENTED_EDGE('',*,*,#3157,.T.);
#1046=ORIENTED_EDGE('',*,*,#3158,.F.);
#1047=ORIENTED_EDGE('',*,*,#3159,.T.);
#1048=ORIENTED_EDGE('',*,*,#3160,.T.);
#1049=ORIENTED_EDGE('',*,*,#3161,.T.);
#1050=ORIENTED_EDGE('',*,*,#3162,.F.);
#1051=ORIENTED_EDGE('',*,*,#3163,.T.);
#1052=ORIENTED_EDGE('',*,*,#3158,.T.);
#1053=ORIENTED_EDGE('',*,*,#3164,.T.);
#1054=ORIENTED_EDGE('',*,*,#3165,.F.);
#1055=ORIENTED_EDGE('',*,*,#3166,.T.);
#1056=ORIENTED_EDGE('',*,*,#3162,.T.);
#1057=ORIENTED_EDGE('',*,*,#3167,.T.);
#1058=ORIENTED_EDGE('',*,*,#3168,.F.);
#1059=ORIENTED_EDGE('',*,*,#3169,.T.);
#1060=ORIENTED_EDGE('',*,*,#3165,.T.);
#1061=ORIENTED_EDGE('',*,*,#3170,.T.);
#1062=ORIENTED_EDGE('',*,*,#3171,.F.);
#1063=ORIENTED_EDGE('',*,*,#3172,.T.);
#1064=ORIENTED_EDGE('',*,*,#3168,.T.);
#1065=ORIENTED_EDGE('',*,*,#3173,.T.);
#1066=ORIENTED_EDGE('',*,*,#3174,.F.);
#1067=ORIENTED_EDGE('',*,*,#3175,.T.);
#1068=ORIENTED_EDGE('',*,*,#3171,.T.);
#1069=ORIENTED_EDGE('',*,*,#3176,.T.);
#1070=ORIENTED_EDGE('',*,*,#3177,.F.);
#1071=ORIENTED_EDGE('',*,*,#3178,.T.);
#1072=ORIENTED_EDGE('',*,*,#3174,.T.);
#1073=ORIENTED_EDGE('',*,*,#3179,.T.);
#1074=ORIENTED_EDGE('',*,*,#3160,.F.);
#1075=ORIENTED_EDGE('',*,*,#3180,.T.);
#1076=ORIENTED_EDGE('',*,*,#3177,.T.);
#1077=ORIENTED_EDGE('',*,*,#3181,.T.);
#1078=ORIENTED_EDGE('',*,*,#3182,.F.);
#1079=ORIENTED_EDGE('',*,*,#3183,.T.);
#1080=ORIENTED_EDGE('',*,*,#3184,.T.);
#1081=ORIENTED_EDGE('',*,*,#3185,.T.);
#1082=ORIENTED_EDGE('',*,*,#3186,.F.);
#1083=ORIENTED_EDGE('',*,*,#3187,.T.);
#1084=ORIENTED_EDGE('',*,*,#3182,.T.);
#1085=ORIENTED_EDGE('',*,*,#3188,.T.);
#1086=ORIENTED_EDGE('',*,*,#3189,.F.);
#1087=ORIENTED_EDGE('',*,*,#3190,.T.);
#1088=ORIENTED_EDGE('',*,*,#3186,.T.);
#1089=ORIENTED_EDGE('',*,*,#3191,.T.);
#1090=ORIENTED_EDGE('',*,*,#3192,.F.);
#1091=ORIENTED_EDGE('',*,*,#3193,.T.);
#1092=ORIENTED_EDGE('',*,*,#3189,.T.);
#1093=ORIENTED_EDGE('',*,*,#3194,.T.);
#1094=ORIENTED_EDGE('',*,*,#3195,.F.);
#1095=ORIENTED_EDGE('',*,*,#3196,.T.);
#1096=ORIENTED_EDGE('',*,*,#3192,.T.);
#1097=ORIENTED_EDGE('',*,*,#3197,.T.);
#1098=ORIENTED_EDGE('',*,*,#3198,.F.);
#1099=ORIENTED_EDGE('',*,*,#3199,.T.);
#1100=ORIENTED_EDGE('',*,*,#3195,.T.);
#1101=ORIENTED_EDGE('',*,*,#3200,.T.);
#1102=ORIENTED_EDGE('',*,*,#3201,.F.);
#1103=ORIENTED_EDGE('',*,*,#3202,.T.);
#1104=ORIENTED_EDGE('',*,*,#3198,.T.);
#1105=ORIENTED_EDGE('',*,*,#3203,.T.);
#1106=ORIENTED_EDGE('',*,*,#3184,.F.);
#1107=ORIENTED_EDGE('',*,*,#3204,.T.);
#1108=ORIENTED_EDGE('',*,*,#3201,.T.);
#1109=ORIENTED_EDGE('',*,*,#3205,.T.);
#1110=ORIENTED_EDGE('',*,*,#3206,.F.);
#1111=ORIENTED_EDGE('',*,*,#3207,.T.);
#1112=ORIENTED_EDGE('',*,*,#3208,.T.);
#1113=ORIENTED_EDGE('',*,*,#3209,.T.);
#1114=ORIENTED_EDGE('',*,*,#3210,.F.);
#1115=ORIENTED_EDGE('',*,*,#3211,.T.);
#1116=ORIENTED_EDGE('',*,*,#3206,.T.);
#1117=ORIENTED_EDGE('',*,*,#3212,.T.);
#1118=ORIENTED_EDGE('',*,*,#3213,.F.);
#1119=ORIENTED_EDGE('',*,*,#3214,.T.);
#1120=ORIENTED_EDGE('',*,*,#3210,.T.);
#1121=ORIENTED_EDGE('',*,*,#3215,.T.);
#1122=ORIENTED_EDGE('',*,*,#3216,.F.);
#1123=ORIENTED_EDGE('',*,*,#3217,.T.);
#1124=ORIENTED_EDGE('',*,*,#3213,.T.);
#1125=ORIENTED_EDGE('',*,*,#3218,.T.);
#1126=ORIENTED_EDGE('',*,*,#3219,.F.);
#1127=ORIENTED_EDGE('',*,*,#3220,.T.);
#1128=ORIENTED_EDGE('',*,*,#3216,.T.);
#1129=ORIENTED_EDGE('',*,*,#3221,.T.);
#1130=ORIENTED_EDGE('',*,*,#3222,.F.);
#1131=ORIENTED_EDGE('',*,*,#3223,.T.);
#1132=ORIENTED_EDGE('',*,*,#3219,.T.);
#1133=ORIENTED_EDGE('',*,*,#3224,.T.);
#1134=ORIENTED_EDGE('',*,*,#3225,.F.);
#1135=ORIENTED_EDGE('',*,*,#3226,.T.);
#1136=ORIENTED_EDGE('',*,*,#3222,.T.);
#1137=ORIENTED_EDGE('',*,*,#3227,.T.);
#1138=ORIENTED_EDGE('',*,*,#3208,.F.);
#1139=ORIENTED_EDGE('',*,*,#3228,.T.);
#1140=ORIENTED_EDGE('',*,*,#3225,.T.);
#1141=ORIENTED_EDGE('',*,*,#3229,.T.);
#1142=ORIENTED_EDGE('',*,*,#3230,.F.);
#1143=ORIENTED_EDGE('',*,*,#3231,.T.);
#1144=ORIENTED_EDGE('',*,*,#3232,.T.);
#1145=ORIENTED_EDGE('',*,*,#3233,.T.);
#1146=ORIENTED_EDGE('',*,*,#3234,.F.);
#1147=ORIENTED_EDGE('',*,*,#3235,.T.);
#1148=ORIENTED_EDGE('',*,*,#3230,.T.);
#1149=ORIENTED_EDGE('',*,*,#3236,.T.);
#1150=ORIENTED_EDGE('',*,*,#3237,.F.);
#1151=ORIENTED_EDGE('',*,*,#3238,.T.);
#1152=ORIENTED_EDGE('',*,*,#3234,.T.);
#1153=ORIENTED_EDGE('',*,*,#3239,.T.);
#1154=ORIENTED_EDGE('',*,*,#3240,.F.);
#1155=ORIENTED_EDGE('',*,*,#3241,.T.);
#1156=ORIENTED_EDGE('',*,*,#3237,.T.);
#1157=ORIENTED_EDGE('',*,*,#3242,.T.);
#1158=ORIENTED_EDGE('',*,*,#3243,.F.);
#1159=ORIENTED_EDGE('',*,*,#3244,.T.);
#1160=ORIENTED_EDGE('',*,*,#3240,.T.);
#1161=ORIENTED_EDGE('',*,*,#3245,.T.);
#1162=ORIENTED_EDGE('',*,*,#3246,.F.);
#1163=ORIENTED_EDGE('',*,*,#3247,.T.);
#1164=ORIENTED_EDGE('',*,*,#3243,.T.);
#1165=ORIENTED_EDGE('',*,*,#3248,.T.);
#1166=ORIENTED_EDGE('',*,*,#3249,.F.);
#1167=ORIENTED_EDGE('',*,*,#3250,.T.);
#1168=ORIENTED_EDGE('',*,*,#3246,.T.);
#1169=ORIENTED_EDGE('',*,*,#3251,.T.);
#1170=ORIENTED_EDGE('',*,*,#3232,.F.);
#1171=ORIENTED_EDGE('',*,*,#3252,.T.);
#1172=ORIENTED_EDGE('',*,*,#3249,.T.);
#1173=ORIENTED_EDGE('',*,*,#3253,.T.);
#1174=ORIENTED_EDGE('',*,*,#3254,.F.);
#1175=ORIENTED_EDGE('',*,*,#3255,.T.);
#1176=ORIENTED_EDGE('',*,*,#3256,.T.);
#1177=ORIENTED_EDGE('',*,*,#3257,.T.);
#1178=ORIENTED_EDGE('',*,*,#3258,.F.);
#1179=ORIENTED_EDGE('',*,*,#3259,.T.);
#1180=ORIENTED_EDGE('',*,*,#3254,.T.);
#1181=ORIENTED_EDGE('',*,*,#3260,.T.);
#1182=ORIENTED_EDGE('',*,*,#3261,.F.);
#1183=ORIENTED_EDGE('',*,*,#3262,.T.);
#1184=ORIENTED_EDGE('',*,*,#3258,.T.);
#1185=ORIENTED_EDGE('',*,*,#3263,.T.);
#1186=ORIENTED_EDGE('',*,*,#3264,.F.);
#1187=ORIENTED_EDGE('',*,*,#3265,.T.);
#1188=ORIENTED_EDGE('',*,*,#3261,.T.);
#1189=ORIENTED_EDGE('',*,*,#3266,.T.);
#1190=ORIENTED_EDGE('',*,*,#3267,.F.);
#1191=ORIENTED_EDGE('',*,*,#3268,.T.);
#1192=ORIENTED_EDGE('',*,*,#3264,.T.);
#1193=ORIENTED_EDGE('',*,*,#3269,.T.);
#1194=ORIENTED_EDGE('',*,*,#3270,.F.);
#1195=ORIENTED_EDGE('',*,*,#3271,.T.);
#1196=ORIENTED_EDGE('',*,*,#3267,.T.);
#1197=ORIENTED_EDGE('',*,*,#3272,.T.);
#1198=ORIENTED_EDGE('',*,*,#3273,.F.);
#1199=ORIENTED_EDGE('',*,*,#3274,.T.);
#1200=ORIENTED_EDGE('',*,*,#3270,.T.);
#1201=ORIENTED_EDGE('',*,*,#3275,.T.);
#1202=ORIENTED_EDGE('',*,*,#3256,.F.);
#1203=ORIENTED_EDGE('',*,*,#3276,.T.);
#1204=ORIENTED_EDGE('',*,*,#3273,.T.);
#1205=ORIENTED_EDGE('',*,*,#3277,.T.);
#1206=ORIENTED_EDGE('',*,*,#3278,.F.);
#1207=ORIENTED_EDGE('',*,*,#3279,.T.);
#1208=ORIENTED_EDGE('',*,*,#3280,.T.);
#1209=ORIENTED_EDGE('',*,*,#3281,.T.);
#1210=ORIENTED_EDGE('',*,*,#3282,.F.);
#1211=ORIENTED_EDGE('',*,*,#3283,.T.);
#1212=ORIENTED_EDGE('',*,*,#3278,.T.);
#1213=ORIENTED_EDGE('',*,*,#3284,.T.);
#1214=ORIENTED_EDGE('',*,*,#3285,.F.);
#1215=ORIENTED_EDGE('',*,*,#3286,.T.);
#1216=ORIENTED_EDGE('',*,*,#3282,.T.);
#1217=ORIENTED_EDGE('',*,*,#3287,.T.);
#1218=ORIENTED_EDGE('',*,*,#3288,.F.);
#1219=ORIENTED_EDGE('',*,*,#3289,.T.);
#1220=ORIENTED_EDGE('',*,*,#3285,.T.);
#1221=ORIENTED_EDGE('',*,*,#3290,.T.);
#1222=ORIENTED_EDGE('',*,*,#3291,.F.);
#1223=ORIENTED_EDGE('',*,*,#3292,.T.);
#1224=ORIENTED_EDGE('',*,*,#3288,.T.);
#1225=ORIENTED_EDGE('',*,*,#3293,.T.);
#1226=ORIENTED_EDGE('',*,*,#3294,.F.);
#1227=ORIENTED_EDGE('',*,*,#3295,.T.);
#1228=ORIENTED_EDGE('',*,*,#3291,.T.);
#1229=ORIENTED_EDGE('',*,*,#3296,.T.);
#1230=ORIENTED_EDGE('',*,*,#3297,.F.);
#1231=ORIENTED_EDGE('',*,*,#3298,.T.);
#1232=ORIENTED_EDGE('',*,*,#3294,.T.);
#1233=ORIENTED_EDGE('',*,*,#3299,.T.);
#1234=ORIENTED_EDGE('',*,*,#3280,.F.);
#1235=ORIENTED_EDGE('',*,*,#3300,.T.);
#1236=ORIENTED_EDGE('',*,*,#3297,.T.);
#1237=ORIENTED_EDGE('',*,*,#3301,.T.);
#1238=ORIENTED_EDGE('',*,*,#3302,.F.);
#1239=ORIENTED_EDGE('',*,*,#3303,.T.);
#1240=ORIENTED_EDGE('',*,*,#3304,.T.);
#1241=ORIENTED_EDGE('',*,*,#3305,.T.);
#1242=ORIENTED_EDGE('',*,*,#3306,.F.);
#1243=ORIENTED_EDGE('',*,*,#3307,.T.);
#1244=ORIENTED_EDGE('',*,*,#3302,.T.);
#1245=ORIENTED_EDGE('',*,*,#3308,.T.);
#1246=ORIENTED_EDGE('',*,*,#3309,.F.);
#1247=ORIENTED_EDGE('',*,*,#3310,.T.);
#1248=ORIENTED_EDGE('',*,*,#3306,.T.);
#1249=ORIENTED_EDGE('',*,*,#3311,.T.);
#1250=ORIENTED_EDGE('',*,*,#3312,.F.);
#1251=ORIENTED_EDGE('',*,*,#3313,.T.);
#1252=ORIENTED_EDGE('',*,*,#3309,.T.);
#1253=ORIENTED_EDGE('',*,*,#3314,.T.);
#1254=ORIENTED_EDGE('',*,*,#3315,.F.);
#1255=ORIENTED_EDGE('',*,*,#3316,.T.);
#1256=ORIENTED_EDGE('',*,*,#3312,.T.);
#1257=ORIENTED_EDGE('',*,*,#3317,.T.);
#1258=ORIENTED_EDGE('',*,*,#3318,.F.);
#1259=ORIENTED_EDGE('',*,*,#3319,.T.);
#1260=ORIENTED_EDGE('',*,*,#3315,.T.);
#1261=ORIENTED_EDGE('',*,*,#3320,.T.);
#1262=ORIENTED_EDGE('',*,*,#3321,.F.);
#1263=ORIENTED_EDGE('',*,*,#3322,.T.);
#1264=ORIENTED_EDGE('',*,*,#3318,.T.);
#1265=ORIENTED_EDGE('',*,*,#3323,.T.);
#1266=ORIENTED_EDGE('',*,*,#3304,.F.);
#1267=ORIENTED_EDGE('',*,*,#3324,.T.);
#1268=ORIENTED_EDGE('',*,*,#3321,.T.);
#1269=ORIENTED_EDGE('',*,*,#3325,.T.);
#1270=ORIENTED_EDGE('',*,*,#3326,.F.);
#1271=ORIENTED_EDGE('',*,*,#3327,.T.);
#1272=ORIENTED_EDGE('',*,*,#3328,.T.);
#1273=ORIENTED_EDGE('',*,*,#3329,.T.);
#1274=ORIENTED_EDGE('',*,*,#3330,.F.);
#1275=ORIENTED_EDGE('',*,*,#3331,.T.);
#1276=ORIENTED_EDGE('',*,*,#3326,.T.);
#1277=ORIENTED_EDGE('',*,*,#3332,.T.);
#1278=ORIENTED_EDGE('',*,*,#3333,.F.);
#1279=ORIENTED_EDGE('',*,*,#3334,.T.);
#1280=ORIENTED_EDGE('',*,*,#3330,.T.);
#1281=ORIENTED_EDGE('',*,*,#3335,.T.);
#1282=ORIENTED_EDGE('',*,*,#3336,.F.);
#1283=ORIENTED_EDGE('',*,*,#3337,.T.);
#1284=ORIENTED_EDGE('',*,*,#3333,.T.);
#1285=ORIENTED_EDGE('',*,*,#3338,.T.);
#1286=ORIENTED_EDGE('',*,*,#3339,.F.);
#1287=ORIENTED_EDGE('',*,*,#3340,.T.);
#1288=ORIENTED_EDGE('',*,*,#3336,.T.);
#1289=ORIENTED_EDGE('',*,*,#3341,.T.);
#1290=ORIENTED_EDGE('',*,*,#3342,.F.);
#1291=ORIENTED_EDGE('',*,*,#3343,.T.);
#1292=ORIENTED_EDGE('',*,*,#3339,.T.);
#1293=ORIENTED_EDGE('',*,*,#3344,.T.);
#1294=ORIENTED_EDGE('',*,*,#3345,.F.);
#1295=ORIENTED_EDGE('',*,*,#3346,.T.);
#1296=ORIENTED_EDGE('',*,*,#3342,.T.);
#1297=ORIENTED_EDGE('',*,*,#3347,.T.);
#1298=ORIENTED_EDGE('',*,*,#3328,.F.);
#1299=ORIENTED_EDGE('',*,*,#3348,.T.);
#1300=ORIENTED_EDGE('',*,*,#3345,.T.);
#1301=ORIENTED_EDGE('',*,*,#3349,.T.);
#1302=ORIENTED_EDGE('',*,*,#3350,.F.);
#1303=ORIENTED_EDGE('',*,*,#3351,.T.);
#1304=ORIENTED_EDGE('',*,*,#3352,.T.);
#1305=ORIENTED_EDGE('',*,*,#3353,.T.);
#1306=ORIENTED_EDGE('',*,*,#3354,.F.);
#1307=ORIENTED_EDGE('',*,*,#3355,.T.);
#1308=ORIENTED_EDGE('',*,*,#3350,.T.);
#1309=ORIENTED_EDGE('',*,*,#3356,.T.);
#1310=ORIENTED_EDGE('',*,*,#3357,.F.);
#1311=ORIENTED_EDGE('',*,*,#3358,.T.);
#1312=ORIENTED_EDGE('',*,*,#3354,.T.);
#1313=ORIENTED_EDGE('',*,*,#3359,.T.);
#1314=ORIENTED_EDGE('',*,*,#3360,.F.);
#1315=ORIENTED_EDGE('',*,*,#3361,.T.);
#1316=ORIENTED_EDGE('',*,*,#3357,.T.);
#1317=ORIENTED_EDGE('',*,*,#3362,.T.);
#1318=ORIENTED_EDGE('',*,*,#3363,.F.);
#1319=ORIENTED_EDGE('',*,*,#3364,.T.);
#1320=ORIENTED_EDGE('',*,*,#3360,.T.);
#1321=ORIENTED_EDGE('',*,*,#3365,.T.);
#1322=ORIENTED_EDGE('',*,*,#3366,.F.);
#1323=ORIENTED_EDGE('',*,*,#3367,.T.);
#1324=ORIENTED_EDGE('',*,*,#3363,.T.);
#1325=ORIENTED_EDGE('',*,*,#3368,.T.);
#1326=ORIENTED_EDGE('',*,*,#3369,.F.);
#1327=ORIENTED_EDGE('',*,*,#3370,.T.);
#1328=ORIENTED_EDGE('',*,*,#3366,.T.);
#1329=ORIENTED_EDGE('',*,*,#3371,.T.);
#1330=ORIENTED_EDGE('',*,*,#3352,.F.);
#1331=ORIENTED_EDGE('',*,*,#3372,.T.);
#1332=ORIENTED_EDGE('',*,*,#3369,.T.);
#1333=ORIENTED_EDGE('',*,*,#3373,.T.);
#1334=ORIENTED_EDGE('',*,*,#3374,.F.);
#1335=ORIENTED_EDGE('',*,*,#3375,.T.);
#1336=ORIENTED_EDGE('',*,*,#3376,.T.);
#1337=ORIENTED_EDGE('',*,*,#3377,.T.);
#1338=ORIENTED_EDGE('',*,*,#3378,.F.);
#1339=ORIENTED_EDGE('',*,*,#3379,.T.);
#1340=ORIENTED_EDGE('',*,*,#3374,.T.);
#1341=ORIENTED_EDGE('',*,*,#3380,.T.);
#1342=ORIENTED_EDGE('',*,*,#3381,.F.);
#1343=ORIENTED_EDGE('',*,*,#3382,.T.);
#1344=ORIENTED_EDGE('',*,*,#3378,.T.);
#1345=ORIENTED_EDGE('',*,*,#3383,.T.);
#1346=ORIENTED_EDGE('',*,*,#3384,.F.);
#1347=ORIENTED_EDGE('',*,*,#3385,.T.);
#1348=ORIENTED_EDGE('',*,*,#3381,.T.);
#1349=ORIENTED_EDGE('',*,*,#3386,.T.);
#1350=ORIENTED_EDGE('',*,*,#3387,.F.);
#1351=ORIENTED_EDGE('',*,*,#3388,.T.);
#1352=ORIENTED_EDGE('',*,*,#3384,.T.);
#1353=ORIENTED_EDGE('',*,*,#3389,.T.);
#1354=ORIENTED_EDGE('',*,*,#3390,.F.);
#1355=ORIENTED_EDGE('',*,*,#3391,.T.);
#1356=ORIENTED_EDGE('',*,*,#3387,.T.);
#1357=ORIENTED_EDGE('',*,*,#3392,.T.);
#1358=ORIENTED_EDGE('',*,*,#3393,.F.);
#1359=ORIENTED_EDGE('',*,*,#3394,.T.);
#1360=ORIENTED_EDGE('',*,*,#3390,.T.);
#1361=ORIENTED_EDGE('',*,*,#3395,.T.);
#1362=ORIENTED_EDGE('',*,*,#3376,.F.);
#1363=ORIENTED_EDGE('',*,*,#3396,.T.);
#1364=ORIENTED_EDGE('',*,*,#3393,.T.);
#1365=ORIENTED_EDGE('',*,*,#3397,.T.);
#1366=ORIENTED_EDGE('',*,*,#3398,.F.);
#1367=ORIENTED_EDGE('',*,*,#3399,.T.);
#1368=ORIENTED_EDGE('',*,*,#3400,.T.);
#1369=ORIENTED_EDGE('',*,*,#3401,.T.);
#1370=ORIENTED_EDGE('',*,*,#3402,.F.);
#1371=ORIENTED_EDGE('',*,*,#3403,.T.);
#1372=ORIENTED_EDGE('',*,*,#3398,.T.);
#1373=ORIENTED_EDGE('',*,*,#3404,.T.);
#1374=ORIENTED_EDGE('',*,*,#3405,.F.);
#1375=ORIENTED_EDGE('',*,*,#3406,.T.);
#1376=ORIENTED_EDGE('',*,*,#3402,.T.);
#1377=ORIENTED_EDGE('',*,*,#3407,.T.);
#1378=ORIENTED_EDGE('',*,*,#3408,.F.);
#1379=ORIENTED_EDGE('',*,*,#3409,.T.);
#1380=ORIENTED_EDGE('',*,*,#3405,.T.);
#1381=ORIENTED_EDGE('',*,*,#3410,.T.);
#1382=ORIENTED_EDGE('',*,*,#3411,.F.);
#1383=ORIENTED_EDGE('',*,*,#3412,.T.);
#1384=ORIENTED_EDGE('',*,*,#3408,.T.);
#1385=ORIENTED_EDGE('',*,*,#3413,.T.);
#1386=ORIENTED_EDGE('',*,*,#3414,.F.);
#1387=ORIENTED_EDGE('',*,*,#3415,.T.);
#1388=ORIENTED_EDGE('',*,*,#3411,.T.);
#1389=ORIENTED_EDGE('',*,*,#3416,.T.);
#1390=ORIENTED_EDGE('',*,*,#3417,.F.);
#1391=ORIENTED_EDGE('',*,*,#3418,.T.);
#1392=ORIENTED_EDGE('',*,*,#3414,.T.);
#1393=ORIENTED_EDGE('',*,*,#3419,.T.);
#1394=ORIENTED_EDGE('',*,*,#3400,.F.);
#1395=ORIENTED_EDGE('',*,*,#3420,.T.);
#1396=ORIENTED_EDGE('',*,*,#3417,.T.);
#1397=ORIENTED_EDGE('',*,*,#3421,.T.);
#1398=ORIENTED_EDGE('',*,*,#3422,.F.);
#1399=ORIENTED_EDGE('',*,*,#3423,.T.);
#1400=ORIENTED_EDGE('',*,*,#3424,.T.);
#1401=ORIENTED_EDGE('',*,*,#3425,.T.);
#1402=ORIENTED_EDGE('',*,*,#3426,.F.);
#1403=ORIENTED_EDGE('',*,*,#3427,.T.);
#1404=ORIENTED_EDGE('',*,*,#3422,.T.);
#1405=ORIENTED_EDGE('',*,*,#3428,.T.);
#1406=ORIENTED_EDGE('',*,*,#3429,.F.);
#1407=ORIENTED_EDGE('',*,*,#3430,.T.);
#1408=ORIENTED_EDGE('',*,*,#3426,.T.);
#1409=ORIENTED_EDGE('',*,*,#3431,.T.);
#1410=ORIENTED_EDGE('',*,*,#3432,.F.);
#1411=ORIENTED_EDGE('',*,*,#3433,.T.);
#1412=ORIENTED_EDGE('',*,*,#3429,.T.);
#1413=ORIENTED_EDGE('',*,*,#3434,.T.);
#1414=ORIENTED_EDGE('',*,*,#3435,.F.);
#1415=ORIENTED_EDGE('',*,*,#3436,.T.);
#1416=ORIENTED_EDGE('',*,*,#3432,.T.);
#1417=ORIENTED_EDGE('',*,*,#3437,.T.);
#1418=ORIENTED_EDGE('',*,*,#3438,.F.);
#1419=ORIENTED_EDGE('',*,*,#3439,.T.);
#1420=ORIENTED_EDGE('',*,*,#3435,.T.);
#1421=ORIENTED_EDGE('',*,*,#3440,.T.);
#1422=ORIENTED_EDGE('',*,*,#3441,.F.);
#1423=ORIENTED_EDGE('',*,*,#3442,.T.);
#1424=ORIENTED_EDGE('',*,*,#3438,.T.);
#1425=ORIENTED_EDGE('',*,*,#3443,.T.);
#1426=ORIENTED_EDGE('',*,*,#3424,.F.);
#1427=ORIENTED_EDGE('',*,*,#3444,.T.);
#1428=ORIENTED_EDGE('',*,*,#3441,.T.);
#1429=ORIENTED_EDGE('',*,*,#3445,.T.);
#1430=ORIENTED_EDGE('',*,*,#3446,.F.);
#1431=ORIENTED_EDGE('',*,*,#3447,.T.);
#1432=ORIENTED_EDGE('',*,*,#3448,.T.);
#1433=ORIENTED_EDGE('',*,*,#3449,.T.);
#1434=ORIENTED_EDGE('',*,*,#3450,.F.);
#1435=ORIENTED_EDGE('',*,*,#3451,.T.);
#1436=ORIENTED_EDGE('',*,*,#3446,.T.);
#1437=ORIENTED_EDGE('',*,*,#3452,.T.);
#1438=ORIENTED_EDGE('',*,*,#3453,.F.);
#1439=ORIENTED_EDGE('',*,*,#3454,.T.);
#1440=ORIENTED_EDGE('',*,*,#3450,.T.);
#1441=ORIENTED_EDGE('',*,*,#3455,.T.);
#1442=ORIENTED_EDGE('',*,*,#3456,.F.);
#1443=ORIENTED_EDGE('',*,*,#3457,.T.);
#1444=ORIENTED_EDGE('',*,*,#3453,.T.);
#1445=ORIENTED_EDGE('',*,*,#3458,.T.);
#1446=ORIENTED_EDGE('',*,*,#3459,.F.);
#1447=ORIENTED_EDGE('',*,*,#3460,.T.);
#1448=ORIENTED_EDGE('',*,*,#3456,.T.);
#1449=ORIENTED_EDGE('',*,*,#3461,.T.);
#1450=ORIENTED_EDGE('',*,*,#3462,.F.);
#1451=ORIENTED_EDGE('',*,*,#3463,.T.);
#1452=ORIENTED_EDGE('',*,*,#3459,.T.);
#1453=ORIENTED_EDGE('',*,*,#3464,.T.);
#1454=ORIENTED_EDGE('',*,*,#3465,.F.);
#1455=ORIENTED_EDGE('',*,*,#3466,.T.);
#1456=ORIENTED_EDGE('',*,*,#3462,.T.);
#1457=ORIENTED_EDGE('',*,*,#3467,.T.);
#1458=ORIENTED_EDGE('',*,*,#3448,.F.);
#1459=ORIENTED_EDGE('',*,*,#3468,.T.);
#1460=ORIENTED_EDGE('',*,*,#3465,.T.);
#1461=ORIENTED_EDGE('',*,*,#3469,.T.);
#1462=ORIENTED_EDGE('',*,*,#3040,.F.);
#1463=ORIENTED_EDGE('',*,*,#3470,.T.);
#1464=ORIENTED_EDGE('',*,*,#3042,.F.);
#1465=ORIENTED_EDGE('',*,*,#3471,.T.);
#1466=ORIENTED_EDGE('',*,*,#3044,.F.);
#1467=ORIENTED_EDGE('',*,*,#3472,.T.);
#1468=ORIENTED_EDGE('',*,*,#3046,.F.);
#1469=ORIENTED_EDGE('',*,*,#3473,.T.);
#1470=ORIENTED_EDGE('',*,*,#3048,.F.);
#1471=ORIENTED_EDGE('',*,*,#3474,.T.);
#1472=ORIENTED_EDGE('',*,*,#3078,.F.);
#1473=ORIENTED_EDGE('',*,*,#3475,.T.);
#1474=ORIENTED_EDGE('',*,*,#3080,.F.);
#1475=ORIENTED_EDGE('',*,*,#3476,.T.);
#1476=ORIENTED_EDGE('',*,*,#3038,.F.);
#1477=ORIENTED_EDGE('',*,*,#3477,.T.);
#1478=ORIENTED_EDGE('',*,*,#3478,.F.);
#1479=ORIENTED_EDGE('',*,*,#2737,.F.);
#1480=ORIENTED_EDGE('',*,*,#3479,.F.);
#1481=ORIENTED_EDGE('',*,*,#3045,.F.);
#1482=ORIENTED_EDGE('',*,*,#3479,.T.);
#1483=ORIENTED_EDGE('',*,*,#2736,.F.);
#1484=ORIENTED_EDGE('',*,*,#3480,.F.);
#1485=ORIENTED_EDGE('',*,*,#3471,.F.);
#1486=ORIENTED_EDGE('',*,*,#3478,.T.);
#1487=ORIENTED_EDGE('',*,*,#3473,.F.);
#1488=ORIENTED_EDGE('',*,*,#3481,.F.);
#1489=ORIENTED_EDGE('',*,*,#2738,.F.);
#1490=ORIENTED_EDGE('',*,*,#3480,.T.);
#1491=ORIENTED_EDGE('',*,*,#2735,.F.);
#1492=ORIENTED_EDGE('',*,*,#3482,.F.);
#1493=ORIENTED_EDGE('',*,*,#3041,.F.);
#1494=ORIENTED_EDGE('',*,*,#3481,.T.);
#1495=ORIENTED_EDGE('',*,*,#3049,.F.);
#1496=ORIENTED_EDGE('',*,*,#3483,.F.);
#1497=ORIENTED_EDGE('',*,*,#2739,.F.);
#1498=ORIENTED_EDGE('',*,*,#3482,.T.);
#1499=ORIENTED_EDGE('',*,*,#2734,.F.);
#1500=ORIENTED_EDGE('',*,*,#3484,.F.);
#1501=ORIENTED_EDGE('',*,*,#3477,.F.);
#1502=ORIENTED_EDGE('',*,*,#3483,.T.);
#1503=ORIENTED_EDGE('',*,*,#3475,.F.);
#1504=ORIENTED_EDGE('',*,*,#3485,.F.);
#1505=ORIENTED_EDGE('',*,*,#2732,.F.);
#1506=ORIENTED_EDGE('',*,*,#3484,.T.);
#1507=ORIENTED_EDGE('',*,*,#2733,.F.);
#1508=ORIENTED_EDGE('',*,*,#3485,.T.);
#1509=ORIENTED_EDGE('',*,*,#3081,.F.);
#1510=ORIENTED_EDGE('',*,*,#3486,.F.);
#1511=ORIENTED_EDGE('',*,*,#2745,.F.);
#1512=ORIENTED_EDGE('',*,*,#3487,.F.);
#1513=ORIENTED_EDGE('',*,*,#3269,.F.);
#1514=ORIENTED_EDGE('',*,*,#3487,.T.);
#1515=ORIENTED_EDGE('',*,*,#2744,.F.);
#1516=ORIENTED_EDGE('',*,*,#3488,.F.);
#1517=ORIENTED_EDGE('',*,*,#3272,.F.);
#1518=ORIENTED_EDGE('',*,*,#3486,.T.);
#1519=ORIENTED_EDGE('',*,*,#3266,.F.);
#1520=ORIENTED_EDGE('',*,*,#3489,.F.);
#1521=ORIENTED_EDGE('',*,*,#2746,.F.);
#1522=ORIENTED_EDGE('',*,*,#3488,.T.);
#1523=ORIENTED_EDGE('',*,*,#2743,.F.);
#1524=ORIENTED_EDGE('',*,*,#3490,.F.);
#1525=ORIENTED_EDGE('',*,*,#3275,.F.);
#1526=ORIENTED_EDGE('',*,*,#3489,.T.);
#1527=ORIENTED_EDGE('',*,*,#3263,.F.);
#1528=ORIENTED_EDGE('',*,*,#3491,.F.);
#1529=ORIENTED_EDGE('',*,*,#2747,.F.);
#1530=ORIENTED_EDGE('',*,*,#3490,.T.);
#1531=ORIENTED_EDGE('',*,*,#2742,.F.);
#1532=ORIENTED_EDGE('',*,*,#3492,.F.);
#1533=ORIENTED_EDGE('',*,*,#3277,.F.);
#1534=ORIENTED_EDGE('',*,*,#3491,.T.);
#1535=ORIENTED_EDGE('',*,*,#3260,.F.);
#1536=ORIENTED_EDGE('',*,*,#3493,.F.);
#1537=ORIENTED_EDGE('',*,*,#2740,.F.);
#1538=ORIENTED_EDGE('',*,*,#3492,.T.);
#1539=ORIENTED_EDGE('',*,*,#2741,.F.);
#1540=ORIENTED_EDGE('',*,*,#3493,.T.);
#1541=ORIENTED_EDGE('',*,*,#3257,.F.);
#1542=ORIENTED_EDGE('',*,*,#3494,.F.);
#1543=ORIENTED_EDGE('',*,*,#2753,.F.);
#1544=ORIENTED_EDGE('',*,*,#3495,.F.);
#1545=ORIENTED_EDGE('',*,*,#3245,.F.);
#1546=ORIENTED_EDGE('',*,*,#3495,.T.);
#1547=ORIENTED_EDGE('',*,*,#2752,.F.);
#1548=ORIENTED_EDGE('',*,*,#3496,.F.);
#1549=ORIENTED_EDGE('',*,*,#3248,.F.);
#1550=ORIENTED_EDGE('',*,*,#3494,.T.);
#1551=ORIENTED_EDGE('',*,*,#3242,.F.);
#1552=ORIENTED_EDGE('',*,*,#3497,.F.);
#1553=ORIENTED_EDGE('',*,*,#2754,.F.);
#1554=ORIENTED_EDGE('',*,*,#3496,.T.);
#1555=ORIENTED_EDGE('',*,*,#2751,.F.);
#1556=ORIENTED_EDGE('',*,*,#3498,.F.);
#1557=ORIENTED_EDGE('',*,*,#3251,.F.);
#1558=ORIENTED_EDGE('',*,*,#3497,.T.);
#1559=ORIENTED_EDGE('',*,*,#3239,.F.);
#1560=ORIENTED_EDGE('',*,*,#3499,.F.);
#1561=ORIENTED_EDGE('',*,*,#2755,.F.);
#1562=ORIENTED_EDGE('',*,*,#3498,.T.);
#1563=ORIENTED_EDGE('',*,*,#2750,.F.);
#1564=ORIENTED_EDGE('',*,*,#3500,.F.);
#1565=ORIENTED_EDGE('',*,*,#3253,.F.);
#1566=ORIENTED_EDGE('',*,*,#3499,.T.);
#1567=ORIENTED_EDGE('',*,*,#3236,.F.);
#1568=ORIENTED_EDGE('',*,*,#3501,.F.);
#1569=ORIENTED_EDGE('',*,*,#2748,.F.);
#1570=ORIENTED_EDGE('',*,*,#3500,.T.);
#1571=ORIENTED_EDGE('',*,*,#2749,.F.);
#1572=ORIENTED_EDGE('',*,*,#3501,.T.);
#1573=ORIENTED_EDGE('',*,*,#3233,.F.);
#1574=ORIENTED_EDGE('',*,*,#3502,.F.);
#1575=ORIENTED_EDGE('',*,*,#2761,.F.);
#1576=ORIENTED_EDGE('',*,*,#3503,.F.);
#1577=ORIENTED_EDGE('',*,*,#3221,.F.);
#1578=ORIENTED_EDGE('',*,*,#3503,.T.);
#1579=ORIENTED_EDGE('',*,*,#2760,.F.);
#1580=ORIENTED_EDGE('',*,*,#3504,.F.);
#1581=ORIENTED_EDGE('',*,*,#3224,.F.);
#1582=ORIENTED_EDGE('',*,*,#3502,.T.);
#1583=ORIENTED_EDGE('',*,*,#3218,.F.);
#1584=ORIENTED_EDGE('',*,*,#3505,.F.);
#1585=ORIENTED_EDGE('',*,*,#2762,.F.);
#1586=ORIENTED_EDGE('',*,*,#3504,.T.);
#1587=ORIENTED_EDGE('',*,*,#2759,.F.);
#1588=ORIENTED_EDGE('',*,*,#3506,.F.);
#1589=ORIENTED_EDGE('',*,*,#3227,.F.);
#1590=ORIENTED_EDGE('',*,*,#3505,.T.);
#1591=ORIENTED_EDGE('',*,*,#3215,.F.);
#1592=ORIENTED_EDGE('',*,*,#3507,.F.);
#1593=ORIENTED_EDGE('',*,*,#2763,.F.);
#1594=ORIENTED_EDGE('',*,*,#3506,.T.);
#1595=ORIENTED_EDGE('',*,*,#2758,.F.);
#1596=ORIENTED_EDGE('',*,*,#3508,.F.);
#1597=ORIENTED_EDGE('',*,*,#3229,.F.);
#1598=ORIENTED_EDGE('',*,*,#3507,.T.);
#1599=ORIENTED_EDGE('',*,*,#3212,.F.);
#1600=ORIENTED_EDGE('',*,*,#3509,.F.);
#1601=ORIENTED_EDGE('',*,*,#2756,.F.);
#1602=ORIENTED_EDGE('',*,*,#3508,.T.);
#1603=ORIENTED_EDGE('',*,*,#2757,.F.);
#1604=ORIENTED_EDGE('',*,*,#3509,.T.);
#1605=ORIENTED_EDGE('',*,*,#3209,.F.);
#1606=ORIENTED_EDGE('',*,*,#3510,.F.);
#1607=ORIENTED_EDGE('',*,*,#2769,.F.);
#1608=ORIENTED_EDGE('',*,*,#3511,.F.);
#1609=ORIENTED_EDGE('',*,*,#3125,.F.);
#1610=ORIENTED_EDGE('',*,*,#3511,.T.);
#1611=ORIENTED_EDGE('',*,*,#2768,.F.);
#1612=ORIENTED_EDGE('',*,*,#3512,.F.);
#1613=ORIENTED_EDGE('',*,*,#3128,.F.);
#1614=ORIENTED_EDGE('',*,*,#3510,.T.);
#1615=ORIENTED_EDGE('',*,*,#3122,.F.);
#1616=ORIENTED_EDGE('',*,*,#3513,.F.);
#1617=ORIENTED_EDGE('',*,*,#2770,.F.);
#1618=ORIENTED_EDGE('',*,*,#3512,.T.);
#1619=ORIENTED_EDGE('',*,*,#2767,.F.);
#1620=ORIENTED_EDGE('',*,*,#3514,.F.);
#1621=ORIENTED_EDGE('',*,*,#3131,.F.);
#1622=ORIENTED_EDGE('',*,*,#3513,.T.);
#1623=ORIENTED_EDGE('',*,*,#3119,.F.);
#1624=ORIENTED_EDGE('',*,*,#3515,.F.);
#1625=ORIENTED_EDGE('',*,*,#2771,.F.);
#1626=ORIENTED_EDGE('',*,*,#3514,.T.);
#1627=ORIENTED_EDGE('',*,*,#2766,.F.);
#1628=ORIENTED_EDGE('',*,*,#3516,.F.);
#1629=ORIENTED_EDGE('',*,*,#3133,.F.);
#1630=ORIENTED_EDGE('',*,*,#3515,.T.);
#1631=ORIENTED_EDGE('',*,*,#3116,.F.);
#1632=ORIENTED_EDGE('',*,*,#3517,.F.);
#1633=ORIENTED_EDGE('',*,*,#2764,.F.);
#1634=ORIENTED_EDGE('',*,*,#3516,.T.);
#1635=ORIENTED_EDGE('',*,*,#2765,.F.);
#1636=ORIENTED_EDGE('',*,*,#3517,.T.);
#1637=ORIENTED_EDGE('',*,*,#3113,.F.);
#1638=ORIENTED_EDGE('',*,*,#3518,.F.);
#1639=ORIENTED_EDGE('',*,*,#2777,.F.);
#1640=ORIENTED_EDGE('',*,*,#3519,.F.);
#1641=ORIENTED_EDGE('',*,*,#3149,.F.);
#1642=ORIENTED_EDGE('',*,*,#3519,.T.);
#1643=ORIENTED_EDGE('',*,*,#2776,.F.);
#1644=ORIENTED_EDGE('',*,*,#3520,.F.);
#1645=ORIENTED_EDGE('',*,*,#3152,.F.);
#1646=ORIENTED_EDGE('',*,*,#3518,.T.);
#1647=ORIENTED_EDGE('',*,*,#3146,.F.);
#1648=ORIENTED_EDGE('',*,*,#3521,.F.);
#1649=ORIENTED_EDGE('',*,*,#2778,.F.);
#1650=ORIENTED_EDGE('',*,*,#3520,.T.);
#1651=ORIENTED_EDGE('',*,*,#2775,.F.);
#1652=ORIENTED_EDGE('',*,*,#3522,.F.);
#1653=ORIENTED_EDGE('',*,*,#3155,.F.);
#1654=ORIENTED_EDGE('',*,*,#3521,.T.);
#1655=ORIENTED_EDGE('',*,*,#3143,.F.);
#1656=ORIENTED_EDGE('',*,*,#3523,.F.);
#1657=ORIENTED_EDGE('',*,*,#2779,.F.);
#1658=ORIENTED_EDGE('',*,*,#3522,.T.);
#1659=ORIENTED_EDGE('',*,*,#2774,.F.);
#1660=ORIENTED_EDGE('',*,*,#3524,.F.);
#1661=ORIENTED_EDGE('',*,*,#3157,.F.);
#1662=ORIENTED_EDGE('',*,*,#3523,.T.);
#1663=ORIENTED_EDGE('',*,*,#3140,.F.);
#1664=ORIENTED_EDGE('',*,*,#3525,.F.);
#1665=ORIENTED_EDGE('',*,*,#2772,.F.);
#1666=ORIENTED_EDGE('',*,*,#3524,.T.);
#1667=ORIENTED_EDGE('',*,*,#2773,.F.);
#1668=ORIENTED_EDGE('',*,*,#3525,.T.);
#1669=ORIENTED_EDGE('',*,*,#3137,.F.);
#1670=ORIENTED_EDGE('',*,*,#3526,.F.);
#1671=ORIENTED_EDGE('',*,*,#2785,.F.);
#1672=ORIENTED_EDGE('',*,*,#3527,.F.);
#1673=ORIENTED_EDGE('',*,*,#3173,.F.);
#1674=ORIENTED_EDGE('',*,*,#3527,.T.);
#1675=ORIENTED_EDGE('',*,*,#2784,.F.);
#1676=ORIENTED_EDGE('',*,*,#3528,.F.);
#1677=ORIENTED_EDGE('',*,*,#3176,.F.);
#1678=ORIENTED_EDGE('',*,*,#3526,.T.);
#1679=ORIENTED_EDGE('',*,*,#3170,.F.);
#1680=ORIENTED_EDGE('',*,*,#3529,.F.);
#1681=ORIENTED_EDGE('',*,*,#2786,.F.);
#1682=ORIENTED_EDGE('',*,*,#3528,.T.);
#1683=ORIENTED_EDGE('',*,*,#2783,.F.);
#1684=ORIENTED_EDGE('',*,*,#3530,.F.);
#1685=ORIENTED_EDGE('',*,*,#3179,.F.);
#1686=ORIENTED_EDGE('',*,*,#3529,.T.);
#1687=ORIENTED_EDGE('',*,*,#3167,.F.);
#1688=ORIENTED_EDGE('',*,*,#3531,.F.);
#1689=ORIENTED_EDGE('',*,*,#2787,.F.);
#1690=ORIENTED_EDGE('',*,*,#3530,.T.);
#1691=ORIENTED_EDGE('',*,*,#2782,.F.);
#1692=ORIENTED_EDGE('',*,*,#3532,.F.);
#1693=ORIENTED_EDGE('',*,*,#3181,.F.);
#1694=ORIENTED_EDGE('',*,*,#3531,.T.);
#1695=ORIENTED_EDGE('',*,*,#3164,.F.);
#1696=ORIENTED_EDGE('',*,*,#3533,.F.);
#1697=ORIENTED_EDGE('',*,*,#2780,.F.);
#1698=ORIENTED_EDGE('',*,*,#3532,.T.);
#1699=ORIENTED_EDGE('',*,*,#2781,.F.);
#1700=ORIENTED_EDGE('',*,*,#3533,.T.);
#1701=ORIENTED_EDGE('',*,*,#3161,.F.);
#1702=ORIENTED_EDGE('',*,*,#3534,.F.);
#1703=ORIENTED_EDGE('',*,*,#2793,.F.);
#1704=ORIENTED_EDGE('',*,*,#3535,.F.);
#1705=ORIENTED_EDGE('',*,*,#3197,.F.);
#1706=ORIENTED_EDGE('',*,*,#3535,.T.);
#1707=ORIENTED_EDGE('',*,*,#2792,.F.);
#1708=ORIENTED_EDGE('',*,*,#3536,.F.);
#1709=ORIENTED_EDGE('',*,*,#3200,.F.);
#1710=ORIENTED_EDGE('',*,*,#3534,.T.);
#1711=ORIENTED_EDGE('',*,*,#3194,.F.);
#1712=ORIENTED_EDGE('',*,*,#3537,.F.);
#1713=ORIENTED_EDGE('',*,*,#2794,.F.);
#1714=ORIENTED_EDGE('',*,*,#3536,.T.);
#1715=ORIENTED_EDGE('',*,*,#2791,.F.);
#1716=ORIENTED_EDGE('',*,*,#3538,.F.);
#1717=ORIENTED_EDGE('',*,*,#3203,.F.);
#1718=ORIENTED_EDGE('',*,*,#3537,.T.);
#1719=ORIENTED_EDGE('',*,*,#3191,.F.);
#1720=ORIENTED_EDGE('',*,*,#3539,.F.);
#1721=ORIENTED_EDGE('',*,*,#2795,.F.);
#1722=ORIENTED_EDGE('',*,*,#3538,.T.);
#1723=ORIENTED_EDGE('',*,*,#2790,.F.);
#1724=ORIENTED_EDGE('',*,*,#3540,.F.);
#1725=ORIENTED_EDGE('',*,*,#3205,.F.);
#1726=ORIENTED_EDGE('',*,*,#3539,.T.);
#1727=ORIENTED_EDGE('',*,*,#3188,.F.);
#1728=ORIENTED_EDGE('',*,*,#3541,.F.);
#1729=ORIENTED_EDGE('',*,*,#2788,.F.);
#1730=ORIENTED_EDGE('',*,*,#3540,.T.);
#1731=ORIENTED_EDGE('',*,*,#2789,.F.);
#1732=ORIENTED_EDGE('',*,*,#3541,.T.);
#1733=ORIENTED_EDGE('',*,*,#3185,.F.);
#1734=ORIENTED_EDGE('',*,*,#3542,.F.);
#1735=ORIENTED_EDGE('',*,*,#2801,.F.);
#1736=ORIENTED_EDGE('',*,*,#3543,.F.);
#1737=ORIENTED_EDGE('',*,*,#3389,.F.);
#1738=ORIENTED_EDGE('',*,*,#3543,.T.);
#1739=ORIENTED_EDGE('',*,*,#2800,.F.);
#1740=ORIENTED_EDGE('',*,*,#3544,.F.);
#1741=ORIENTED_EDGE('',*,*,#3392,.F.);
#1742=ORIENTED_EDGE('',*,*,#3542,.T.);
#1743=ORIENTED_EDGE('',*,*,#3386,.F.);
#1744=ORIENTED_EDGE('',*,*,#3545,.F.);
#1745=ORIENTED_EDGE('',*,*,#2802,.F.);
#1746=ORIENTED_EDGE('',*,*,#3544,.T.);
#1747=ORIENTED_EDGE('',*,*,#2799,.F.);
#1748=ORIENTED_EDGE('',*,*,#3546,.F.);
#1749=ORIENTED_EDGE('',*,*,#3395,.F.);
#1750=ORIENTED_EDGE('',*,*,#3545,.T.);
#1751=ORIENTED_EDGE('',*,*,#3383,.F.);
#1752=ORIENTED_EDGE('',*,*,#3547,.F.);
#1753=ORIENTED_EDGE('',*,*,#2803,.F.);
#1754=ORIENTED_EDGE('',*,*,#3546,.T.);
#1755=ORIENTED_EDGE('',*,*,#2798,.F.);
#1756=ORIENTED_EDGE('',*,*,#3548,.F.);
#1757=ORIENTED_EDGE('',*,*,#3397,.F.);
#1758=ORIENTED_EDGE('',*,*,#3547,.T.);
#1759=ORIENTED_EDGE('',*,*,#3380,.F.);
#1760=ORIENTED_EDGE('',*,*,#3549,.F.);
#1761=ORIENTED_EDGE('',*,*,#2796,.F.);
#1762=ORIENTED_EDGE('',*,*,#3548,.T.);
#1763=ORIENTED_EDGE('',*,*,#2797,.F.);
#1764=ORIENTED_EDGE('',*,*,#3549,.T.);
#1765=ORIENTED_EDGE('',*,*,#3377,.F.);
#1766=ORIENTED_EDGE('',*,*,#3550,.F.);
#1767=ORIENTED_EDGE('',*,*,#2809,.F.);
#1768=ORIENTED_EDGE('',*,*,#3551,.F.);
#1769=ORIENTED_EDGE('',*,*,#3413,.F.);
#1770=ORIENTED_EDGE('',*,*,#3551,.T.);
#1771=ORIENTED_EDGE('',*,*,#2808,.F.);
#1772=ORIENTED_EDGE('',*,*,#3552,.F.);
#1773=ORIENTED_EDGE('',*,*,#3416,.F.);
#1774=ORIENTED_EDGE('',*,*,#3550,.T.);
#1775=ORIENTED_EDGE('',*,*,#3410,.F.);
#1776=ORIENTED_EDGE('',*,*,#3553,.F.);
#1777=ORIENTED_EDGE('',*,*,#2810,.F.);
#1778=ORIENTED_EDGE('',*,*,#3552,.T.);
#1779=ORIENTED_EDGE('',*,*,#2807,.F.);
#1780=ORIENTED_EDGE('',*,*,#3554,.F.);
#1781=ORIENTED_EDGE('',*,*,#3419,.F.);
#1782=ORIENTED_EDGE('',*,*,#3553,.T.);
#1783=ORIENTED_EDGE('',*,*,#3407,.F.);
#1784=ORIENTED_EDGE('',*,*,#3555,.F.);
#1785=ORIENTED_EDGE('',*,*,#2811,.F.);
#1786=ORIENTED_EDGE('',*,*,#3554,.T.);
#1787=ORIENTED_EDGE('',*,*,#2806,.F.);
#1788=ORIENTED_EDGE('',*,*,#3556,.F.);
#1789=ORIENTED_EDGE('',*,*,#3421,.F.);
#1790=ORIENTED_EDGE('',*,*,#3555,.T.);
#1791=ORIENTED_EDGE('',*,*,#3404,.F.);
#1792=ORIENTED_EDGE('',*,*,#3557,.F.);
#1793=ORIENTED_EDGE('',*,*,#2804,.F.);
#1794=ORIENTED_EDGE('',*,*,#3556,.T.);
#1795=ORIENTED_EDGE('',*,*,#2805,.F.);
#1796=ORIENTED_EDGE('',*,*,#3557,.T.);
#1797=ORIENTED_EDGE('',*,*,#3401,.F.);
#1798=ORIENTED_EDGE('',*,*,#3558,.F.);
#1799=ORIENTED_EDGE('',*,*,#2817,.F.);
#1800=ORIENTED_EDGE('',*,*,#3559,.F.);
#1801=ORIENTED_EDGE('',*,*,#3437,.F.);
#1802=ORIENTED_EDGE('',*,*,#3559,.T.);
#1803=ORIENTED_EDGE('',*,*,#2816,.F.);
#1804=ORIENTED_EDGE('',*,*,#3560,.F.);
#1805=ORIENTED_EDGE('',*,*,#3440,.F.);
#1806=ORIENTED_EDGE('',*,*,#3558,.T.);
#1807=ORIENTED_EDGE('',*,*,#3434,.F.);
#1808=ORIENTED_EDGE('',*,*,#3561,.F.);
#1809=ORIENTED_EDGE('',*,*,#2818,.F.);
#1810=ORIENTED_EDGE('',*,*,#3560,.T.);
#1811=ORIENTED_EDGE('',*,*,#2815,.F.);
#1812=ORIENTED_EDGE('',*,*,#3562,.F.);
#1813=ORIENTED_EDGE('',*,*,#3443,.F.);
#1814=ORIENTED_EDGE('',*,*,#3561,.T.);
#1815=ORIENTED_EDGE('',*,*,#3431,.F.);
#1816=ORIENTED_EDGE('',*,*,#3563,.F.);
#1817=ORIENTED_EDGE('',*,*,#2819,.F.);
#1818=ORIENTED_EDGE('',*,*,#3562,.T.);
#1819=ORIENTED_EDGE('',*,*,#2814,.F.);
#1820=ORIENTED_EDGE('',*,*,#3564,.F.);
#1821=ORIENTED_EDGE('',*,*,#3445,.F.);
#1822=ORIENTED_EDGE('',*,*,#3563,.T.);
#1823=ORIENTED_EDGE('',*,*,#3428,.F.);
#1824=ORIENTED_EDGE('',*,*,#3565,.F.);
#1825=ORIENTED_EDGE('',*,*,#2812,.F.);
#1826=ORIENTED_EDGE('',*,*,#3564,.T.);
#1827=ORIENTED_EDGE('',*,*,#2813,.F.);
#1828=ORIENTED_EDGE('',*,*,#3565,.T.);
#1829=ORIENTED_EDGE('',*,*,#3425,.F.);
#1830=ORIENTED_EDGE('',*,*,#3566,.F.);
#1831=ORIENTED_EDGE('',*,*,#2825,.F.);
#1832=ORIENTED_EDGE('',*,*,#3567,.F.);
#1833=ORIENTED_EDGE('',*,*,#3461,.F.);
#1834=ORIENTED_EDGE('',*,*,#3567,.T.);
#1835=ORIENTED_EDGE('',*,*,#2824,.F.);
#1836=ORIENTED_EDGE('',*,*,#3568,.F.);
#1837=ORIENTED_EDGE('',*,*,#3464,.F.);
#1838=ORIENTED_EDGE('',*,*,#3566,.T.);
#1839=ORIENTED_EDGE('',*,*,#3458,.F.);
#1840=ORIENTED_EDGE('',*,*,#3569,.F.);
#1841=ORIENTED_EDGE('',*,*,#2826,.F.);
#1842=ORIENTED_EDGE('',*,*,#3568,.T.);
#1843=ORIENTED_EDGE('',*,*,#2823,.F.);
#1844=ORIENTED_EDGE('',*,*,#3570,.F.);
#1845=ORIENTED_EDGE('',*,*,#3467,.F.);
#1846=ORIENTED_EDGE('',*,*,#3569,.T.);
#1847=ORIENTED_EDGE('',*,*,#3455,.F.);
#1848=ORIENTED_EDGE('',*,*,#3571,.F.);
#1849=ORIENTED_EDGE('',*,*,#2827,.F.);
#1850=ORIENTED_EDGE('',*,*,#3570,.T.);
#1851=ORIENTED_EDGE('',*,*,#2822,.F.);
#1852=ORIENTED_EDGE('',*,*,#3572,.F.);
#1853=ORIENTED_EDGE('',*,*,#3469,.F.);
#1854=ORIENTED_EDGE('',*,*,#3571,.T.);
#1855=ORIENTED_EDGE('',*,*,#3452,.F.);
#1856=ORIENTED_EDGE('',*,*,#3573,.F.);
#1857=ORIENTED_EDGE('',*,*,#2820,.F.);
#1858=ORIENTED_EDGE('',*,*,#3572,.T.);
#1859=ORIENTED_EDGE('',*,*,#2821,.F.);
#1860=ORIENTED_EDGE('',*,*,#3573,.T.);
#1861=ORIENTED_EDGE('',*,*,#3449,.F.);
#1862=ORIENTED_EDGE('',*,*,#3574,.F.);
#1863=ORIENTED_EDGE('',*,*,#2833,.F.);
#1864=ORIENTED_EDGE('',*,*,#3575,.F.);
#1865=ORIENTED_EDGE('',*,*,#3293,.F.);
#1866=ORIENTED_EDGE('',*,*,#3575,.T.);
#1867=ORIENTED_EDGE('',*,*,#2832,.F.);
#1868=ORIENTED_EDGE('',*,*,#3576,.F.);
#1869=ORIENTED_EDGE('',*,*,#3296,.F.);
#1870=ORIENTED_EDGE('',*,*,#3574,.T.);
#1871=ORIENTED_EDGE('',*,*,#3290,.F.);
#1872=ORIENTED_EDGE('',*,*,#3577,.F.);
#1873=ORIENTED_EDGE('',*,*,#2834,.F.);
#1874=ORIENTED_EDGE('',*,*,#3576,.T.);
#1875=ORIENTED_EDGE('',*,*,#2831,.F.);
#1876=ORIENTED_EDGE('',*,*,#3578,.F.);
#1877=ORIENTED_EDGE('',*,*,#3299,.F.);
#1878=ORIENTED_EDGE('',*,*,#3577,.T.);
#1879=ORIENTED_EDGE('',*,*,#3287,.F.);
#1880=ORIENTED_EDGE('',*,*,#3579,.F.);
#1881=ORIENTED_EDGE('',*,*,#2835,.F.);
#1882=ORIENTED_EDGE('',*,*,#3578,.T.);
#1883=ORIENTED_EDGE('',*,*,#2830,.F.);
#1884=ORIENTED_EDGE('',*,*,#3580,.F.);
#1885=ORIENTED_EDGE('',*,*,#3301,.F.);
#1886=ORIENTED_EDGE('',*,*,#3579,.T.);
#1887=ORIENTED_EDGE('',*,*,#3284,.F.);
#1888=ORIENTED_EDGE('',*,*,#3581,.F.);
#1889=ORIENTED_EDGE('',*,*,#2828,.F.);
#1890=ORIENTED_EDGE('',*,*,#3580,.T.);
#1891=ORIENTED_EDGE('',*,*,#2829,.F.);
#1892=ORIENTED_EDGE('',*,*,#3581,.T.);
#1893=ORIENTED_EDGE('',*,*,#3281,.F.);
#1894=ORIENTED_EDGE('',*,*,#3582,.F.);
#1895=ORIENTED_EDGE('',*,*,#2841,.F.);
#1896=ORIENTED_EDGE('',*,*,#3583,.F.);
#1897=ORIENTED_EDGE('',*,*,#3317,.F.);
#1898=ORIENTED_EDGE('',*,*,#3583,.T.);
#1899=ORIENTED_EDGE('',*,*,#2840,.F.);
#1900=ORIENTED_EDGE('',*,*,#3584,.F.);
#1901=ORIENTED_EDGE('',*,*,#3320,.F.);
#1902=ORIENTED_EDGE('',*,*,#3582,.T.);
#1903=ORIENTED_EDGE('',*,*,#3314,.F.);
#1904=ORIENTED_EDGE('',*,*,#3585,.F.);
#1905=ORIENTED_EDGE('',*,*,#2842,.F.);
#1906=ORIENTED_EDGE('',*,*,#3584,.T.);
#1907=ORIENTED_EDGE('',*,*,#2839,.F.);
#1908=ORIENTED_EDGE('',*,*,#3586,.F.);
#1909=ORIENTED_EDGE('',*,*,#3323,.F.);
#1910=ORIENTED_EDGE('',*,*,#3585,.T.);
#1911=ORIENTED_EDGE('',*,*,#3311,.F.);
#1912=ORIENTED_EDGE('',*,*,#3587,.F.);
#1913=ORIENTED_EDGE('',*,*,#2843,.F.);
#1914=ORIENTED_EDGE('',*,*,#3586,.T.);
#1915=ORIENTED_EDGE('',*,*,#2838,.F.);
#1916=ORIENTED_EDGE('',*,*,#3588,.F.);
#1917=ORIENTED_EDGE('',*,*,#3325,.F.);
#1918=ORIENTED_EDGE('',*,*,#3587,.T.);
#1919=ORIENTED_EDGE('',*,*,#3308,.F.);
#1920=ORIENTED_EDGE('',*,*,#3589,.F.);
#1921=ORIENTED_EDGE('',*,*,#2836,.F.);
#1922=ORIENTED_EDGE('',*,*,#3588,.T.);
#1923=ORIENTED_EDGE('',*,*,#2837,.F.);
#1924=ORIENTED_EDGE('',*,*,#3589,.T.);
#1925=ORIENTED_EDGE('',*,*,#3305,.F.);
#1926=ORIENTED_EDGE('',*,*,#3590,.F.);
#1927=ORIENTED_EDGE('',*,*,#2849,.F.);
#1928=ORIENTED_EDGE('',*,*,#3591,.F.);
#1929=ORIENTED_EDGE('',*,*,#3341,.F.);
#1930=ORIENTED_EDGE('',*,*,#3591,.T.);
#1931=ORIENTED_EDGE('',*,*,#2848,.F.);
#1932=ORIENTED_EDGE('',*,*,#3592,.F.);
#1933=ORIENTED_EDGE('',*,*,#3344,.F.);
#1934=ORIENTED_EDGE('',*,*,#3590,.T.);
#1935=ORIENTED_EDGE('',*,*,#3338,.F.);
#1936=ORIENTED_EDGE('',*,*,#3593,.F.);
#1937=ORIENTED_EDGE('',*,*,#2850,.F.);
#1938=ORIENTED_EDGE('',*,*,#3592,.T.);
#1939=ORIENTED_EDGE('',*,*,#2847,.F.);
#1940=ORIENTED_EDGE('',*,*,#3594,.F.);
#1941=ORIENTED_EDGE('',*,*,#3347,.F.);
#1942=ORIENTED_EDGE('',*,*,#3593,.T.);
#1943=ORIENTED_EDGE('',*,*,#3335,.F.);
#1944=ORIENTED_EDGE('',*,*,#3595,.F.);
#1945=ORIENTED_EDGE('',*,*,#2851,.F.);
#1946=ORIENTED_EDGE('',*,*,#3594,.T.);
#1947=ORIENTED_EDGE('',*,*,#2846,.F.);
#1948=ORIENTED_EDGE('',*,*,#3596,.F.);
#1949=ORIENTED_EDGE('',*,*,#3349,.F.);
#1950=ORIENTED_EDGE('',*,*,#3595,.T.);
#1951=ORIENTED_EDGE('',*,*,#3332,.F.);
#1952=ORIENTED_EDGE('',*,*,#3597,.F.);
#1953=ORIENTED_EDGE('',*,*,#2844,.F.);
#1954=ORIENTED_EDGE('',*,*,#3596,.T.);
#1955=ORIENTED_EDGE('',*,*,#2845,.F.);
#1956=ORIENTED_EDGE('',*,*,#3597,.T.);
#1957=ORIENTED_EDGE('',*,*,#3329,.F.);
#1958=ORIENTED_EDGE('',*,*,#3598,.F.);
#1959=ORIENTED_EDGE('',*,*,#2857,.F.);
#1960=ORIENTED_EDGE('',*,*,#3599,.F.);
#1961=ORIENTED_EDGE('',*,*,#3365,.F.);
#1962=ORIENTED_EDGE('',*,*,#3599,.T.);
#1963=ORIENTED_EDGE('',*,*,#2856,.F.);
#1964=ORIENTED_EDGE('',*,*,#3600,.F.);
#1965=ORIENTED_EDGE('',*,*,#3368,.F.);
#1966=ORIENTED_EDGE('',*,*,#3598,.T.);
#1967=ORIENTED_EDGE('',*,*,#3362,.F.);
#1968=ORIENTED_EDGE('',*,*,#3601,.F.);
#1969=ORIENTED_EDGE('',*,*,#2858,.F.);
#1970=ORIENTED_EDGE('',*,*,#3600,.T.);
#1971=ORIENTED_EDGE('',*,*,#2855,.F.);
#1972=ORIENTED_EDGE('',*,*,#3602,.F.);
#1973=ORIENTED_EDGE('',*,*,#3371,.F.);
#1974=ORIENTED_EDGE('',*,*,#3601,.T.);
#1975=ORIENTED_EDGE('',*,*,#3359,.F.);
#1976=ORIENTED_EDGE('',*,*,#3603,.F.);
#1977=ORIENTED_EDGE('',*,*,#2859,.F.);
#1978=ORIENTED_EDGE('',*,*,#3602,.T.);
#1979=ORIENTED_EDGE('',*,*,#2854,.F.);
#1980=ORIENTED_EDGE('',*,*,#3604,.F.);
#1981=ORIENTED_EDGE('',*,*,#3373,.F.);
#1982=ORIENTED_EDGE('',*,*,#3603,.T.);
#1983=ORIENTED_EDGE('',*,*,#3356,.F.);
#1984=ORIENTED_EDGE('',*,*,#3605,.F.);
#1985=ORIENTED_EDGE('',*,*,#2852,.F.);
#1986=ORIENTED_EDGE('',*,*,#3604,.T.);
#1987=ORIENTED_EDGE('',*,*,#2853,.F.);
#1988=ORIENTED_EDGE('',*,*,#3605,.T.);
#1989=ORIENTED_EDGE('',*,*,#3353,.F.);
#1990=ORIENTED_EDGE('',*,*,#3606,.F.);
#1991=ORIENTED_EDGE('',*,*,#2865,.F.);
#1992=ORIENTED_EDGE('',*,*,#3607,.F.);
#1993=ORIENTED_EDGE('',*,*,#3053,.F.);
#1994=ORIENTED_EDGE('',*,*,#3607,.T.);
#1995=ORIENTED_EDGE('',*,*,#2864,.F.);
#1996=ORIENTED_EDGE('',*,*,#3608,.F.);
#1997=ORIENTED_EDGE('',*,*,#3109,.F.);
#1998=ORIENTED_EDGE('',*,*,#3606,.T.);
#1999=ORIENTED_EDGE('',*,*,#3107,.F.);
#2000=ORIENTED_EDGE('',*,*,#3609,.F.);
#2001=ORIENTED_EDGE('',*,*,#2866,.F.);
#2002=ORIENTED_EDGE('',*,*,#3608,.T.);
#2003=ORIENTED_EDGE('',*,*,#2863,.F.);
#2004=ORIENTED_EDGE('',*,*,#3610,.F.);
#2005=ORIENTED_EDGE('',*,*,#3101,.F.);
#2006=ORIENTED_EDGE('',*,*,#3609,.T.);
#2007=ORIENTED_EDGE('',*,*,#3091,.F.);
#2008=ORIENTED_EDGE('',*,*,#3611,.F.);
#2009=ORIENTED_EDGE('',*,*,#2867,.F.);
#2010=ORIENTED_EDGE('',*,*,#3610,.T.);
#2011=ORIENTED_EDGE('',*,*,#2862,.F.);
#2012=ORIENTED_EDGE('',*,*,#3612,.F.);
#2013=ORIENTED_EDGE('',*,*,#3103,.F.);
#2014=ORIENTED_EDGE('',*,*,#3611,.T.);
#2015=ORIENTED_EDGE('',*,*,#3105,.F.);
#2016=ORIENTED_EDGE('',*,*,#3613,.F.);
#2017=ORIENTED_EDGE('',*,*,#2860,.F.);
#2018=ORIENTED_EDGE('',*,*,#3612,.T.);
#2019=ORIENTED_EDGE('',*,*,#2861,.F.);
#2020=ORIENTED_EDGE('',*,*,#3613,.T.);
#2021=ORIENTED_EDGE('',*,*,#2723,.F.);
#2022=ORIENTED_EDGE('',*,*,#3093,.F.);
#2023=ORIENTED_EDGE('',*,*,#2868,.F.);
#2024=ORIENTED_EDGE('',*,*,#3097,.F.);
#2025=ORIENTED_EDGE('',*,*,#2869,.F.);
#2026=ORIENTED_EDGE('',*,*,#3095,.F.);
#2027=ORIENTED_EDGE('',*,*,#2870,.F.);
#2028=ORIENTED_EDGE('',*,*,#2871,.F.);
#2029=ORIENTED_EDGE('',*,*,#3087,.F.);
#2030=ORIENTED_EDGE('',*,*,#2872,.F.);
#2031=ORIENTED_EDGE('',*,*,#3085,.F.);
#2032=ORIENTED_EDGE('',*,*,#2873,.F.);
#2033=ORIENTED_EDGE('',*,*,#3083,.F.);
#2034=ORIENTED_EDGE('',*,*,#3614,.F.);
#2035=ORIENTED_EDGE('',*,*,#2879,.F.);
#2036=ORIENTED_EDGE('',*,*,#3615,.F.);
#2037=ORIENTED_EDGE('',*,*,#3057,.F.);
#2038=ORIENTED_EDGE('',*,*,#3615,.T.);
#2039=ORIENTED_EDGE('',*,*,#2878,.F.);
#2040=ORIENTED_EDGE('',*,*,#3616,.F.);
#2041=ORIENTED_EDGE('',*,*,#3077,.F.);
#2042=ORIENTED_EDGE('',*,*,#3614,.T.);
#2043=ORIENTED_EDGE('',*,*,#3060,.F.);
#2044=ORIENTED_EDGE('',*,*,#3617,.F.);
#2045=ORIENTED_EDGE('',*,*,#2880,.F.);
#2046=ORIENTED_EDGE('',*,*,#3616,.T.);
#2047=ORIENTED_EDGE('',*,*,#2877,.F.);
#2048=ORIENTED_EDGE('',*,*,#3618,.F.);
#2049=ORIENTED_EDGE('',*,*,#3075,.F.);
#2050=ORIENTED_EDGE('',*,*,#3617,.T.);
#2051=ORIENTED_EDGE('',*,*,#3063,.F.);
#2052=ORIENTED_EDGE('',*,*,#3619,.F.);
#2053=ORIENTED_EDGE('',*,*,#2881,.F.);
#2054=ORIENTED_EDGE('',*,*,#3618,.T.);
#2055=ORIENTED_EDGE('',*,*,#2876,.F.);
#2056=ORIENTED_EDGE('',*,*,#3620,.F.);
#2057=ORIENTED_EDGE('',*,*,#3072,.F.);
#2058=ORIENTED_EDGE('',*,*,#3619,.T.);
#2059=ORIENTED_EDGE('',*,*,#3066,.F.);
#2060=ORIENTED_EDGE('',*,*,#3621,.F.);
#2061=ORIENTED_EDGE('',*,*,#2874,.F.);
#2062=ORIENTED_EDGE('',*,*,#3620,.T.);
#2063=ORIENTED_EDGE('',*,*,#2875,.F.);
#2064=ORIENTED_EDGE('',*,*,#3621,.T.);
#2065=ORIENTED_EDGE('',*,*,#3069,.F.);
#2066=ORIENTED_EDGE('',*,*,#3622,.F.);
#2067=ORIENTED_EDGE('',*,*,#3623,.T.);
#2068=ORIENTED_EDGE('',*,*,#3624,.T.);
#2069=ORIENTED_EDGE('',*,*,#2730,.T.);
#2070=ORIENTED_EDGE('',*,*,#3625,.F.);
#2071=ORIENTED_EDGE('',*,*,#3626,.T.);
#2072=ORIENTED_EDGE('',*,*,#3625,.T.);
#2073=ORIENTED_EDGE('',*,*,#2729,.F.);
#2074=ORIENTED_EDGE('',*,*,#3627,.F.);
#2075=ORIENTED_EDGE('',*,*,#3628,.F.);
#2076=ORIENTED_EDGE('',*,*,#3629,.T.);
#2077=ORIENTED_EDGE('',*,*,#3630,.F.);
#2078=ORIENTED_EDGE('',*,*,#3627,.T.);
#2079=ORIENTED_EDGE('',*,*,#2728,.T.);
#2080=ORIENTED_EDGE('',*,*,#3631,.F.);
#2081=ORIENTED_EDGE('',*,*,#3632,.T.);
#2082=ORIENTED_EDGE('',*,*,#3628,.T.);
#2083=ORIENTED_EDGE('',*,*,#2727,.F.);
#2084=ORIENTED_EDGE('',*,*,#3624,.F.);
#2085=ORIENTED_EDGE('',*,*,#3633,.T.);
#2086=ORIENTED_EDGE('',*,*,#3634,.T.);
#2087=ORIENTED_EDGE('',*,*,#2731,.F.);
#2088=ORIENTED_EDGE('',*,*,#3635,.T.);
#2089=ORIENTED_EDGE('',*,*,#3636,.T.);
#2090=ORIENTED_EDGE('',*,*,#3622,.T.);
#2091=ORIENTED_EDGE('',*,*,#3626,.F.);
#2092=ORIENTED_EDGE('',*,*,#3630,.T.);
#2093=ORIENTED_EDGE('',*,*,#3637,.T.);
#2094=ORIENTED_EDGE('',*,*,#3635,.F.);
#2095=ORIENTED_EDGE('',*,*,#3638,.T.);
#2096=ORIENTED_EDGE('',*,*,#3028,.F.);
#2097=ORIENTED_EDGE('',*,*,#3639,.T.);
#2098=ORIENTED_EDGE('',*,*,#3640,.T.);
#2099=ORIENTED_EDGE('',*,*,#3641,.T.);
#2100=ORIENTED_EDGE('',*,*,#3026,.F.);
#2101=ORIENTED_EDGE('',*,*,#3642,.T.);
#2102=ORIENTED_EDGE('',*,*,#2720,.F.);
#2103=ORIENTED_EDGE('',*,*,#3634,.F.);
#2104=ORIENTED_EDGE('',*,*,#3030,.F.);
#2105=ORIENTED_EDGE('',*,*,#3643,.T.);
#2106=ORIENTED_EDGE('',*,*,#3644,.T.);
#2107=ORIENTED_EDGE('',*,*,#3631,.T.);
#2108=ORIENTED_EDGE('',*,*,#2726,.T.);
#2109=ORIENTED_EDGE('',*,*,#3645,.T.);
#2110=ORIENTED_EDGE('',*,*,#3646,.F.);
#2111=ORIENTED_EDGE('',*,*,#3043,.F.);
#2112=ORIENTED_EDGE('',*,*,#3647,.F.);
#2113=ORIENTED_EDGE('',*,*,#2887,.F.);
#2114=ORIENTED_EDGE('',*,*,#3647,.T.);
#2115=ORIENTED_EDGE('',*,*,#3470,.F.);
#2116=ORIENTED_EDGE('',*,*,#3648,.F.);
#2117=ORIENTED_EDGE('',*,*,#2888,.F.);
#2118=ORIENTED_EDGE('',*,*,#3646,.T.);
#2119=ORIENTED_EDGE('',*,*,#2886,.F.);
#2120=ORIENTED_EDGE('',*,*,#3649,.F.);
#2121=ORIENTED_EDGE('',*,*,#3472,.F.);
#2122=ORIENTED_EDGE('',*,*,#3648,.T.);
#2123=ORIENTED_EDGE('',*,*,#3039,.F.);
#2124=ORIENTED_EDGE('',*,*,#3650,.F.);
#2125=ORIENTED_EDGE('',*,*,#2889,.F.);
#2126=ORIENTED_EDGE('',*,*,#3649,.T.);
#2127=ORIENTED_EDGE('',*,*,#2885,.F.);
#2128=ORIENTED_EDGE('',*,*,#3651,.F.);
#2129=ORIENTED_EDGE('',*,*,#3047,.F.);
#2130=ORIENTED_EDGE('',*,*,#3650,.T.);
#2131=ORIENTED_EDGE('',*,*,#3476,.F.);
#2132=ORIENTED_EDGE('',*,*,#3652,.F.);
#2133=ORIENTED_EDGE('',*,*,#2882,.F.);
#2134=ORIENTED_EDGE('',*,*,#3651,.T.);
#2135=ORIENTED_EDGE('',*,*,#2884,.F.);
#2136=ORIENTED_EDGE('',*,*,#3653,.F.);
#2137=ORIENTED_EDGE('',*,*,#3474,.F.);
#2138=ORIENTED_EDGE('',*,*,#3652,.T.);
#2139=ORIENTED_EDGE('',*,*,#3079,.F.);
#2140=ORIENTED_EDGE('',*,*,#3653,.T.);
#2141=ORIENTED_EDGE('',*,*,#2883,.F.);
#2142=ORIENTED_EDGE('',*,*,#3654,.F.);
#2143=ORIENTED_EDGE('',*,*,#3268,.F.);
#2144=ORIENTED_EDGE('',*,*,#3655,.F.);
#2145=ORIENTED_EDGE('',*,*,#2895,.F.);
#2146=ORIENTED_EDGE('',*,*,#3655,.T.);
#2147=ORIENTED_EDGE('',*,*,#3271,.F.);
#2148=ORIENTED_EDGE('',*,*,#3656,.F.);
#2149=ORIENTED_EDGE('',*,*,#2896,.F.);
#2150=ORIENTED_EDGE('',*,*,#3654,.T.);
#2151=ORIENTED_EDGE('',*,*,#2894,.F.);
#2152=ORIENTED_EDGE('',*,*,#3657,.F.);
#2153=ORIENTED_EDGE('',*,*,#3265,.F.);
#2154=ORIENTED_EDGE('',*,*,#3656,.T.);
#2155=ORIENTED_EDGE('',*,*,#3274,.F.);
#2156=ORIENTED_EDGE('',*,*,#3658,.F.);
#2157=ORIENTED_EDGE('',*,*,#2897,.F.);
#2158=ORIENTED_EDGE('',*,*,#3657,.T.);
#2159=ORIENTED_EDGE('',*,*,#2893,.F.);
#2160=ORIENTED_EDGE('',*,*,#3659,.F.);
#2161=ORIENTED_EDGE('',*,*,#3262,.F.);
#2162=ORIENTED_EDGE('',*,*,#3658,.T.);
#2163=ORIENTED_EDGE('',*,*,#3276,.F.);
#2164=ORIENTED_EDGE('',*,*,#3660,.F.);
#2165=ORIENTED_EDGE('',*,*,#2890,.F.);
#2166=ORIENTED_EDGE('',*,*,#3659,.T.);
#2167=ORIENTED_EDGE('',*,*,#2892,.F.);
#2168=ORIENTED_EDGE('',*,*,#3661,.F.);
#2169=ORIENTED_EDGE('',*,*,#3259,.F.);
#2170=ORIENTED_EDGE('',*,*,#3660,.T.);
#2171=ORIENTED_EDGE('',*,*,#3255,.F.);
#2172=ORIENTED_EDGE('',*,*,#3661,.T.);
#2173=ORIENTED_EDGE('',*,*,#2891,.F.);
#2174=ORIENTED_EDGE('',*,*,#3662,.F.);
#2175=ORIENTED_EDGE('',*,*,#3244,.F.);
#2176=ORIENTED_EDGE('',*,*,#3663,.F.);
#2177=ORIENTED_EDGE('',*,*,#2903,.F.);
#2178=ORIENTED_EDGE('',*,*,#3663,.T.);
#2179=ORIENTED_EDGE('',*,*,#3247,.F.);
#2180=ORIENTED_EDGE('',*,*,#3664,.F.);
#2181=ORIENTED_EDGE('',*,*,#2904,.F.);
#2182=ORIENTED_EDGE('',*,*,#3662,.T.);
#2183=ORIENTED_EDGE('',*,*,#2902,.F.);
#2184=ORIENTED_EDGE('',*,*,#3665,.F.);
#2185=ORIENTED_EDGE('',*,*,#3241,.F.);
#2186=ORIENTED_EDGE('',*,*,#3664,.T.);
#2187=ORIENTED_EDGE('',*,*,#3250,.F.);
#2188=ORIENTED_EDGE('',*,*,#3666,.F.);
#2189=ORIENTED_EDGE('',*,*,#2905,.F.);
#2190=ORIENTED_EDGE('',*,*,#3665,.T.);
#2191=ORIENTED_EDGE('',*,*,#2901,.F.);
#2192=ORIENTED_EDGE('',*,*,#3667,.F.);
#2193=ORIENTED_EDGE('',*,*,#3238,.F.);
#2194=ORIENTED_EDGE('',*,*,#3666,.T.);
#2195=ORIENTED_EDGE('',*,*,#3252,.F.);
#2196=ORIENTED_EDGE('',*,*,#3668,.F.);
#2197=ORIENTED_EDGE('',*,*,#2898,.F.);
#2198=ORIENTED_EDGE('',*,*,#3667,.T.);
#2199=ORIENTED_EDGE('',*,*,#2900,.F.);
#2200=ORIENTED_EDGE('',*,*,#3669,.F.);
#2201=ORIENTED_EDGE('',*,*,#3235,.F.);
#2202=ORIENTED_EDGE('',*,*,#3668,.T.);
#2203=ORIENTED_EDGE('',*,*,#3231,.F.);
#2204=ORIENTED_EDGE('',*,*,#3669,.T.);
#2205=ORIENTED_EDGE('',*,*,#2899,.F.);
#2206=ORIENTED_EDGE('',*,*,#3670,.F.);
#2207=ORIENTED_EDGE('',*,*,#3220,.F.);
#2208=ORIENTED_EDGE('',*,*,#3671,.F.);
#2209=ORIENTED_EDGE('',*,*,#2911,.F.);
#2210=ORIENTED_EDGE('',*,*,#3671,.T.);
#2211=ORIENTED_EDGE('',*,*,#3223,.F.);
#2212=ORIENTED_EDGE('',*,*,#3672,.F.);
#2213=ORIENTED_EDGE('',*,*,#2912,.F.);
#2214=ORIENTED_EDGE('',*,*,#3670,.T.);
#2215=ORIENTED_EDGE('',*,*,#2910,.F.);
#2216=ORIENTED_EDGE('',*,*,#3673,.F.);
#2217=ORIENTED_EDGE('',*,*,#3217,.F.);
#2218=ORIENTED_EDGE('',*,*,#3672,.T.);
#2219=ORIENTED_EDGE('',*,*,#3226,.F.);
#2220=ORIENTED_EDGE('',*,*,#3674,.F.);
#2221=ORIENTED_EDGE('',*,*,#2913,.F.);
#2222=ORIENTED_EDGE('',*,*,#3673,.T.);
#2223=ORIENTED_EDGE('',*,*,#2909,.F.);
#2224=ORIENTED_EDGE('',*,*,#3675,.F.);
#2225=ORIENTED_EDGE('',*,*,#3214,.F.);
#2226=ORIENTED_EDGE('',*,*,#3674,.T.);
#2227=ORIENTED_EDGE('',*,*,#3228,.F.);
#2228=ORIENTED_EDGE('',*,*,#3676,.F.);
#2229=ORIENTED_EDGE('',*,*,#2906,.F.);
#2230=ORIENTED_EDGE('',*,*,#3675,.T.);
#2231=ORIENTED_EDGE('',*,*,#2908,.F.);
#2232=ORIENTED_EDGE('',*,*,#3677,.F.);
#2233=ORIENTED_EDGE('',*,*,#3211,.F.);
#2234=ORIENTED_EDGE('',*,*,#3676,.T.);
#2235=ORIENTED_EDGE('',*,*,#3207,.F.);
#2236=ORIENTED_EDGE('',*,*,#3677,.T.);
#2237=ORIENTED_EDGE('',*,*,#2907,.F.);
#2238=ORIENTED_EDGE('',*,*,#3678,.F.);
#2239=ORIENTED_EDGE('',*,*,#3124,.F.);
#2240=ORIENTED_EDGE('',*,*,#3679,.F.);
#2241=ORIENTED_EDGE('',*,*,#2919,.F.);
#2242=ORIENTED_EDGE('',*,*,#3679,.T.);
#2243=ORIENTED_EDGE('',*,*,#3127,.F.);
#2244=ORIENTED_EDGE('',*,*,#3680,.F.);
#2245=ORIENTED_EDGE('',*,*,#2920,.F.);
#2246=ORIENTED_EDGE('',*,*,#3678,.T.);
#2247=ORIENTED_EDGE('',*,*,#2918,.F.);
#2248=ORIENTED_EDGE('',*,*,#3681,.F.);
#2249=ORIENTED_EDGE('',*,*,#3121,.F.);
#2250=ORIENTED_EDGE('',*,*,#3680,.T.);
#2251=ORIENTED_EDGE('',*,*,#3130,.F.);
#2252=ORIENTED_EDGE('',*,*,#3682,.F.);
#2253=ORIENTED_EDGE('',*,*,#2921,.F.);
#2254=ORIENTED_EDGE('',*,*,#3681,.T.);
#2255=ORIENTED_EDGE('',*,*,#2917,.F.);
#2256=ORIENTED_EDGE('',*,*,#3683,.F.);
#2257=ORIENTED_EDGE('',*,*,#3118,.F.);
#2258=ORIENTED_EDGE('',*,*,#3682,.T.);
#2259=ORIENTED_EDGE('',*,*,#3132,.F.);
#2260=ORIENTED_EDGE('',*,*,#3684,.F.);
#2261=ORIENTED_EDGE('',*,*,#2914,.F.);
#2262=ORIENTED_EDGE('',*,*,#3683,.T.);
#2263=ORIENTED_EDGE('',*,*,#2916,.F.);
#2264=ORIENTED_EDGE('',*,*,#3685,.F.);
#2265=ORIENTED_EDGE('',*,*,#3115,.F.);
#2266=ORIENTED_EDGE('',*,*,#3684,.T.);
#2267=ORIENTED_EDGE('',*,*,#3111,.F.);
#2268=ORIENTED_EDGE('',*,*,#3685,.T.);
#2269=ORIENTED_EDGE('',*,*,#2915,.F.);
#2270=ORIENTED_EDGE('',*,*,#3686,.F.);
#2271=ORIENTED_EDGE('',*,*,#3148,.F.);
#2272=ORIENTED_EDGE('',*,*,#3687,.F.);
#2273=ORIENTED_EDGE('',*,*,#2927,.F.);
#2274=ORIENTED_EDGE('',*,*,#3687,.T.);
#2275=ORIENTED_EDGE('',*,*,#3151,.F.);
#2276=ORIENTED_EDGE('',*,*,#3688,.F.);
#2277=ORIENTED_EDGE('',*,*,#2928,.F.);
#2278=ORIENTED_EDGE('',*,*,#3686,.T.);
#2279=ORIENTED_EDGE('',*,*,#2926,.F.);
#2280=ORIENTED_EDGE('',*,*,#3689,.F.);
#2281=ORIENTED_EDGE('',*,*,#3145,.F.);
#2282=ORIENTED_EDGE('',*,*,#3688,.T.);
#2283=ORIENTED_EDGE('',*,*,#3154,.F.);
#2284=ORIENTED_EDGE('',*,*,#3690,.F.);
#2285=ORIENTED_EDGE('',*,*,#2929,.F.);
#2286=ORIENTED_EDGE('',*,*,#3689,.T.);
#2287=ORIENTED_EDGE('',*,*,#2925,.F.);
#2288=ORIENTED_EDGE('',*,*,#3691,.F.);
#2289=ORIENTED_EDGE('',*,*,#3142,.F.);
#2290=ORIENTED_EDGE('',*,*,#3690,.T.);
#2291=ORIENTED_EDGE('',*,*,#3156,.F.);
#2292=ORIENTED_EDGE('',*,*,#3692,.F.);
#2293=ORIENTED_EDGE('',*,*,#2922,.F.);
#2294=ORIENTED_EDGE('',*,*,#3691,.T.);
#2295=ORIENTED_EDGE('',*,*,#2924,.F.);
#2296=ORIENTED_EDGE('',*,*,#3693,.F.);
#2297=ORIENTED_EDGE('',*,*,#3139,.F.);
#2298=ORIENTED_EDGE('',*,*,#3692,.T.);
#2299=ORIENTED_EDGE('',*,*,#3135,.F.);
#2300=ORIENTED_EDGE('',*,*,#3693,.T.);
#2301=ORIENTED_EDGE('',*,*,#2923,.F.);
#2302=ORIENTED_EDGE('',*,*,#3694,.F.);
#2303=ORIENTED_EDGE('',*,*,#3172,.F.);
#2304=ORIENTED_EDGE('',*,*,#3695,.F.);
#2305=ORIENTED_EDGE('',*,*,#2935,.F.);
#2306=ORIENTED_EDGE('',*,*,#3695,.T.);
#2307=ORIENTED_EDGE('',*,*,#3175,.F.);
#2308=ORIENTED_EDGE('',*,*,#3696,.F.);
#2309=ORIENTED_EDGE('',*,*,#2936,.F.);
#2310=ORIENTED_EDGE('',*,*,#3694,.T.);
#2311=ORIENTED_EDGE('',*,*,#2934,.F.);
#2312=ORIENTED_EDGE('',*,*,#3697,.F.);
#2313=ORIENTED_EDGE('',*,*,#3169,.F.);
#2314=ORIENTED_EDGE('',*,*,#3696,.T.);
#2315=ORIENTED_EDGE('',*,*,#3178,.F.);
#2316=ORIENTED_EDGE('',*,*,#3698,.F.);
#2317=ORIENTED_EDGE('',*,*,#2937,.F.);
#2318=ORIENTED_EDGE('',*,*,#3697,.T.);
#2319=ORIENTED_EDGE('',*,*,#2933,.F.);
#2320=ORIENTED_EDGE('',*,*,#3699,.F.);
#2321=ORIENTED_EDGE('',*,*,#3166,.F.);
#2322=ORIENTED_EDGE('',*,*,#3698,.T.);
#2323=ORIENTED_EDGE('',*,*,#3180,.F.);
#2324=ORIENTED_EDGE('',*,*,#3700,.F.);
#2325=ORIENTED_EDGE('',*,*,#2930,.F.);
#2326=ORIENTED_EDGE('',*,*,#3699,.T.);
#2327=ORIENTED_EDGE('',*,*,#2932,.F.);
#2328=ORIENTED_EDGE('',*,*,#3701,.F.);
#2329=ORIENTED_EDGE('',*,*,#3163,.F.);
#2330=ORIENTED_EDGE('',*,*,#3700,.T.);
#2331=ORIENTED_EDGE('',*,*,#3159,.F.);
#2332=ORIENTED_EDGE('',*,*,#3701,.T.);
#2333=ORIENTED_EDGE('',*,*,#2931,.F.);
#2334=ORIENTED_EDGE('',*,*,#3702,.F.);
#2335=ORIENTED_EDGE('',*,*,#3196,.F.);
#2336=ORIENTED_EDGE('',*,*,#3703,.F.);
#2337=ORIENTED_EDGE('',*,*,#2943,.F.);
#2338=ORIENTED_EDGE('',*,*,#3703,.T.);
#2339=ORIENTED_EDGE('',*,*,#3199,.F.);
#2340=ORIENTED_EDGE('',*,*,#3704,.F.);
#2341=ORIENTED_EDGE('',*,*,#2944,.F.);
#2342=ORIENTED_EDGE('',*,*,#3702,.T.);
#2343=ORIENTED_EDGE('',*,*,#2942,.F.);
#2344=ORIENTED_EDGE('',*,*,#3705,.F.);
#2345=ORIENTED_EDGE('',*,*,#3193,.F.);
#2346=ORIENTED_EDGE('',*,*,#3704,.T.);
#2347=ORIENTED_EDGE('',*,*,#3202,.F.);
#2348=ORIENTED_EDGE('',*,*,#3706,.F.);
#2349=ORIENTED_EDGE('',*,*,#2945,.F.);
#2350=ORIENTED_EDGE('',*,*,#3705,.T.);
#2351=ORIENTED_EDGE('',*,*,#2941,.F.);
#2352=ORIENTED_EDGE('',*,*,#3707,.F.);
#2353=ORIENTED_EDGE('',*,*,#3190,.F.);
#2354=ORIENTED_EDGE('',*,*,#3706,.T.);
#2355=ORIENTED_EDGE('',*,*,#3204,.F.);
#2356=ORIENTED_EDGE('',*,*,#3708,.F.);
#2357=ORIENTED_EDGE('',*,*,#2938,.F.);
#2358=ORIENTED_EDGE('',*,*,#3707,.T.);
#2359=ORIENTED_EDGE('',*,*,#2940,.F.);
#2360=ORIENTED_EDGE('',*,*,#3709,.F.);
#2361=ORIENTED_EDGE('',*,*,#3187,.F.);
#2362=ORIENTED_EDGE('',*,*,#3708,.T.);
#2363=ORIENTED_EDGE('',*,*,#3183,.F.);
#2364=ORIENTED_EDGE('',*,*,#3709,.T.);
#2365=ORIENTED_EDGE('',*,*,#2939,.F.);
#2366=ORIENTED_EDGE('',*,*,#3710,.F.);
#2367=ORIENTED_EDGE('',*,*,#3388,.F.);
#2368=ORIENTED_EDGE('',*,*,#3711,.F.);
#2369=ORIENTED_EDGE('',*,*,#2951,.F.);
#2370=ORIENTED_EDGE('',*,*,#3711,.T.);
#2371=ORIENTED_EDGE('',*,*,#3391,.F.);
#2372=ORIENTED_EDGE('',*,*,#3712,.F.);
#2373=ORIENTED_EDGE('',*,*,#2952,.F.);
#2374=ORIENTED_EDGE('',*,*,#3710,.T.);
#2375=ORIENTED_EDGE('',*,*,#2950,.F.);
#2376=ORIENTED_EDGE('',*,*,#3713,.F.);
#2377=ORIENTED_EDGE('',*,*,#3385,.F.);
#2378=ORIENTED_EDGE('',*,*,#3712,.T.);
#2379=ORIENTED_EDGE('',*,*,#3394,.F.);
#2380=ORIENTED_EDGE('',*,*,#3714,.F.);
#2381=ORIENTED_EDGE('',*,*,#2953,.F.);
#2382=ORIENTED_EDGE('',*,*,#3713,.T.);
#2383=ORIENTED_EDGE('',*,*,#2949,.F.);
#2384=ORIENTED_EDGE('',*,*,#3715,.F.);
#2385=ORIENTED_EDGE('',*,*,#3382,.F.);
#2386=ORIENTED_EDGE('',*,*,#3714,.T.);
#2387=ORIENTED_EDGE('',*,*,#3396,.F.);
#2388=ORIENTED_EDGE('',*,*,#3716,.F.);
#2389=ORIENTED_EDGE('',*,*,#2946,.F.);
#2390=ORIENTED_EDGE('',*,*,#3715,.T.);
#2391=ORIENTED_EDGE('',*,*,#2948,.F.);
#2392=ORIENTED_EDGE('',*,*,#3717,.F.);
#2393=ORIENTED_EDGE('',*,*,#3379,.F.);
#2394=ORIENTED_EDGE('',*,*,#3716,.T.);
#2395=ORIENTED_EDGE('',*,*,#3375,.F.);
#2396=ORIENTED_EDGE('',*,*,#3717,.T.);
#2397=ORIENTED_EDGE('',*,*,#2947,.F.);
#2398=ORIENTED_EDGE('',*,*,#3718,.F.);
#2399=ORIENTED_EDGE('',*,*,#3412,.F.);
#2400=ORIENTED_EDGE('',*,*,#3719,.F.);
#2401=ORIENTED_EDGE('',*,*,#2959,.F.);
#2402=ORIENTED_EDGE('',*,*,#3719,.T.);
#2403=ORIENTED_EDGE('',*,*,#3415,.F.);
#2404=ORIENTED_EDGE('',*,*,#3720,.F.);
#2405=ORIENTED_EDGE('',*,*,#2960,.F.);
#2406=ORIENTED_EDGE('',*,*,#3718,.T.);
#2407=ORIENTED_EDGE('',*,*,#2958,.F.);
#2408=ORIENTED_EDGE('',*,*,#3721,.F.);
#2409=ORIENTED_EDGE('',*,*,#3409,.F.);
#2410=ORIENTED_EDGE('',*,*,#3720,.T.);
#2411=ORIENTED_EDGE('',*,*,#3418,.F.);
#2412=ORIENTED_EDGE('',*,*,#3722,.F.);
#2413=ORIENTED_EDGE('',*,*,#2961,.F.);
#2414=ORIENTED_EDGE('',*,*,#3721,.T.);
#2415=ORIENTED_EDGE('',*,*,#2957,.F.);
#2416=ORIENTED_EDGE('',*,*,#3723,.F.);
#2417=ORIENTED_EDGE('',*,*,#3406,.F.);
#2418=ORIENTED_EDGE('',*,*,#3722,.T.);
#2419=ORIENTED_EDGE('',*,*,#3420,.F.);
#2420=ORIENTED_EDGE('',*,*,#3724,.F.);
#2421=ORIENTED_EDGE('',*,*,#2954,.F.);
#2422=ORIENTED_EDGE('',*,*,#3723,.T.);
#2423=ORIENTED_EDGE('',*,*,#2956,.F.);
#2424=ORIENTED_EDGE('',*,*,#3725,.F.);
#2425=ORIENTED_EDGE('',*,*,#3403,.F.);
#2426=ORIENTED_EDGE('',*,*,#3724,.T.);
#2427=ORIENTED_EDGE('',*,*,#3399,.F.);
#2428=ORIENTED_EDGE('',*,*,#3725,.T.);
#2429=ORIENTED_EDGE('',*,*,#2955,.F.);
#2430=ORIENTED_EDGE('',*,*,#3726,.F.);
#2431=ORIENTED_EDGE('',*,*,#3436,.F.);
#2432=ORIENTED_EDGE('',*,*,#3727,.F.);
#2433=ORIENTED_EDGE('',*,*,#2967,.F.);
#2434=ORIENTED_EDGE('',*,*,#3727,.T.);
#2435=ORIENTED_EDGE('',*,*,#3439,.F.);
#2436=ORIENTED_EDGE('',*,*,#3728,.F.);
#2437=ORIENTED_EDGE('',*,*,#2968,.F.);
#2438=ORIENTED_EDGE('',*,*,#3726,.T.);
#2439=ORIENTED_EDGE('',*,*,#2966,.F.);
#2440=ORIENTED_EDGE('',*,*,#3729,.F.);
#2441=ORIENTED_EDGE('',*,*,#3433,.F.);
#2442=ORIENTED_EDGE('',*,*,#3728,.T.);
#2443=ORIENTED_EDGE('',*,*,#3442,.F.);
#2444=ORIENTED_EDGE('',*,*,#3730,.F.);
#2445=ORIENTED_EDGE('',*,*,#2969,.F.);
#2446=ORIENTED_EDGE('',*,*,#3729,.T.);
#2447=ORIENTED_EDGE('',*,*,#2965,.F.);
#2448=ORIENTED_EDGE('',*,*,#3731,.F.);
#2449=ORIENTED_EDGE('',*,*,#3430,.F.);
#2450=ORIENTED_EDGE('',*,*,#3730,.T.);
#2451=ORIENTED_EDGE('',*,*,#3444,.F.);
#2452=ORIENTED_EDGE('',*,*,#3732,.F.);
#2453=ORIENTED_EDGE('',*,*,#2962,.F.);
#2454=ORIENTED_EDGE('',*,*,#3731,.T.);
#2455=ORIENTED_EDGE('',*,*,#2964,.F.);
#2456=ORIENTED_EDGE('',*,*,#3733,.F.);
#2457=ORIENTED_EDGE('',*,*,#3427,.F.);
#2458=ORIENTED_EDGE('',*,*,#3732,.T.);
#2459=ORIENTED_EDGE('',*,*,#3423,.F.);
#2460=ORIENTED_EDGE('',*,*,#3733,.T.);
#2461=ORIENTED_EDGE('',*,*,#2963,.F.);
#2462=ORIENTED_EDGE('',*,*,#3734,.F.);
#2463=ORIENTED_EDGE('',*,*,#3460,.F.);
#2464=ORIENTED_EDGE('',*,*,#3735,.F.);
#2465=ORIENTED_EDGE('',*,*,#2975,.F.);
#2466=ORIENTED_EDGE('',*,*,#3735,.T.);
#2467=ORIENTED_EDGE('',*,*,#3463,.F.);
#2468=ORIENTED_EDGE('',*,*,#3736,.F.);
#2469=ORIENTED_EDGE('',*,*,#2976,.F.);
#2470=ORIENTED_EDGE('',*,*,#3734,.T.);
#2471=ORIENTED_EDGE('',*,*,#2974,.F.);
#2472=ORIENTED_EDGE('',*,*,#3737,.F.);
#2473=ORIENTED_EDGE('',*,*,#3457,.F.);
#2474=ORIENTED_EDGE('',*,*,#3736,.T.);
#2475=ORIENTED_EDGE('',*,*,#3466,.F.);
#2476=ORIENTED_EDGE('',*,*,#3738,.F.);
#2477=ORIENTED_EDGE('',*,*,#2977,.F.);
#2478=ORIENTED_EDGE('',*,*,#3737,.T.);
#2479=ORIENTED_EDGE('',*,*,#2973,.F.);
#2480=ORIENTED_EDGE('',*,*,#3739,.F.);
#2481=ORIENTED_EDGE('',*,*,#3454,.F.);
#2482=ORIENTED_EDGE('',*,*,#3738,.T.);
#2483=ORIENTED_EDGE('',*,*,#3468,.F.);
#2484=ORIENTED_EDGE('',*,*,#3740,.F.);
#2485=ORIENTED_EDGE('',*,*,#2970,.F.);
#2486=ORIENTED_EDGE('',*,*,#3739,.T.);
#2487=ORIENTED_EDGE('',*,*,#2972,.F.);
#2488=ORIENTED_EDGE('',*,*,#3741,.F.);
#2489=ORIENTED_EDGE('',*,*,#3451,.F.);
#2490=ORIENTED_EDGE('',*,*,#3740,.T.);
#2491=ORIENTED_EDGE('',*,*,#3447,.F.);
#2492=ORIENTED_EDGE('',*,*,#3741,.T.);
#2493=ORIENTED_EDGE('',*,*,#2971,.F.);
#2494=ORIENTED_EDGE('',*,*,#3742,.F.);
#2495=ORIENTED_EDGE('',*,*,#3292,.F.);
#2496=ORIENTED_EDGE('',*,*,#3743,.F.);
#2497=ORIENTED_EDGE('',*,*,#2983,.F.);
#2498=ORIENTED_EDGE('',*,*,#3743,.T.);
#2499=ORIENTED_EDGE('',*,*,#3295,.F.);
#2500=ORIENTED_EDGE('',*,*,#3744,.F.);
#2501=ORIENTED_EDGE('',*,*,#2984,.F.);
#2502=ORIENTED_EDGE('',*,*,#3742,.T.);
#2503=ORIENTED_EDGE('',*,*,#2982,.F.);
#2504=ORIENTED_EDGE('',*,*,#3745,.F.);
#2505=ORIENTED_EDGE('',*,*,#3289,.F.);
#2506=ORIENTED_EDGE('',*,*,#3744,.T.);
#2507=ORIENTED_EDGE('',*,*,#3298,.F.);
#2508=ORIENTED_EDGE('',*,*,#3746,.F.);
#2509=ORIENTED_EDGE('',*,*,#2985,.F.);
#2510=ORIENTED_EDGE('',*,*,#3745,.T.);
#2511=ORIENTED_EDGE('',*,*,#2981,.F.);
#2512=ORIENTED_EDGE('',*,*,#3747,.F.);
#2513=ORIENTED_EDGE('',*,*,#3286,.F.);
#2514=ORIENTED_EDGE('',*,*,#3746,.T.);
#2515=ORIENTED_EDGE('',*,*,#3300,.F.);
#2516=ORIENTED_EDGE('',*,*,#3748,.F.);
#2517=ORIENTED_EDGE('',*,*,#2978,.F.);
#2518=ORIENTED_EDGE('',*,*,#3747,.T.);
#2519=ORIENTED_EDGE('',*,*,#2980,.F.);
#2520=ORIENTED_EDGE('',*,*,#3749,.F.);
#2521=ORIENTED_EDGE('',*,*,#3283,.F.);
#2522=ORIENTED_EDGE('',*,*,#3748,.T.);
#2523=ORIENTED_EDGE('',*,*,#3279,.F.);
#2524=ORIENTED_EDGE('',*,*,#3749,.T.);
#2525=ORIENTED_EDGE('',*,*,#2979,.F.);
#2526=ORIENTED_EDGE('',*,*,#3750,.F.);
#2527=ORIENTED_EDGE('',*,*,#3316,.F.);
#2528=ORIENTED_EDGE('',*,*,#3751,.F.);
#2529=ORIENTED_EDGE('',*,*,#2991,.F.);
#2530=ORIENTED_EDGE('',*,*,#3751,.T.);
#2531=ORIENTED_EDGE('',*,*,#3319,.F.);
#2532=ORIENTED_EDGE('',*,*,#3752,.F.);
#2533=ORIENTED_EDGE('',*,*,#2992,.F.);
#2534=ORIENTED_EDGE('',*,*,#3750,.T.);
#2535=ORIENTED_EDGE('',*,*,#2990,.F.);
#2536=ORIENTED_EDGE('',*,*,#3753,.F.);
#2537=ORIENTED_EDGE('',*,*,#3313,.F.);
#2538=ORIENTED_EDGE('',*,*,#3752,.T.);
#2539=ORIENTED_EDGE('',*,*,#3322,.F.);
#2540=ORIENTED_EDGE('',*,*,#3754,.F.);
#2541=ORIENTED_EDGE('',*,*,#2993,.F.);
#2542=ORIENTED_EDGE('',*,*,#3753,.T.);
#2543=ORIENTED_EDGE('',*,*,#2989,.F.);
#2544=ORIENTED_EDGE('',*,*,#3755,.F.);
#2545=ORIENTED_EDGE('',*,*,#3310,.F.);
#2546=ORIENTED_EDGE('',*,*,#3754,.T.);
#2547=ORIENTED_EDGE('',*,*,#3324,.F.);
#2548=ORIENTED_EDGE('',*,*,#3756,.F.);
#2549=ORIENTED_EDGE('',*,*,#2986,.F.);
#2550=ORIENTED_EDGE('',*,*,#3755,.T.);
#2551=ORIENTED_EDGE('',*,*,#2988,.F.);
#2552=ORIENTED_EDGE('',*,*,#3757,.F.);
#2553=ORIENTED_EDGE('',*,*,#3307,.F.);
#2554=ORIENTED_EDGE('',*,*,#3756,.T.);
#2555=ORIENTED_EDGE('',*,*,#3303,.F.);
#2556=ORIENTED_EDGE('',*,*,#3757,.T.);
#2557=ORIENTED_EDGE('',*,*,#2987,.F.);
#2558=ORIENTED_EDGE('',*,*,#3758,.F.);
#2559=ORIENTED_EDGE('',*,*,#3340,.F.);
#2560=ORIENTED_EDGE('',*,*,#3759,.F.);
#2561=ORIENTED_EDGE('',*,*,#2999,.F.);
#2562=ORIENTED_EDGE('',*,*,#3759,.T.);
#2563=ORIENTED_EDGE('',*,*,#3343,.F.);
#2564=ORIENTED_EDGE('',*,*,#3760,.F.);
#2565=ORIENTED_EDGE('',*,*,#3000,.F.);
#2566=ORIENTED_EDGE('',*,*,#3758,.T.);
#2567=ORIENTED_EDGE('',*,*,#2998,.F.);
#2568=ORIENTED_EDGE('',*,*,#3761,.F.);
#2569=ORIENTED_EDGE('',*,*,#3337,.F.);
#2570=ORIENTED_EDGE('',*,*,#3760,.T.);
#2571=ORIENTED_EDGE('',*,*,#3346,.F.);
#2572=ORIENTED_EDGE('',*,*,#3762,.F.);
#2573=ORIENTED_EDGE('',*,*,#3001,.F.);
#2574=ORIENTED_EDGE('',*,*,#3761,.T.);
#2575=ORIENTED_EDGE('',*,*,#2997,.F.);
#2576=ORIENTED_EDGE('',*,*,#3763,.F.);
#2577=ORIENTED_EDGE('',*,*,#3334,.F.);
#2578=ORIENTED_EDGE('',*,*,#3762,.T.);
#2579=ORIENTED_EDGE('',*,*,#3348,.F.);
#2580=ORIENTED_EDGE('',*,*,#3764,.F.);
#2581=ORIENTED_EDGE('',*,*,#2994,.F.);
#2582=ORIENTED_EDGE('',*,*,#3763,.T.);
#2583=ORIENTED_EDGE('',*,*,#2996,.F.);
#2584=ORIENTED_EDGE('',*,*,#3765,.F.);
#2585=ORIENTED_EDGE('',*,*,#3331,.F.);
#2586=ORIENTED_EDGE('',*,*,#3764,.T.);
#2587=ORIENTED_EDGE('',*,*,#3327,.F.);
#2588=ORIENTED_EDGE('',*,*,#3765,.T.);
#2589=ORIENTED_EDGE('',*,*,#2995,.F.);
#2590=ORIENTED_EDGE('',*,*,#3766,.F.);
#2591=ORIENTED_EDGE('',*,*,#3364,.F.);
#2592=ORIENTED_EDGE('',*,*,#3767,.F.);
#2593=ORIENTED_EDGE('',*,*,#3007,.F.);
#2594=ORIENTED_EDGE('',*,*,#3767,.T.);
#2595=ORIENTED_EDGE('',*,*,#3367,.F.);
#2596=ORIENTED_EDGE('',*,*,#3768,.F.);
#2597=ORIENTED_EDGE('',*,*,#3008,.F.);
#2598=ORIENTED_EDGE('',*,*,#3766,.T.);
#2599=ORIENTED_EDGE('',*,*,#3006,.F.);
#2600=ORIENTED_EDGE('',*,*,#3769,.F.);
#2601=ORIENTED_EDGE('',*,*,#3361,.F.);
#2602=ORIENTED_EDGE('',*,*,#3768,.T.);
#2603=ORIENTED_EDGE('',*,*,#3370,.F.);
#2604=ORIENTED_EDGE('',*,*,#3770,.F.);
#2605=ORIENTED_EDGE('',*,*,#3009,.F.);
#2606=ORIENTED_EDGE('',*,*,#3769,.T.);
#2607=ORIENTED_EDGE('',*,*,#3005,.F.);
#2608=ORIENTED_EDGE('',*,*,#3771,.F.);
#2609=ORIENTED_EDGE('',*,*,#3358,.F.);
#2610=ORIENTED_EDGE('',*,*,#3770,.T.);
#2611=ORIENTED_EDGE('',*,*,#3372,.F.);
#2612=ORIENTED_EDGE('',*,*,#3772,.F.);
#2613=ORIENTED_EDGE('',*,*,#3002,.F.);
#2614=ORIENTED_EDGE('',*,*,#3771,.T.);
#2615=ORIENTED_EDGE('',*,*,#3004,.F.);
#2616=ORIENTED_EDGE('',*,*,#3773,.F.);
#2617=ORIENTED_EDGE('',*,*,#3355,.F.);
#2618=ORIENTED_EDGE('',*,*,#3772,.T.);
#2619=ORIENTED_EDGE('',*,*,#3351,.F.);
#2620=ORIENTED_EDGE('',*,*,#3773,.T.);
#2621=ORIENTED_EDGE('',*,*,#3003,.F.);
#2622=ORIENTED_EDGE('',*,*,#3092,.F.);
#2623=ORIENTED_EDGE('',*,*,#3010,.F.);
#2624=ORIENTED_EDGE('',*,*,#3096,.F.);
#2625=ORIENTED_EDGE('',*,*,#3011,.F.);
#2626=ORIENTED_EDGE('',*,*,#3094,.F.);
#2627=ORIENTED_EDGE('',*,*,#3012,.F.);
#2628=ORIENTED_EDGE('',*,*,#3013,.F.);
#2629=ORIENTED_EDGE('',*,*,#3086,.F.);
#2630=ORIENTED_EDGE('',*,*,#3014,.F.);
#2631=ORIENTED_EDGE('',*,*,#3084,.F.);
#2632=ORIENTED_EDGE('',*,*,#3015,.F.);
#2633=ORIENTED_EDGE('',*,*,#3082,.F.);
#2634=ORIENTED_EDGE('',*,*,#3774,.F.);
#2635=ORIENTED_EDGE('',*,*,#3055,.F.);
#2636=ORIENTED_EDGE('',*,*,#3775,.F.);
#2637=ORIENTED_EDGE('',*,*,#3021,.F.);
#2638=ORIENTED_EDGE('',*,*,#3775,.T.);
#2639=ORIENTED_EDGE('',*,*,#3076,.F.);
#2640=ORIENTED_EDGE('',*,*,#3776,.F.);
#2641=ORIENTED_EDGE('',*,*,#3022,.F.);
#2642=ORIENTED_EDGE('',*,*,#3774,.T.);
#2643=ORIENTED_EDGE('',*,*,#3020,.F.);
#2644=ORIENTED_EDGE('',*,*,#3777,.F.);
#2645=ORIENTED_EDGE('',*,*,#3058,.F.);
#2646=ORIENTED_EDGE('',*,*,#3776,.T.);
#2647=ORIENTED_EDGE('',*,*,#3073,.F.);
#2648=ORIENTED_EDGE('',*,*,#3778,.F.);
#2649=ORIENTED_EDGE('',*,*,#3023,.F.);
#2650=ORIENTED_EDGE('',*,*,#3777,.T.);
#2651=ORIENTED_EDGE('',*,*,#3019,.F.);
#2652=ORIENTED_EDGE('',*,*,#3779,.F.);
#2653=ORIENTED_EDGE('',*,*,#3061,.F.);
#2654=ORIENTED_EDGE('',*,*,#3778,.T.);
#2655=ORIENTED_EDGE('',*,*,#3070,.F.);
#2656=ORIENTED_EDGE('',*,*,#3780,.F.);
#2657=ORIENTED_EDGE('',*,*,#3016,.F.);
#2658=ORIENTED_EDGE('',*,*,#3779,.T.);
#2659=ORIENTED_EDGE('',*,*,#3018,.F.);
#2660=ORIENTED_EDGE('',*,*,#3781,.F.);
#2661=ORIENTED_EDGE('',*,*,#3064,.F.);
#2662=ORIENTED_EDGE('',*,*,#3780,.T.);
#2663=ORIENTED_EDGE('',*,*,#3067,.F.);
#2664=ORIENTED_EDGE('',*,*,#3781,.T.);
#2665=ORIENTED_EDGE('',*,*,#3017,.F.);
#2666=ORIENTED_EDGE('',*,*,#3645,.F.);
#2667=ORIENTED_EDGE('',*,*,#2725,.F.);
#2668=ORIENTED_EDGE('',*,*,#3782,.F.);
#2669=ORIENTED_EDGE('',*,*,#3031,.F.);
#2670=ORIENTED_EDGE('',*,*,#3782,.T.);
#2671=ORIENTED_EDGE('',*,*,#3104,.F.);
#2672=ORIENTED_EDGE('',*,*,#3783,.F.);
#2673=ORIENTED_EDGE('',*,*,#3032,.F.);
#2674=ORIENTED_EDGE('',*,*,#3783,.T.);
#2675=ORIENTED_EDGE('',*,*,#3089,.F.);
#2676=ORIENTED_EDGE('',*,*,#3784,.F.);
#2677=ORIENTED_EDGE('',*,*,#3033,.F.);
#2678=ORIENTED_EDGE('',*,*,#3784,.T.);
#2679=ORIENTED_EDGE('',*,*,#3106,.F.);
#2680=ORIENTED_EDGE('',*,*,#3785,.F.);
#2681=ORIENTED_EDGE('',*,*,#3034,.F.);
#2682=ORIENTED_EDGE('',*,*,#3785,.T.);
#2683=ORIENTED_EDGE('',*,*,#3051,.F.);
#2684=ORIENTED_EDGE('',*,*,#3786,.F.);
#2685=ORIENTED_EDGE('',*,*,#3035,.F.);
#2686=ORIENTED_EDGE('',*,*,#3786,.T.);
#2687=ORIENTED_EDGE('',*,*,#3108,.F.);
#2688=ORIENTED_EDGE('',*,*,#3787,.F.);
#2689=ORIENTED_EDGE('',*,*,#3036,.F.);
#2690=ORIENTED_EDGE('',*,*,#3787,.T.);
#2691=ORIENTED_EDGE('',*,*,#3099,.F.);
#2692=ORIENTED_EDGE('',*,*,#3788,.F.);
#2693=ORIENTED_EDGE('',*,*,#3037,.F.);
#2694=ORIENTED_EDGE('',*,*,#3788,.T.);
#2695=ORIENTED_EDGE('',*,*,#3102,.F.);
#2696=ORIENTED_EDGE('',*,*,#3789,.F.);
#2697=ORIENTED_EDGE('',*,*,#3024,.F.);
#2698=ORIENTED_EDGE('',*,*,#3789,.T.);
#2699=ORIENTED_EDGE('',*,*,#2721,.F.);
#2700=ORIENTED_EDGE('',*,*,#3642,.F.);
#2701=ORIENTED_EDGE('',*,*,#3025,.F.);
#2702=ORIENTED_EDGE('',*,*,#3632,.F.);
#2703=ORIENTED_EDGE('',*,*,#3644,.F.);
#2704=ORIENTED_EDGE('',*,*,#3790,.F.);
#2705=ORIENTED_EDGE('',*,*,#3637,.F.);
#2706=ORIENTED_EDGE('',*,*,#3629,.F.);
#2707=ORIENTED_EDGE('',*,*,#3029,.F.);
#2708=ORIENTED_EDGE('',*,*,#3638,.F.);
#2709=ORIENTED_EDGE('',*,*,#3790,.T.);
#2710=ORIENTED_EDGE('',*,*,#3643,.F.);
#2711=ORIENTED_EDGE('',*,*,#3623,.F.);
#2712=ORIENTED_EDGE('',*,*,#3636,.F.);
#2713=ORIENTED_EDGE('',*,*,#3791,.F.);
#2714=ORIENTED_EDGE('',*,*,#3640,.F.);
#2715=ORIENTED_EDGE('',*,*,#3633,.F.);
#2716=ORIENTED_EDGE('',*,*,#3791,.T.);
#2717=ORIENTED_EDGE('',*,*,#3639,.F.);
#2718=ORIENTED_EDGE('',*,*,#3027,.F.);
#2719=ORIENTED_EDGE('',*,*,#3641,.F.);
#2720=EDGE_CURVE('',#3792,#3793,#4418,.T.);
#2721=EDGE_CURVE('',#3793,#3794,#4419,.T.);
#2722=EDGE_CURVE('',#3794,#3795,#4420,.T.);
#2723=EDGE_CURVE('',#3795,#3796,#4421,.T.);
#2724=EDGE_CURVE('',#3796,#3797,#4422,.F.);
#2725=EDGE_CURVE('',#3797,#3798,#4423,.T.);
#2726=EDGE_CURVE('',#3799,#3798,#4424,.T.);
#2727=EDGE_CURVE('',#3799,#3800,#4425,.T.);
#2728=EDGE_CURVE('',#3801,#3800,#258,.T.);
#2729=EDGE_CURVE('',#3801,#3802,#4426,.T.);
#2730=EDGE_CURVE('',#3803,#3802,#259,.T.);
#2731=EDGE_CURVE('',#3803,#3792,#4427,.T.);
#2732=EDGE_CURVE('',#3804,#3805,#260,.F.);
#2733=EDGE_CURVE('',#3805,#3806,#4428,.T.);
#2734=EDGE_CURVE('',#3806,#3807,#261,.F.);
#2735=EDGE_CURVE('',#3807,#3808,#4429,.T.);
#2736=EDGE_CURVE('',#3808,#3809,#262,.F.);
#2737=EDGE_CURVE('',#3809,#3810,#4430,.T.);
#2738=EDGE_CURVE('',#3810,#3811,#263,.F.);
#2739=EDGE_CURVE('',#3811,#3804,#4431,.T.);
#2740=EDGE_CURVE('',#3812,#3813,#4432,.T.);
#2741=EDGE_CURVE('',#3813,#3814,#264,.F.);
#2742=EDGE_CURVE('',#3814,#3815,#4433,.T.);
#2743=EDGE_CURVE('',#3815,#3816,#265,.F.);
#2744=EDGE_CURVE('',#3816,#3817,#4434,.T.);
#2745=EDGE_CURVE('',#3817,#3818,#266,.F.);
#2746=EDGE_CURVE('',#3818,#3819,#4435,.T.);
#2747=EDGE_CURVE('',#3819,#3812,#267,.F.);
#2748=EDGE_CURVE('',#3820,#3821,#4436,.T.);
#2749=EDGE_CURVE('',#3821,#3822,#268,.F.);
#2750=EDGE_CURVE('',#3822,#3823,#4437,.T.);
#2751=EDGE_CURVE('',#3823,#3824,#269,.F.);
#2752=EDGE_CURVE('',#3824,#3825,#4438,.T.);
#2753=EDGE_CURVE('',#3825,#3826,#270,.F.);
#2754=EDGE_CURVE('',#3826,#3827,#4439,.T.);
#2755=EDGE_CURVE('',#3827,#3820,#271,.F.);
#2756=EDGE_CURVE('',#3828,#3829,#4440,.T.);
#2757=EDGE_CURVE('',#3829,#3830,#272,.F.);
#2758=EDGE_CURVE('',#3830,#3831,#4441,.T.);
#2759=EDGE_CURVE('',#3831,#3832,#273,.F.);
#2760=EDGE_CURVE('',#3832,#3833,#4442,.T.);
#2761=EDGE_CURVE('',#3833,#3834,#274,.F.);
#2762=EDGE_CURVE('',#3834,#3835,#4443,.T.);
#2763=EDGE_CURVE('',#3835,#3828,#275,.F.);
#2764=EDGE_CURVE('',#3836,#3837,#4444,.T.);
#2765=EDGE_CURVE('',#3837,#3838,#276,.F.);
#2766=EDGE_CURVE('',#3838,#3839,#4445,.T.);
#2767=EDGE_CURVE('',#3839,#3840,#277,.F.);
#2768=EDGE_CURVE('',#3840,#3841,#4446,.T.);
#2769=EDGE_CURVE('',#3841,#3842,#278,.F.);
#2770=EDGE_CURVE('',#3842,#3843,#4447,.T.);
#2771=EDGE_CURVE('',#3843,#3836,#279,.F.);
#2772=EDGE_CURVE('',#3844,#3845,#4448,.T.);
#2773=EDGE_CURVE('',#3845,#3846,#280,.F.);
#2774=EDGE_CURVE('',#3846,#3847,#4449,.T.);
#2775=EDGE_CURVE('',#3847,#3848,#281,.F.);
#2776=EDGE_CURVE('',#3848,#3849,#4450,.T.);
#2777=EDGE_CURVE('',#3849,#3850,#282,.F.);
#2778=EDGE_CURVE('',#3850,#3851,#4451,.T.);
#2779=EDGE_CURVE('',#3851,#3844,#283,.F.);
#2780=EDGE_CURVE('',#3852,#3853,#4452,.T.);
#2781=EDGE_CURVE('',#3853,#3854,#284,.F.);
#2782=EDGE_CURVE('',#3854,#3855,#4453,.T.);
#2783=EDGE_CURVE('',#3855,#3856,#285,.F.);
#2784=EDGE_CURVE('',#3856,#3857,#4454,.T.);
#2785=EDGE_CURVE('',#3857,#3858,#286,.F.);
#2786=EDGE_CURVE('',#3858,#3859,#4455,.T.);
#2787=EDGE_CURVE('',#3859,#3852,#287,.F.);
#2788=EDGE_CURVE('',#3860,#3861,#4456,.T.);
#2789=EDGE_CURVE('',#3861,#3862,#288,.F.);
#2790=EDGE_CURVE('',#3862,#3863,#4457,.T.);
#2791=EDGE_CURVE('',#3863,#3864,#289,.F.);
#2792=EDGE_CURVE('',#3864,#3865,#4458,.T.);
#2793=EDGE_CURVE('',#3865,#3866,#290,.F.);
#2794=EDGE_CURVE('',#3866,#3867,#4459,.T.);
#2795=EDGE_CURVE('',#3867,#3860,#291,.F.);
#2796=EDGE_CURVE('',#3868,#3869,#4460,.T.);
#2797=EDGE_CURVE('',#3869,#3870,#292,.F.);
#2798=EDGE_CURVE('',#3870,#3871,#4461,.T.);
#2799=EDGE_CURVE('',#3871,#3872,#293,.F.);
#2800=EDGE_CURVE('',#3872,#3873,#4462,.T.);
#2801=EDGE_CURVE('',#3873,#3874,#294,.F.);
#2802=EDGE_CURVE('',#3874,#3875,#4463,.T.);
#2803=EDGE_CURVE('',#3875,#3868,#295,.F.);
#2804=EDGE_CURVE('',#3876,#3877,#4464,.T.);
#2805=EDGE_CURVE('',#3877,#3878,#296,.F.);
#2806=EDGE_CURVE('',#3878,#3879,#4465,.T.);
#2807=EDGE_CURVE('',#3879,#3880,#297,.F.);
#2808=EDGE_CURVE('',#3880,#3881,#4466,.T.);
#2809=EDGE_CURVE('',#3881,#3882,#298,.F.);
#2810=EDGE_CURVE('',#3882,#3883,#4467,.T.);
#2811=EDGE_CURVE('',#3883,#3876,#299,.F.);
#2812=EDGE_CURVE('',#3884,#3885,#4468,.T.);
#2813=EDGE_CURVE('',#3885,#3886,#300,.F.);
#2814=EDGE_CURVE('',#3886,#3887,#4469,.T.);
#2815=EDGE_CURVE('',#3887,#3888,#301,.F.);
#2816=EDGE_CURVE('',#3888,#3889,#4470,.T.);
#2817=EDGE_CURVE('',#3889,#3890,#302,.F.);
#2818=EDGE_CURVE('',#3890,#3891,#4471,.T.);
#2819=EDGE_CURVE('',#3891,#3884,#303,.F.);
#2820=EDGE_CURVE('',#3892,#3893,#4472,.T.);
#2821=EDGE_CURVE('',#3893,#3894,#304,.F.);
#2822=EDGE_CURVE('',#3894,#3895,#4473,.T.);
#2823=EDGE_CURVE('',#3895,#3896,#305,.F.);
#2824=EDGE_CURVE('',#3896,#3897,#4474,.T.);
#2825=EDGE_CURVE('',#3897,#3898,#306,.F.);
#2826=EDGE_CURVE('',#3898,#3899,#4475,.T.);
#2827=EDGE_CURVE('',#3899,#3892,#307,.F.);
#2828=EDGE_CURVE('',#3900,#3901,#4476,.T.);
#2829=EDGE_CURVE('',#3901,#3902,#308,.F.);
#2830=EDGE_CURVE('',#3902,#3903,#4477,.T.);
#2831=EDGE_CURVE('',#3903,#3904,#309,.F.);
#2832=EDGE_CURVE('',#3904,#3905,#4478,.T.);
#2833=EDGE_CURVE('',#3905,#3906,#310,.F.);
#2834=EDGE_CURVE('',#3906,#3907,#4479,.T.);
#2835=EDGE_CURVE('',#3907,#3900,#311,.F.);
#2836=EDGE_CURVE('',#3908,#3909,#4480,.T.);
#2837=EDGE_CURVE('',#3909,#3910,#312,.F.);
#2838=EDGE_CURVE('',#3910,#3911,#4481,.T.);
#2839=EDGE_CURVE('',#3911,#3912,#313,.F.);
#2840=EDGE_CURVE('',#3912,#3913,#4482,.T.);
#2841=EDGE_CURVE('',#3913,#3914,#314,.F.);
#2842=EDGE_CURVE('',#3914,#3915,#4483,.T.);
#2843=EDGE_CURVE('',#3915,#3908,#315,.F.);
#2844=EDGE_CURVE('',#3916,#3917,#4484,.T.);
#2845=EDGE_CURVE('',#3917,#3918,#316,.F.);
#2846=EDGE_CURVE('',#3918,#3919,#4485,.T.);
#2847=EDGE_CURVE('',#3919,#3920,#317,.F.);
#2848=EDGE_CURVE('',#3920,#3921,#4486,.T.);
#2849=EDGE_CURVE('',#3921,#3922,#318,.F.);
#2850=EDGE_CURVE('',#3922,#3923,#4487,.T.);
#2851=EDGE_CURVE('',#3923,#3916,#319,.F.);
#2852=EDGE_CURVE('',#3924,#3925,#4488,.T.);
#2853=EDGE_CURVE('',#3925,#3926,#320,.F.);
#2854=EDGE_CURVE('',#3926,#3927,#4489,.T.);
#2855=EDGE_CURVE('',#3927,#3928,#321,.F.);
#2856=EDGE_CURVE('',#3928,#3929,#4490,.T.);
#2857=EDGE_CURVE('',#3929,#3930,#322,.F.);
#2858=EDGE_CURVE('',#3930,#3931,#4491,.T.);
#2859=EDGE_CURVE('',#3931,#3924,#323,.F.);
#2860=EDGE_CURVE('',#3932,#3933,#324,.T.);
#2861=EDGE_CURVE('',#3933,#3934,#4492,.T.);
#2862=EDGE_CURVE('',#3934,#3935,#325,.T.);
#2863=EDGE_CURVE('',#3935,#3936,#4493,.T.);
#2864=EDGE_CURVE('',#3936,#3937,#326,.T.);
#2865=EDGE_CURVE('',#3937,#3938,#4494,.T.);
#2866=EDGE_CURVE('',#3938,#3939,#327,.T.);
#2867=EDGE_CURVE('',#3939,#3932,#4495,.T.);
#2868=EDGE_CURVE('',#3940,#3940,#328,.F.);
#2869=EDGE_CURVE('',#3941,#3941,#329,.F.);
#2870=EDGE_CURVE('',#3942,#3942,#330,.F.);
#2871=EDGE_CURVE('',#3943,#3943,#331,.F.);
#2872=EDGE_CURVE('',#3944,#3944,#332,.F.);
#2873=EDGE_CURVE('',#3945,#3945,#333,.F.);
#2874=EDGE_CURVE('',#3946,#3947,#4496,.T.);
#2875=EDGE_CURVE('',#3947,#3948,#334,.F.);
#2876=EDGE_CURVE('',#3948,#3949,#4497,.T.);
#2877=EDGE_CURVE('',#3949,#3950,#335,.F.);
#2878=EDGE_CURVE('',#3950,#3951,#4498,.T.);
#2879=EDGE_CURVE('',#3951,#3952,#336,.F.);
#2880=EDGE_CURVE('',#3952,#3953,#4499,.T.);
#2881=EDGE_CURVE('',#3953,#3946,#337,.F.);
#2882=EDGE_CURVE('',#3954,#3955,#338,.T.);
#2883=EDGE_CURVE('',#3955,#3956,#4500,.T.);
#2884=EDGE_CURVE('',#3956,#3957,#339,.T.);
#2885=EDGE_CURVE('',#3957,#3958,#4501,.T.);
#2886=EDGE_CURVE('',#3958,#3959,#340,.T.);
#2887=EDGE_CURVE('',#3959,#3960,#4502,.T.);
#2888=EDGE_CURVE('',#3960,#3961,#341,.T.);
#2889=EDGE_CURVE('',#3961,#3954,#4503,.T.);
#2890=EDGE_CURVE('',#3962,#3963,#4504,.T.);
#2891=EDGE_CURVE('',#3963,#3964,#342,.T.);
#2892=EDGE_CURVE('',#3964,#3965,#4505,.T.);
#2893=EDGE_CURVE('',#3965,#3966,#343,.T.);
#2894=EDGE_CURVE('',#3966,#3967,#4506,.T.);
#2895=EDGE_CURVE('',#3967,#3968,#344,.T.);
#2896=EDGE_CURVE('',#3968,#3969,#4507,.T.);
#2897=EDGE_CURVE('',#3969,#3962,#345,.T.);
#2898=EDGE_CURVE('',#3970,#3971,#4508,.T.);
#2899=EDGE_CURVE('',#3971,#3972,#346,.T.);
#2900=EDGE_CURVE('',#3972,#3973,#4509,.T.);
#2901=EDGE_CURVE('',#3973,#3974,#347,.T.);
#2902=EDGE_CURVE('',#3974,#3975,#4510,.T.);
#2903=EDGE_CURVE('',#3975,#3976,#348,.T.);
#2904=EDGE_CURVE('',#3976,#3977,#4511,.T.);
#2905=EDGE_CURVE('',#3977,#3970,#349,.T.);
#2906=EDGE_CURVE('',#3978,#3979,#4512,.T.);
#2907=EDGE_CURVE('',#3979,#3980,#350,.T.);
#2908=EDGE_CURVE('',#3980,#3981,#4513,.T.);
#2909=EDGE_CURVE('',#3981,#3982,#351,.T.);
#2910=EDGE_CURVE('',#3982,#3983,#4514,.T.);
#2911=EDGE_CURVE('',#3983,#3984,#352,.T.);
#2912=EDGE_CURVE('',#3984,#3985,#4515,.T.);
#2913=EDGE_CURVE('',#3985,#3978,#353,.T.);
#2914=EDGE_CURVE('',#3986,#3987,#4516,.T.);
#2915=EDGE_CURVE('',#3987,#3988,#354,.T.);
#2916=EDGE_CURVE('',#3988,#3989,#4517,.T.);
#2917=EDGE_CURVE('',#3989,#3990,#355,.T.);
#2918=EDGE_CURVE('',#3990,#3991,#4518,.T.);
#2919=EDGE_CURVE('',#3991,#3992,#356,.T.);
#2920=EDGE_CURVE('',#3992,#3993,#4519,.T.);
#2921=EDGE_CURVE('',#3993,#3986,#357,.T.);
#2922=EDGE_CURVE('',#3994,#3995,#4520,.T.);
#2923=EDGE_CURVE('',#3995,#3996,#358,.T.);
#2924=EDGE_CURVE('',#3996,#3997,#4521,.T.);
#2925=EDGE_CURVE('',#3997,#3998,#359,.T.);
#2926=EDGE_CURVE('',#3998,#3999,#4522,.T.);
#2927=EDGE_CURVE('',#3999,#4000,#360,.T.);
#2928=EDGE_CURVE('',#4000,#4001,#4523,.T.);
#2929=EDGE_CURVE('',#4001,#3994,#361,.T.);
#2930=EDGE_CURVE('',#4002,#4003,#4524,.T.);
#2931=EDGE_CURVE('',#4003,#4004,#362,.T.);
#2932=EDGE_CURVE('',#4004,#4005,#4525,.T.);
#2933=EDGE_CURVE('',#4005,#4006,#363,.T.);
#2934=EDGE_CURVE('',#4006,#4007,#4526,.T.);
#2935=EDGE_CURVE('',#4007,#4008,#364,.T.);
#2936=EDGE_CURVE('',#4008,#4009,#4527,.T.);
#2937=EDGE_CURVE('',#4009,#4002,#365,.T.);
#2938=EDGE_CURVE('',#4010,#4011,#4528,.T.);
#2939=EDGE_CURVE('',#4011,#4012,#366,.T.);
#2940=EDGE_CURVE('',#4012,#4013,#4529,.T.);
#2941=EDGE_CURVE('',#4013,#4014,#367,.T.);
#2942=EDGE_CURVE('',#4014,#4015,#4530,.T.);
#2943=EDGE_CURVE('',#4015,#4016,#368,.T.);
#2944=EDGE_CURVE('',#4016,#4017,#4531,.T.);
#2945=EDGE_CURVE('',#4017,#4010,#369,.T.);
#2946=EDGE_CURVE('',#4018,#4019,#4532,.T.);
#2947=EDGE_CURVE('',#4019,#4020,#370,.T.);
#2948=EDGE_CURVE('',#4020,#4021,#4533,.T.);
#2949=EDGE_CURVE('',#4021,#4022,#371,.T.);
#2950=EDGE_CURVE('',#4022,#4023,#4534,.T.);
#2951=EDGE_CURVE('',#4023,#4024,#372,.T.);
#2952=EDGE_CURVE('',#4024,#4025,#4535,.T.);
#2953=EDGE_CURVE('',#4025,#4018,#373,.T.);
#2954=EDGE_CURVE('',#4026,#4027,#4536,.T.);
#2955=EDGE_CURVE('',#4027,#4028,#374,.T.);
#2956=EDGE_CURVE('',#4028,#4029,#4537,.T.);
#2957=EDGE_CURVE('',#4029,#4030,#375,.T.);
#2958=EDGE_CURVE('',#4030,#4031,#4538,.T.);
#2959=EDGE_CURVE('',#4031,#4032,#376,.T.);
#2960=EDGE_CURVE('',#4032,#4033,#4539,.T.);
#2961=EDGE_CURVE('',#4033,#4026,#377,.T.);
#2962=EDGE_CURVE('',#4034,#4035,#4540,.T.);
#2963=EDGE_CURVE('',#4035,#4036,#378,.T.);
#2964=EDGE_CURVE('',#4036,#4037,#4541,.T.);
#2965=EDGE_CURVE('',#4037,#4038,#379,.T.);
#2966=EDGE_CURVE('',#4038,#4039,#4542,.T.);
#2967=EDGE_CURVE('',#4039,#4040,#380,.T.);
#2968=EDGE_CURVE('',#4040,#4041,#4543,.T.);
#2969=EDGE_CURVE('',#4041,#4034,#381,.T.);
#2970=EDGE_CURVE('',#4042,#4043,#4544,.T.);
#2971=EDGE_CURVE('',#4043,#4044,#382,.T.);
#2972=EDGE_CURVE('',#4044,#4045,#4545,.T.);
#2973=EDGE_CURVE('',#4045,#4046,#383,.T.);
#2974=EDGE_CURVE('',#4046,#4047,#4546,.T.);
#2975=EDGE_CURVE('',#4047,#4048,#384,.T.);
#2976=EDGE_CURVE('',#4048,#4049,#4547,.T.);
#2977=EDGE_CURVE('',#4049,#4042,#385,.T.);
#2978=EDGE_CURVE('',#4050,#4051,#4548,.T.);
#2979=EDGE_CURVE('',#4051,#4052,#386,.T.);
#2980=EDGE_CURVE('',#4052,#4053,#4549,.T.);
#2981=EDGE_CURVE('',#4053,#4054,#387,.T.);
#2982=EDGE_CURVE('',#4054,#4055,#4550,.T.);
#2983=EDGE_CURVE('',#4055,#4056,#388,.T.);
#2984=EDGE_CURVE('',#4056,#4057,#4551,.T.);
#2985=EDGE_CURVE('',#4057,#4050,#389,.T.);
#2986=EDGE_CURVE('',#4058,#4059,#4552,.T.);
#2987=EDGE_CURVE('',#4059,#4060,#390,.T.);
#2988=EDGE_CURVE('',#4060,#4061,#4553,.T.);
#2989=EDGE_CURVE('',#4061,#4062,#391,.T.);
#2990=EDGE_CURVE('',#4062,#4063,#4554,.T.);
#2991=EDGE_CURVE('',#4063,#4064,#392,.T.);
#2992=EDGE_CURVE('',#4064,#4065,#4555,.T.);
#2993=EDGE_CURVE('',#4065,#4058,#393,.T.);
#2994=EDGE_CURVE('',#4066,#4067,#4556,.T.);
#2995=EDGE_CURVE('',#4067,#4068,#394,.T.);
#2996=EDGE_CURVE('',#4068,#4069,#4557,.T.);
#2997=EDGE_CURVE('',#4069,#4070,#395,.T.);
#2998=EDGE_CURVE('',#4070,#4071,#4558,.T.);
#2999=EDGE_CURVE('',#4071,#4072,#396,.T.);
#3000=EDGE_CURVE('',#4072,#4073,#4559,.T.);
#3001=EDGE_CURVE('',#4073,#4066,#397,.T.);
#3002=EDGE_CURVE('',#4074,#4075,#4560,.T.);
#3003=EDGE_CURVE('',#4075,#4076,#398,.T.);
#3004=EDGE_CURVE('',#4076,#4077,#4561,.T.);
#3005=EDGE_CURVE('',#4077,#4078,#399,.T.);
#3006=EDGE_CURVE('',#4078,#4079,#4562,.T.);
#3007=EDGE_CURVE('',#4079,#4080,#400,.T.);
#3008=EDGE_CURVE('',#4080,#4081,#4563,.T.);
#3009=EDGE_CURVE('',#4081,#4074,#401,.T.);
#3010=EDGE_CURVE('',#4082,#4082,#402,.T.);
#3011=EDGE_CURVE('',#4083,#4083,#403,.T.);
#3012=EDGE_CURVE('',#4084,#4084,#404,.T.);
#3013=EDGE_CURVE('',#4085,#4085,#405,.T.);
#3014=EDGE_CURVE('',#4086,#4086,#406,.T.);
#3015=EDGE_CURVE('',#4087,#4087,#407,.T.);
#3016=EDGE_CURVE('',#4088,#4089,#4564,.T.);
#3017=EDGE_CURVE('',#4089,#4090,#408,.T.);
#3018=EDGE_CURVE('',#4090,#4091,#4565,.T.);
#3019=EDGE_CURVE('',#4091,#4092,#409,.T.);
#3020=EDGE_CURVE('',#4092,#4093,#4566,.T.);
#3021=EDGE_CURVE('',#4093,#4094,#410,.T.);
#3022=EDGE_CURVE('',#4094,#4095,#4567,.T.);
#3023=EDGE_CURVE('',#4095,#4088,#411,.T.);
#3024=EDGE_CURVE('',#4096,#4097,#412,.F.);
#3025=EDGE_CURVE('',#4097,#4098,#4568,.T.);
#3026=EDGE_CURVE('',#4098,#4099,#4569,.T.);
#3027=EDGE_CURVE('',#4099,#4100,#254,.T.);
#3028=EDGE_CURVE('',#4100,#4101,#4570,.F.);
#3029=EDGE_CURVE('',#4101,#4102,#255,.T.);
#3030=EDGE_CURVE('',#4102,#4103,#4571,.T.);
#3031=EDGE_CURVE('',#4103,#4104,#4572,.T.);
#3032=EDGE_CURVE('',#4104,#4105,#413,.F.);
#3033=EDGE_CURVE('',#4105,#4106,#4573,.T.);
#3034=EDGE_CURVE('',#4106,#4107,#414,.F.);
#3035=EDGE_CURVE('',#4107,#4108,#4574,.T.);
#3036=EDGE_CURVE('',#4108,#4109,#415,.F.);
#3037=EDGE_CURVE('',#4109,#4096,#4575,.T.);
#3038=EDGE_CURVE('',#4110,#4111,#4576,.T.);
#3039=EDGE_CURVE('',#4111,#4112,#4577,.T.);
#3040=EDGE_CURVE('',#4112,#4113,#4578,.F.);
#3041=EDGE_CURVE('',#4113,#4110,#4579,.T.);
#3042=EDGE_CURVE('',#4114,#4115,#4580,.T.);
#3043=EDGE_CURVE('',#4115,#4116,#4581,.T.);
#3044=EDGE_CURVE('',#4116,#4117,#4582,.F.);
#3045=EDGE_CURVE('',#4117,#4114,#4583,.T.);
#3046=EDGE_CURVE('',#4118,#4119,#4584,.T.);
#3047=EDGE_CURVE('',#4119,#4120,#4585,.T.);
#3048=EDGE_CURVE('',#4120,#4121,#4586,.F.);
#3049=EDGE_CURVE('',#4121,#4118,#4587,.T.);
#3050=EDGE_CURVE('',#4122,#4123,#4588,.F.);
#3051=EDGE_CURVE('',#4123,#4124,#4589,.T.);
#3052=EDGE_CURVE('',#4124,#4125,#4590,.T.);
#3053=EDGE_CURVE('',#4125,#4122,#4591,.T.);
#3054=EDGE_CURVE('',#4126,#4127,#4592,.T.);
#3055=EDGE_CURVE('',#4127,#4128,#416,.F.);
#3056=EDGE_CURVE('',#4129,#4128,#4593,.F.);
#3057=EDGE_CURVE('',#4129,#4126,#417,.T.);
#3058=EDGE_CURVE('',#4128,#4130,#4594,.T.);
#3059=EDGE_CURVE('',#4131,#4130,#4595,.T.);
#3060=EDGE_CURVE('',#4131,#4129,#4596,.T.);
#3061=EDGE_CURVE('',#4130,#4132,#418,.F.);
#3062=EDGE_CURVE('',#4133,#4132,#4597,.F.);
#3063=EDGE_CURVE('',#4133,#4131,#419,.T.);
#3064=EDGE_CURVE('',#4132,#4134,#4598,.T.);
#3065=EDGE_CURVE('',#4135,#4134,#4599,.T.);
#3066=EDGE_CURVE('',#4135,#4133,#4600,.T.);
#3067=EDGE_CURVE('',#4134,#4136,#420,.F.);
#3068=EDGE_CURVE('',#4137,#4136,#4601,.F.);
#3069=EDGE_CURVE('',#4137,#4135,#421,.T.);
#3070=EDGE_CURVE('',#4136,#4138,#4602,.T.);
#3071=EDGE_CURVE('',#4139,#4138,#4603,.T.);
#3072=EDGE_CURVE('',#4139,#4137,#4604,.T.);
#3073=EDGE_CURVE('',#4138,#4140,#422,.F.);
#3074=EDGE_CURVE('',#4141,#4140,#4605,.F.);
#3075=EDGE_CURVE('',#4141,#4139,#423,.T.);
#3076=EDGE_CURVE('',#4140,#4127,#4606,.T.);
#3077=EDGE_CURVE('',#4126,#4141,#4607,.T.);
#3078=EDGE_CURVE('',#4142,#4143,#4608,.T.);
#3079=EDGE_CURVE('',#4143,#4144,#4609,.T.);
#3080=EDGE_CURVE('',#4144,#4145,#4610,.F.);
#3081=EDGE_CURVE('',#4145,#4142,#4611,.T.);
#3082=EDGE_CURVE('',#4146,#4146,#424,.F.);
#3083=EDGE_CURVE('',#4147,#4147,#425,.T.);
#3084=EDGE_CURVE('',#4148,#4148,#426,.F.);
#3085=EDGE_CURVE('',#4149,#4149,#427,.T.);
#3086=EDGE_CURVE('',#4150,#4150,#428,.F.);
#3087=EDGE_CURVE('',#4151,#4151,#429,.T.);
#3088=EDGE_CURVE('',#4152,#4153,#4612,.F.);
#3089=EDGE_CURVE('',#4153,#4154,#4613,.T.);
#3090=EDGE_CURVE('',#4154,#4155,#4614,.T.);
#3091=EDGE_CURVE('',#4155,#4152,#4615,.T.);
#3092=EDGE_CURVE('',#4156,#4156,#430,.F.);
#3093=EDGE_CURVE('',#4157,#4157,#431,.T.);
#3094=EDGE_CURVE('',#4158,#4158,#432,.F.);
#3095=EDGE_CURVE('',#4159,#4159,#433,.T.);
#3096=EDGE_CURVE('',#4160,#4160,#434,.F.);
#3097=EDGE_CURVE('',#4161,#4161,#435,.T.);
#3098=EDGE_CURVE('',#4162,#4163,#4616,.F.);
#3099=EDGE_CURVE('',#4163,#4164,#4617,.T.);
#3100=EDGE_CURVE('',#4164,#4165,#4618,.T.);
#3101=EDGE_CURVE('',#4165,#4162,#4619,.T.);
#3102=EDGE_CURVE('',#3794,#4163,#436,.T.);
#3103=EDGE_CURVE('',#4162,#3795,#437,.F.);
#3104=EDGE_CURVE('',#4154,#3797,#438,.T.);
#3105=EDGE_CURVE('',#3796,#4155,#439,.F.);
#3106=EDGE_CURVE('',#4124,#4153,#440,.T.);
#3107=EDGE_CURVE('',#4152,#4125,#441,.F.);
#3108=EDGE_CURVE('',#4164,#4123,#442,.T.);
#3109=EDGE_CURVE('',#4122,#4165,#443,.F.);
#3110=EDGE_CURVE('',#4166,#4167,#4620,.T.);
#3111=EDGE_CURVE('',#4166,#4168,#444,.F.);
#3112=EDGE_CURVE('',#4168,#4169,#4621,.T.);
#3113=EDGE_CURVE('',#4169,#4167,#445,.T.);
#3114=EDGE_CURVE('',#4170,#4171,#4622,.T.);
#3115=EDGE_CURVE('',#4170,#4166,#4623,.T.);
#3116=EDGE_CURVE('',#4167,#4171,#4624,.T.);
#3117=EDGE_CURVE('',#4172,#4173,#4625,.T.);
#3118=EDGE_CURVE('',#4172,#4170,#446,.F.);
#3119=EDGE_CURVE('',#4171,#4173,#447,.T.);
#3120=EDGE_CURVE('',#4174,#4175,#4626,.T.);
#3121=EDGE_CURVE('',#4174,#4172,#4627,.T.);
#3122=EDGE_CURVE('',#4173,#4175,#4628,.T.);
#3123=EDGE_CURVE('',#4176,#4177,#4629,.T.);
#3124=EDGE_CURVE('',#4176,#4174,#448,.F.);
#3125=EDGE_CURVE('',#4175,#4177,#449,.T.);
#3126=EDGE_CURVE('',#4178,#4179,#4630,.T.);
#3127=EDGE_CURVE('',#4178,#4176,#4631,.T.);
#3128=EDGE_CURVE('',#4177,#4179,#4632,.T.);
#3129=EDGE_CURVE('',#4180,#4181,#4633,.T.);
#3130=EDGE_CURVE('',#4180,#4178,#450,.F.);
#3131=EDGE_CURVE('',#4179,#4181,#451,.T.);
#3132=EDGE_CURVE('',#4168,#4180,#4634,.T.);
#3133=EDGE_CURVE('',#4181,#4169,#4635,.T.);
#3134=EDGE_CURVE('',#4182,#4183,#4636,.T.);
#3135=EDGE_CURVE('',#4182,#4184,#452,.F.);
#3136=EDGE_CURVE('',#4184,#4185,#4637,.T.);
#3137=EDGE_CURVE('',#4185,#4183,#453,.T.);
#3138=EDGE_CURVE('',#4186,#4187,#4638,.T.);
#3139=EDGE_CURVE('',#4186,#4182,#4639,.T.);
#3140=EDGE_CURVE('',#4183,#4187,#4640,.T.);
#3141=EDGE_CURVE('',#4188,#4189,#4641,.T.);
#3142=EDGE_CURVE('',#4188,#4186,#454,.F.);
#3143=EDGE_CURVE('',#4187,#4189,#455,.T.);
#3144=EDGE_CURVE('',#4190,#4191,#4642,.T.);
#3145=EDGE_CURVE('',#4190,#4188,#4643,.T.);
#3146=EDGE_CURVE('',#4189,#4191,#4644,.T.);
#3147=EDGE_CURVE('',#4192,#4193,#4645,.T.);
#3148=EDGE_CURVE('',#4192,#4190,#456,.F.);
#3149=EDGE_CURVE('',#4191,#4193,#457,.T.);
#3150=EDGE_CURVE('',#4194,#4195,#4646,.T.);
#3151=EDGE_CURVE('',#4194,#4192,#4647,.T.);
#3152=EDGE_CURVE('',#4193,#4195,#4648,.T.);
#3153=EDGE_CURVE('',#4196,#4197,#4649,.T.);
#3154=EDGE_CURVE('',#4196,#4194,#458,.F.);
#3155=EDGE_CURVE('',#4195,#4197,#459,.T.);
#3156=EDGE_CURVE('',#4184,#4196,#4650,.T.);
#3157=EDGE_CURVE('',#4197,#4185,#4651,.T.);
#3158=EDGE_CURVE('',#4198,#4199,#4652,.T.);
#3159=EDGE_CURVE('',#4198,#4200,#460,.F.);
#3160=EDGE_CURVE('',#4200,#4201,#4653,.T.);
#3161=EDGE_CURVE('',#4201,#4199,#461,.T.);
#3162=EDGE_CURVE('',#4202,#4203,#4654,.T.);
#3163=EDGE_CURVE('',#4202,#4198,#4655,.T.);
#3164=EDGE_CURVE('',#4199,#4203,#4656,.T.);
#3165=EDGE_CURVE('',#4204,#4205,#4657,.T.);
#3166=EDGE_CURVE('',#4204,#4202,#462,.F.);
#3167=EDGE_CURVE('',#4203,#4205,#463,.T.);
#3168=EDGE_CURVE('',#4206,#4207,#4658,.T.);
#3169=EDGE_CURVE('',#4206,#4204,#4659,.T.);
#3170=EDGE_CURVE('',#4205,#4207,#4660,.T.);
#3171=EDGE_CURVE('',#4208,#4209,#4661,.T.);
#3172=EDGE_CURVE('',#4208,#4206,#464,.F.);
#3173=EDGE_CURVE('',#4207,#4209,#465,.T.);
#3174=EDGE_CURVE('',#4210,#4211,#4662,.T.);
#3175=EDGE_CURVE('',#4210,#4208,#4663,.T.);
#3176=EDGE_CURVE('',#4209,#4211,#4664,.T.);
#3177=EDGE_CURVE('',#4212,#4213,#4665,.T.);
#3178=EDGE_CURVE('',#4212,#4210,#466,.F.);
#3179=EDGE_CURVE('',#4211,#4213,#467,.T.);
#3180=EDGE_CURVE('',#4200,#4212,#4666,.T.);
#3181=EDGE_CURVE('',#4213,#4201,#4667,.T.);
#3182=EDGE_CURVE('',#4214,#4215,#4668,.T.);
#3183=EDGE_CURVE('',#4214,#4216,#468,.F.);
#3184=EDGE_CURVE('',#4216,#4217,#4669,.T.);
#3185=EDGE_CURVE('',#4217,#4215,#469,.T.);
#3186=EDGE_CURVE('',#4218,#4219,#4670,.T.);
#3187=EDGE_CURVE('',#4218,#4214,#4671,.T.);
#3188=EDGE_CURVE('',#4215,#4219,#4672,.T.);
#3189=EDGE_CURVE('',#4220,#4221,#4673,.T.);
#3190=EDGE_CURVE('',#4220,#4218,#470,.F.);
#3191=EDGE_CURVE('',#4219,#4221,#471,.T.);
#3192=EDGE_CURVE('',#4222,#4223,#4674,.T.);
#3193=EDGE_CURVE('',#4222,#4220,#4675,.T.);
#3194=EDGE_CURVE('',#4221,#4223,#4676,.T.);
#3195=EDGE_CURVE('',#4224,#4225,#4677,.T.);
#3196=EDGE_CURVE('',#4224,#4222,#472,.F.);
#3197=EDGE_CURVE('',#4223,#4225,#473,.T.);
#3198=EDGE_CURVE('',#4226,#4227,#4678,.T.);
#3199=EDGE_CURVE('',#4226,#4224,#4679,.T.);
#3200=EDGE_CURVE('',#4225,#4227,#4680,.T.);
#3201=EDGE_CURVE('',#4228,#4229,#4681,.T.);
#3202=EDGE_CURVE('',#4228,#4226,#474,.F.);
#3203=EDGE_CURVE('',#4227,#4229,#475,.T.);
#3204=EDGE_CURVE('',#4216,#4228,#4682,.T.);
#3205=EDGE_CURVE('',#4229,#4217,#4683,.T.);
#3206=EDGE_CURVE('',#4230,#4231,#4684,.T.);
#3207=EDGE_CURVE('',#4230,#4232,#476,.F.);
#3208=EDGE_CURVE('',#4232,#4233,#4685,.T.);
#3209=EDGE_CURVE('',#4233,#4231,#477,.T.);
#3210=EDGE_CURVE('',#4234,#4235,#4686,.T.);
#3211=EDGE_CURVE('',#4234,#4230,#4687,.T.);
#3212=EDGE_CURVE('',#4231,#4235,#4688,.T.);
#3213=EDGE_CURVE('',#4236,#4237,#4689,.T.);
#3214=EDGE_CURVE('',#4236,#4234,#478,.F.);
#3215=EDGE_CURVE('',#4235,#4237,#479,.T.);
#3216=EDGE_CURVE('',#4238,#4239,#4690,.T.);
#3217=EDGE_CURVE('',#4238,#4236,#4691,.T.);
#3218=EDGE_CURVE('',#4237,#4239,#4692,.T.);
#3219=EDGE_CURVE('',#4240,#4241,#4693,.T.);
#3220=EDGE_CURVE('',#4240,#4238,#480,.F.);
#3221=EDGE_CURVE('',#4239,#4241,#481,.T.);
#3222=EDGE_CURVE('',#4242,#4243,#4694,.T.);
#3223=EDGE_CURVE('',#4242,#4240,#4695,.T.);
#3224=EDGE_CURVE('',#4241,#4243,#4696,.T.);
#3225=EDGE_CURVE('',#4244,#4245,#4697,.T.);
#3226=EDGE_CURVE('',#4244,#4242,#482,.F.);
#3227=EDGE_CURVE('',#4243,#4245,#483,.T.);
#3228=EDGE_CURVE('',#4232,#4244,#4698,.T.);
#3229=EDGE_CURVE('',#4245,#4233,#4699,.T.);
#3230=EDGE_CURVE('',#4246,#4247,#4700,.T.);
#3231=EDGE_CURVE('',#4246,#4248,#484,.F.);
#3232=EDGE_CURVE('',#4248,#4249,#4701,.T.);
#3233=EDGE_CURVE('',#4249,#4247,#485,.T.);
#3234=EDGE_CURVE('',#4250,#4251,#4702,.T.);
#3235=EDGE_CURVE('',#4250,#4246,#4703,.T.);
#3236=EDGE_CURVE('',#4247,#4251,#4704,.T.);
#3237=EDGE_CURVE('',#4252,#4253,#4705,.T.);
#3238=EDGE_CURVE('',#4252,#4250,#486,.F.);
#3239=EDGE_CURVE('',#4251,#4253,#487,.T.);
#3240=EDGE_CURVE('',#4254,#4255,#4706,.T.);
#3241=EDGE_CURVE('',#4254,#4252,#4707,.T.);
#3242=EDGE_CURVE('',#4253,#4255,#4708,.T.);
#3243=EDGE_CURVE('',#4256,#4257,#4709,.T.);
#3244=EDGE_CURVE('',#4256,#4254,#488,.F.);
#3245=EDGE_CURVE('',#4255,#4257,#489,.T.);
#3246=EDGE_CURVE('',#4258,#4259,#4710,.T.);
#3247=EDGE_CURVE('',#4258,#4256,#4711,.T.);
#3248=EDGE_CURVE('',#4257,#4259,#4712,.T.);
#3249=EDGE_CURVE('',#4260,#4261,#4713,.T.);
#3250=EDGE_CURVE('',#4260,#4258,#490,.F.);
#3251=EDGE_CURVE('',#4259,#4261,#491,.T.);
#3252=EDGE_CURVE('',#4248,#4260,#4714,.T.);
#3253=EDGE_CURVE('',#4261,#4249,#4715,.T.);
#3254=EDGE_CURVE('',#4262,#4263,#4716,.T.);
#3255=EDGE_CURVE('',#4262,#4264,#492,.F.);
#3256=EDGE_CURVE('',#4264,#4265,#4717,.T.);
#3257=EDGE_CURVE('',#4265,#4263,#493,.T.);
#3258=EDGE_CURVE('',#4266,#4267,#4718,.T.);
#3259=EDGE_CURVE('',#4266,#4262,#4719,.T.);
#3260=EDGE_CURVE('',#4263,#4267,#4720,.T.);
#3261=EDGE_CURVE('',#4268,#4269,#4721,.T.);
#3262=EDGE_CURVE('',#4268,#4266,#494,.F.);
#3263=EDGE_CURVE('',#4267,#4269,#495,.T.);
#3264=EDGE_CURVE('',#4270,#4271,#4722,.T.);
#3265=EDGE_CURVE('',#4270,#4268,#4723,.T.);
#3266=EDGE_CURVE('',#4269,#4271,#4724,.T.);
#3267=EDGE_CURVE('',#4272,#4273,#4725,.T.);
#3268=EDGE_CURVE('',#4272,#4270,#496,.F.);
#3269=EDGE_CURVE('',#4271,#4273,#497,.T.);
#3270=EDGE_CURVE('',#4274,#4275,#4726,.T.);
#3271=EDGE_CURVE('',#4274,#4272,#4727,.T.);
#3272=EDGE_CURVE('',#4273,#4275,#4728,.T.);
#3273=EDGE_CURVE('',#4276,#4277,#4729,.T.);
#3274=EDGE_CURVE('',#4276,#4274,#498,.F.);
#3275=EDGE_CURVE('',#4275,#4277,#499,.T.);
#3276=EDGE_CURVE('',#4264,#4276,#4730,.T.);
#3277=EDGE_CURVE('',#4277,#4265,#4731,.T.);
#3278=EDGE_CURVE('',#4278,#4279,#4732,.T.);
#3279=EDGE_CURVE('',#4278,#4280,#500,.F.);
#3280=EDGE_CURVE('',#4280,#4281,#4733,.T.);
#3281=EDGE_CURVE('',#4281,#4279,#501,.T.);
#3282=EDGE_CURVE('',#4282,#4283,#4734,.T.);
#3283=EDGE_CURVE('',#4282,#4278,#4735,.T.);
#3284=EDGE_CURVE('',#4279,#4283,#4736,.T.);
#3285=EDGE_CURVE('',#4284,#4285,#4737,.T.);
#3286=EDGE_CURVE('',#4284,#4282,#502,.F.);
#3287=EDGE_CURVE('',#4283,#4285,#503,.T.);
#3288=EDGE_CURVE('',#4286,#4287,#4738,.T.);
#3289=EDGE_CURVE('',#4286,#4284,#4739,.T.);
#3290=EDGE_CURVE('',#4285,#4287,#4740,.T.);
#3291=EDGE_CURVE('',#4288,#4289,#4741,.T.);
#3292=EDGE_CURVE('',#4288,#4286,#504,.F.);
#3293=EDGE_CURVE('',#4287,#4289,#505,.T.);
#3294=EDGE_CURVE('',#4290,#4291,#4742,.T.);
#3295=EDGE_CURVE('',#4290,#4288,#4743,.T.);
#3296=EDGE_CURVE('',#4289,#4291,#4744,.T.);
#3297=EDGE_CURVE('',#4292,#4293,#4745,.T.);
#3298=EDGE_CURVE('',#4292,#4290,#506,.F.);
#3299=EDGE_CURVE('',#4291,#4293,#507,.T.);
#3300=EDGE_CURVE('',#4280,#4292,#4746,.T.);
#3301=EDGE_CURVE('',#4293,#4281,#4747,.T.);
#3302=EDGE_CURVE('',#4294,#4295,#4748,.T.);
#3303=EDGE_CURVE('',#4294,#4296,#508,.F.);
#3304=EDGE_CURVE('',#4296,#4297,#4749,.T.);
#3305=EDGE_CURVE('',#4297,#4295,#509,.T.);
#3306=EDGE_CURVE('',#4298,#4299,#4750,.T.);
#3307=EDGE_CURVE('',#4298,#4294,#4751,.T.);
#3308=EDGE_CURVE('',#4295,#4299,#4752,.T.);
#3309=EDGE_CURVE('',#4300,#4301,#4753,.T.);
#3310=EDGE_CURVE('',#4300,#4298,#510,.F.);
#3311=EDGE_CURVE('',#4299,#4301,#511,.T.);
#3312=EDGE_CURVE('',#4302,#4303,#4754,.T.);
#3313=EDGE_CURVE('',#4302,#4300,#4755,.T.);
#3314=EDGE_CURVE('',#4301,#4303,#4756,.T.);
#3315=EDGE_CURVE('',#4304,#4305,#4757,.T.);
#3316=EDGE_CURVE('',#4304,#4302,#512,.F.);
#3317=EDGE_CURVE('',#4303,#4305,#513,.T.);
#3318=EDGE_CURVE('',#4306,#4307,#4758,.T.);
#3319=EDGE_CURVE('',#4306,#4304,#4759,.T.);
#3320=EDGE_CURVE('',#4305,#4307,#4760,.T.);
#3321=EDGE_CURVE('',#4308,#4309,#4761,.T.);
#3322=EDGE_CURVE('',#4308,#4306,#514,.F.);
#3323=EDGE_CURVE('',#4307,#4309,#515,.T.);
#3324=EDGE_CURVE('',#4296,#4308,#4762,.T.);
#3325=EDGE_CURVE('',#4309,#4297,#4763,.T.);
#3326=EDGE_CURVE('',#4310,#4311,#4764,.T.);
#3327=EDGE_CURVE('',#4310,#4312,#516,.F.);
#3328=EDGE_CURVE('',#4312,#4313,#4765,.T.);
#3329=EDGE_CURVE('',#4313,#4311,#517,.T.);
#3330=EDGE_CURVE('',#4314,#4315,#4766,.T.);
#3331=EDGE_CURVE('',#4314,#4310,#4767,.T.);
#3332=EDGE_CURVE('',#4311,#4315,#4768,.T.);
#3333=EDGE_CURVE('',#4316,#4317,#4769,.T.);
#3334=EDGE_CURVE('',#4316,#4314,#518,.F.);
#3335=EDGE_CURVE('',#4315,#4317,#519,.T.);
#3336=EDGE_CURVE('',#4318,#4319,#4770,.T.);
#3337=EDGE_CURVE('',#4318,#4316,#4771,.T.);
#3338=EDGE_CURVE('',#4317,#4319,#4772,.T.);
#3339=EDGE_CURVE('',#4320,#4321,#4773,.T.);
#3340=EDGE_CURVE('',#4320,#4318,#520,.F.);
#3341=EDGE_CURVE('',#4319,#4321,#521,.T.);
#3342=EDGE_CURVE('',#4322,#4323,#4774,.T.);
#3343=EDGE_CURVE('',#4322,#4320,#4775,.T.);
#3344=EDGE_CURVE('',#4321,#4323,#4776,.T.);
#3345=EDGE_CURVE('',#4324,#4325,#4777,.T.);
#3346=EDGE_CURVE('',#4324,#4322,#522,.F.);
#3347=EDGE_CURVE('',#4323,#4325,#523,.T.);
#3348=EDGE_CURVE('',#4312,#4324,#4778,.T.);
#3349=EDGE_CURVE('',#4325,#4313,#4779,.T.);
#3350=EDGE_CURVE('',#4326,#4327,#4780,.T.);
#3351=EDGE_CURVE('',#4326,#4328,#524,.F.);
#3352=EDGE_CURVE('',#4328,#4329,#4781,.T.);
#3353=EDGE_CURVE('',#4329,#4327,#525,.T.);
#3354=EDGE_CURVE('',#4330,#4331,#4782,.T.);
#3355=EDGE_CURVE('',#4330,#4326,#4783,.T.);
#3356=EDGE_CURVE('',#4327,#4331,#4784,.T.);
#3357=EDGE_CURVE('',#4332,#4333,#4785,.T.);
#3358=EDGE_CURVE('',#4332,#4330,#526,.F.);
#3359=EDGE_CURVE('',#4331,#4333,#527,.T.);
#3360=EDGE_CURVE('',#4334,#4335,#4786,.T.);
#3361=EDGE_CURVE('',#4334,#4332,#4787,.T.);
#3362=EDGE_CURVE('',#4333,#4335,#4788,.T.);
#3363=EDGE_CURVE('',#4336,#4337,#4789,.T.);
#3364=EDGE_CURVE('',#4336,#4334,#528,.F.);
#3365=EDGE_CURVE('',#4335,#4337,#529,.T.);
#3366=EDGE_CURVE('',#4338,#4339,#4790,.T.);
#3367=EDGE_CURVE('',#4338,#4336,#4791,.T.);
#3368=EDGE_CURVE('',#4337,#4339,#4792,.T.);
#3369=EDGE_CURVE('',#4340,#4341,#4793,.T.);
#3370=EDGE_CURVE('',#4340,#4338,#530,.F.);
#3371=EDGE_CURVE('',#4339,#4341,#531,.T.);
#3372=EDGE_CURVE('',#4328,#4340,#4794,.T.);
#3373=EDGE_CURVE('',#4341,#4329,#4795,.T.);
#3374=EDGE_CURVE('',#4342,#4343,#4796,.T.);
#3375=EDGE_CURVE('',#4342,#4344,#532,.F.);
#3376=EDGE_CURVE('',#4344,#4345,#4797,.T.);
#3377=EDGE_CURVE('',#4345,#4343,#533,.T.);
#3378=EDGE_CURVE('',#4346,#4347,#4798,.T.);
#3379=EDGE_CURVE('',#4346,#4342,#4799,.T.);
#3380=EDGE_CURVE('',#4343,#4347,#4800,.T.);
#3381=EDGE_CURVE('',#4348,#4349,#4801,.T.);
#3382=EDGE_CURVE('',#4348,#4346,#534,.F.);
#3383=EDGE_CURVE('',#4347,#4349,#535,.T.);
#3384=EDGE_CURVE('',#4350,#4351,#4802,.T.);
#3385=EDGE_CURVE('',#4350,#4348,#4803,.T.);
#3386=EDGE_CURVE('',#4349,#4351,#4804,.T.);
#3387=EDGE_CURVE('',#4352,#4353,#4805,.T.);
#3388=EDGE_CURVE('',#4352,#4350,#536,.F.);
#3389=EDGE_CURVE('',#4351,#4353,#537,.T.);
#3390=EDGE_CURVE('',#4354,#4355,#4806,.T.);
#3391=EDGE_CURVE('',#4354,#4352,#4807,.T.);
#3392=EDGE_CURVE('',#4353,#4355,#4808,.T.);
#3393=EDGE_CURVE('',#4356,#4357,#4809,.T.);
#3394=EDGE_CURVE('',#4356,#4354,#538,.F.);
#3395=EDGE_CURVE('',#4355,#4357,#539,.T.);
#3396=EDGE_CURVE('',#4344,#4356,#4810,.T.);
#3397=EDGE_CURVE('',#4357,#4345,#4811,.T.);
#3398=EDGE_CURVE('',#4358,#4359,#4812,.T.);
#3399=EDGE_CURVE('',#4358,#4360,#540,.F.);
#3400=EDGE_CURVE('',#4360,#4361,#4813,.T.);
#3401=EDGE_CURVE('',#4361,#4359,#541,.T.);
#3402=EDGE_CURVE('',#4362,#4363,#4814,.T.);
#3403=EDGE_CURVE('',#4362,#4358,#4815,.T.);
#3404=EDGE_CURVE('',#4359,#4363,#4816,.T.);
#3405=EDGE_CURVE('',#4364,#4365,#4817,.T.);
#3406=EDGE_CURVE('',#4364,#4362,#542,.F.);
#3407=EDGE_CURVE('',#4363,#4365,#543,.T.);
#3408=EDGE_CURVE('',#4366,#4367,#4818,.T.);
#3409=EDGE_CURVE('',#4366,#4364,#4819,.T.);
#3410=EDGE_CURVE('',#4365,#4367,#4820,.T.);
#3411=EDGE_CURVE('',#4368,#4369,#4821,.T.);
#3412=EDGE_CURVE('',#4368,#4366,#544,.F.);
#3413=EDGE_CURVE('',#4367,#4369,#545,.T.);
#3414=EDGE_CURVE('',#4370,#4371,#4822,.T.);
#3415=EDGE_CURVE('',#4370,#4368,#4823,.T.);
#3416=EDGE_CURVE('',#4369,#4371,#4824,.T.);
#3417=EDGE_CURVE('',#4372,#4373,#4825,.T.);
#3418=EDGE_CURVE('',#4372,#4370,#546,.F.);
#3419=EDGE_CURVE('',#4371,#4373,#547,.T.);
#3420=EDGE_CURVE('',#4360,#4372,#4826,.T.);
#3421=EDGE_CURVE('',#4373,#4361,#4827,.T.);
#3422=EDGE_CURVE('',#4374,#4375,#4828,.T.);
#3423=EDGE_CURVE('',#4374,#4376,#548,.F.);
#3424=EDGE_CURVE('',#4376,#4377,#4829,.T.);
#3425=EDGE_CURVE('',#4377,#4375,#549,.T.);
#3426=EDGE_CURVE('',#4378,#4379,#4830,.T.);
#3427=EDGE_CURVE('',#4378,#4374,#4831,.T.);
#3428=EDGE_CURVE('',#4375,#4379,#4832,.T.);
#3429=EDGE_CURVE('',#4380,#4381,#4833,.T.);
#3430=EDGE_CURVE('',#4380,#4378,#550,.F.);
#3431=EDGE_CURVE('',#4379,#4381,#551,.T.);
#3432=EDGE_CURVE('',#4382,#4383,#4834,.T.);
#3433=EDGE_CURVE('',#4382,#4380,#4835,.T.);
#3434=EDGE_CURVE('',#4381,#4383,#4836,.T.);
#3435=EDGE_CURVE('',#4384,#4385,#4837,.T.);
#3436=EDGE_CURVE('',#4384,#4382,#552,.F.);
#3437=EDGE_CURVE('',#4383,#4385,#553,.T.);
#3438=EDGE_CURVE('',#4386,#4387,#4838,.T.);
#3439=EDGE_CURVE('',#4386,#4384,#4839,.T.);
#3440=EDGE_CURVE('',#4385,#4387,#4840,.T.);
#3441=EDGE_CURVE('',#4388,#4389,#4841,.T.);
#3442=EDGE_CURVE('',#4388,#4386,#554,.F.);
#3443=EDGE_CURVE('',#4387,#4389,#555,.T.);
#3444=EDGE_CURVE('',#4376,#4388,#4842,.T.);
#3445=EDGE_CURVE('',#4389,#4377,#4843,.T.);
#3446=EDGE_CURVE('',#4390,#4391,#4844,.T.);
#3447=EDGE_CURVE('',#4390,#4392,#556,.F.);
#3448=EDGE_CURVE('',#4392,#4393,#4845,.T.);
#3449=EDGE_CURVE('',#4393,#4391,#557,.T.);
#3450=EDGE_CURVE('',#4394,#4395,#4846,.T.);
#3451=EDGE_CURVE('',#4394,#4390,#4847,.T.);
#3452=EDGE_CURVE('',#4391,#4395,#4848,.T.);
#3453=EDGE_CURVE('',#4396,#4397,#4849,.T.);
#3454=EDGE_CURVE('',#4396,#4394,#558,.F.);
#3455=EDGE_CURVE('',#4395,#4397,#559,.T.);
#3456=EDGE_CURVE('',#4398,#4399,#4850,.T.);
#3457=EDGE_CURVE('',#4398,#4396,#4851,.T.);
#3458=EDGE_CURVE('',#4397,#4399,#4852,.T.);
#3459=EDGE_CURVE('',#4400,#4401,#4853,.T.);
#3460=EDGE_CURVE('',#4400,#4398,#560,.F.);
#3461=EDGE_CURVE('',#4399,#4401,#561,.T.);
#3462=EDGE_CURVE('',#4402,#4403,#4854,.T.);
#3463=EDGE_CURVE('',#4402,#4400,#4855,.T.);
#3464=EDGE_CURVE('',#4401,#4403,#4856,.T.);
#3465=EDGE_CURVE('',#4404,#4405,#4857,.T.);
#3466=EDGE_CURVE('',#4404,#4402,#562,.F.);
#3467=EDGE_CURVE('',#4403,#4405,#563,.T.);
#3468=EDGE_CURVE('',#4392,#4404,#4858,.T.);
#3469=EDGE_CURVE('',#4405,#4393,#4859,.T.);
#3470=EDGE_CURVE('',#4112,#4115,#564,.F.);
#3471=EDGE_CURVE('',#4114,#4113,#565,.T.);
#3472=EDGE_CURVE('',#4116,#4119,#566,.F.);
#3473=EDGE_CURVE('',#4118,#4117,#567,.T.);
#3474=EDGE_CURVE('',#4120,#4143,#568,.F.);
#3475=EDGE_CURVE('',#4142,#4121,#569,.T.);
#3476=EDGE_CURVE('',#4144,#4111,#570,.F.);
#3477=EDGE_CURVE('',#4110,#4145,#571,.T.);
#3478=EDGE_CURVE('',#3810,#4117,#4860,.T.);
#3479=EDGE_CURVE('',#4114,#3809,#4861,.T.);
#3480=EDGE_CURVE('',#4113,#3808,#4862,.T.);
#3481=EDGE_CURVE('',#3811,#4118,#4863,.T.);
#3482=EDGE_CURVE('',#4110,#3807,#4864,.T.);
#3483=EDGE_CURVE('',#3804,#4121,#4865,.T.);
#3484=EDGE_CURVE('',#4145,#3806,#4866,.T.);
#3485=EDGE_CURVE('',#3805,#4142,#4867,.T.);
#3486=EDGE_CURVE('',#3818,#4271,#4868,.T.);
#3487=EDGE_CURVE('',#4273,#3817,#4869,.T.);
#3488=EDGE_CURVE('',#4275,#3816,#4870,.T.);
#3489=EDGE_CURVE('',#3819,#4269,#4871,.T.);
#3490=EDGE_CURVE('',#4277,#3815,#4872,.T.);
#3491=EDGE_CURVE('',#3812,#4267,#4873,.T.);
#3492=EDGE_CURVE('',#4265,#3814,#4874,.T.);
#3493=EDGE_CURVE('',#3813,#4263,#4875,.T.);
#3494=EDGE_CURVE('',#3826,#4255,#4876,.T.);
#3495=EDGE_CURVE('',#4257,#3825,#4877,.T.);
#3496=EDGE_CURVE('',#4259,#3824,#4878,.T.);
#3497=EDGE_CURVE('',#3827,#4253,#4879,.T.);
#3498=EDGE_CURVE('',#4261,#3823,#4880,.T.);
#3499=EDGE_CURVE('',#3820,#4251,#4881,.T.);
#3500=EDGE_CURVE('',#4249,#3822,#4882,.T.);
#3501=EDGE_CURVE('',#3821,#4247,#4883,.T.);
#3502=EDGE_CURVE('',#3834,#4239,#4884,.T.);
#3503=EDGE_CURVE('',#4241,#3833,#4885,.T.);
#3504=EDGE_CURVE('',#4243,#3832,#4886,.T.);
#3505=EDGE_CURVE('',#3835,#4237,#4887,.T.);
#3506=EDGE_CURVE('',#4245,#3831,#4888,.T.);
#3507=EDGE_CURVE('',#3828,#4235,#4889,.T.);
#3508=EDGE_CURVE('',#4233,#3830,#4890,.T.);
#3509=EDGE_CURVE('',#3829,#4231,#4891,.T.);
#3510=EDGE_CURVE('',#3842,#4175,#4892,.T.);
#3511=EDGE_CURVE('',#4177,#3841,#4893,.T.);
#3512=EDGE_CURVE('',#4179,#3840,#4894,.T.);
#3513=EDGE_CURVE('',#3843,#4173,#4895,.T.);
#3514=EDGE_CURVE('',#4181,#3839,#4896,.T.);
#3515=EDGE_CURVE('',#3836,#4171,#4897,.T.);
#3516=EDGE_CURVE('',#4169,#3838,#4898,.T.);
#3517=EDGE_CURVE('',#3837,#4167,#4899,.T.);
#3518=EDGE_CURVE('',#3850,#4191,#4900,.T.);
#3519=EDGE_CURVE('',#4193,#3849,#4901,.T.);
#3520=EDGE_CURVE('',#4195,#3848,#4902,.T.);
#3521=EDGE_CURVE('',#3851,#4189,#4903,.T.);
#3522=EDGE_CURVE('',#4197,#3847,#4904,.T.);
#3523=EDGE_CURVE('',#3844,#4187,#4905,.T.);
#3524=EDGE_CURVE('',#4185,#3846,#4906,.T.);
#3525=EDGE_CURVE('',#3845,#4183,#4907,.T.);
#3526=EDGE_CURVE('',#3858,#4207,#4908,.T.);
#3527=EDGE_CURVE('',#4209,#3857,#4909,.T.);
#3528=EDGE_CURVE('',#4211,#3856,#4910,.T.);
#3529=EDGE_CURVE('',#3859,#4205,#4911,.T.);
#3530=EDGE_CURVE('',#4213,#3855,#4912,.T.);
#3531=EDGE_CURVE('',#3852,#4203,#4913,.T.);
#3532=EDGE_CURVE('',#4201,#3854,#4914,.T.);
#3533=EDGE_CURVE('',#3853,#4199,#4915,.T.);
#3534=EDGE_CURVE('',#3866,#4223,#4916,.T.);
#3535=EDGE_CURVE('',#4225,#3865,#4917,.T.);
#3536=EDGE_CURVE('',#4227,#3864,#4918,.T.);
#3537=EDGE_CURVE('',#3867,#4221,#4919,.T.);
#3538=EDGE_CURVE('',#4229,#3863,#4920,.T.);
#3539=EDGE_CURVE('',#3860,#4219,#4921,.T.);
#3540=EDGE_CURVE('',#4217,#3862,#4922,.T.);
#3541=EDGE_CURVE('',#3861,#4215,#4923,.T.);
#3542=EDGE_CURVE('',#3874,#4351,#4924,.T.);
#3543=EDGE_CURVE('',#4353,#3873,#4925,.T.);
#3544=EDGE_CURVE('',#4355,#3872,#4926,.T.);
#3545=EDGE_CURVE('',#3875,#4349,#4927,.T.);
#3546=EDGE_CURVE('',#4357,#3871,#4928,.T.);
#3547=EDGE_CURVE('',#3868,#4347,#4929,.T.);
#3548=EDGE_CURVE('',#4345,#3870,#4930,.T.);
#3549=EDGE_CURVE('',#3869,#4343,#4931,.T.);
#3550=EDGE_CURVE('',#3882,#4367,#4932,.T.);
#3551=EDGE_CURVE('',#4369,#3881,#4933,.T.);
#3552=EDGE_CURVE('',#4371,#3880,#4934,.T.);
#3553=EDGE_CURVE('',#3883,#4365,#4935,.T.);
#3554=EDGE_CURVE('',#4373,#3879,#4936,.T.);
#3555=EDGE_CURVE('',#3876,#4363,#4937,.T.);
#3556=EDGE_CURVE('',#4361,#3878,#4938,.T.);
#3557=EDGE_CURVE('',#3877,#4359,#4939,.T.);
#3558=EDGE_CURVE('',#3890,#4383,#4940,.T.);
#3559=EDGE_CURVE('',#4385,#3889,#4941,.T.);
#3560=EDGE_CURVE('',#4387,#3888,#4942,.T.);
#3561=EDGE_CURVE('',#3891,#4381,#4943,.T.);
#3562=EDGE_CURVE('',#4389,#3887,#4944,.T.);
#3563=EDGE_CURVE('',#3884,#4379,#4945,.T.);
#3564=EDGE_CURVE('',#4377,#3886,#4946,.T.);
#3565=EDGE_CURVE('',#3885,#4375,#4947,.T.);
#3566=EDGE_CURVE('',#3898,#4399,#4948,.T.);
#3567=EDGE_CURVE('',#4401,#3897,#4949,.T.);
#3568=EDGE_CURVE('',#4403,#3896,#4950,.T.);
#3569=EDGE_CURVE('',#3899,#4397,#4951,.T.);
#3570=EDGE_CURVE('',#4405,#3895,#4952,.T.);
#3571=EDGE_CURVE('',#3892,#4395,#4953,.T.);
#3572=EDGE_CURVE('',#4393,#3894,#4954,.T.);
#3573=EDGE_CURVE('',#3893,#4391,#4955,.T.);
#3574=EDGE_CURVE('',#3906,#4287,#4956,.T.);
#3575=EDGE_CURVE('',#4289,#3905,#4957,.T.);
#3576=EDGE_CURVE('',#4291,#3904,#4958,.T.);
#3577=EDGE_CURVE('',#3907,#4285,#4959,.T.);
#3578=EDGE_CURVE('',#4293,#3903,#4960,.T.);
#3579=EDGE_CURVE('',#3900,#4283,#4961,.T.);
#3580=EDGE_CURVE('',#4281,#3902,#4962,.T.);
#3581=EDGE_CURVE('',#3901,#4279,#4963,.T.);
#3582=EDGE_CURVE('',#3914,#4303,#4964,.T.);
#3583=EDGE_CURVE('',#4305,#3913,#4965,.T.);
#3584=EDGE_CURVE('',#4307,#3912,#4966,.T.);
#3585=EDGE_CURVE('',#3915,#4301,#4967,.T.);
#3586=EDGE_CURVE('',#4309,#3911,#4968,.T.);
#3587=EDGE_CURVE('',#3908,#4299,#4969,.T.);
#3588=EDGE_CURVE('',#4297,#3910,#4970,.T.);
#3589=EDGE_CURVE('',#3909,#4295,#4971,.T.);
#3590=EDGE_CURVE('',#3922,#4319,#4972,.T.);
#3591=EDGE_CURVE('',#4321,#3921,#4973,.T.);
#3592=EDGE_CURVE('',#4323,#3920,#4974,.T.);
#3593=EDGE_CURVE('',#3923,#4317,#4975,.T.);
#3594=EDGE_CURVE('',#4325,#3919,#4976,.T.);
#3595=EDGE_CURVE('',#3916,#4315,#4977,.T.);
#3596=EDGE_CURVE('',#4313,#3918,#4978,.T.);
#3597=EDGE_CURVE('',#3917,#4311,#4979,.T.);
#3598=EDGE_CURVE('',#3930,#4335,#4980,.T.);
#3599=EDGE_CURVE('',#4337,#3929,#4981,.T.);
#3600=EDGE_CURVE('',#4339,#3928,#4982,.T.);
#3601=EDGE_CURVE('',#3931,#4333,#4983,.T.);
#3602=EDGE_CURVE('',#4341,#3927,#4984,.T.);
#3603=EDGE_CURVE('',#3924,#4331,#4985,.T.);
#3604=EDGE_CURVE('',#4329,#3926,#4986,.T.);
#3605=EDGE_CURVE('',#3925,#4327,#4987,.T.);
#3606=EDGE_CURVE('',#3938,#4125,#4988,.T.);
#3607=EDGE_CURVE('',#4122,#3937,#4989,.T.);
#3608=EDGE_CURVE('',#4165,#3936,#4990,.T.);
#3609=EDGE_CURVE('',#3939,#4152,#4991,.T.);
#3610=EDGE_CURVE('',#4162,#3935,#4992,.T.);
#3611=EDGE_CURVE('',#3932,#4155,#4993,.T.);
#3612=EDGE_CURVE('',#3795,#3934,#4994,.T.);
#3613=EDGE_CURVE('',#3933,#3796,#4995,.T.);
#3614=EDGE_CURVE('',#3952,#4129,#4996,.T.);
#3615=EDGE_CURVE('',#4126,#3951,#4997,.T.);
#3616=EDGE_CURVE('',#4141,#3950,#4998,.T.);
#3617=EDGE_CURVE('',#3953,#4131,#4999,.T.);
#3618=EDGE_CURVE('',#4139,#3949,#5000,.T.);
#3619=EDGE_CURVE('',#3946,#4133,#5001,.T.);
#3620=EDGE_CURVE('',#4137,#3948,#5002,.T.);
#3621=EDGE_CURVE('',#3947,#4135,#5003,.T.);
#3622=EDGE_CURVE('',#4406,#4407,#572,.T.);
#3623=EDGE_CURVE('',#4406,#4408,#12,.T.);
#3624=EDGE_CURVE('',#4408,#3803,#5004,.T.);
#3625=EDGE_CURVE('',#4407,#3802,#5005,.T.);
#3626=EDGE_CURVE('',#4409,#4407,#5006,.T.);
#3627=EDGE_CURVE('',#4409,#3801,#5007,.T.);
#3628=EDGE_CURVE('',#4410,#3800,#5008,.T.);
#3629=EDGE_CURVE('',#4410,#4411,#13,.T.);
#3630=EDGE_CURVE('',#4409,#4411,#573,.T.);
#3631=EDGE_CURVE('',#4412,#3799,#5009,.T.);
#3632=EDGE_CURVE('',#4412,#4410,#574,.T.);
#3633=EDGE_CURVE('',#4408,#4413,#575,.T.);
#3634=EDGE_CURVE('',#4413,#3792,#5010,.T.);
#3635=EDGE_CURVE('',#4414,#4415,#5011,.F.);
#3636=EDGE_CURVE('',#4415,#4406,#5012,.F.);
#3637=EDGE_CURVE('',#4411,#4414,#5013,.T.);
#3638=EDGE_CURVE('',#4414,#4101,#5014,.F.);
#3639=EDGE_CURVE('',#4100,#4415,#5015,.F.);
#3640=EDGE_CURVE('',#4413,#4416,#5016,.T.);
#3641=EDGE_CURVE('',#4416,#4099,#5017,.F.);
#3642=EDGE_CURVE('',#4098,#3793,#5018,.T.);
#3643=EDGE_CURVE('',#4102,#4417,#5019,.F.);
#3644=EDGE_CURVE('',#4417,#4412,#5020,.F.);
#3645=EDGE_CURVE('',#3798,#4103,#5021,.T.);
#3646=EDGE_CURVE('',#4116,#3959,#5022,.T.);
#3647=EDGE_CURVE('',#3960,#4115,#5023,.T.);
#3648=EDGE_CURVE('',#3961,#4112,#5024,.T.);
#3649=EDGE_CURVE('',#4119,#3958,#5025,.T.);
#3650=EDGE_CURVE('',#3954,#4111,#5026,.T.);
#3651=EDGE_CURVE('',#4120,#3957,#5027,.T.);
#3652=EDGE_CURVE('',#3955,#4144,#5028,.T.);
#3653=EDGE_CURVE('',#4143,#3956,#5029,.T.);
#3654=EDGE_CURVE('',#4270,#3967,#5030,.T.);
#3655=EDGE_CURVE('',#3968,#4272,#5031,.T.);
#3656=EDGE_CURVE('',#3969,#4274,#5032,.T.);
#3657=EDGE_CURVE('',#4268,#3966,#5033,.T.);
#3658=EDGE_CURVE('',#3962,#4276,#5034,.T.);
#3659=EDGE_CURVE('',#4266,#3965,#5035,.T.);
#3660=EDGE_CURVE('',#3963,#4264,#5036,.T.);
#3661=EDGE_CURVE('',#4262,#3964,#5037,.T.);
#3662=EDGE_CURVE('',#4254,#3975,#5038,.T.);
#3663=EDGE_CURVE('',#3976,#4256,#5039,.T.);
#3664=EDGE_CURVE('',#3977,#4258,#5040,.T.);
#3665=EDGE_CURVE('',#4252,#3974,#5041,.T.);
#3666=EDGE_CURVE('',#3970,#4260,#5042,.T.);
#3667=EDGE_CURVE('',#4250,#3973,#5043,.T.);
#3668=EDGE_CURVE('',#3971,#4248,#5044,.T.);
#3669=EDGE_CURVE('',#4246,#3972,#5045,.T.);
#3670=EDGE_CURVE('',#4238,#3983,#5046,.T.);
#3671=EDGE_CURVE('',#3984,#4240,#5047,.T.);
#3672=EDGE_CURVE('',#3985,#4242,#5048,.T.);
#3673=EDGE_CURVE('',#4236,#3982,#5049,.T.);
#3674=EDGE_CURVE('',#3978,#4244,#5050,.T.);
#3675=EDGE_CURVE('',#4234,#3981,#5051,.T.);
#3676=EDGE_CURVE('',#3979,#4232,#5052,.T.);
#3677=EDGE_CURVE('',#4230,#3980,#5053,.T.);
#3678=EDGE_CURVE('',#4174,#3991,#5054,.T.);
#3679=EDGE_CURVE('',#3992,#4176,#5055,.T.);
#3680=EDGE_CURVE('',#3993,#4178,#5056,.T.);
#3681=EDGE_CURVE('',#4172,#3990,#5057,.T.);
#3682=EDGE_CURVE('',#3986,#4180,#5058,.T.);
#3683=EDGE_CURVE('',#4170,#3989,#5059,.T.);
#3684=EDGE_CURVE('',#3987,#4168,#5060,.T.);
#3685=EDGE_CURVE('',#4166,#3988,#5061,.T.);
#3686=EDGE_CURVE('',#4190,#3999,#5062,.T.);
#3687=EDGE_CURVE('',#4000,#4192,#5063,.T.);
#3688=EDGE_CURVE('',#4001,#4194,#5064,.T.);
#3689=EDGE_CURVE('',#4188,#3998,#5065,.T.);
#3690=EDGE_CURVE('',#3994,#4196,#5066,.T.);
#3691=EDGE_CURVE('',#4186,#3997,#5067,.T.);
#3692=EDGE_CURVE('',#3995,#4184,#5068,.T.);
#3693=EDGE_CURVE('',#4182,#3996,#5069,.T.);
#3694=EDGE_CURVE('',#4206,#4007,#5070,.T.);
#3695=EDGE_CURVE('',#4008,#4208,#5071,.T.);
#3696=EDGE_CURVE('',#4009,#4210,#5072,.T.);
#3697=EDGE_CURVE('',#4204,#4006,#5073,.T.);
#3698=EDGE_CURVE('',#4002,#4212,#5074,.T.);
#3699=EDGE_CURVE('',#4202,#4005,#5075,.T.);
#3700=EDGE_CURVE('',#4003,#4200,#5076,.T.);
#3701=EDGE_CURVE('',#4198,#4004,#5077,.T.);
#3702=EDGE_CURVE('',#4222,#4015,#5078,.T.);
#3703=EDGE_CURVE('',#4016,#4224,#5079,.T.);
#3704=EDGE_CURVE('',#4017,#4226,#5080,.T.);
#3705=EDGE_CURVE('',#4220,#4014,#5081,.T.);
#3706=EDGE_CURVE('',#4010,#4228,#5082,.T.);
#3707=EDGE_CURVE('',#4218,#4013,#5083,.T.);
#3708=EDGE_CURVE('',#4011,#4216,#5084,.T.);
#3709=EDGE_CURVE('',#4214,#4012,#5085,.T.);
#3710=EDGE_CURVE('',#4350,#4023,#5086,.T.);
#3711=EDGE_CURVE('',#4024,#4352,#5087,.T.);
#3712=EDGE_CURVE('',#4025,#4354,#5088,.T.);
#3713=EDGE_CURVE('',#4348,#4022,#5089,.T.);
#3714=EDGE_CURVE('',#4018,#4356,#5090,.T.);
#3715=EDGE_CURVE('',#4346,#4021,#5091,.T.);
#3716=EDGE_CURVE('',#4019,#4344,#5092,.T.);
#3717=EDGE_CURVE('',#4342,#4020,#5093,.T.);
#3718=EDGE_CURVE('',#4366,#4031,#5094,.T.);
#3719=EDGE_CURVE('',#4032,#4368,#5095,.T.);
#3720=EDGE_CURVE('',#4033,#4370,#5096,.T.);
#3721=EDGE_CURVE('',#4364,#4030,#5097,.T.);
#3722=EDGE_CURVE('',#4026,#4372,#5098,.T.);
#3723=EDGE_CURVE('',#4362,#4029,#5099,.T.);
#3724=EDGE_CURVE('',#4027,#4360,#5100,.T.);
#3725=EDGE_CURVE('',#4358,#4028,#5101,.T.);
#3726=EDGE_CURVE('',#4382,#4039,#5102,.T.);
#3727=EDGE_CURVE('',#4040,#4384,#5103,.T.);
#3728=EDGE_CURVE('',#4041,#4386,#5104,.T.);
#3729=EDGE_CURVE('',#4380,#4038,#5105,.T.);
#3730=EDGE_CURVE('',#4034,#4388,#5106,.T.);
#3731=EDGE_CURVE('',#4378,#4037,#5107,.T.);
#3732=EDGE_CURVE('',#4035,#4376,#5108,.T.);
#3733=EDGE_CURVE('',#4374,#4036,#5109,.T.);
#3734=EDGE_CURVE('',#4398,#4047,#5110,.T.);
#3735=EDGE_CURVE('',#4048,#4400,#5111,.T.);
#3736=EDGE_CURVE('',#4049,#4402,#5112,.T.);
#3737=EDGE_CURVE('',#4396,#4046,#5113,.T.);
#3738=EDGE_CURVE('',#4042,#4404,#5114,.T.);
#3739=EDGE_CURVE('',#4394,#4045,#5115,.T.);
#3740=EDGE_CURVE('',#4043,#4392,#5116,.T.);
#3741=EDGE_CURVE('',#4390,#4044,#5117,.T.);
#3742=EDGE_CURVE('',#4286,#4055,#5118,.T.);
#3743=EDGE_CURVE('',#4056,#4288,#5119,.T.);
#3744=EDGE_CURVE('',#4057,#4290,#5120,.T.);
#3745=EDGE_CURVE('',#4284,#4054,#5121,.T.);
#3746=EDGE_CURVE('',#4050,#4292,#5122,.T.);
#3747=EDGE_CURVE('',#4282,#4053,#5123,.T.);
#3748=EDGE_CURVE('',#4051,#4280,#5124,.T.);
#3749=EDGE_CURVE('',#4278,#4052,#5125,.T.);
#3750=EDGE_CURVE('',#4302,#4063,#5126,.T.);
#3751=EDGE_CURVE('',#4064,#4304,#5127,.T.);
#3752=EDGE_CURVE('',#4065,#4306,#5128,.T.);
#3753=EDGE_CURVE('',#4300,#4062,#5129,.T.);
#3754=EDGE_CURVE('',#4058,#4308,#5130,.T.);
#3755=EDGE_CURVE('',#4298,#4061,#5131,.T.);
#3756=EDGE_CURVE('',#4059,#4296,#5132,.T.);
#3757=EDGE_CURVE('',#4294,#4060,#5133,.T.);
#3758=EDGE_CURVE('',#4318,#4071,#5134,.T.);
#3759=EDGE_CURVE('',#4072,#4320,#5135,.T.);
#3760=EDGE_CURVE('',#4073,#4322,#5136,.T.);
#3761=EDGE_CURVE('',#4316,#4070,#5137,.T.);
#3762=EDGE_CURVE('',#4066,#4324,#5138,.T.);
#3763=EDGE_CURVE('',#4314,#4069,#5139,.T.);
#3764=EDGE_CURVE('',#4067,#4312,#5140,.T.);
#3765=EDGE_CURVE('',#4310,#4068,#5141,.T.);
#3766=EDGE_CURVE('',#4334,#4079,#5142,.T.);
#3767=EDGE_CURVE('',#4080,#4336,#5143,.T.);
#3768=EDGE_CURVE('',#4081,#4338,#5144,.T.);
#3769=EDGE_CURVE('',#4332,#4078,#5145,.T.);
#3770=EDGE_CURVE('',#4074,#4340,#5146,.T.);
#3771=EDGE_CURVE('',#4330,#4077,#5147,.T.);
#3772=EDGE_CURVE('',#4075,#4328,#5148,.T.);
#3773=EDGE_CURVE('',#4326,#4076,#5149,.T.);
#3774=EDGE_CURVE('',#4128,#4093,#5150,.T.);
#3775=EDGE_CURVE('',#4094,#4127,#5151,.T.);
#3776=EDGE_CURVE('',#4095,#4140,#5152,.T.);
#3777=EDGE_CURVE('',#4130,#4092,#5153,.T.);
#3778=EDGE_CURVE('',#4088,#4138,#5154,.T.);
#3779=EDGE_CURVE('',#4132,#4091,#5155,.T.);
#3780=EDGE_CURVE('',#4089,#4136,#5156,.T.);
#3781=EDGE_CURVE('',#4134,#4090,#5157,.T.);
#3782=EDGE_CURVE('',#4104,#3797,#5158,.T.);
#3783=EDGE_CURVE('',#4105,#4154,#5159,.T.);
#3784=EDGE_CURVE('',#4106,#4153,#5160,.T.);
#3785=EDGE_CURVE('',#4107,#4124,#5161,.T.);
#3786=EDGE_CURVE('',#4108,#4123,#5162,.T.);
#3787=EDGE_CURVE('',#4109,#4164,#5163,.T.);
#3788=EDGE_CURVE('',#4096,#4163,#5164,.T.);
#3789=EDGE_CURVE('',#4097,#3794,#5165,.T.);
#3790=EDGE_CURVE('',#4414,#4417,#256,.F.);
#3791=EDGE_CURVE('',#4416,#4415,#257,.T.);
#3792=VERTEX_POINT('',#10796);
#3793=VERTEX_POINT('',#10797);
#3794=VERTEX_POINT('',#10799);
#3795=VERTEX_POINT('',#10801);
#3796=VERTEX_POINT('',#10803);
#3797=VERTEX_POINT('',#10805);
#3798=VERTEX_POINT('',#10807);
#3799=VERTEX_POINT('',#10809);
#3800=VERTEX_POINT('',#10811);
#3801=VERTEX_POINT('',#10813);
#3802=VERTEX_POINT('',#10815);
#3803=VERTEX_POINT('',#10817);
#3804=VERTEX_POINT('',#10821);
#3805=VERTEX_POINT('',#10822);
#3806=VERTEX_POINT('',#10824);
#3807=VERTEX_POINT('',#10826);
#3808=VERTEX_POINT('',#10828);
#3809=VERTEX_POINT('',#10830);
#3810=VERTEX_POINT('',#10832);
#3811=VERTEX_POINT('',#10834);
#3812=VERTEX_POINT('',#10837);
#3813=VERTEX_POINT('',#10838);
#3814=VERTEX_POINT('',#10840);
#3815=VERTEX_POINT('',#10842);
#3816=VERTEX_POINT('',#10844);
#3817=VERTEX_POINT('',#10846);
#3818=VERTEX_POINT('',#10848);
#3819=VERTEX_POINT('',#10850);
#3820=VERTEX_POINT('',#10853);
#3821=VERTEX_POINT('',#10854);
#3822=VERTEX_POINT('',#10856);
#3823=VERTEX_POINT('',#10858);
#3824=VERTEX_POINT('',#10860);
#3825=VERTEX_POINT('',#10862);
#3826=VERTEX_POINT('',#10864);
#3827=VERTEX_POINT('',#10866);
#3828=VERTEX_POINT('',#10869);
#3829=VERTEX_POINT('',#10870);
#3830=VERTEX_POINT('',#10872);
#3831=VERTEX_POINT('',#10874);
#3832=VERTEX_POINT('',#10876);
#3833=VERTEX_POINT('',#10878);
#3834=VERTEX_POINT('',#10880);
#3835=VERTEX_POINT('',#10882);
#3836=VERTEX_POINT('',#10885);
#3837=VERTEX_POINT('',#10886);
#3838=VERTEX_POINT('',#10888);
#3839=VERTEX_POINT('',#10890);
#3840=VERTEX_POINT('',#10892);
#3841=VERTEX_POINT('',#10894);
#3842=VERTEX_POINT('',#10896);
#3843=VERTEX_POINT('',#10898);
#3844=VERTEX_POINT('',#10901);
#3845=VERTEX_POINT('',#10902);
#3846=VERTEX_POINT('',#10904);
#3847=VERTEX_POINT('',#10906);
#3848=VERTEX_POINT('',#10908);
#3849=VERTEX_POINT('',#10910);
#3850=VERTEX_POINT('',#10912);
#3851=VERTEX_POINT('',#10914);
#3852=VERTEX_POINT('',#10917);
#3853=VERTEX_POINT('',#10918);
#3854=VERTEX_POINT('',#10920);
#3855=VERTEX_POINT('',#10922);
#3856=VERTEX_POINT('',#10924);
#3857=VERTEX_POINT('',#10926);
#3858=VERTEX_POINT('',#10928);
#3859=VERTEX_POINT('',#10930);
#3860=VERTEX_POINT('',#10933);
#3861=VERTEX_POINT('',#10934);
#3862=VERTEX_POINT('',#10936);
#3863=VERTEX_POINT('',#10938);
#3864=VERTEX_POINT('',#10940);
#3865=VERTEX_POINT('',#10942);
#3866=VERTEX_POINT('',#10944);
#3867=VERTEX_POINT('',#10946);
#3868=VERTEX_POINT('',#10949);
#3869=VERTEX_POINT('',#10950);
#3870=VERTEX_POINT('',#10952);
#3871=VERTEX_POINT('',#10954);
#3872=VERTEX_POINT('',#10956);
#3873=VERTEX_POINT('',#10958);
#3874=VERTEX_POINT('',#10960);
#3875=VERTEX_POINT('',#10962);
#3876=VERTEX_POINT('',#10965);
#3877=VERTEX_POINT('',#10966);
#3878=VERTEX_POINT('',#10968);
#3879=VERTEX_POINT('',#10970);
#3880=VERTEX_POINT('',#10972);
#3881=VERTEX_POINT('',#10974);
#3882=VERTEX_POINT('',#10976);
#3883=VERTEX_POINT('',#10978);
#3884=VERTEX_POINT('',#10981);
#3885=VERTEX_POINT('',#10982);
#3886=VERTEX_POINT('',#10984);
#3887=VERTEX_POINT('',#10986);
#3888=VERTEX_POINT('',#10988);
#3889=VERTEX_POINT('',#10990);
#3890=VERTEX_POINT('',#10992);
#3891=VERTEX_POINT('',#10994);
#3892=VERTEX_POINT('',#10997);
#3893=VERTEX_POINT('',#10998);
#3894=VERTEX_POINT('',#11000);
#3895=VERTEX_POINT('',#11002);
#3896=VERTEX_POINT('',#11004);
#3897=VERTEX_POINT('',#11006);
#3898=VERTEX_POINT('',#11008);
#3899=VERTEX_POINT('',#11010);
#3900=VERTEX_POINT('',#11013);
#3901=VERTEX_POINT('',#11014);
#3902=VERTEX_POINT('',#11016);
#3903=VERTEX_POINT('',#11018);
#3904=VERTEX_POINT('',#11020);
#3905=VERTEX_POINT('',#11022);
#3906=VERTEX_POINT('',#11024);
#3907=VERTEX_POINT('',#11026);
#3908=VERTEX_POINT('',#11029);
#3909=VERTEX_POINT('',#11030);
#3910=VERTEX_POINT('',#11032);
#3911=VERTEX_POINT('',#11034);
#3912=VERTEX_POINT('',#11036);
#3913=VERTEX_POINT('',#11038);
#3914=VERTEX_POINT('',#11040);
#3915=VERTEX_POINT('',#11042);
#3916=VERTEX_POINT('',#11045);
#3917=VERTEX_POINT('',#11046);
#3918=VERTEX_POINT('',#11048);
#3919=VERTEX_POINT('',#11050);
#3920=VERTEX_POINT('',#11052);
#3921=VERTEX_POINT('',#11054);
#3922=VERTEX_POINT('',#11056);
#3923=VERTEX_POINT('',#11058);
#3924=VERTEX_POINT('',#11061);
#3925=VERTEX_POINT('',#11062);
#3926=VERTEX_POINT('',#11064);
#3927=VERTEX_POINT('',#11066);
#3928=VERTEX_POINT('',#11068);
#3929=VERTEX_POINT('',#11070);
#3930=VERTEX_POINT('',#11072);
#3931=VERTEX_POINT('',#11074);
#3932=VERTEX_POINT('',#11077);
#3933=VERTEX_POINT('',#11078);
#3934=VERTEX_POINT('',#11080);
#3935=VERTEX_POINT('',#11082);
#3936=VERTEX_POINT('',#11084);
#3937=VERTEX_POINT('',#11086);
#3938=VERTEX_POINT('',#11088);
#3939=VERTEX_POINT('',#11090);
#3940=VERTEX_POINT('',#11093);
#3941=VERTEX_POINT('',#11095);
#3942=VERTEX_POINT('',#11097);
#3943=VERTEX_POINT('',#11099);
#3944=VERTEX_POINT('',#11101);
#3945=VERTEX_POINT('',#11103);
#3946=VERTEX_POINT('',#11105);
#3947=VERTEX_POINT('',#11106);
#3948=VERTEX_POINT('',#11108);
#3949=VERTEX_POINT('',#11110);
#3950=VERTEX_POINT('',#11112);
#3951=VERTEX_POINT('',#11114);
#3952=VERTEX_POINT('',#11116);
#3953=VERTEX_POINT('',#11118);
#3954=VERTEX_POINT('',#11122);
#3955=VERTEX_POINT('',#11123);
#3956=VERTEX_POINT('',#11125);
#3957=VERTEX_POINT('',#11127);
#3958=VERTEX_POINT('',#11129);
#3959=VERTEX_POINT('',#11131);
#3960=VERTEX_POINT('',#11133);
#3961=VERTEX_POINT('',#11135);
#3962=VERTEX_POINT('',#11138);
#3963=VERTEX_POINT('',#11139);
#3964=VERTEX_POINT('',#11141);
#3965=VERTEX_POINT('',#11143);
#3966=VERTEX_POINT('',#11145);
#3967=VERTEX_POINT('',#11147);
#3968=VERTEX_POINT('',#11149);
#3969=VERTEX_POINT('',#11151);
#3970=VERTEX_POINT('',#11154);
#3971=VERTEX_POINT('',#11155);
#3972=VERTEX_POINT('',#11157);
#3973=VERTEX_POINT('',#11159);
#3974=VERTEX_POINT('',#11161);
#3975=VERTEX_POINT('',#11163);
#3976=VERTEX_POINT('',#11165);
#3977=VERTEX_POINT('',#11167);
#3978=VERTEX_POINT('',#11170);
#3979=VERTEX_POINT('',#11171);
#3980=VERTEX_POINT('',#11173);
#3981=VERTEX_POINT('',#11175);
#3982=VERTEX_POINT('',#11177);
#3983=VERTEX_POINT('',#11179);
#3984=VERTEX_POINT('',#11181);
#3985=VERTEX_POINT('',#11183);
#3986=VERTEX_POINT('',#11186);
#3987=VERTEX_POINT('',#11187);
#3988=VERTEX_POINT('',#11189);
#3989=VERTEX_POINT('',#11191);
#3990=VERTEX_POINT('',#11193);
#3991=VERTEX_POINT('',#11195);
#3992=VERTEX_POINT('',#11197);
#3993=VERTEX_POINT('',#11199);
#3994=VERTEX_POINT('',#11202);
#3995=VERTEX_POINT('',#11203);
#3996=VERTEX_POINT('',#11205);
#3997=VERTEX_POINT('',#11207);
#3998=VERTEX_POINT('',#11209);
#3999=VERTEX_POINT('',#11211);
#4000=VERTEX_POINT('',#11213);
#4001=VERTEX_POINT('',#11215);
#4002=VERTEX_POINT('',#11218);
#4003=VERTEX_POINT('',#11219);
#4004=VERTEX_POINT('',#11221);
#4005=VERTEX_POINT('',#11223);
#4006=VERTEX_POINT('',#11225);
#4007=VERTEX_POINT('',#11227);
#4008=VERTEX_POINT('',#11229);
#4009=VERTEX_POINT('',#11231);
#4010=VERTEX_POINT('',#11234);
#4011=VERTEX_POINT('',#11235);
#4012=VERTEX_POINT('',#11237);
#4013=VERTEX_POINT('',#11239);
#4014=VERTEX_POINT('',#11241);
#4015=VERTEX_POINT('',#11243);
#4016=VERTEX_POINT('',#11245);
#4017=VERTEX_POINT('',#11247);
#4018=VERTEX_POINT('',#11250);
#4019=VERTEX_POINT('',#11251);
#4020=VERTEX_POINT('',#11253);
#4021=VERTEX_POINT('',#11255);
#4022=VERTEX_POINT('',#11257);
#4023=VERTEX_POINT('',#11259);
#4024=VERTEX_POINT('',#11261);
#4025=VERTEX_POINT('',#11263);
#4026=VERTEX_POINT('',#11266);
#4027=VERTEX_POINT('',#11267);
#4028=VERTEX_POINT('',#11269);
#4029=VERTEX_POINT('',#11271);
#4030=VERTEX_POINT('',#11273);
#4031=VERTEX_POINT('',#11275);
#4032=VERTEX_POINT('',#11277);
#4033=VERTEX_POINT('',#11279);
#4034=VERTEX_POINT('',#11282);
#4035=VERTEX_POINT('',#11283);
#4036=VERTEX_POINT('',#11285);
#4037=VERTEX_POINT('',#11287);
#4038=VERTEX_POINT('',#11289);
#4039=VERTEX_POINT('',#11291);
#4040=VERTEX_POINT('',#11293);
#4041=VERTEX_POINT('',#11295);
#4042=VERTEX_POINT('',#11298);
#4043=VERTEX_POINT('',#11299);
#4044=VERTEX_POINT('',#11301);
#4045=VERTEX_POINT('',#11303);
#4046=VERTEX_POINT('',#11305);
#4047=VERTEX_POINT('',#11307);
#4048=VERTEX_POINT('',#11309);
#4049=VERTEX_POINT('',#11311);
#4050=VERTEX_POINT('',#11314);
#4051=VERTEX_POINT('',#11315);
#4052=VERTEX_POINT('',#11317);
#4053=VERTEX_POINT('',#11319);
#4054=VERTEX_POINT('',#11321);
#4055=VERTEX_POINT('',#11323);
#4056=VERTEX_POINT('',#11325);
#4057=VERTEX_POINT('',#11327);
#4058=VERTEX_POINT('',#11330);
#4059=VERTEX_POINT('',#11331);
#4060=VERTEX_POINT('',#11333);
#4061=VERTEX_POINT('',#11335);
#4062=VERTEX_POINT('',#11337);
#4063=VERTEX_POINT('',#11339);
#4064=VERTEX_POINT('',#11341);
#4065=VERTEX_POINT('',#11343);
#4066=VERTEX_POINT('',#11346);
#4067=VERTEX_POINT('',#11347);
#4068=VERTEX_POINT('',#11349);
#4069=VERTEX_POINT('',#11351);
#4070=VERTEX_POINT('',#11353);
#4071=VERTEX_POINT('',#11355);
#4072=VERTEX_POINT('',#11357);
#4073=VERTEX_POINT('',#11359);
#4074=VERTEX_POINT('',#11362);
#4075=VERTEX_POINT('',#11363);
#4076=VERTEX_POINT('',#11365);
#4077=VERTEX_POINT('',#11367);
#4078=VERTEX_POINT('',#11369);
#4079=VERTEX_POINT('',#11371);
#4080=VERTEX_POINT('',#11373);
#4081=VERTEX_POINT('',#11375);
#4082=VERTEX_POINT('',#11378);
#4083=VERTEX_POINT('',#11380);
#4084=VERTEX_POINT('',#11382);
#4085=VERTEX_POINT('',#11384);
#4086=VERTEX_POINT('',#11386);
#4087=VERTEX_POINT('',#11388);
#4088=VERTEX_POINT('',#11390);
#4089=VERTEX_POINT('',#11391);
#4090=VERTEX_POINT('',#11393);
#4091=VERTEX_POINT('',#11395);
#4092=VERTEX_POINT('',#11397);
#4093=VERTEX_POINT('',#11399);
#4094=VERTEX_POINT('',#11401);
#4095=VERTEX_POINT('',#11403);
#4096=VERTEX_POINT('',#11406);
#4097=VERTEX_POINT('',#11407);
#4098=VERTEX_POINT('',#11409);
#4099=VERTEX_POINT('',#11411);
#4100=VERTEX_POINT('',#11413);
#4101=VERTEX_POINT('',#11415);
#4102=VERTEX_POINT('',#11417);
#4103=VERTEX_POINT('',#11419);
#4104=VERTEX_POINT('',#11421);
#4105=VERTEX_POINT('',#11423);
#4106=VERTEX_POINT('',#11425);
#4107=VERTEX_POINT('',#11427);
#4108=VERTEX_POINT('',#11429);
#4109=VERTEX_POINT('',#11431);
#4110=VERTEX_POINT('',#11435);
#4111=VERTEX_POINT('',#11436);
#4112=VERTEX_POINT('',#11438);
#4113=VERTEX_POINT('',#11440);
#4114=VERTEX_POINT('',#11444);
#4115=VERTEX_POINT('',#11445);
#4116=VERTEX_POINT('',#11447);
#4117=VERTEX_POINT('',#11449);
#4118=VERTEX_POINT('',#11453);
#4119=VERTEX_POINT('',#11454);
#4120=VERTEX_POINT('',#11456);
#4121=VERTEX_POINT('',#11458);
#4122=VERTEX_POINT('',#11462);
#4123=VERTEX_POINT('',#11463);
#4124=VERTEX_POINT('',#11465);
#4125=VERTEX_POINT('',#11467);
#4126=VERTEX_POINT('',#11471);
#4127=VERTEX_POINT('',#11472);
#4128=VERTEX_POINT('',#11474);
#4129=VERTEX_POINT('',#11476);
#4130=VERTEX_POINT('',#11480);
#4131=VERTEX_POINT('',#11482);
#4132=VERTEX_POINT('',#11486);
#4133=VERTEX_POINT('',#11488);
#4134=VERTEX_POINT('',#11492);
#4135=VERTEX_POINT('',#11494);
#4136=VERTEX_POINT('',#11498);
#4137=VERTEX_POINT('',#11500);
#4138=VERTEX_POINT('',#11504);
#4139=VERTEX_POINT('',#11506);
#4140=VERTEX_POINT('',#11510);
#4141=VERTEX_POINT('',#11512);
#4142=VERTEX_POINT('',#11519);
#4143=VERTEX_POINT('',#11520);
#4144=VERTEX_POINT('',#11522);
#4145=VERTEX_POINT('',#11524);
#4146=VERTEX_POINT('',#11528);
#4147=VERTEX_POINT('',#11530);
#4148=VERTEX_POINT('',#11533);
#4149=VERTEX_POINT('',#11535);
#4150=VERTEX_POINT('',#11538);
#4151=VERTEX_POINT('',#11540);
#4152=VERTEX_POINT('',#11543);
#4153=VERTEX_POINT('',#11544);
#4154=VERTEX_POINT('',#11546);
#4155=VERTEX_POINT('',#11548);
#4156=VERTEX_POINT('',#11552);
#4157=VERTEX_POINT('',#11554);
#4158=VERTEX_POINT('',#11557);
#4159=VERTEX_POINT('',#11559);
#4160=VERTEX_POINT('',#11562);
#4161=VERTEX_POINT('',#11564);
#4162=VERTEX_POINT('',#11567);
#4163=VERTEX_POINT('',#11568);
#4164=VERTEX_POINT('',#11570);
#4165=VERTEX_POINT('',#11572);
#4166=VERTEX_POINT('',#11588);
#4167=VERTEX_POINT('',#11589);
#4168=VERTEX_POINT('',#11591);
#4169=VERTEX_POINT('',#11593);
#4170=VERTEX_POINT('',#11597);
#4171=VERTEX_POINT('',#11598);
#4172=VERTEX_POINT('',#11603);
#4173=VERTEX_POINT('',#11604);
#4174=VERTEX_POINT('',#11609);
#4175=VERTEX_POINT('',#11610);
#4176=VERTEX_POINT('',#11615);
#4177=VERTEX_POINT('',#11616);
#4178=VERTEX_POINT('',#11621);
#4179=VERTEX_POINT('',#11622);
#4180=VERTEX_POINT('',#11627);
#4181=VERTEX_POINT('',#11628);
#4182=VERTEX_POINT('',#11636);
#4183=VERTEX_POINT('',#11637);
#4184=VERTEX_POINT('',#11639);
#4185=VERTEX_POINT('',#11641);
#4186=VERTEX_POINT('',#11645);
#4187=VERTEX_POINT('',#11646);
#4188=VERTEX_POINT('',#11651);
#4189=VERTEX_POINT('',#11652);
#4190=VERTEX_POINT('',#11657);
#4191=VERTEX_POINT('',#11658);
#4192=VERTEX_POINT('',#11663);
#4193=VERTEX_POINT('',#11664);
#4194=VERTEX_POINT('',#11669);
#4195=VERTEX_POINT('',#11670);
#4196=VERTEX_POINT('',#11675);
#4197=VERTEX_POINT('',#11676);
#4198=VERTEX_POINT('',#11684);
#4199=VERTEX_POINT('',#11685);
#4200=VERTEX_POINT('',#11687);
#4201=VERTEX_POINT('',#11689);
#4202=VERTEX_POINT('',#11693);
#4203=VERTEX_POINT('',#11694);
#4204=VERTEX_POINT('',#11699);
#4205=VERTEX_POINT('',#11700);
#4206=VERTEX_POINT('',#11705);
#4207=VERTEX_POINT('',#11706);
#4208=VERTEX_POINT('',#11711);
#4209=VERTEX_POINT('',#11712);
#4210=VERTEX_POINT('',#11717);
#4211=VERTEX_POINT('',#11718);
#4212=VERTEX_POINT('',#11723);
#4213=VERTEX_POINT('',#11724);
#4214=VERTEX_POINT('',#11732);
#4215=VERTEX_POINT('',#11733);
#4216=VERTEX_POINT('',#11735);
#4217=VERTEX_POINT('',#11737);
#4218=VERTEX_POINT('',#11741);
#4219=VERTEX_POINT('',#11742);
#4220=VERTEX_POINT('',#11747);
#4221=VERTEX_POINT('',#11748);
#4222=VERTEX_POINT('',#11753);
#4223=VERTEX_POINT('',#11754);
#4224=VERTEX_POINT('',#11759);
#4225=VERTEX_POINT('',#11760);
#4226=VERTEX_POINT('',#11765);
#4227=VERTEX_POINT('',#11766);
#4228=VERTEX_POINT('',#11771);
#4229=VERTEX_POINT('',#11772);
#4230=VERTEX_POINT('',#11780);
#4231=VERTEX_POINT('',#11781);
#4232=VERTEX_POINT('',#11783);
#4233=VERTEX_POINT('',#11785);
#4234=VERTEX_POINT('',#11789);
#4235=VERTEX_POINT('',#11790);
#4236=VERTEX_POINT('',#11795);
#4237=VERTEX_POINT('',#11796);
#4238=VERTEX_POINT('',#11801);
#4239=VERTEX_POINT('',#11802);
#4240=VERTEX_POINT('',#11807);
#4241=VERTEX_POINT('',#11808);
#4242=VERTEX_POINT('',#11813);
#4243=VERTEX_POINT('',#11814);
#4244=VERTEX_POINT('',#11819);
#4245=VERTEX_POINT('',#11820);
#4246=VERTEX_POINT('',#11828);
#4247=VERTEX_POINT('',#11829);
#4248=VERTEX_POINT('',#11831);
#4249=VERTEX_POINT('',#11833);
#4250=VERTEX_POINT('',#11837);
#4251=VERTEX_POINT('',#11838);
#4252=VERTEX_POINT('',#11843);
#4253=VERTEX_POINT('',#11844);
#4254=VERTEX_POINT('',#11849);
#4255=VERTEX_POINT('',#11850);
#4256=VERTEX_POINT('',#11855);
#4257=VERTEX_POINT('',#11856);
#4258=VERTEX_POINT('',#11861);
#4259=VERTEX_POINT('',#11862);
#4260=VERTEX_POINT('',#11867);
#4261=VERTEX_POINT('',#11868);
#4262=VERTEX_POINT('',#11876);
#4263=VERTEX_POINT('',#11877);
#4264=VERTEX_POINT('',#11879);
#4265=VERTEX_POINT('',#11881);
#4266=VERTEX_POINT('',#11885);
#4267=VERTEX_POINT('',#11886);
#4268=VERTEX_POINT('',#11891);
#4269=VERTEX_POINT('',#11892);
#4270=VERTEX_POINT('',#11897);
#4271=VERTEX_POINT('',#11898);
#4272=VERTEX_POINT('',#11903);
#4273=VERTEX_POINT('',#11904);
#4274=VERTEX_POINT('',#11909);
#4275=VERTEX_POINT('',#11910);
#4276=VERTEX_POINT('',#11915);
#4277=VERTEX_POINT('',#11916);
#4278=VERTEX_POINT('',#11924);
#4279=VERTEX_POINT('',#11925);
#4280=VERTEX_POINT('',#11927);
#4281=VERTEX_POINT('',#11929);
#4282=VERTEX_POINT('',#11933);
#4283=VERTEX_POINT('',#11934);
#4284=VERTEX_POINT('',#11939);
#4285=VERTEX_POINT('',#11940);
#4286=VERTEX_POINT('',#11945);
#4287=VERTEX_POINT('',#11946);
#4288=VERTEX_POINT('',#11951);
#4289=VERTEX_POINT('',#11952);
#4290=VERTEX_POINT('',#11957);
#4291=VERTEX_POINT('',#11958);
#4292=VERTEX_POINT('',#11963);
#4293=VERTEX_POINT('',#11964);
#4294=VERTEX_POINT('',#11972);
#4295=VERTEX_POINT('',#11973);
#4296=VERTEX_POINT('',#11975);
#4297=VERTEX_POINT('',#11977);
#4298=VERTEX_POINT('',#11981);
#4299=VERTEX_POINT('',#11982);
#4300=VERTEX_POINT('',#11987);
#4301=VERTEX_POINT('',#11988);
#4302=VERTEX_POINT('',#11993);
#4303=VERTEX_POINT('',#11994);
#4304=VERTEX_POINT('',#11999);
#4305=VERTEX_POINT('',#12000);
#4306=VERTEX_POINT('',#12005);
#4307=VERTEX_POINT('',#12006);
#4308=VERTEX_POINT('',#12011);
#4309=VERTEX_POINT('',#12012);
#4310=VERTEX_POINT('',#12020);
#4311=VERTEX_POINT('',#12021);
#4312=VERTEX_POINT('',#12023);
#4313=VERTEX_POINT('',#12025);
#4314=VERTEX_POINT('',#12029);
#4315=VERTEX_POINT('',#12030);
#4316=VERTEX_POINT('',#12035);
#4317=VERTEX_POINT('',#12036);
#4318=VERTEX_POINT('',#12041);
#4319=VERTEX_POINT('',#12042);
#4320=VERTEX_POINT('',#12047);
#4321=VERTEX_POINT('',#12048);
#4322=VERTEX_POINT('',#12053);
#4323=VERTEX_POINT('',#12054);
#4324=VERTEX_POINT('',#12059);
#4325=VERTEX_POINT('',#12060);
#4326=VERTEX_POINT('',#12068);
#4327=VERTEX_POINT('',#12069);
#4328=VERTEX_POINT('',#12071);
#4329=VERTEX_POINT('',#12073);
#4330=VERTEX_POINT('',#12077);
#4331=VERTEX_POINT('',#12078);
#4332=VERTEX_POINT('',#12083);
#4333=VERTEX_POINT('',#12084);
#4334=VERTEX_POINT('',#12089);
#4335=VERTEX_POINT('',#12090);
#4336=VERTEX_POINT('',#12095);
#4337=VERTEX_POINT('',#12096);
#4338=VERTEX_POINT('',#12101);
#4339=VERTEX_POINT('',#12102);
#4340=VERTEX_POINT('',#12107);
#4341=VERTEX_POINT('',#12108);
#4342=VERTEX_POINT('',#12116);
#4343=VERTEX_POINT('',#12117);
#4344=VERTEX_POINT('',#12119);
#4345=VERTEX_POINT('',#12121);
#4346=VERTEX_POINT('',#12125);
#4347=VERTEX_POINT('',#12126);
#4348=VERTEX_POINT('',#12131);
#4349=VERTEX_POINT('',#12132);
#4350=VERTEX_POINT('',#12137);
#4351=VERTEX_POINT('',#12138);
#4352=VERTEX_POINT('',#12143);
#4353=VERTEX_POINT('',#12144);
#4354=VERTEX_POINT('',#12149);
#4355=VERTEX_POINT('',#12150);
#4356=VERTEX_POINT('',#12155);
#4357=VERTEX_POINT('',#12156);
#4358=VERTEX_POINT('',#12164);
#4359=VERTEX_POINT('',#12165);
#4360=VERTEX_POINT('',#12167);
#4361=VERTEX_POINT('',#12169);
#4362=VERTEX_POINT('',#12173);
#4363=VERTEX_POINT('',#12174);
#4364=VERTEX_POINT('',#12179);
#4365=VERTEX_POINT('',#12180);
#4366=VERTEX_POINT('',#12185);
#4367=VERTEX_POINT('',#12186);
#4368=VERTEX_POINT('',#12191);
#4369=VERTEX_POINT('',#12192);
#4370=VERTEX_POINT('',#12197);
#4371=VERTEX_POINT('',#12198);
#4372=VERTEX_POINT('',#12203);
#4373=VERTEX_POINT('',#12204);
#4374=VERTEX_POINT('',#12212);
#4375=VERTEX_POINT('',#12213);
#4376=VERTEX_POINT('',#12215);
#4377=VERTEX_POINT('',#12217);
#4378=VERTEX_POINT('',#12221);
#4379=VERTEX_POINT('',#12222);
#4380=VERTEX_POINT('',#12227);
#4381=VERTEX_POINT('',#12228);
#4382=VERTEX_POINT('',#12233);
#4383=VERTEX_POINT('',#12234);
#4384=VERTEX_POINT('',#12239);
#4385=VERTEX_POINT('',#12240);
#4386=VERTEX_POINT('',#12245);
#4387=VERTEX_POINT('',#12246);
#4388=VERTEX_POINT('',#12251);
#4389=VERTEX_POINT('',#12252);
#4390=VERTEX_POINT('',#12260);
#4391=VERTEX_POINT('',#12261);
#4392=VERTEX_POINT('',#12263);
#4393=VERTEX_POINT('',#12265);
#4394=VERTEX_POINT('',#12269);
#4395=VERTEX_POINT('',#12270);
#4396=VERTEX_POINT('',#12275);
#4397=VERTEX_POINT('',#12276);
#4398=VERTEX_POINT('',#12281);
#4399=VERTEX_POINT('',#12282);
#4400=VERTEX_POINT('',#12287);
#4401=VERTEX_POINT('',#12288);
#4402=VERTEX_POINT('',#12293);
#4403=VERTEX_POINT('',#12294);
#4404=VERTEX_POINT('',#12299);
#4405=VERTEX_POINT('',#12300);
#4406=VERTEX_POINT('',#12614);
#4407=VERTEX_POINT('',#12615);
#4408=VERTEX_POINT('',#12621);
#4409=VERTEX_POINT('',#12626);
#4410=VERTEX_POINT('',#12630);
#4411=VERTEX_POINT('',#12636);
#4412=VERTEX_POINT('',#12640);
#4413=VERTEX_POINT('',#12644);
#4414=VERTEX_POINT('',#12648);
#4415=VERTEX_POINT('',#12649);
#4416=VERTEX_POINT('',#12657);
#4417=VERTEX_POINT('',#12662);
#4418=LINE('',#10795,#5166);
#4419=LINE('',#10798,#5167);
#4420=LINE('',#10800,#5168);
#4421=LINE('',#10802,#5169);
#4422=LINE('',#10804,#5170);
#4423=LINE('',#10806,#5171);
#4424=LINE('',#10808,#5172);
#4425=LINE('',#10810,#5173);
#4426=LINE('',#10814,#5174);
#4427=LINE('',#10818,#5175);
#4428=LINE('',#10823,#5176);
#4429=LINE('',#10827,#5177);
#4430=LINE('',#10831,#5178);
#4431=LINE('',#10835,#5179);
#4432=LINE('',#10836,#5180);
#4433=LINE('',#10841,#5181);
#4434=LINE('',#10845,#5182);
#4435=LINE('',#10849,#5183);
#4436=LINE('',#10852,#5184);
#4437=LINE('',#10857,#5185);
#4438=LINE('',#10861,#5186);
#4439=LINE('',#10865,#5187);
#4440=LINE('',#10868,#5188);
#4441=LINE('',#10873,#5189);
#4442=LINE('',#10877,#5190);
#4443=LINE('',#10881,#5191);
#4444=LINE('',#10884,#5192);
#4445=LINE('',#10889,#5193);
#4446=LINE('',#10893,#5194);
#4447=LINE('',#10897,#5195);
#4448=LINE('',#10900,#5196);
#4449=LINE('',#10905,#5197);
#4450=LINE('',#10909,#5198);
#4451=LINE('',#10913,#5199);
#4452=LINE('',#10916,#5200);
#4453=LINE('',#10921,#5201);
#4454=LINE('',#10925,#5202);
#4455=LINE('',#10929,#5203);
#4456=LINE('',#10932,#5204);
#4457=LINE('',#10937,#5205);
#4458=LINE('',#10941,#5206);
#4459=LINE('',#10945,#5207);
#4460=LINE('',#10948,#5208);
#4461=LINE('',#10953,#5209);
#4462=LINE('',#10957,#5210);
#4463=LINE('',#10961,#5211);
#4464=LINE('',#10964,#5212);
#4465=LINE('',#10969,#5213);
#4466=LINE('',#10973,#5214);
#4467=LINE('',#10977,#5215);
#4468=LINE('',#10980,#5216);
#4469=LINE('',#10985,#5217);
#4470=LINE('',#10989,#5218);
#4471=LINE('',#10993,#5219);
#4472=LINE('',#10996,#5220);
#4473=LINE('',#11001,#5221);
#4474=LINE('',#11005,#5222);
#4475=LINE('',#11009,#5223);
#4476=LINE('',#11012,#5224);
#4477=LINE('',#11017,#5225);
#4478=LINE('',#11021,#5226);
#4479=LINE('',#11025,#5227);
#4480=LINE('',#11028,#5228);
#4481=LINE('',#11033,#5229);
#4482=LINE('',#11037,#5230);
#4483=LINE('',#11041,#5231);
#4484=LINE('',#11044,#5232);
#4485=LINE('',#11049,#5233);
#4486=LINE('',#11053,#5234);
#4487=LINE('',#11057,#5235);
#4488=LINE('',#11060,#5236);
#4489=LINE('',#11065,#5237);
#4490=LINE('',#11069,#5238);
#4491=LINE('',#11073,#5239);
#4492=LINE('',#11079,#5240);
#4493=LINE('',#11083,#5241);
#4494=LINE('',#11087,#5242);
#4495=LINE('',#11091,#5243);
#4496=LINE('',#11104,#5244);
#4497=LINE('',#11109,#5245);
#4498=LINE('',#11113,#5246);
#4499=LINE('',#11117,#5247);
#4500=LINE('',#11124,#5248);
#4501=LINE('',#11128,#5249);
#4502=LINE('',#11132,#5250);
#4503=LINE('',#11136,#5251);
#4504=LINE('',#11137,#5252);
#4505=LINE('',#11142,#5253);
#4506=LINE('',#11146,#5254);
#4507=LINE('',#11150,#5255);
#4508=LINE('',#11153,#5256);
#4509=LINE('',#11158,#5257);
#4510=LINE('',#11162,#5258);
#4511=LINE('',#11166,#5259);
#4512=LINE('',#11169,#5260);
#4513=LINE('',#11174,#5261);
#4514=LINE('',#11178,#5262);
#4515=LINE('',#11182,#5263);
#4516=LINE('',#11185,#5264);
#4517=LINE('',#11190,#5265);
#4518=LINE('',#11194,#5266);
#4519=LINE('',#11198,#5267);
#4520=LINE('',#11201,#5268);
#4521=LINE('',#11206,#5269);
#4522=LINE('',#11210,#5270);
#4523=LINE('',#11214,#5271);
#4524=LINE('',#11217,#5272);
#4525=LINE('',#11222,#5273);
#4526=LINE('',#11226,#5274);
#4527=LINE('',#11230,#5275);
#4528=LINE('',#11233,#5276);
#4529=LINE('',#11238,#5277);
#4530=LINE('',#11242,#5278);
#4531=LINE('',#11246,#5279);
#4532=LINE('',#11249,#5280);
#4533=LINE('',#11254,#5281);
#4534=LINE('',#11258,#5282);
#4535=LINE('',#11262,#5283);
#4536=LINE('',#11265,#5284);
#4537=LINE('',#11270,#5285);
#4538=LINE('',#11274,#5286);
#4539=LINE('',#11278,#5287);
#4540=LINE('',#11281,#5288);
#4541=LINE('',#11286,#5289);
#4542=LINE('',#11290,#5290);
#4543=LINE('',#11294,#5291);
#4544=LINE('',#11297,#5292);
#4545=LINE('',#11302,#5293);
#4546=LINE('',#11306,#5294);
#4547=LINE('',#11310,#5295);
#4548=LINE('',#11313,#5296);
#4549=LINE('',#11318,#5297);
#4550=LINE('',#11322,#5298);
#4551=LINE('',#11326,#5299);
#4552=LINE('',#11329,#5300);
#4553=LINE('',#11334,#5301);
#4554=LINE('',#11338,#5302);
#4555=LINE('',#11342,#5303);
#4556=LINE('',#11345,#5304);
#4557=LINE('',#11350,#5305);
#4558=LINE('',#11354,#5306);
#4559=LINE('',#11358,#5307);
#4560=LINE('',#11361,#5308);
#4561=LINE('',#11366,#5309);
#4562=LINE('',#11370,#5310);
#4563=LINE('',#11374,#5311);
#4564=LINE('',#11389,#5312);
#4565=LINE('',#11394,#5313);
#4566=LINE('',#11398,#5314);
#4567=LINE('',#11402,#5315);
#4568=LINE('',#11408,#5316);
#4569=LINE('',#11410,#5317);
#4570=LINE('',#11414,#5318);
#4571=LINE('',#11418,#5319);
#4572=LINE('',#11420,#5320);
#4573=LINE('',#11424,#5321);
#4574=LINE('',#11428,#5322);
#4575=LINE('',#11432,#5323);
#4576=LINE('',#11434,#5324);
#4577=LINE('',#11437,#5325);
#4578=LINE('',#11439,#5326);
#4579=LINE('',#11441,#5327);
#4580=LINE('',#11443,#5328);
#4581=LINE('',#11446,#5329);
#4582=LINE('',#11448,#5330);
#4583=LINE('',#11450,#5331);
#4584=LINE('',#11452,#5332);
#4585=LINE('',#11455,#5333);
#4586=LINE('',#11457,#5334);
#4587=LINE('',#11459,#5335);
#4588=LINE('',#11461,#5336);
#4589=LINE('',#11464,#5337);
#4590=LINE('',#11466,#5338);
#4591=LINE('',#11468,#5339);
#4592=LINE('',#11470,#5340);
#4593=LINE('',#11475,#5341);
#4594=LINE('',#11479,#5342);
#4595=LINE('',#11481,#5343);
#4596=LINE('',#11483,#5344);
#4597=LINE('',#11487,#5345);
#4598=LINE('',#11491,#5346);
#4599=LINE('',#11493,#5347);
#4600=LINE('',#11495,#5348);
#4601=LINE('',#11499,#5349);
#4602=LINE('',#11503,#5350);
#4603=LINE('',#11505,#5351);
#4604=LINE('',#11507,#5352);
#4605=LINE('',#11511,#5353);
#4606=LINE('',#11515,#5354);
#4607=LINE('',#11516,#5355);
#4608=LINE('',#11518,#5356);
#4609=LINE('',#11521,#5357);
#4610=LINE('',#11523,#5358);
#4611=LINE('',#11525,#5359);
#4612=LINE('',#11542,#5360);
#4613=LINE('',#11545,#5361);
#4614=LINE('',#11547,#5362);
#4615=LINE('',#11549,#5363);
#4616=LINE('',#11566,#5364);
#4617=LINE('',#11569,#5365);
#4618=LINE('',#11571,#5366);
#4619=LINE('',#11573,#5367);
#4620=LINE('',#11587,#5368);
#4621=LINE('',#11592,#5369);
#4622=LINE('',#11596,#5370);
#4623=LINE('',#11599,#5371);
#4624=LINE('',#11600,#5372);
#4625=LINE('',#11602,#5373);
#4626=LINE('',#11608,#5374);
#4627=LINE('',#11611,#5375);
#4628=LINE('',#11612,#5376);
#4629=LINE('',#11614,#5377);
#4630=LINE('',#11620,#5378);
#4631=LINE('',#11623,#5379);
#4632=LINE('',#11624,#5380);
#4633=LINE('',#11626,#5381);
#4634=LINE('',#11632,#5382);
#4635=LINE('',#11633,#5383);
#4636=LINE('',#11635,#5384);
#4637=LINE('',#11640,#5385);
#4638=LINE('',#11644,#5386);
#4639=LINE('',#11647,#5387);
#4640=LINE('',#11648,#5388);
#4641=LINE('',#11650,#5389);
#4642=LINE('',#11656,#5390);
#4643=LINE('',#11659,#5391);
#4644=LINE('',#11660,#5392);
#4645=LINE('',#11662,#5393);
#4646=LINE('',#11668,#5394);
#4647=LINE('',#11671,#5395);
#4648=LINE('',#11672,#5396);
#4649=LINE('',#11674,#5397);
#4650=LINE('',#11680,#5398);
#4651=LINE('',#11681,#5399);
#4652=LINE('',#11683,#5400);
#4653=LINE('',#11688,#5401);
#4654=LINE('',#11692,#5402);
#4655=LINE('',#11695,#5403);
#4656=LINE('',#11696,#5404);
#4657=LINE('',#11698,#5405);
#4658=LINE('',#11704,#5406);
#4659=LINE('',#11707,#5407);
#4660=LINE('',#11708,#5408);
#4661=LINE('',#11710,#5409);
#4662=LINE('',#11716,#5410);
#4663=LINE('',#11719,#5411);
#4664=LINE('',#11720,#5412);
#4665=LINE('',#11722,#5413);
#4666=LINE('',#11728,#5414);
#4667=LINE('',#11729,#5415);
#4668=LINE('',#11731,#5416);
#4669=LINE('',#11736,#5417);
#4670=LINE('',#11740,#5418);
#4671=LINE('',#11743,#5419);
#4672=LINE('',#11744,#5420);
#4673=LINE('',#11746,#5421);
#4674=LINE('',#11752,#5422);
#4675=LINE('',#11755,#5423);
#4676=LINE('',#11756,#5424);
#4677=LINE('',#11758,#5425);
#4678=LINE('',#11764,#5426);
#4679=LINE('',#11767,#5427);
#4680=LINE('',#11768,#5428);
#4681=LINE('',#11770,#5429);
#4682=LINE('',#11776,#5430);
#4683=LINE('',#11777,#5431);
#4684=LINE('',#11779,#5432);
#4685=LINE('',#11784,#5433);
#4686=LINE('',#11788,#5434);
#4687=LINE('',#11791,#5435);
#4688=LINE('',#11792,#5436);
#4689=LINE('',#11794,#5437);
#4690=LINE('',#11800,#5438);
#4691=LINE('',#11803,#5439);
#4692=LINE('',#11804,#5440);
#4693=LINE('',#11806,#5441);
#4694=LINE('',#11812,#5442);
#4695=LINE('',#11815,#5443);
#4696=LINE('',#11816,#5444);
#4697=LINE('',#11818,#5445);
#4698=LINE('',#11824,#5446);
#4699=LINE('',#11825,#5447);
#4700=LINE('',#11827,#5448);
#4701=LINE('',#11832,#5449);
#4702=LINE('',#11836,#5450);
#4703=LINE('',#11839,#5451);
#4704=LINE('',#11840,#5452);
#4705=LINE('',#11842,#5453);
#4706=LINE('',#11848,#5454);
#4707=LINE('',#11851,#5455);
#4708=LINE('',#11852,#5456);
#4709=LINE('',#11854,#5457);
#4710=LINE('',#11860,#5458);
#4711=LINE('',#11863,#5459);
#4712=LINE('',#11864,#5460);
#4713=LINE('',#11866,#5461);
#4714=LINE('',#11872,#5462);
#4715=LINE('',#11873,#5463);
#4716=LINE('',#11875,#5464);
#4717=LINE('',#11880,#5465);
#4718=LINE('',#11884,#5466);
#4719=LINE('',#11887,#5467);
#4720=LINE('',#11888,#5468);
#4721=LINE('',#11890,#5469);
#4722=LINE('',#11896,#5470);
#4723=LINE('',#11899,#5471);
#4724=LINE('',#11900,#5472);
#4725=LINE('',#11902,#5473);
#4726=LINE('',#11908,#5474);
#4727=LINE('',#11911,#5475);
#4728=LINE('',#11912,#5476);
#4729=LINE('',#11914,#5477);
#4730=LINE('',#11920,#5478);
#4731=LINE('',#11921,#5479);
#4732=LINE('',#11923,#5480);
#4733=LINE('',#11928,#5481);
#4734=LINE('',#11932,#5482);
#4735=LINE('',#11935,#5483);
#4736=LINE('',#11936,#5484);
#4737=LINE('',#11938,#5485);
#4738=LINE('',#11944,#5486);
#4739=LINE('',#11947,#5487);
#4740=LINE('',#11948,#5488);
#4741=LINE('',#11950,#5489);
#4742=LINE('',#11956,#5490);
#4743=LINE('',#11959,#5491);
#4744=LINE('',#11960,#5492);
#4745=LINE('',#11962,#5493);
#4746=LINE('',#11968,#5494);
#4747=LINE('',#11969,#5495);
#4748=LINE('',#11971,#5496);
#4749=LINE('',#11976,#5497);
#4750=LINE('',#11980,#5498);
#4751=LINE('',#11983,#5499);
#4752=LINE('',#11984,#5500);
#4753=LINE('',#11986,#5501);
#4754=LINE('',#11992,#5502);
#4755=LINE('',#11995,#5503);
#4756=LINE('',#11996,#5504);
#4757=LINE('',#11998,#5505);
#4758=LINE('',#12004,#5506);
#4759=LINE('',#12007,#5507);
#4760=LINE('',#12008,#5508);
#4761=LINE('',#12010,#5509);
#4762=LINE('',#12016,#5510);
#4763=LINE('',#12017,#5511);
#4764=LINE('',#12019,#5512);
#4765=LINE('',#12024,#5513);
#4766=LINE('',#12028,#5514);
#4767=LINE('',#12031,#5515);
#4768=LINE('',#12032,#5516);
#4769=LINE('',#12034,#5517);
#4770=LINE('',#12040,#5518);
#4771=LINE('',#12043,#5519);
#4772=LINE('',#12044,#5520);
#4773=LINE('',#12046,#5521);
#4774=LINE('',#12052,#5522);
#4775=LINE('',#12055,#5523);
#4776=LINE('',#12056,#5524);
#4777=LINE('',#12058,#5525);
#4778=LINE('',#12064,#5526);
#4779=LINE('',#12065,#5527);
#4780=LINE('',#12067,#5528);
#4781=LINE('',#12072,#5529);
#4782=LINE('',#12076,#5530);
#4783=LINE('',#12079,#5531);
#4784=LINE('',#12080,#5532);
#4785=LINE('',#12082,#5533);
#4786=LINE('',#12088,#5534);
#4787=LINE('',#12091,#5535);
#4788=LINE('',#12092,#5536);
#4789=LINE('',#12094,#5537);
#4790=LINE('',#12100,#5538);
#4791=LINE('',#12103,#5539);
#4792=LINE('',#12104,#5540);
#4793=LINE('',#12106,#5541);
#4794=LINE('',#12112,#5542);
#4795=LINE('',#12113,#5543);
#4796=LINE('',#12115,#5544);
#4797=LINE('',#12120,#5545);
#4798=LINE('',#12124,#5546);
#4799=LINE('',#12127,#5547);
#4800=LINE('',#12128,#5548);
#4801=LINE('',#12130,#5549);
#4802=LINE('',#12136,#5550);
#4803=LINE('',#12139,#5551);
#4804=LINE('',#12140,#5552);
#4805=LINE('',#12142,#5553);
#4806=LINE('',#12148,#5554);
#4807=LINE('',#12151,#5555);
#4808=LINE('',#12152,#5556);
#4809=LINE('',#12154,#5557);
#4810=LINE('',#12160,#5558);
#4811=LINE('',#12161,#5559);
#4812=LINE('',#12163,#5560);
#4813=LINE('',#12168,#5561);
#4814=LINE('',#12172,#5562);
#4815=LINE('',#12175,#5563);
#4816=LINE('',#12176,#5564);
#4817=LINE('',#12178,#5565);
#4818=LINE('',#12184,#5566);
#4819=LINE('',#12187,#5567);
#4820=LINE('',#12188,#5568);
#4821=LINE('',#12190,#5569);
#4822=LINE('',#12196,#5570);
#4823=LINE('',#12199,#5571);
#4824=LINE('',#12200,#5572);
#4825=LINE('',#12202,#5573);
#4826=LINE('',#12208,#5574);
#4827=LINE('',#12209,#5575);
#4828=LINE('',#12211,#5576);
#4829=LINE('',#12216,#5577);
#4830=LINE('',#12220,#5578);
#4831=LINE('',#12223,#5579);
#4832=LINE('',#12224,#5580);
#4833=LINE('',#12226,#5581);
#4834=LINE('',#12232,#5582);
#4835=LINE('',#12235,#5583);
#4836=LINE('',#12236,#5584);
#4837=LINE('',#12238,#5585);
#4838=LINE('',#12244,#5586);
#4839=LINE('',#12247,#5587);
#4840=LINE('',#12248,#5588);
#4841=LINE('',#12250,#5589);
#4842=LINE('',#12256,#5590);
#4843=LINE('',#12257,#5591);
#4844=LINE('',#12259,#5592);
#4845=LINE('',#12264,#5593);
#4846=LINE('',#12268,#5594);
#4847=LINE('',#12271,#5595);
#4848=LINE('',#12272,#5596);
#4849=LINE('',#12274,#5597);
#4850=LINE('',#12280,#5598);
#4851=LINE('',#12283,#5599);
#4852=LINE('',#12284,#5600);
#4853=LINE('',#12286,#5601);
#4854=LINE('',#12292,#5602);
#4855=LINE('',#12295,#5603);
#4856=LINE('',#12296,#5604);
#4857=LINE('',#12298,#5605);
#4858=LINE('',#12304,#5606);
#4859=LINE('',#12305,#5607);
#4860=LINE('',#12319,#5608);
#4861=LINE('',#12320,#5609);
#4862=LINE('',#12322,#5610);
#4863=LINE('',#12324,#5611);
#4864=LINE('',#12326,#5612);
#4865=LINE('',#12328,#5613);
#4866=LINE('',#12330,#5614);
#4867=LINE('',#12332,#5615);
#4868=LINE('',#12335,#5616);
#4869=LINE('',#12336,#5617);
#4870=LINE('',#12338,#5618);
#4871=LINE('',#12340,#5619);
#4872=LINE('',#12342,#5620);
#4873=LINE('',#12344,#5621);
#4874=LINE('',#12346,#5622);
#4875=LINE('',#12348,#5623);
#4876=LINE('',#12351,#5624);
#4877=LINE('',#12352,#5625);
#4878=LINE('',#12354,#5626);
#4879=LINE('',#12356,#5627);
#4880=LINE('',#12358,#5628);
#4881=LINE('',#12360,#5629);
#4882=LINE('',#12362,#5630);
#4883=LINE('',#12364,#5631);
#4884=LINE('',#12367,#5632);
#4885=LINE('',#12368,#5633);
#4886=LINE('',#12370,#5634);
#4887=LINE('',#12372,#5635);
#4888=LINE('',#12374,#5636);
#4889=LINE('',#12376,#5637);
#4890=LINE('',#12378,#5638);
#4891=LINE('',#12380,#5639);
#4892=LINE('',#12383,#5640);
#4893=LINE('',#12384,#5641);
#4894=LINE('',#12386,#5642);
#4895=LINE('',#12388,#5643);
#4896=LINE('',#12390,#5644);
#4897=LINE('',#12392,#5645);
#4898=LINE('',#12394,#5646);
#4899=LINE('',#12396,#5647);
#4900=LINE('',#12399,#5648);
#4901=LINE('',#12400,#5649);
#4902=LINE('',#12402,#5650);
#4903=LINE('',#12404,#5651);
#4904=LINE('',#12406,#5652);
#4905=LINE('',#12408,#5653);
#4906=LINE('',#12410,#5654);
#4907=LINE('',#12412,#5655);
#4908=LINE('',#12415,#5656);
#4909=LINE('',#12416,#5657);
#4910=LINE('',#12418,#5658);
#4911=LINE('',#12420,#5659);
#4912=LINE('',#12422,#5660);
#4913=LINE('',#12424,#5661);
#4914=LINE('',#12426,#5662);
#4915=LINE('',#12428,#5663);
#4916=LINE('',#12431,#5664);
#4917=LINE('',#12432,#5665);
#4918=LINE('',#12434,#5666);
#4919=LINE('',#12436,#5667);
#4920=LINE('',#12438,#5668);
#4921=LINE('',#12440,#5669);
#4922=LINE('',#12442,#5670);
#4923=LINE('',#12444,#5671);
#4924=LINE('',#12447,#5672);
#4925=LINE('',#12448,#5673);
#4926=LINE('',#12450,#5674);
#4927=LINE('',#12452,#5675);
#4928=LINE('',#12454,#5676);
#4929=LINE('',#12456,#5677);
#4930=LINE('',#12458,#5678);
#4931=LINE('',#12460,#5679);
#4932=LINE('',#12463,#5680);
#4933=LINE('',#12464,#5681);
#4934=LINE('',#12466,#5682);
#4935=LINE('',#12468,#5683);
#4936=LINE('',#12470,#5684);
#4937=LINE('',#12472,#5685);
#4938=LINE('',#12474,#5686);
#4939=LINE('',#12476,#5687);
#4940=LINE('',#12479,#5688);
#4941=LINE('',#12480,#5689);
#4942=LINE('',#12482,#5690);
#4943=LINE('',#12484,#5691);
#4944=LINE('',#12486,#5692);
#4945=LINE('',#12488,#5693);
#4946=LINE('',#12490,#5694);
#4947=LINE('',#12492,#5695);
#4948=LINE('',#12495,#5696);
#4949=LINE('',#12496,#5697);
#4950=LINE('',#12498,#5698);
#4951=LINE('',#12500,#5699);
#4952=LINE('',#12502,#5700);
#4953=LINE('',#12504,#5701);
#4954=LINE('',#12506,#5702);
#4955=LINE('',#12508,#5703);
#4956=LINE('',#12511,#5704);
#4957=LINE('',#12512,#5705);
#4958=LINE('',#12514,#5706);
#4959=LINE('',#12516,#5707);
#4960=LINE('',#12518,#5708);
#4961=LINE('',#12520,#5709);
#4962=LINE('',#12522,#5710);
#4963=LINE('',#12524,#5711);
#4964=LINE('',#12527,#5712);
#4965=LINE('',#12528,#5713);
#4966=LINE('',#12530,#5714);
#4967=LINE('',#12532,#5715);
#4968=LINE('',#12534,#5716);
#4969=LINE('',#12536,#5717);
#4970=LINE('',#12538,#5718);
#4971=LINE('',#12540,#5719);
#4972=LINE('',#12543,#5720);
#4973=LINE('',#12544,#5721);
#4974=LINE('',#12546,#5722);
#4975=LINE('',#12548,#5723);
#4976=LINE('',#12550,#5724);
#4977=LINE('',#12552,#5725);
#4978=LINE('',#12554,#5726);
#4979=LINE('',#12556,#5727);
#4980=LINE('',#12559,#5728);
#4981=LINE('',#12560,#5729);
#4982=LINE('',#12562,#5730);
#4983=LINE('',#12564,#5731);
#4984=LINE('',#12566,#5732);
#4985=LINE('',#12568,#5733);
#4986=LINE('',#12570,#5734);
#4987=LINE('',#12572,#5735);
#4988=LINE('',#12575,#5736);
#4989=LINE('',#12576,#5737);
#4990=LINE('',#12578,#5738);
#4991=LINE('',#12580,#5739);
#4992=LINE('',#12582,#5740);
#4993=LINE('',#12584,#5741);
#4994=LINE('',#12586,#5742);
#4995=LINE('',#12588,#5743);
#4996=LINE('',#12597,#5744);
#4997=LINE('',#12598,#5745);
#4998=LINE('',#12600,#5746);
#4999=LINE('',#12602,#5747);
#5000=LINE('',#12604,#5748);
#5001=LINE('',#12606,#5749);
#5002=LINE('',#12608,#5750);
#5003=LINE('',#12610,#5751);
#5004=LINE('',#12622,#5752);
#5005=LINE('',#12623,#5753);
#5006=LINE('',#12625,#5754);
#5007=LINE('',#12627,#5755);
#5008=LINE('',#12629,#5756);
#5009=LINE('',#12639,#5757);
#5010=LINE('',#12645,#5758);
#5011=LINE('',#12647,#5759);
#5012=LINE('',#12650,#5760);
#5013=LINE('',#12651,#5761);
#5014=LINE('',#12653,#5762);
#5015=LINE('',#12654,#5763);
#5016=LINE('',#12656,#5764);
#5017=LINE('',#12658,#5765);
#5018=LINE('',#12659,#5766);
#5019=LINE('',#12661,#5767);
#5020=LINE('',#12663,#5768);
#5021=LINE('',#12664,#5769);
#5022=LINE('',#12666,#5770);
#5023=LINE('',#12667,#5771);
#5024=LINE('',#12669,#5772);
#5025=LINE('',#12671,#5773);
#5026=LINE('',#12673,#5774);
#5027=LINE('',#12675,#5775);
#5028=LINE('',#12677,#5776);
#5029=LINE('',#12679,#5777);
#5030=LINE('',#12682,#5778);
#5031=LINE('',#12683,#5779);
#5032=LINE('',#12685,#5780);
#5033=LINE('',#12687,#5781);
#5034=LINE('',#12689,#5782);
#5035=LINE('',#12691,#5783);
#5036=LINE('',#12693,#5784);
#5037=LINE('',#12695,#5785);
#5038=LINE('',#12698,#5786);
#5039=LINE('',#12699,#5787);
#5040=LINE('',#12701,#5788);
#5041=LINE('',#12703,#5789);
#5042=LINE('',#12705,#5790);
#5043=LINE('',#12707,#5791);
#5044=LINE('',#12709,#5792);
#5045=LINE('',#12711,#5793);
#5046=LINE('',#12714,#5794);
#5047=LINE('',#12715,#5795);
#5048=LINE('',#12717,#5796);
#5049=LINE('',#12719,#5797);
#5050=LINE('',#12721,#5798);
#5051=LINE('',#12723,#5799);
#5052=LINE('',#12725,#5800);
#5053=LINE('',#12727,#5801);
#5054=LINE('',#12730,#5802);
#5055=LINE('',#12731,#5803);
#5056=LINE('',#12733,#5804);
#5057=LINE('',#12735,#5805);
#5058=LINE('',#12737,#5806);
#5059=LINE('',#12739,#5807);
#5060=LINE('',#12741,#5808);
#5061=LINE('',#12743,#5809);
#5062=LINE('',#12746,#5810);
#5063=LINE('',#12747,#5811);
#5064=LINE('',#12749,#5812);
#5065=LINE('',#12751,#5813);
#5066=LINE('',#12753,#5814);
#5067=LINE('',#12755,#5815);
#5068=LINE('',#12757,#5816);
#5069=LINE('',#12759,#5817);
#5070=LINE('',#12762,#5818);
#5071=LINE('',#12763,#5819);
#5072=LINE('',#12765,#5820);
#5073=LINE('',#12767,#5821);
#5074=LINE('',#12769,#5822);
#5075=LINE('',#12771,#5823);
#5076=LINE('',#12773,#5824);
#5077=LINE('',#12775,#5825);
#5078=LINE('',#12778,#5826);
#5079=LINE('',#12779,#5827);
#5080=LINE('',#12781,#5828);
#5081=LINE('',#12783,#5829);
#5082=LINE('',#12785,#5830);
#5083=LINE('',#12787,#5831);
#5084=LINE('',#12789,#5832);
#5085=LINE('',#12791,#5833);
#5086=LINE('',#12794,#5834);
#5087=LINE('',#12795,#5835);
#5088=LINE('',#12797,#5836);
#5089=LINE('',#12799,#5837);
#5090=LINE('',#12801,#5838);
#5091=LINE('',#12803,#5839);
#5092=LINE('',#12805,#5840);
#5093=LINE('',#12807,#5841);
#5094=LINE('',#12810,#5842);
#5095=LINE('',#12811,#5843);
#5096=LINE('',#12813,#5844);
#5097=LINE('',#12815,#5845);
#5098=LINE('',#12817,#5846);
#5099=LINE('',#12819,#5847);
#5100=LINE('',#12821,#5848);
#5101=LINE('',#12823,#5849);
#5102=LINE('',#12826,#5850);
#5103=LINE('',#12827,#5851);
#5104=LINE('',#12829,#5852);
#5105=LINE('',#12831,#5853);
#5106=LINE('',#12833,#5854);
#5107=LINE('',#12835,#5855);
#5108=LINE('',#12837,#5856);
#5109=LINE('',#12839,#5857);
#5110=LINE('',#12842,#5858);
#5111=LINE('',#12843,#5859);
#5112=LINE('',#12845,#5860);
#5113=LINE('',#12847,#5861);
#5114=LINE('',#12849,#5862);
#5115=LINE('',#12851,#5863);
#5116=LINE('',#12853,#5864);
#5117=LINE('',#12855,#5865);
#5118=LINE('',#12858,#5866);
#5119=LINE('',#12859,#5867);
#5120=LINE('',#12861,#5868);
#5121=LINE('',#12863,#5869);
#5122=LINE('',#12865,#5870);
#5123=LINE('',#12867,#5871);
#5124=LINE('',#12869,#5872);
#5125=LINE('',#12871,#5873);
#5126=LINE('',#12874,#5874);
#5127=LINE('',#12875,#5875);
#5128=LINE('',#12877,#5876);
#5129=LINE('',#12879,#5877);
#5130=LINE('',#12881,#5878);
#5131=LINE('',#12883,#5879);
#5132=LINE('',#12885,#5880);
#5133=LINE('',#12887,#5881);
#5134=LINE('',#12890,#5882);
#5135=LINE('',#12891,#5883);
#5136=LINE('',#12893,#5884);
#5137=LINE('',#12895,#5885);
#5138=LINE('',#12897,#5886);
#5139=LINE('',#12899,#5887);
#5140=LINE('',#12901,#5888);
#5141=LINE('',#12903,#5889);
#5142=LINE('',#12906,#5890);
#5143=LINE('',#12907,#5891);
#5144=LINE('',#12909,#5892);
#5145=LINE('',#12911,#5893);
#5146=LINE('',#12913,#5894);
#5147=LINE('',#12915,#5895);
#5148=LINE('',#12917,#5896);
#5149=LINE('',#12919,#5897);
#5150=LINE('',#12928,#5898);
#5151=LINE('',#12929,#5899);
#5152=LINE('',#12931,#5900);
#5153=LINE('',#12933,#5901);
#5154=LINE('',#12935,#5902);
#5155=LINE('',#12937,#5903);
#5156=LINE('',#12939,#5904);
#5157=LINE('',#12941,#5905);
#5158=LINE('',#12944,#5906);
#5159=LINE('',#12946,#5907);
#5160=LINE('',#12948,#5908);
#5161=LINE('',#12950,#5909);
#5162=LINE('',#12952,#5910);
#5163=LINE('',#12954,#5911);
#5164=LINE('',#12956,#5912);
#5165=LINE('',#12958,#5913);
#5166=VECTOR('',#8471,1.);
#5167=VECTOR('',#8472,1.);
#5168=VECTOR('',#8473,1.);
#5169=VECTOR('',#8474,1.);
#5170=VECTOR('',#8475,1.);
#5171=VECTOR('',#8476,1.);
#5172=VECTOR('',#8477,1.);
#5173=VECTOR('',#8478,1.);
#5174=VECTOR('',#8481,1.);
#5175=VECTOR('',#8484,1.);
#5176=VECTOR('',#8489,1.);
#5177=VECTOR('',#8492,1.);
#5178=VECTOR('',#8495,1.);
#5179=VECTOR('',#8498,1.);
#5180=VECTOR('',#8499,1.);
#5181=VECTOR('',#8502,1.);
#5182=VECTOR('',#8505,1.);
#5183=VECTOR('',#8508,1.);
#5184=VECTOR('',#8511,1.);
#5185=VECTOR('',#8514,1.);
#5186=VECTOR('',#8517,1.);
#5187=VECTOR('',#8520,1.);
#5188=VECTOR('',#8523,1.);
#5189=VECTOR('',#8526,1.);
#5190=VECTOR('',#8529,1.);
#5191=VECTOR('',#8532,1.);
#5192=VECTOR('',#8535,1.);
#5193=VECTOR('',#8538,1.);
#5194=VECTOR('',#8541,1.);
#5195=VECTOR('',#8544,1.);
#5196=VECTOR('',#8547,1.);
#5197=VECTOR('',#8550,1.);
#5198=VECTOR('',#8553,1.);
#5199=VECTOR('',#8556,1.);
#5200=VECTOR('',#8559,1.);
#5201=VECTOR('',#8562,1.);
#5202=VECTOR('',#8565,1.);
#5203=VECTOR('',#8568,1.);
#5204=VECTOR('',#8571,1.);
#5205=VECTOR('',#8574,1.);
#5206=VECTOR('',#8577,1.);
#5207=VECTOR('',#8580,1.);
#5208=VECTOR('',#8583,1.);
#5209=VECTOR('',#8586,1.);
#5210=VECTOR('',#8589,1.);
#5211=VECTOR('',#8592,1.);
#5212=VECTOR('',#8595,1.);
#5213=VECTOR('',#8598,1.);
#5214=VECTOR('',#8601,1.);
#5215=VECTOR('',#8604,1.);
#5216=VECTOR('',#8607,1.);
#5217=VECTOR('',#8610,1.);
#5218=VECTOR('',#8613,1.);
#5219=VECTOR('',#8616,1.);
#5220=VECTOR('',#8619,1.);
#5221=VECTOR('',#8622,1.);
#5222=VECTOR('',#8625,1.);
#5223=VECTOR('',#8628,1.);
#5224=VECTOR('',#8631,1.);
#5225=VECTOR('',#8634,1.);
#5226=VECTOR('',#8637,1.);
#5227=VECTOR('',#8640,1.);
#5228=VECTOR('',#8643,1.);
#5229=VECTOR('',#8646,1.);
#5230=VECTOR('',#8649,1.);
#5231=VECTOR('',#8652,1.);
#5232=VECTOR('',#8655,1.);
#5233=VECTOR('',#8658,1.);
#5234=VECTOR('',#8661,1.);
#5235=VECTOR('',#8664,1.);
#5236=VECTOR('',#8667,1.);
#5237=VECTOR('',#8670,1.);
#5238=VECTOR('',#8673,1.);
#5239=VECTOR('',#8676,1.);
#5240=VECTOR('',#8681,1.);
#5241=VECTOR('',#8684,1.);
#5242=VECTOR('',#8687,1.);
#5243=VECTOR('',#8690,1.);
#5244=VECTOR('',#8703,1.);
#5245=VECTOR('',#8706,1.);
#5246=VECTOR('',#8709,1.);
#5247=VECTOR('',#8712,1.);
#5248=VECTOR('',#8719,1.);
#5249=VECTOR('',#8722,1.);
#5250=VECTOR('',#8725,1.);
#5251=VECTOR('',#8728,1.);
#5252=VECTOR('',#8729,1.);
#5253=VECTOR('',#8732,1.);
#5254=VECTOR('',#8735,1.);
#5255=VECTOR('',#8738,1.);
#5256=VECTOR('',#8741,1.);
#5257=VECTOR('',#8744,1.);
#5258=VECTOR('',#8747,1.);
#5259=VECTOR('',#8750,1.);
#5260=VECTOR('',#8753,1.);
#5261=VECTOR('',#8756,1.);
#5262=VECTOR('',#8759,1.);
#5263=VECTOR('',#8762,1.);
#5264=VECTOR('',#8765,1.);
#5265=VECTOR('',#8768,1.);
#5266=VECTOR('',#8771,1.);
#5267=VECTOR('',#8774,1.);
#5268=VECTOR('',#8777,1.);
#5269=VECTOR('',#8780,1.);
#5270=VECTOR('',#8783,1.);
#5271=VECTOR('',#8786,1.);
#5272=VECTOR('',#8789,1.);
#5273=VECTOR('',#8792,1.);
#5274=VECTOR('',#8795,1.);
#5275=VECTOR('',#8798,1.);
#5276=VECTOR('',#8801,1.);
#5277=VECTOR('',#8804,1.);
#5278=VECTOR('',#8807,1.);
#5279=VECTOR('',#8810,1.);
#5280=VECTOR('',#8813,1.);
#5281=VECTOR('',#8816,1.);
#5282=VECTOR('',#8819,1.);
#5283=VECTOR('',#8822,1.);
#5284=VECTOR('',#8825,1.);
#5285=VECTOR('',#8828,1.);
#5286=VECTOR('',#8831,1.);
#5287=VECTOR('',#8834,1.);
#5288=VECTOR('',#8837,1.);
#5289=VECTOR('',#8840,1.);
#5290=VECTOR('',#8843,1.);
#5291=VECTOR('',#8846,1.);
#5292=VECTOR('',#8849,1.);
#5293=VECTOR('',#8852,1.);
#5294=VECTOR('',#8855,1.);
#5295=VECTOR('',#8858,1.);
#5296=VECTOR('',#8861,1.);
#5297=VECTOR('',#8864,1.);
#5298=VECTOR('',#8867,1.);
#5299=VECTOR('',#8870,1.);
#5300=VECTOR('',#8873,1.);
#5301=VECTOR('',#8876,1.);
#5302=VECTOR('',#8879,1.);
#5303=VECTOR('',#8882,1.);
#5304=VECTOR('',#8885,1.);
#5305=VECTOR('',#8888,1.);
#5306=VECTOR('',#8891,1.);
#5307=VECTOR('',#8894,1.);
#5308=VECTOR('',#8897,1.);
#5309=VECTOR('',#8900,1.);
#5310=VECTOR('',#8903,1.);
#5311=VECTOR('',#8906,1.);
#5312=VECTOR('',#8921,1.);
#5313=VECTOR('',#8924,1.);
#5314=VECTOR('',#8927,1.);
#5315=VECTOR('',#8930,1.);
#5316=VECTOR('',#8935,1.);
#5317=VECTOR('',#8936,1.);
#5318=VECTOR('',#8939,1.);
#5319=VECTOR('',#8942,1.);
#5320=VECTOR('',#8943,1.);
#5321=VECTOR('',#8946,1.);
#5322=VECTOR('',#8949,1.);
#5323=VECTOR('',#8952,1.);
#5324=VECTOR('',#8955,1.);
#5325=VECTOR('',#8956,1.);
#5326=VECTOR('',#8957,1.);
#5327=VECTOR('',#8958,1.);
#5328=VECTOR('',#8961,1.);
#5329=VECTOR('',#8962,1.);
#5330=VECTOR('',#8963,1.);
#5331=VECTOR('',#8964,1.);
#5332=VECTOR('',#8967,1.);
#5333=VECTOR('',#8968,1.);
#5334=VECTOR('',#8969,1.);
#5335=VECTOR('',#8970,1.);
#5336=VECTOR('',#8973,1.);
#5337=VECTOR('',#8974,1.);
#5338=VECTOR('',#8975,1.);
#5339=VECTOR('',#8976,1.);
#5340=VECTOR('',#8979,1.);
#5341=VECTOR('',#8982,1.);
#5342=VECTOR('',#8987,1.);
#5343=VECTOR('',#8988,1.);
#5344=VECTOR('',#8989,1.);
#5345=VECTOR('',#8994,1.);
#5346=VECTOR('',#8999,1.);
#5347=VECTOR('',#9000,1.);
#5348=VECTOR('',#9001,1.);
#5349=VECTOR('',#9006,1.);
#5350=VECTOR('',#9011,1.);
#5351=VECTOR('',#9012,1.);
#5352=VECTOR('',#9013,1.);
#5353=VECTOR('',#9018,1.);
#5354=VECTOR('',#9023,1.);
#5355=VECTOR('',#9024,1.);
#5356=VECTOR('',#9027,1.);
#5357=VECTOR('',#9028,1.);
#5358=VECTOR('',#9029,1.);
#5359=VECTOR('',#9030,1.);
#5360=VECTOR('',#9051,1.);
#5361=VECTOR('',#9052,1.);
#5362=VECTOR('',#9053,1.);
#5363=VECTOR('',#9054,1.);
#5364=VECTOR('',#9075,1.);
#5365=VECTOR('',#9076,1.);
#5366=VECTOR('',#9077,1.);
#5367=VECTOR('',#9078,1.);
#5368=VECTOR('',#9105,1.);
#5369=VECTOR('',#9108,1.);
#5370=VECTOR('',#9113,1.);
#5371=VECTOR('',#9114,1.);
#5372=VECTOR('',#9115,1.);
#5373=VECTOR('',#9118,1.);
#5374=VECTOR('',#9125,1.);
#5375=VECTOR('',#9126,1.);
#5376=VECTOR('',#9127,1.);
#5377=VECTOR('',#9130,1.);
#5378=VECTOR('',#9137,1.);
#5379=VECTOR('',#9138,1.);
#5380=VECTOR('',#9139,1.);
#5381=VECTOR('',#9142,1.);
#5382=VECTOR('',#9149,1.);
#5383=VECTOR('',#9150,1.);
#5384=VECTOR('',#9153,1.);
#5385=VECTOR('',#9156,1.);
#5386=VECTOR('',#9161,1.);
#5387=VECTOR('',#9162,1.);
#5388=VECTOR('',#9163,1.);
#5389=VECTOR('',#9166,1.);
#5390=VECTOR('',#9173,1.);
#5391=VECTOR('',#9174,1.);
#5392=VECTOR('',#9175,1.);
#5393=VECTOR('',#9178,1.);
#5394=VECTOR('',#9185,1.);
#5395=VECTOR('',#9186,1.);
#5396=VECTOR('',#9187,1.);
#5397=VECTOR('',#9190,1.);
#5398=VECTOR('',#9197,1.);
#5399=VECTOR('',#9198,1.);
#5400=VECTOR('',#9201,1.);
#5401=VECTOR('',#9204,1.);
#5402=VECTOR('',#9209,1.);
#5403=VECTOR('',#9210,1.);
#5404=VECTOR('',#9211,1.);
#5405=VECTOR('',#9214,1.);
#5406=VECTOR('',#9221,1.);
#5407=VECTOR('',#9222,1.);
#5408=VECTOR('',#9223,1.);
#5409=VECTOR('',#9226,1.);
#5410=VECTOR('',#9233,1.);
#5411=VECTOR('',#9234,1.);
#5412=VECTOR('',#9235,1.);
#5413=VECTOR('',#9238,1.);
#5414=VECTOR('',#9245,1.);
#5415=VECTOR('',#9246,1.);
#5416=VECTOR('',#9249,1.);
#5417=VECTOR('',#9252,1.);
#5418=VECTOR('',#9257,1.);
#5419=VECTOR('',#9258,1.);
#5420=VECTOR('',#9259,1.);
#5421=VECTOR('',#9262,1.);
#5422=VECTOR('',#9269,1.);
#5423=VECTOR('',#9270,1.);
#5424=VECTOR('',#9271,1.);
#5425=VECTOR('',#9274,1.);
#5426=VECTOR('',#9281,1.);
#5427=VECTOR('',#9282,1.);
#5428=VECTOR('',#9283,1.);
#5429=VECTOR('',#9286,1.);
#5430=VECTOR('',#9293,1.);
#5431=VECTOR('',#9294,1.);
#5432=VECTOR('',#9297,1.);
#5433=VECTOR('',#9300,1.);
#5434=VECTOR('',#9305,1.);
#5435=VECTOR('',#9306,1.);
#5436=VECTOR('',#9307,1.);
#5437=VECTOR('',#9310,1.);
#5438=VECTOR('',#9317,1.);
#5439=VECTOR('',#9318,1.);
#5440=VECTOR('',#9319,1.);
#5441=VECTOR('',#9322,1.);
#5442=VECTOR('',#9329,1.);
#5443=VECTOR('',#9330,1.);
#5444=VECTOR('',#9331,1.);
#5445=VECTOR('',#9334,1.);
#5446=VECTOR('',#9341,1.);
#5447=VECTOR('',#9342,1.);
#5448=VECTOR('',#9345,1.);
#5449=VECTOR('',#9348,1.);
#5450=VECTOR('',#9353,1.);
#5451=VECTOR('',#9354,1.);
#5452=VECTOR('',#9355,1.);
#5453=VECTOR('',#9358,1.);
#5454=VECTOR('',#9365,1.);
#5455=VECTOR('',#9366,1.);
#5456=VECTOR('',#9367,1.);
#5457=VECTOR('',#9370,1.);
#5458=VECTOR('',#9377,1.);
#5459=VECTOR('',#9378,1.);
#5460=VECTOR('',#9379,1.);
#5461=VECTOR('',#9382,1.);
#5462=VECTOR('',#9389,1.);
#5463=VECTOR('',#9390,1.);
#5464=VECTOR('',#9393,1.);
#5465=VECTOR('',#9396,1.);
#5466=VECTOR('',#9401,1.);
#5467=VECTOR('',#9402,1.);
#5468=VECTOR('',#9403,1.);
#5469=VECTOR('',#9406,1.);
#5470=VECTOR('',#9413,1.);
#5471=VECTOR('',#9414,1.);
#5472=VECTOR('',#9415,1.);
#5473=VECTOR('',#9418,1.);
#5474=VECTOR('',#9425,1.);
#5475=VECTOR('',#9426,1.);
#5476=VECTOR('',#9427,1.);
#5477=VECTOR('',#9430,1.);
#5478=VECTOR('',#9437,1.);
#5479=VECTOR('',#9438,1.);
#5480=VECTOR('',#9441,1.);
#5481=VECTOR('',#9444,1.);
#5482=VECTOR('',#9449,1.);
#5483=VECTOR('',#9450,1.);
#5484=VECTOR('',#9451,1.);
#5485=VECTOR('',#9454,1.);
#5486=VECTOR('',#9461,1.);
#5487=VECTOR('',#9462,1.);
#5488=VECTOR('',#9463,1.);
#5489=VECTOR('',#9466,1.);
#5490=VECTOR('',#9473,1.);
#5491=VECTOR('',#9474,1.);
#5492=VECTOR('',#9475,1.);
#5493=VECTOR('',#9478,1.);
#5494=VECTOR('',#9485,1.);
#5495=VECTOR('',#9486,1.);
#5496=VECTOR('',#9489,1.);
#5497=VECTOR('',#9492,1.);
#5498=VECTOR('',#9497,1.);
#5499=VECTOR('',#9498,1.);
#5500=VECTOR('',#9499,1.);
#5501=VECTOR('',#9502,1.);
#5502=VECTOR('',#9509,1.);
#5503=VECTOR('',#9510,1.);
#5504=VECTOR('',#9511,1.);
#5505=VECTOR('',#9514,1.);
#5506=VECTOR('',#9521,1.);
#5507=VECTOR('',#9522,1.);
#5508=VECTOR('',#9523,1.);
#5509=VECTOR('',#9526,1.);
#5510=VECTOR('',#9533,1.);
#5511=VECTOR('',#9534,1.);
#5512=VECTOR('',#9537,1.);
#5513=VECTOR('',#9540,1.);
#5514=VECTOR('',#9545,1.);
#5515=VECTOR('',#9546,1.);
#5516=VECTOR('',#9547,1.);
#5517=VECTOR('',#9550,1.);
#5518=VECTOR('',#9557,1.);
#5519=VECTOR('',#9558,1.);
#5520=VECTOR('',#9559,1.);
#5521=VECTOR('',#9562,1.);
#5522=VECTOR('',#9569,1.);
#5523=VECTOR('',#9570,1.);
#5524=VECTOR('',#9571,1.);
#5525=VECTOR('',#9574,1.);
#5526=VECTOR('',#9581,1.);
#5527=VECTOR('',#9582,1.);
#5528=VECTOR('',#9585,1.);
#5529=VECTOR('',#9588,1.);
#5530=VECTOR('',#9593,1.);
#5531=VECTOR('',#9594,1.);
#5532=VECTOR('',#9595,1.);
#5533=VECTOR('',#9598,1.);
#5534=VECTOR('',#9605,1.);
#5535=VECTOR('',#9606,1.);
#5536=VECTOR('',#9607,1.);
#5537=VECTOR('',#9610,1.);
#5538=VECTOR('',#9617,1.);
#5539=VECTOR('',#9618,1.);
#5540=VECTOR('',#9619,1.);
#5541=VECTOR('',#9622,1.);
#5542=VECTOR('',#9629,1.);
#5543=VECTOR('',#9630,1.);
#5544=VECTOR('',#9633,1.);
#5545=VECTOR('',#9636,1.);
#5546=VECTOR('',#9641,1.);
#5547=VECTOR('',#9642,1.);
#5548=VECTOR('',#9643,1.);
#5549=VECTOR('',#9646,1.);
#5550=VECTOR('',#9653,1.);
#5551=VECTOR('',#9654,1.);
#5552=VECTOR('',#9655,1.);
#5553=VECTOR('',#9658,1.);
#5554=VECTOR('',#9665,1.);
#5555=VECTOR('',#9666,1.);
#5556=VECTOR('',#9667,1.);
#5557=VECTOR('',#9670,1.);
#5558=VECTOR('',#9677,1.);
#5559=VECTOR('',#9678,1.);
#5560=VECTOR('',#9681,1.);
#5561=VECTOR('',#9684,1.);
#5562=VECTOR('',#9689,1.);
#5563=VECTOR('',#9690,1.);
#5564=VECTOR('',#9691,1.);
#5565=VECTOR('',#9694,1.);
#5566=VECTOR('',#9701,1.);
#5567=VECTOR('',#9702,1.);
#5568=VECTOR('',#9703,1.);
#5569=VECTOR('',#9706,1.);
#5570=VECTOR('',#9713,1.);
#5571=VECTOR('',#9714,1.);
#5572=VECTOR('',#9715,1.);
#5573=VECTOR('',#9718,1.);
#5574=VECTOR('',#9725,1.);
#5575=VECTOR('',#9726,1.);
#5576=VECTOR('',#9729,1.);
#5577=VECTOR('',#9732,1.);
#5578=VECTOR('',#9737,1.);
#5579=VECTOR('',#9738,1.);
#5580=VECTOR('',#9739,1.);
#5581=VECTOR('',#9742,1.);
#5582=VECTOR('',#9749,1.);
#5583=VECTOR('',#9750,1.);
#5584=VECTOR('',#9751,1.);
#5585=VECTOR('',#9754,1.);
#5586=VECTOR('',#9761,1.);
#5587=VECTOR('',#9762,1.);
#5588=VECTOR('',#9763,1.);
#5589=VECTOR('',#9766,1.);
#5590=VECTOR('',#9773,1.);
#5591=VECTOR('',#9774,1.);
#5592=VECTOR('',#9777,1.);
#5593=VECTOR('',#9780,1.);
#5594=VECTOR('',#9785,1.);
#5595=VECTOR('',#9786,1.);
#5596=VECTOR('',#9787,1.);
#5597=VECTOR('',#9790,1.);
#5598=VECTOR('',#9797,1.);
#5599=VECTOR('',#9798,1.);
#5600=VECTOR('',#9799,1.);
#5601=VECTOR('',#9802,1.);
#5602=VECTOR('',#9809,1.);
#5603=VECTOR('',#9810,1.);
#5604=VECTOR('',#9811,1.);
#5605=VECTOR('',#9814,1.);
#5606=VECTOR('',#9821,1.);
#5607=VECTOR('',#9822,1.);
#5608=VECTOR('',#9849,1.);
#5609=VECTOR('',#9850,1.);
#5610=VECTOR('',#9853,1.);
#5611=VECTOR('',#9856,1.);
#5612=VECTOR('',#9859,1.);
#5613=VECTOR('',#9862,1.);
#5614=VECTOR('',#9865,1.);
#5615=VECTOR('',#9868,1.);
#5616=VECTOR('',#9873,1.);
#5617=VECTOR('',#9874,1.);
#5618=VECTOR('',#9877,1.);
#5619=VECTOR('',#9880,1.);
#5620=VECTOR('',#9883,1.);
#5621=VECTOR('',#9886,1.);
#5622=VECTOR('',#9889,1.);
#5623=VECTOR('',#9892,1.);
#5624=VECTOR('',#9897,1.);
#5625=VECTOR('',#9898,1.);
#5626=VECTOR('',#9901,1.);
#5627=VECTOR('',#9904,1.);
#5628=VECTOR('',#9907,1.);
#5629=VECTOR('',#9910,1.);
#5630=VECTOR('',#9913,1.);
#5631=VECTOR('',#9916,1.);
#5632=VECTOR('',#9921,1.);
#5633=VECTOR('',#9922,1.);
#5634=VECTOR('',#9925,1.);
#5635=VECTOR('',#9928,1.);
#5636=VECTOR('',#9931,1.);
#5637=VECTOR('',#9934,1.);
#5638=VECTOR('',#9937,1.);
#5639=VECTOR('',#9940,1.);
#5640=VECTOR('',#9945,1.);
#5641=VECTOR('',#9946,1.);
#5642=VECTOR('',#9949,1.);
#5643=VECTOR('',#9952,1.);
#5644=VECTOR('',#9955,1.);
#5645=VECTOR('',#9958,1.);
#5646=VECTOR('',#9961,1.);
#5647=VECTOR('',#9964,1.);
#5648=VECTOR('',#9969,1.);
#5649=VECTOR('',#9970,1.);
#5650=VECTOR('',#9973,1.);
#5651=VECTOR('',#9976,1.);
#5652=VECTOR('',#9979,1.);
#5653=VECTOR('',#9982,1.);
#5654=VECTOR('',#9985,1.);
#5655=VECTOR('',#9988,1.);
#5656=VECTOR('',#9993,1.);
#5657=VECTOR('',#9994,1.);
#5658=VECTOR('',#9997,1.);
#5659=VECTOR('',#10000,1.);
#5660=VECTOR('',#10003,1.);
#5661=VECTOR('',#10006,1.);
#5662=VECTOR('',#10009,1.);
#5663=VECTOR('',#10012,1.);
#5664=VECTOR('',#10017,1.);
#5665=VECTOR('',#10018,1.);
#5666=VECTOR('',#10021,1.);
#5667=VECTOR('',#10024,1.);
#5668=VECTOR('',#10027,1.);
#5669=VECTOR('',#10030,1.);
#5670=VECTOR('',#10033,1.);
#5671=VECTOR('',#10036,1.);
#5672=VECTOR('',#10041,1.);
#5673=VECTOR('',#10042,1.);
#5674=VECTOR('',#10045,1.);
#5675=VECTOR('',#10048,1.);
#5676=VECTOR('',#10051,1.);
#5677=VECTOR('',#10054,1.);
#5678=VECTOR('',#10057,1.);
#5679=VECTOR('',#10060,1.);
#5680=VECTOR('',#10065,1.);
#5681=VECTOR('',#10066,1.);
#5682=VECTOR('',#10069,1.);
#5683=VECTOR('',#10072,1.);
#5684=VECTOR('',#10075,1.);
#5685=VECTOR('',#10078,1.);
#5686=VECTOR('',#10081,1.);
#5687=VECTOR('',#10084,1.);
#5688=VECTOR('',#10089,1.);
#5689=VECTOR('',#10090,1.);
#5690=VECTOR('',#10093,1.);
#5691=VECTOR('',#10096,1.);
#5692=VECTOR('',#10099,1.);
#5693=VECTOR('',#10102,1.);
#5694=VECTOR('',#10105,1.);
#5695=VECTOR('',#10108,1.);
#5696=VECTOR('',#10113,1.);
#5697=VECTOR('',#10114,1.);
#5698=VECTOR('',#10117,1.);
#5699=VECTOR('',#10120,1.);
#5700=VECTOR('',#10123,1.);
#5701=VECTOR('',#10126,1.);
#5702=VECTOR('',#10129,1.);
#5703=VECTOR('',#10132,1.);
#5704=VECTOR('',#10137,1.);
#5705=VECTOR('',#10138,1.);
#5706=VECTOR('',#10141,1.);
#5707=VECTOR('',#10144,1.);
#5708=VECTOR('',#10147,1.);
#5709=VECTOR('',#10150,1.);
#5710=VECTOR('',#10153,1.);
#5711=VECTOR('',#10156,1.);
#5712=VECTOR('',#10161,1.);
#5713=VECTOR('',#10162,1.);
#5714=VECTOR('',#10165,1.);
#5715=VECTOR('',#10168,1.);
#5716=VECTOR('',#10171,1.);
#5717=VECTOR('',#10174,1.);
#5718=VECTOR('',#10177,1.);
#5719=VECTOR('',#10180,1.);
#5720=VECTOR('',#10185,1.);
#5721=VECTOR('',#10186,1.);
#5722=VECTOR('',#10189,1.);
#5723=VECTOR('',#10192,1.);
#5724=VECTOR('',#10195,1.);
#5725=VECTOR('',#10198,1.);
#5726=VECTOR('',#10201,1.);
#5727=VECTOR('',#10204,1.);
#5728=VECTOR('',#10209,1.);
#5729=VECTOR('',#10210,1.);
#5730=VECTOR('',#10213,1.);
#5731=VECTOR('',#10216,1.);
#5732=VECTOR('',#10219,1.);
#5733=VECTOR('',#10222,1.);
#5734=VECTOR('',#10225,1.);
#5735=VECTOR('',#10228,1.);
#5736=VECTOR('',#10233,1.);
#5737=VECTOR('',#10234,1.);
#5738=VECTOR('',#10237,1.);
#5739=VECTOR('',#10240,1.);
#5740=VECTOR('',#10243,1.);
#5741=VECTOR('',#10246,1.);
#5742=VECTOR('',#10249,1.);
#5743=VECTOR('',#10252,1.);
#5744=VECTOR('',#10269,1.);
#5745=VECTOR('',#10270,1.);
#5746=VECTOR('',#10273,1.);
#5747=VECTOR('',#10276,1.);
#5748=VECTOR('',#10279,1.);
#5749=VECTOR('',#10282,1.);
#5750=VECTOR('',#10285,1.);
#5751=VECTOR('',#10288,1.);
#5752=VECTOR('',#10295,1.);
#5753=VECTOR('',#10296,1.);
#5754=VECTOR('',#10299,1.);
#5755=VECTOR('',#10300,1.);
#5756=VECTOR('',#10303,1.);
#5757=VECTOR('',#10308,1.);
#5758=VECTOR('',#10315,1.);
#5759=VECTOR('',#10318,1.);
#5760=VECTOR('',#10319,1.);
#5761=VECTOR('',#10320,1.);
#5762=VECTOR('',#10323,1.);
#5763=VECTOR('',#10324,1.);
#5764=VECTOR('',#10327,1.);
#5765=VECTOR('',#10328,1.);
#5766=VECTOR('',#10329,1.);
#5767=VECTOR('',#10332,1.);
#5768=VECTOR('',#10333,1.);
#5769=VECTOR('',#10334,1.);
#5770=VECTOR('',#10337,1.);
#5771=VECTOR('',#10338,1.);
#5772=VECTOR('',#10341,1.);
#5773=VECTOR('',#10344,1.);
#5774=VECTOR('',#10347,1.);
#5775=VECTOR('',#10350,1.);
#5776=VECTOR('',#10353,1.);
#5777=VECTOR('',#10356,1.);
#5778=VECTOR('',#10361,1.);
#5779=VECTOR('',#10362,1.);
#5780=VECTOR('',#10365,1.);
#5781=VECTOR('',#10368,1.);
#5782=VECTOR('',#10371,1.);
#5783=VECTOR('',#10374,1.);
#5784=VECTOR('',#10377,1.);
#5785=VECTOR('',#10380,1.);
#5786=VECTOR('',#10385,1.);
#5787=VECTOR('',#10386,1.);
#5788=VECTOR('',#10389,1.);
#5789=VECTOR('',#10392,1.);
#5790=VECTOR('',#10395,1.);
#5791=VECTOR('',#10398,1.);
#5792=VECTOR('',#10401,1.);
#5793=VECTOR('',#10404,1.);
#5794=VECTOR('',#10409,1.);
#5795=VECTOR('',#10410,1.);
#5796=VECTOR('',#10413,1.);
#5797=VECTOR('',#10416,1.);
#5798=VECTOR('',#10419,1.);
#5799=VECTOR('',#10422,1.);
#5800=VECTOR('',#10425,1.);
#5801=VECTOR('',#10428,1.);
#5802=VECTOR('',#10433,1.);
#5803=VECTOR('',#10434,1.);
#5804=VECTOR('',#10437,1.);
#5805=VECTOR('',#10440,1.);
#5806=VECTOR('',#10443,1.);
#5807=VECTOR('',#10446,1.);
#5808=VECTOR('',#10449,1.);
#5809=VECTOR('',#10452,1.);
#5810=VECTOR('',#10457,1.);
#5811=VECTOR('',#10458,1.);
#5812=VECTOR('',#10461,1.);
#5813=VECTOR('',#10464,1.);
#5814=VECTOR('',#10467,1.);
#5815=VECTOR('',#10470,1.);
#5816=VECTOR('',#10473,1.);
#5817=VECTOR('',#10476,1.);
#5818=VECTOR('',#10481,1.);
#5819=VECTOR('',#10482,1.);
#5820=VECTOR('',#10485,1.);
#5821=VECTOR('',#10488,1.);
#5822=VECTOR('',#10491,1.);
#5823=VECTOR('',#10494,1.);
#5824=VECTOR('',#10497,1.);
#5825=VECTOR('',#10500,1.);
#5826=VECTOR('',#10505,1.);
#5827=VECTOR('',#10506,1.);
#5828=VECTOR('',#10509,1.);
#5829=VECTOR('',#10512,1.);
#5830=VECTOR('',#10515,1.);
#5831=VECTOR('',#10518,1.);
#5832=VECTOR('',#10521,1.);
#5833=VECTOR('',#10524,1.);
#5834=VECTOR('',#10529,1.);
#5835=VECTOR('',#10530,1.);
#5836=VECTOR('',#10533,1.);
#5837=VECTOR('',#10536,1.);
#5838=VECTOR('',#10539,1.);
#5839=VECTOR('',#10542,1.);
#5840=VECTOR('',#10545,1.);
#5841=VECTOR('',#10548,1.);
#5842=VECTOR('',#10553,1.);
#5843=VECTOR('',#10554,1.);
#5844=VECTOR('',#10557,1.);
#5845=VECTOR('',#10560,1.);
#5846=VECTOR('',#10563,1.);
#5847=VECTOR('',#10566,1.);
#5848=VECTOR('',#10569,1.);
#5849=VECTOR('',#10572,1.);
#5850=VECTOR('',#10577,1.);
#5851=VECTOR('',#10578,1.);
#5852=VECTOR('',#10581,1.);
#5853=VECTOR('',#10584,1.);
#5854=VECTOR('',#10587,1.);
#5855=VECTOR('',#10590,1.);
#5856=VECTOR('',#10593,1.);
#5857=VECTOR('',#10596,1.);
#5858=VECTOR('',#10601,1.);
#5859=VECTOR('',#10602,1.);
#5860=VECTOR('',#10605,1.);
#5861=VECTOR('',#10608,1.);
#5862=VECTOR('',#10611,1.);
#5863=VECTOR('',#10614,1.);
#5864=VECTOR('',#10617,1.);
#5865=VECTOR('',#10620,1.);
#5866=VECTOR('',#10625,1.);
#5867=VECTOR('',#10626,1.);
#5868=VECTOR('',#10629,1.);
#5869=VECTOR('',#10632,1.);
#5870=VECTOR('',#10635,1.);
#5871=VECTOR('',#10638,1.);
#5872=VECTOR('',#10641,1.);
#5873=VECTOR('',#10644,1.);
#5874=VECTOR('',#10649,1.);
#5875=VECTOR('',#10650,1.);
#5876=VECTOR('',#10653,1.);
#5877=VECTOR('',#10656,1.);
#5878=VECTOR('',#10659,1.);
#5879=VECTOR('',#10662,1.);
#5880=VECTOR('',#10665,1.);
#5881=VECTOR('',#10668,1.);
#5882=VECTOR('',#10673,1.);
#5883=VECTOR('',#10674,1.);
#5884=VECTOR('',#10677,1.);
#5885=VECTOR('',#10680,1.);
#5886=VECTOR('',#10683,1.);
#5887=VECTOR('',#10686,1.);
#5888=VECTOR('',#10689,1.);
#5889=VECTOR('',#10692,1.);
#5890=VECTOR('',#10697,1.);
#5891=VECTOR('',#10698,1.);
#5892=VECTOR('',#10701,1.);
#5893=VECTOR('',#10704,1.);
#5894=VECTOR('',#10707,1.);
#5895=VECTOR('',#10710,1.);
#5896=VECTOR('',#10713,1.);
#5897=VECTOR('',#10716,1.);
#5898=VECTOR('',#10733,1.);
#5899=VECTOR('',#10734,1.);
#5900=VECTOR('',#10737,1.);
#5901=VECTOR('',#10740,1.);
#5902=VECTOR('',#10743,1.);
#5903=VECTOR('',#10746,1.);
#5904=VECTOR('',#10749,1.);
#5905=VECTOR('',#10752,1.);
#5906=VECTOR('',#10757,1.);
#5907=VECTOR('',#10760,1.);
#5908=VECTOR('',#10763,1.);
#5909=VECTOR('',#10766,1.);
#5910=VECTOR('',#10769,1.);
#5911=VECTOR('',#10772,1.);
#5912=VECTOR('',#10775,1.);
#5913=VECTOR('',#10778,1.);
#5914=EDGE_LOOP('',(#576,#577,#578,#579,#580,#581,#582,#583,#584,#585,#586,
#587));
#5915=EDGE_LOOP('',(#588,#589,#590,#591,#592,#593,#594,#595));
#5916=EDGE_LOOP('',(#596,#597,#598,#599,#600,#601,#602,#603));
#5917=EDGE_LOOP('',(#604,#605,#606,#607,#608,#609,#610,#611));
#5918=EDGE_LOOP('',(#612,#613,#614,#615,#616,#617,#618,#619));
#5919=EDGE_LOOP('',(#620,#621,#622,#623,#624,#625,#626,#627));
#5920=EDGE_LOOP('',(#628,#629,#630,#631,#632,#633,#634,#635));
#5921=EDGE_LOOP('',(#636,#637,#638,#639,#640,#641,#642,#643));
#5922=EDGE_LOOP('',(#644,#645,#646,#647,#648,#649,#650,#651));
#5923=EDGE_LOOP('',(#652,#653,#654,#655,#656,#657,#658,#659));
#5924=EDGE_LOOP('',(#660,#661,#662,#663,#664,#665,#666,#667));
#5925=EDGE_LOOP('',(#668,#669,#670,#671,#672,#673,#674,#675));
#5926=EDGE_LOOP('',(#676,#677,#678,#679,#680,#681,#682,#683));
#5927=EDGE_LOOP('',(#684,#685,#686,#687,#688,#689,#690,#691));
#5928=EDGE_LOOP('',(#692,#693,#694,#695,#696,#697,#698,#699));
#5929=EDGE_LOOP('',(#700,#701,#702,#703,#704,#705,#706,#707));
#5930=EDGE_LOOP('',(#708,#709,#710,#711,#712,#713,#714,#715));
#5931=EDGE_LOOP('',(#716,#717,#718,#719,#720,#721,#722,#723));
#5932=EDGE_LOOP('',(#724));
#5933=EDGE_LOOP('',(#725));
#5934=EDGE_LOOP('',(#726));
#5935=EDGE_LOOP('',(#727));
#5936=EDGE_LOOP('',(#728));
#5937=EDGE_LOOP('',(#729));
#5938=EDGE_LOOP('',(#730,#731,#732,#733,#734,#735,#736,#737));
#5939=EDGE_LOOP('',(#738,#739,#740,#741,#742,#743,#744,#745));
#5940=EDGE_LOOP('',(#746,#747,#748,#749,#750,#751,#752,#753));
#5941=EDGE_LOOP('',(#754,#755,#756,#757,#758,#759,#760,#761));
#5942=EDGE_LOOP('',(#762,#763,#764,#765,#766,#767,#768,#769));
#5943=EDGE_LOOP('',(#770,#771,#772,#773,#774,#775,#776,#777));
#5944=EDGE_LOOP('',(#778,#779,#780,#781,#782,#783,#784,#785));
#5945=EDGE_LOOP('',(#786,#787,#788,#789,#790,#791,#792,#793));
#5946=EDGE_LOOP('',(#794,#795,#796,#797,#798,#799,#800,#801));
#5947=EDGE_LOOP('',(#802,#803,#804,#805,#806,#807,#808,#809));
#5948=EDGE_LOOP('',(#810,#811,#812,#813,#814,#815,#816,#817));
#5949=EDGE_LOOP('',(#818,#819,#820,#821,#822,#823,#824,#825));
#5950=EDGE_LOOP('',(#826,#827,#828,#829,#830,#831,#832,#833));
#5951=EDGE_LOOP('',(#834,#835,#836,#837,#838,#839,#840,#841));
#5952=EDGE_LOOP('',(#842,#843,#844,#845,#846,#847,#848,#849));
#5953=EDGE_LOOP('',(#850,#851,#852,#853,#854,#855,#856,#857));
#5954=EDGE_LOOP('',(#858,#859,#860,#861,#862,#863,#864,#865));
#5955=EDGE_LOOP('',(#866));
#5956=EDGE_LOOP('',(#867));
#5957=EDGE_LOOP('',(#868));
#5958=EDGE_LOOP('',(#869));
#5959=EDGE_LOOP('',(#870));
#5960=EDGE_LOOP('',(#871));
#5961=EDGE_LOOP('',(#872,#873,#874,#875,#876,#877,#878,#879));
#5962=EDGE_LOOP('',(#880,#881,#882,#883,#884,#885,#886,#887,#888,#889,#890,
#891,#892,#893));
#5963=EDGE_LOOP('',(#894,#895,#896,#897));
#5964=EDGE_LOOP('',(#898,#899,#900,#901));
#5965=EDGE_LOOP('',(#902,#903,#904,#905));
#5966=EDGE_LOOP('',(#906,#907,#908,#909));
#5967=EDGE_LOOP('',(#910,#911,#912,#913));
#5968=EDGE_LOOP('',(#914,#915,#916,#917));
#5969=EDGE_LOOP('',(#918,#919,#920,#921));
#5970=EDGE_LOOP('',(#922,#923,#924,#925));
#5971=EDGE_LOOP('',(#926,#927,#928,#929));
#5972=EDGE_LOOP('',(#930,#931,#932,#933));
#5973=EDGE_LOOP('',(#934,#935,#936,#937));
#5974=EDGE_LOOP('',(#938,#939,#940,#941));
#5975=EDGE_LOOP('',(#942,#943,#944,#945));
#5976=EDGE_LOOP('',(#946));
#5977=EDGE_LOOP('',(#947));
#5978=EDGE_LOOP('',(#948));
#5979=EDGE_LOOP('',(#949));
#5980=EDGE_LOOP('',(#950));
#5981=EDGE_LOOP('',(#951));
#5982=EDGE_LOOP('',(#952,#953,#954,#955));
#5983=EDGE_LOOP('',(#956));
#5984=EDGE_LOOP('',(#957));
#5985=EDGE_LOOP('',(#958));
#5986=EDGE_LOOP('',(#959));
#5987=EDGE_LOOP('',(#960));
#5988=EDGE_LOOP('',(#961));
#5989=EDGE_LOOP('',(#962,#963,#964,#965));
#5990=EDGE_LOOP('',(#966,#967,#968,#969));
#5991=EDGE_LOOP('',(#970,#971,#972,#973));
#5992=EDGE_LOOP('',(#974,#975,#976,#977));
#5993=EDGE_LOOP('',(#978,#979,#980,#981));
#5994=EDGE_LOOP('',(#982,#983,#984,#985));
#5995=EDGE_LOOP('',(#986,#987,#988,#989));
#5996=EDGE_LOOP('',(#990,#991,#992,#993));
#5997=EDGE_LOOP('',(#994,#995,#996,#997));
#5998=EDGE_LOOP('',(#998,#999,#1000,#1001));
#5999=EDGE_LOOP('',(#1002,#1003,#1004,#1005));
#6000=EDGE_LOOP('',(#1006,#1007,#1008,#1009));
#6001=EDGE_LOOP('',(#1010,#1011,#1012,#1013));
#6002=EDGE_LOOP('',(#1014,#1015,#1016,#1017));
#6003=EDGE_LOOP('',(#1018,#1019,#1020,#1021));
#6004=EDGE_LOOP('',(#1022,#1023,#1024,#1025));
#6005=EDGE_LOOP('',(#1026,#1027,#1028,#1029));
#6006=EDGE_LOOP('',(#1030,#1031,#1032,#1033));
#6007=EDGE_LOOP('',(#1034,#1035,#1036,#1037));
#6008=EDGE_LOOP('',(#1038,#1039,#1040,#1041));
#6009=EDGE_LOOP('',(#1042,#1043,#1044,#1045));
#6010=EDGE_LOOP('',(#1046,#1047,#1048,#1049));
#6011=EDGE_LOOP('',(#1050,#1051,#1052,#1053));
#6012=EDGE_LOOP('',(#1054,#1055,#1056,#1057));
#6013=EDGE_LOOP('',(#1058,#1059,#1060,#1061));
#6014=EDGE_LOOP('',(#1062,#1063,#1064,#1065));
#6015=EDGE_LOOP('',(#1066,#1067,#1068,#1069));
#6016=EDGE_LOOP('',(#1070,#1071,#1072,#1073));
#6017=EDGE_LOOP('',(#1074,#1075,#1076,#1077));
#6018=EDGE_LOOP('',(#1078,#1079,#1080,#1081));
#6019=EDGE_LOOP('',(#1082,#1083,#1084,#1085));
#6020=EDGE_LOOP('',(#1086,#1087,#1088,#1089));
#6021=EDGE_LOOP('',(#1090,#1091,#1092,#1093));
#6022=EDGE_LOOP('',(#1094,#1095,#1096,#1097));
#6023=EDGE_LOOP('',(#1098,#1099,#1100,#1101));
#6024=EDGE_LOOP('',(#1102,#1103,#1104,#1105));
#6025=EDGE_LOOP('',(#1106,#1107,#1108,#1109));
#6026=EDGE_LOOP('',(#1110,#1111,#1112,#1113));
#6027=EDGE_LOOP('',(#1114,#1115,#1116,#1117));
#6028=EDGE_LOOP('',(#1118,#1119,#1120,#1121));
#6029=EDGE_LOOP('',(#1122,#1123,#1124,#1125));
#6030=EDGE_LOOP('',(#1126,#1127,#1128,#1129));
#6031=EDGE_LOOP('',(#1130,#1131,#1132,#1133));
#6032=EDGE_LOOP('',(#1134,#1135,#1136,#1137));
#6033=EDGE_LOOP('',(#1138,#1139,#1140,#1141));
#6034=EDGE_LOOP('',(#1142,#1143,#1144,#1145));
#6035=EDGE_LOOP('',(#1146,#1147,#1148,#1149));
#6036=EDGE_LOOP('',(#1150,#1151,#1152,#1153));
#6037=EDGE_LOOP('',(#1154,#1155,#1156,#1157));
#6038=EDGE_LOOP('',(#1158,#1159,#1160,#1161));
#6039=EDGE_LOOP('',(#1162,#1163,#1164,#1165));
#6040=EDGE_LOOP('',(#1166,#1167,#1168,#1169));
#6041=EDGE_LOOP('',(#1170,#1171,#1172,#1173));
#6042=EDGE_LOOP('',(#1174,#1175,#1176,#1177));
#6043=EDGE_LOOP('',(#1178,#1179,#1180,#1181));
#6044=EDGE_LOOP('',(#1182,#1183,#1184,#1185));
#6045=EDGE_LOOP('',(#1186,#1187,#1188,#1189));
#6046=EDGE_LOOP('',(#1190,#1191,#1192,#1193));
#6047=EDGE_LOOP('',(#1194,#1195,#1196,#1197));
#6048=EDGE_LOOP('',(#1198,#1199,#1200,#1201));
#6049=EDGE_LOOP('',(#1202,#1203,#1204,#1205));
#6050=EDGE_LOOP('',(#1206,#1207,#1208,#1209));
#6051=EDGE_LOOP('',(#1210,#1211,#1212,#1213));
#6052=EDGE_LOOP('',(#1214,#1215,#1216,#1217));
#6053=EDGE_LOOP('',(#1218,#1219,#1220,#1221));
#6054=EDGE_LOOP('',(#1222,#1223,#1224,#1225));
#6055=EDGE_LOOP('',(#1226,#1227,#1228,#1229));
#6056=EDGE_LOOP('',(#1230,#1231,#1232,#1233));
#6057=EDGE_LOOP('',(#1234,#1235,#1236,#1237));
#6058=EDGE_LOOP('',(#1238,#1239,#1240,#1241));
#6059=EDGE_LOOP('',(#1242,#1243,#1244,#1245));
#6060=EDGE_LOOP('',(#1246,#1247,#1248,#1249));
#6061=EDGE_LOOP('',(#1250,#1251,#1252,#1253));
#6062=EDGE_LOOP('',(#1254,#1255,#1256,#1257));
#6063=EDGE_LOOP('',(#1258,#1259,#1260,#1261));
#6064=EDGE_LOOP('',(#1262,#1263,#1264,#1265));
#6065=EDGE_LOOP('',(#1266,#1267,#1268,#1269));
#6066=EDGE_LOOP('',(#1270,#1271,#1272,#1273));
#6067=EDGE_LOOP('',(#1274,#1275,#1276,#1277));
#6068=EDGE_LOOP('',(#1278,#1279,#1280,#1281));
#6069=EDGE_LOOP('',(#1282,#1283,#1284,#1285));
#6070=EDGE_LOOP('',(#1286,#1287,#1288,#1289));
#6071=EDGE_LOOP('',(#1290,#1291,#1292,#1293));
#6072=EDGE_LOOP('',(#1294,#1295,#1296,#1297));
#6073=EDGE_LOOP('',(#1298,#1299,#1300,#1301));
#6074=EDGE_LOOP('',(#1302,#1303,#1304,#1305));
#6075=EDGE_LOOP('',(#1306,#1307,#1308,#1309));
#6076=EDGE_LOOP('',(#1310,#1311,#1312,#1313));
#6077=EDGE_LOOP('',(#1314,#1315,#1316,#1317));
#6078=EDGE_LOOP('',(#1318,#1319,#1320,#1321));
#6079=EDGE_LOOP('',(#1322,#1323,#1324,#1325));
#6080=EDGE_LOOP('',(#1326,#1327,#1328,#1329));
#6081=EDGE_LOOP('',(#1330,#1331,#1332,#1333));
#6082=EDGE_LOOP('',(#1334,#1335,#1336,#1337));
#6083=EDGE_LOOP('',(#1338,#1339,#1340,#1341));
#6084=EDGE_LOOP('',(#1342,#1343,#1344,#1345));
#6085=EDGE_LOOP('',(#1346,#1347,#1348,#1349));
#6086=EDGE_LOOP('',(#1350,#1351,#1352,#1353));
#6087=EDGE_LOOP('',(#1354,#1355,#1356,#1357));
#6088=EDGE_LOOP('',(#1358,#1359,#1360,#1361));
#6089=EDGE_LOOP('',(#1362,#1363,#1364,#1365));
#6090=EDGE_LOOP('',(#1366,#1367,#1368,#1369));
#6091=EDGE_LOOP('',(#1370,#1371,#1372,#1373));
#6092=EDGE_LOOP('',(#1374,#1375,#1376,#1377));
#6093=EDGE_LOOP('',(#1378,#1379,#1380,#1381));
#6094=EDGE_LOOP('',(#1382,#1383,#1384,#1385));
#6095=EDGE_LOOP('',(#1386,#1387,#1388,#1389));
#6096=EDGE_LOOP('',(#1390,#1391,#1392,#1393));
#6097=EDGE_LOOP('',(#1394,#1395,#1396,#1397));
#6098=EDGE_LOOP('',(#1398,#1399,#1400,#1401));
#6099=EDGE_LOOP('',(#1402,#1403,#1404,#1405));
#6100=EDGE_LOOP('',(#1406,#1407,#1408,#1409));
#6101=EDGE_LOOP('',(#1410,#1411,#1412,#1413));
#6102=EDGE_LOOP('',(#1414,#1415,#1416,#1417));
#6103=EDGE_LOOP('',(#1418,#1419,#1420,#1421));
#6104=EDGE_LOOP('',(#1422,#1423,#1424,#1425));
#6105=EDGE_LOOP('',(#1426,#1427,#1428,#1429));
#6106=EDGE_LOOP('',(#1430,#1431,#1432,#1433));
#6107=EDGE_LOOP('',(#1434,#1435,#1436,#1437));
#6108=EDGE_LOOP('',(#1438,#1439,#1440,#1441));
#6109=EDGE_LOOP('',(#1442,#1443,#1444,#1445));
#6110=EDGE_LOOP('',(#1446,#1447,#1448,#1449));
#6111=EDGE_LOOP('',(#1450,#1451,#1452,#1453));
#6112=EDGE_LOOP('',(#1454,#1455,#1456,#1457));
#6113=EDGE_LOOP('',(#1458,#1459,#1460,#1461));
#6114=EDGE_LOOP('',(#1462,#1463,#1464,#1465));
#6115=EDGE_LOOP('',(#1466,#1467,#1468,#1469));
#6116=EDGE_LOOP('',(#1470,#1471,#1472,#1473));
#6117=EDGE_LOOP('',(#1474,#1475,#1476,#1477));
#6118=EDGE_LOOP('',(#1478,#1479,#1480,#1481));
#6119=EDGE_LOOP('',(#1482,#1483,#1484,#1485));
#6120=EDGE_LOOP('',(#1486,#1487,#1488,#1489));
#6121=EDGE_LOOP('',(#1490,#1491,#1492,#1493));
#6122=EDGE_LOOP('',(#1494,#1495,#1496,#1497));
#6123=EDGE_LOOP('',(#1498,#1499,#1500,#1501));
#6124=EDGE_LOOP('',(#1502,#1503,#1504,#1505));
#6125=EDGE_LOOP('',(#1506,#1507,#1508,#1509));
#6126=EDGE_LOOP('',(#1510,#1511,#1512,#1513));
#6127=EDGE_LOOP('',(#1514,#1515,#1516,#1517));
#6128=EDGE_LOOP('',(#1518,#1519,#1520,#1521));
#6129=EDGE_LOOP('',(#1522,#1523,#1524,#1525));
#6130=EDGE_LOOP('',(#1526,#1527,#1528,#1529));
#6131=EDGE_LOOP('',(#1530,#1531,#1532,#1533));
#6132=EDGE_LOOP('',(#1534,#1535,#1536,#1537));
#6133=EDGE_LOOP('',(#1538,#1539,#1540,#1541));
#6134=EDGE_LOOP('',(#1542,#1543,#1544,#1545));
#6135=EDGE_LOOP('',(#1546,#1547,#1548,#1549));
#6136=EDGE_LOOP('',(#1550,#1551,#1552,#1553));
#6137=EDGE_LOOP('',(#1554,#1555,#1556,#1557));
#6138=EDGE_LOOP('',(#1558,#1559,#1560,#1561));
#6139=EDGE_LOOP('',(#1562,#1563,#1564,#1565));
#6140=EDGE_LOOP('',(#1566,#1567,#1568,#1569));
#6141=EDGE_LOOP('',(#1570,#1571,#1572,#1573));
#6142=EDGE_LOOP('',(#1574,#1575,#1576,#1577));
#6143=EDGE_LOOP('',(#1578,#1579,#1580,#1581));
#6144=EDGE_LOOP('',(#1582,#1583,#1584,#1585));
#6145=EDGE_LOOP('',(#1586,#1587,#1588,#1589));
#6146=EDGE_LOOP('',(#1590,#1591,#1592,#1593));
#6147=EDGE_LOOP('',(#1594,#1595,#1596,#1597));
#6148=EDGE_LOOP('',(#1598,#1599,#1600,#1601));
#6149=EDGE_LOOP('',(#1602,#1603,#1604,#1605));
#6150=EDGE_LOOP('',(#1606,#1607,#1608,#1609));
#6151=EDGE_LOOP('',(#1610,#1611,#1612,#1613));
#6152=EDGE_LOOP('',(#1614,#1615,#1616,#1617));
#6153=EDGE_LOOP('',(#1618,#1619,#1620,#1621));
#6154=EDGE_LOOP('',(#1622,#1623,#1624,#1625));
#6155=EDGE_LOOP('',(#1626,#1627,#1628,#1629));
#6156=EDGE_LOOP('',(#1630,#1631,#1632,#1633));
#6157=EDGE_LOOP('',(#1634,#1635,#1636,#1637));
#6158=EDGE_LOOP('',(#1638,#1639,#1640,#1641));
#6159=EDGE_LOOP('',(#1642,#1643,#1644,#1645));
#6160=EDGE_LOOP('',(#1646,#1647,#1648,#1649));
#6161=EDGE_LOOP('',(#1650,#1651,#1652,#1653));
#6162=EDGE_LOOP('',(#1654,#1655,#1656,#1657));
#6163=EDGE_LOOP('',(#1658,#1659,#1660,#1661));
#6164=EDGE_LOOP('',(#1662,#1663,#1664,#1665));
#6165=EDGE_LOOP('',(#1666,#1667,#1668,#1669));
#6166=EDGE_LOOP('',(#1670,#1671,#1672,#1673));
#6167=EDGE_LOOP('',(#1674,#1675,#1676,#1677));
#6168=EDGE_LOOP('',(#1678,#1679,#1680,#1681));
#6169=EDGE_LOOP('',(#1682,#1683,#1684,#1685));
#6170=EDGE_LOOP('',(#1686,#1687,#1688,#1689));
#6171=EDGE_LOOP('',(#1690,#1691,#1692,#1693));
#6172=EDGE_LOOP('',(#1694,#1695,#1696,#1697));
#6173=EDGE_LOOP('',(#1698,#1699,#1700,#1701));
#6174=EDGE_LOOP('',(#1702,#1703,#1704,#1705));
#6175=EDGE_LOOP('',(#1706,#1707,#1708,#1709));
#6176=EDGE_LOOP('',(#1710,#1711,#1712,#1713));
#6177=EDGE_LOOP('',(#1714,#1715,#1716,#1717));
#6178=EDGE_LOOP('',(#1718,#1719,#1720,#1721));
#6179=EDGE_LOOP('',(#1722,#1723,#1724,#1725));
#6180=EDGE_LOOP('',(#1726,#1727,#1728,#1729));
#6181=EDGE_LOOP('',(#1730,#1731,#1732,#1733));
#6182=EDGE_LOOP('',(#1734,#1735,#1736,#1737));
#6183=EDGE_LOOP('',(#1738,#1739,#1740,#1741));
#6184=EDGE_LOOP('',(#1742,#1743,#1744,#1745));
#6185=EDGE_LOOP('',(#1746,#1747,#1748,#1749));
#6186=EDGE_LOOP('',(#1750,#1751,#1752,#1753));
#6187=EDGE_LOOP('',(#1754,#1755,#1756,#1757));
#6188=EDGE_LOOP('',(#1758,#1759,#1760,#1761));
#6189=EDGE_LOOP('',(#1762,#1763,#1764,#1765));
#6190=EDGE_LOOP('',(#1766,#1767,#1768,#1769));
#6191=EDGE_LOOP('',(#1770,#1771,#1772,#1773));
#6192=EDGE_LOOP('',(#1774,#1775,#1776,#1777));
#6193=EDGE_LOOP('',(#1778,#1779,#1780,#1781));
#6194=EDGE_LOOP('',(#1782,#1783,#1784,#1785));
#6195=EDGE_LOOP('',(#1786,#1787,#1788,#1789));
#6196=EDGE_LOOP('',(#1790,#1791,#1792,#1793));
#6197=EDGE_LOOP('',(#1794,#1795,#1796,#1797));
#6198=EDGE_LOOP('',(#1798,#1799,#1800,#1801));
#6199=EDGE_LOOP('',(#1802,#1803,#1804,#1805));
#6200=EDGE_LOOP('',(#1806,#1807,#1808,#1809));
#6201=EDGE_LOOP('',(#1810,#1811,#1812,#1813));
#6202=EDGE_LOOP('',(#1814,#1815,#1816,#1817));
#6203=EDGE_LOOP('',(#1818,#1819,#1820,#1821));
#6204=EDGE_LOOP('',(#1822,#1823,#1824,#1825));
#6205=EDGE_LOOP('',(#1826,#1827,#1828,#1829));
#6206=EDGE_LOOP('',(#1830,#1831,#1832,#1833));
#6207=EDGE_LOOP('',(#1834,#1835,#1836,#1837));
#6208=EDGE_LOOP('',(#1838,#1839,#1840,#1841));
#6209=EDGE_LOOP('',(#1842,#1843,#1844,#1845));
#6210=EDGE_LOOP('',(#1846,#1847,#1848,#1849));
#6211=EDGE_LOOP('',(#1850,#1851,#1852,#1853));
#6212=EDGE_LOOP('',(#1854,#1855,#1856,#1857));
#6213=EDGE_LOOP('',(#1858,#1859,#1860,#1861));
#6214=EDGE_LOOP('',(#1862,#1863,#1864,#1865));
#6215=EDGE_LOOP('',(#1866,#1867,#1868,#1869));
#6216=EDGE_LOOP('',(#1870,#1871,#1872,#1873));
#6217=EDGE_LOOP('',(#1874,#1875,#1876,#1877));
#6218=EDGE_LOOP('',(#1878,#1879,#1880,#1881));
#6219=EDGE_LOOP('',(#1882,#1883,#1884,#1885));
#6220=EDGE_LOOP('',(#1886,#1887,#1888,#1889));
#6221=EDGE_LOOP('',(#1890,#1891,#1892,#1893));
#6222=EDGE_LOOP('',(#1894,#1895,#1896,#1897));
#6223=EDGE_LOOP('',(#1898,#1899,#1900,#1901));
#6224=EDGE_LOOP('',(#1902,#1903,#1904,#1905));
#6225=EDGE_LOOP('',(#1906,#1907,#1908,#1909));
#6226=EDGE_LOOP('',(#1910,#1911,#1912,#1913));
#6227=EDGE_LOOP('',(#1914,#1915,#1916,#1917));
#6228=EDGE_LOOP('',(#1918,#1919,#1920,#1921));
#6229=EDGE_LOOP('',(#1922,#1923,#1924,#1925));
#6230=EDGE_LOOP('',(#1926,#1927,#1928,#1929));
#6231=EDGE_LOOP('',(#1930,#1931,#1932,#1933));
#6232=EDGE_LOOP('',(#1934,#1935,#1936,#1937));
#6233=EDGE_LOOP('',(#1938,#1939,#1940,#1941));
#6234=EDGE_LOOP('',(#1942,#1943,#1944,#1945));
#6235=EDGE_LOOP('',(#1946,#1947,#1948,#1949));
#6236=EDGE_LOOP('',(#1950,#1951,#1952,#1953));
#6237=EDGE_LOOP('',(#1954,#1955,#1956,#1957));
#6238=EDGE_LOOP('',(#1958,#1959,#1960,#1961));
#6239=EDGE_LOOP('',(#1962,#1963,#1964,#1965));
#6240=EDGE_LOOP('',(#1966,#1967,#1968,#1969));
#6241=EDGE_LOOP('',(#1970,#1971,#1972,#1973));
#6242=EDGE_LOOP('',(#1974,#1975,#1976,#1977));
#6243=EDGE_LOOP('',(#1978,#1979,#1980,#1981));
#6244=EDGE_LOOP('',(#1982,#1983,#1984,#1985));
#6245=EDGE_LOOP('',(#1986,#1987,#1988,#1989));
#6246=EDGE_LOOP('',(#1990,#1991,#1992,#1993));
#6247=EDGE_LOOP('',(#1994,#1995,#1996,#1997));
#6248=EDGE_LOOP('',(#1998,#1999,#2000,#2001));
#6249=EDGE_LOOP('',(#2002,#2003,#2004,#2005));
#6250=EDGE_LOOP('',(#2006,#2007,#2008,#2009));
#6251=EDGE_LOOP('',(#2010,#2011,#2012,#2013));
#6252=EDGE_LOOP('',(#2014,#2015,#2016,#2017));
#6253=EDGE_LOOP('',(#2018,#2019,#2020,#2021));
#6254=EDGE_LOOP('',(#2022));
#6255=EDGE_LOOP('',(#2023));
#6256=EDGE_LOOP('',(#2024));
#6257=EDGE_LOOP('',(#2025));
#6258=EDGE_LOOP('',(#2026));
#6259=EDGE_LOOP('',(#2027));
#6260=EDGE_LOOP('',(#2028));
#6261=EDGE_LOOP('',(#2029));
#6262=EDGE_LOOP('',(#2030));
#6263=EDGE_LOOP('',(#2031));
#6264=EDGE_LOOP('',(#2032));
#6265=EDGE_LOOP('',(#2033));
#6266=EDGE_LOOP('',(#2034,#2035,#2036,#2037));
#6267=EDGE_LOOP('',(#2038,#2039,#2040,#2041));
#6268=EDGE_LOOP('',(#2042,#2043,#2044,#2045));
#6269=EDGE_LOOP('',(#2046,#2047,#2048,#2049));
#6270=EDGE_LOOP('',(#2050,#2051,#2052,#2053));
#6271=EDGE_LOOP('',(#2054,#2055,#2056,#2057));
#6272=EDGE_LOOP('',(#2058,#2059,#2060,#2061));
#6273=EDGE_LOOP('',(#2062,#2063,#2064,#2065));
#6274=EDGE_LOOP('',(#2066,#2067,#2068,#2069,#2070));
#6275=EDGE_LOOP('',(#2071,#2072,#2073,#2074));
#6276=EDGE_LOOP('',(#2075,#2076,#2077,#2078,#2079));
#6277=EDGE_LOOP('',(#2080,#2081,#2082,#2083));
#6278=EDGE_LOOP('',(#2084,#2085,#2086,#2087));
#6279=EDGE_LOOP('',(#2088,#2089,#2090,#2091,#2092,#2093));
#6280=EDGE_LOOP('',(#2094,#2095,#2096,#2097));
#6281=EDGE_LOOP('',(#2098,#2099,#2100,#2101,#2102,#2103));
#6282=EDGE_LOOP('',(#2104,#2105,#2106,#2107,#2108,#2109));
#6283=EDGE_LOOP('',(#2110,#2111,#2112,#2113));
#6284=EDGE_LOOP('',(#2114,#2115,#2116,#2117));
#6285=EDGE_LOOP('',(#2118,#2119,#2120,#2121));
#6286=EDGE_LOOP('',(#2122,#2123,#2124,#2125));
#6287=EDGE_LOOP('',(#2126,#2127,#2128,#2129));
#6288=EDGE_LOOP('',(#2130,#2131,#2132,#2133));
#6289=EDGE_LOOP('',(#2134,#2135,#2136,#2137));
#6290=EDGE_LOOP('',(#2138,#2139,#2140,#2141));
#6291=EDGE_LOOP('',(#2142,#2143,#2144,#2145));
#6292=EDGE_LOOP('',(#2146,#2147,#2148,#2149));
#6293=EDGE_LOOP('',(#2150,#2151,#2152,#2153));
#6294=EDGE_LOOP('',(#2154,#2155,#2156,#2157));
#6295=EDGE_LOOP('',(#2158,#2159,#2160,#2161));
#6296=EDGE_LOOP('',(#2162,#2163,#2164,#2165));
#6297=EDGE_LOOP('',(#2166,#2167,#2168,#2169));
#6298=EDGE_LOOP('',(#2170,#2171,#2172,#2173));
#6299=EDGE_LOOP('',(#2174,#2175,#2176,#2177));
#6300=EDGE_LOOP('',(#2178,#2179,#2180,#2181));
#6301=EDGE_LOOP('',(#2182,#2183,#2184,#2185));
#6302=EDGE_LOOP('',(#2186,#2187,#2188,#2189));
#6303=EDGE_LOOP('',(#2190,#2191,#2192,#2193));
#6304=EDGE_LOOP('',(#2194,#2195,#2196,#2197));
#6305=EDGE_LOOP('',(#2198,#2199,#2200,#2201));
#6306=EDGE_LOOP('',(#2202,#2203,#2204,#2205));
#6307=EDGE_LOOP('',(#2206,#2207,#2208,#2209));
#6308=EDGE_LOOP('',(#2210,#2211,#2212,#2213));
#6309=EDGE_LOOP('',(#2214,#2215,#2216,#2217));
#6310=EDGE_LOOP('',(#2218,#2219,#2220,#2221));
#6311=EDGE_LOOP('',(#2222,#2223,#2224,#2225));
#6312=EDGE_LOOP('',(#2226,#2227,#2228,#2229));
#6313=EDGE_LOOP('',(#2230,#2231,#2232,#2233));
#6314=EDGE_LOOP('',(#2234,#2235,#2236,#2237));
#6315=EDGE_LOOP('',(#2238,#2239,#2240,#2241));
#6316=EDGE_LOOP('',(#2242,#2243,#2244,#2245));
#6317=EDGE_LOOP('',(#2246,#2247,#2248,#2249));
#6318=EDGE_LOOP('',(#2250,#2251,#2252,#2253));
#6319=EDGE_LOOP('',(#2254,#2255,#2256,#2257));
#6320=EDGE_LOOP('',(#2258,#2259,#2260,#2261));
#6321=EDGE_LOOP('',(#2262,#2263,#2264,#2265));
#6322=EDGE_LOOP('',(#2266,#2267,#2268,#2269));
#6323=EDGE_LOOP('',(#2270,#2271,#2272,#2273));
#6324=EDGE_LOOP('',(#2274,#2275,#2276,#2277));
#6325=EDGE_LOOP('',(#2278,#2279,#2280,#2281));
#6326=EDGE_LOOP('',(#2282,#2283,#2284,#2285));
#6327=EDGE_LOOP('',(#2286,#2287,#2288,#2289));
#6328=EDGE_LOOP('',(#2290,#2291,#2292,#2293));
#6329=EDGE_LOOP('',(#2294,#2295,#2296,#2297));
#6330=EDGE_LOOP('',(#2298,#2299,#2300,#2301));
#6331=EDGE_LOOP('',(#2302,#2303,#2304,#2305));
#6332=EDGE_LOOP('',(#2306,#2307,#2308,#2309));
#6333=EDGE_LOOP('',(#2310,#2311,#2312,#2313));
#6334=EDGE_LOOP('',(#2314,#2315,#2316,#2317));
#6335=EDGE_LOOP('',(#2318,#2319,#2320,#2321));
#6336=EDGE_LOOP('',(#2322,#2323,#2324,#2325));
#6337=EDGE_LOOP('',(#2326,#2327,#2328,#2329));
#6338=EDGE_LOOP('',(#2330,#2331,#2332,#2333));
#6339=EDGE_LOOP('',(#2334,#2335,#2336,#2337));
#6340=EDGE_LOOP('',(#2338,#2339,#2340,#2341));
#6341=EDGE_LOOP('',(#2342,#2343,#2344,#2345));
#6342=EDGE_LOOP('',(#2346,#2347,#2348,#2349));
#6343=EDGE_LOOP('',(#2350,#2351,#2352,#2353));
#6344=EDGE_LOOP('',(#2354,#2355,#2356,#2357));
#6345=EDGE_LOOP('',(#2358,#2359,#2360,#2361));
#6346=EDGE_LOOP('',(#2362,#2363,#2364,#2365));
#6347=EDGE_LOOP('',(#2366,#2367,#2368,#2369));
#6348=EDGE_LOOP('',(#2370,#2371,#2372,#2373));
#6349=EDGE_LOOP('',(#2374,#2375,#2376,#2377));
#6350=EDGE_LOOP('',(#2378,#2379,#2380,#2381));
#6351=EDGE_LOOP('',(#2382,#2383,#2384,#2385));
#6352=EDGE_LOOP('',(#2386,#2387,#2388,#2389));
#6353=EDGE_LOOP('',(#2390,#2391,#2392,#2393));
#6354=EDGE_LOOP('',(#2394,#2395,#2396,#2397));
#6355=EDGE_LOOP('',(#2398,#2399,#2400,#2401));
#6356=EDGE_LOOP('',(#2402,#2403,#2404,#2405));
#6357=EDGE_LOOP('',(#2406,#2407,#2408,#2409));
#6358=EDGE_LOOP('',(#2410,#2411,#2412,#2413));
#6359=EDGE_LOOP('',(#2414,#2415,#2416,#2417));
#6360=EDGE_LOOP('',(#2418,#2419,#2420,#2421));
#6361=EDGE_LOOP('',(#2422,#2423,#2424,#2425));
#6362=EDGE_LOOP('',(#2426,#2427,#2428,#2429));
#6363=EDGE_LOOP('',(#2430,#2431,#2432,#2433));
#6364=EDGE_LOOP('',(#2434,#2435,#2436,#2437));
#6365=EDGE_LOOP('',(#2438,#2439,#2440,#2441));
#6366=EDGE_LOOP('',(#2442,#2443,#2444,#2445));
#6367=EDGE_LOOP('',(#2446,#2447,#2448,#2449));
#6368=EDGE_LOOP('',(#2450,#2451,#2452,#2453));
#6369=EDGE_LOOP('',(#2454,#2455,#2456,#2457));
#6370=EDGE_LOOP('',(#2458,#2459,#2460,#2461));
#6371=EDGE_LOOP('',(#2462,#2463,#2464,#2465));
#6372=EDGE_LOOP('',(#2466,#2467,#2468,#2469));
#6373=EDGE_LOOP('',(#2470,#2471,#2472,#2473));
#6374=EDGE_LOOP('',(#2474,#2475,#2476,#2477));
#6375=EDGE_LOOP('',(#2478,#2479,#2480,#2481));
#6376=EDGE_LOOP('',(#2482,#2483,#2484,#2485));
#6377=EDGE_LOOP('',(#2486,#2487,#2488,#2489));
#6378=EDGE_LOOP('',(#2490,#2491,#2492,#2493));
#6379=EDGE_LOOP('',(#2494,#2495,#2496,#2497));
#6380=EDGE_LOOP('',(#2498,#2499,#2500,#2501));
#6381=EDGE_LOOP('',(#2502,#2503,#2504,#2505));
#6382=EDGE_LOOP('',(#2506,#2507,#2508,#2509));
#6383=EDGE_LOOP('',(#2510,#2511,#2512,#2513));
#6384=EDGE_LOOP('',(#2514,#2515,#2516,#2517));
#6385=EDGE_LOOP('',(#2518,#2519,#2520,#2521));
#6386=EDGE_LOOP('',(#2522,#2523,#2524,#2525));
#6387=EDGE_LOOP('',(#2526,#2527,#2528,#2529));
#6388=EDGE_LOOP('',(#2530,#2531,#2532,#2533));
#6389=EDGE_LOOP('',(#2534,#2535,#2536,#2537));
#6390=EDGE_LOOP('',(#2538,#2539,#2540,#2541));
#6391=EDGE_LOOP('',(#2542,#2543,#2544,#2545));
#6392=EDGE_LOOP('',(#2546,#2547,#2548,#2549));
#6393=EDGE_LOOP('',(#2550,#2551,#2552,#2553));
#6394=EDGE_LOOP('',(#2554,#2555,#2556,#2557));
#6395=EDGE_LOOP('',(#2558,#2559,#2560,#2561));
#6396=EDGE_LOOP('',(#2562,#2563,#2564,#2565));
#6397=EDGE_LOOP('',(#2566,#2567,#2568,#2569));
#6398=EDGE_LOOP('',(#2570,#2571,#2572,#2573));
#6399=EDGE_LOOP('',(#2574,#2575,#2576,#2577));
#6400=EDGE_LOOP('',(#2578,#2579,#2580,#2581));
#6401=EDGE_LOOP('',(#2582,#2583,#2584,#2585));
#6402=EDGE_LOOP('',(#2586,#2587,#2588,#2589));
#6403=EDGE_LOOP('',(#2590,#2591,#2592,#2593));
#6404=EDGE_LOOP('',(#2594,#2595,#2596,#2597));
#6405=EDGE_LOOP('',(#2598,#2599,#2600,#2601));
#6406=EDGE_LOOP('',(#2602,#2603,#2604,#2605));
#6407=EDGE_LOOP('',(#2606,#2607,#2608,#2609));
#6408=EDGE_LOOP('',(#2610,#2611,#2612,#2613));
#6409=EDGE_LOOP('',(#2614,#2615,#2616,#2617));
#6410=EDGE_LOOP('',(#2618,#2619,#2620,#2621));
#6411=EDGE_LOOP('',(#2622));
#6412=EDGE_LOOP('',(#2623));
#6413=EDGE_LOOP('',(#2624));
#6414=EDGE_LOOP('',(#2625));
#6415=EDGE_LOOP('',(#2626));
#6416=EDGE_LOOP('',(#2627));
#6417=EDGE_LOOP('',(#2628));
#6418=EDGE_LOOP('',(#2629));
#6419=EDGE_LOOP('',(#2630));
#6420=EDGE_LOOP('',(#2631));
#6421=EDGE_LOOP('',(#2632));
#6422=EDGE_LOOP('',(#2633));
#6423=EDGE_LOOP('',(#2634,#2635,#2636,#2637));
#6424=EDGE_LOOP('',(#2638,#2639,#2640,#2641));
#6425=EDGE_LOOP('',(#2642,#2643,#2644,#2645));
#6426=EDGE_LOOP('',(#2646,#2647,#2648,#2649));
#6427=EDGE_LOOP('',(#2650,#2651,#2652,#2653));
#6428=EDGE_LOOP('',(#2654,#2655,#2656,#2657));
#6429=EDGE_LOOP('',(#2658,#2659,#2660,#2661));
#6430=EDGE_LOOP('',(#2662,#2663,#2664,#2665));
#6431=EDGE_LOOP('',(#2666,#2667,#2668,#2669));
#6432=EDGE_LOOP('',(#2670,#2671,#2672,#2673));
#6433=EDGE_LOOP('',(#2674,#2675,#2676,#2677));
#6434=EDGE_LOOP('',(#2678,#2679,#2680,#2681));
#6435=EDGE_LOOP('',(#2682,#2683,#2684,#2685));
#6436=EDGE_LOOP('',(#2686,#2687,#2688,#2689));
#6437=EDGE_LOOP('',(#2690,#2691,#2692,#2693));
#6438=EDGE_LOOP('',(#2694,#2695,#2696,#2697));
#6439=EDGE_LOOP('',(#2698,#2699,#2700,#2701));
#6440=EDGE_LOOP('',(#2702,#2703,#2704,#2705,#2706));
#6441=EDGE_LOOP('',(#2707,#2708,#2709,#2710));
#6442=EDGE_LOOP('',(#2711,#2712,#2713,#2714,#2715));
#6443=EDGE_LOOP('',(#2716,#2717,#2718,#2719));
#6444=FACE_BOUND('',#5914,.T.);
#6445=FACE_BOUND('',#5915,.T.);
#6446=FACE_BOUND('',#5916,.T.);
#6447=FACE_BOUND('',#5917,.T.);
#6448=FACE_BOUND('',#5918,.T.);
#6449=FACE_BOUND('',#5919,.T.);
#6450=FACE_BOUND('',#5920,.T.);
#6451=FACE_BOUND('',#5921,.T.);
#6452=FACE_BOUND('',#5922,.T.);
#6453=FACE_BOUND('',#5923,.T.);
#6454=FACE_BOUND('',#5924,.T.);
#6455=FACE_BOUND('',#5925,.T.);
#6456=FACE_BOUND('',#5926,.T.);
#6457=FACE_BOUND('',#5927,.T.);
#6458=FACE_BOUND('',#5928,.T.);
#6459=FACE_BOUND('',#5929,.T.);
#6460=FACE_BOUND('',#5930,.T.);
#6461=FACE_BOUND('',#5931,.T.);
#6462=FACE_BOUND('',#5932,.T.);
#6463=FACE_BOUND('',#5933,.T.);
#6464=FACE_BOUND('',#5934,.T.);
#6465=FACE_BOUND('',#5935,.T.);
#6466=FACE_BOUND('',#5936,.T.);
#6467=FACE_BOUND('',#5937,.T.);
#6468=FACE_BOUND('',#5938,.T.);
#6469=FACE_BOUND('',#5939,.T.);
#6470=FACE_BOUND('',#5940,.T.);
#6471=FACE_BOUND('',#5941,.T.);
#6472=FACE_BOUND('',#5942,.T.);
#6473=FACE_BOUND('',#5943,.T.);
#6474=FACE_BOUND('',#5944,.T.);
#6475=FACE_BOUND('',#5945,.T.);
#6476=FACE_BOUND('',#5946,.T.);
#6477=FACE_BOUND('',#5947,.T.);
#6478=FACE_BOUND('',#5948,.T.);
#6479=FACE_BOUND('',#5949,.T.);
#6480=FACE_BOUND('',#5950,.T.);
#6481=FACE_BOUND('',#5951,.T.);
#6482=FACE_BOUND('',#5952,.T.);
#6483=FACE_BOUND('',#5953,.T.);
#6484=FACE_BOUND('',#5954,.T.);
#6485=FACE_BOUND('',#5955,.T.);
#6486=FACE_BOUND('',#5956,.T.);
#6487=FACE_BOUND('',#5957,.T.);
#6488=FACE_BOUND('',#5958,.T.);
#6489=FACE_BOUND('',#5959,.T.);
#6490=FACE_BOUND('',#5960,.T.);
#6491=FACE_BOUND('',#5961,.T.);
#6492=FACE_BOUND('',#5962,.T.);
#6493=FACE_BOUND('',#5963,.T.);
#6494=FACE_BOUND('',#5964,.T.);
#6495=FACE_BOUND('',#5965,.T.);
#6496=FACE_BOUND('',#5966,.T.);
#6497=FACE_BOUND('',#5967,.T.);
#6498=FACE_BOUND('',#5968,.T.);
#6499=FACE_BOUND('',#5969,.T.);
#6500=FACE_BOUND('',#5970,.T.);
#6501=FACE_BOUND('',#5971,.T.);
#6502=FACE_BOUND('',#5972,.T.);
#6503=FACE_BOUND('',#5973,.T.);
#6504=FACE_BOUND('',#5974,.T.);
#6505=FACE_BOUND('',#5975,.T.);
#6506=FACE_BOUND('',#5976,.T.);
#6507=FACE_BOUND('',#5977,.T.);
#6508=FACE_BOUND('',#5978,.T.);
#6509=FACE_BOUND('',#5979,.T.);
#6510=FACE_BOUND('',#5980,.T.);
#6511=FACE_BOUND('',#5981,.T.);
#6512=FACE_BOUND('',#5982,.T.);
#6513=FACE_BOUND('',#5983,.T.);
#6514=FACE_BOUND('',#5984,.T.);
#6515=FACE_BOUND('',#5985,.T.);
#6516=FACE_BOUND('',#5986,.T.);
#6517=FACE_BOUND('',#5987,.T.);
#6518=FACE_BOUND('',#5988,.T.);
#6519=FACE_BOUND('',#5989,.T.);
#6520=FACE_BOUND('',#5990,.T.);
#6521=FACE_BOUND('',#5991,.T.);
#6522=FACE_BOUND('',#5992,.T.);
#6523=FACE_BOUND('',#5993,.T.);
#6524=FACE_BOUND('',#5994,.T.);
#6525=FACE_BOUND('',#5995,.T.);
#6526=FACE_BOUND('',#5996,.T.);
#6527=FACE_BOUND('',#5997,.T.);
#6528=FACE_BOUND('',#5998,.T.);
#6529=FACE_BOUND('',#5999,.T.);
#6530=FACE_BOUND('',#6000,.T.);
#6531=FACE_BOUND('',#6001,.T.);
#6532=FACE_BOUND('',#6002,.T.);
#6533=FACE_BOUND('',#6003,.T.);
#6534=FACE_BOUND('',#6004,.T.);
#6535=FACE_BOUND('',#6005,.T.);
#6536=FACE_BOUND('',#6006,.T.);
#6537=FACE_BOUND('',#6007,.T.);
#6538=FACE_BOUND('',#6008,.T.);
#6539=FACE_BOUND('',#6009,.T.);
#6540=FACE_BOUND('',#6010,.T.);
#6541=FACE_BOUND('',#6011,.T.);
#6542=FACE_BOUND('',#6012,.T.);
#6543=FACE_BOUND('',#6013,.T.);
#6544=FACE_BOUND('',#6014,.T.);
#6545=FACE_BOUND('',#6015,.T.);
#6546=FACE_BOUND('',#6016,.T.);
#6547=FACE_BOUND('',#6017,.T.);
#6548=FACE_BOUND('',#6018,.T.);
#6549=FACE_BOUND('',#6019,.T.);
#6550=FACE_BOUND('',#6020,.T.);
#6551=FACE_BOUND('',#6021,.T.);
#6552=FACE_BOUND('',#6022,.T.);
#6553=FACE_BOUND('',#6023,.T.);
#6554=FACE_BOUND('',#6024,.T.);
#6555=FACE_BOUND('',#6025,.T.);
#6556=FACE_BOUND('',#6026,.T.);
#6557=FACE_BOUND('',#6027,.T.);
#6558=FACE_BOUND('',#6028,.T.);
#6559=FACE_BOUND('',#6029,.T.);
#6560=FACE_BOUND('',#6030,.T.);
#6561=FACE_BOUND('',#6031,.T.);
#6562=FACE_BOUND('',#6032,.T.);
#6563=FACE_BOUND('',#6033,.T.);
#6564=FACE_BOUND('',#6034,.T.);
#6565=FACE_BOUND('',#6035,.T.);
#6566=FACE_BOUND('',#6036,.T.);
#6567=FACE_BOUND('',#6037,.T.);
#6568=FACE_BOUND('',#6038,.T.);
#6569=FACE_BOUND('',#6039,.T.);
#6570=FACE_BOUND('',#6040,.T.);
#6571=FACE_BOUND('',#6041,.T.);
#6572=FACE_BOUND('',#6042,.T.);
#6573=FACE_BOUND('',#6043,.T.);
#6574=FACE_BOUND('',#6044,.T.);
#6575=FACE_BOUND('',#6045,.T.);
#6576=FACE_BOUND('',#6046,.T.);
#6577=FACE_BOUND('',#6047,.T.);
#6578=FACE_BOUND('',#6048,.T.);
#6579=FACE_BOUND('',#6049,.T.);
#6580=FACE_BOUND('',#6050,.T.);
#6581=FACE_BOUND('',#6051,.T.);
#6582=FACE_BOUND('',#6052,.T.);
#6583=FACE_BOUND('',#6053,.T.);
#6584=FACE_BOUND('',#6054,.T.);
#6585=FACE_BOUND('',#6055,.T.);
#6586=FACE_BOUND('',#6056,.T.);
#6587=FACE_BOUND('',#6057,.T.);
#6588=FACE_BOUND('',#6058,.T.);
#6589=FACE_BOUND('',#6059,.T.);
#6590=FACE_BOUND('',#6060,.T.);
#6591=FACE_BOUND('',#6061,.T.);
#6592=FACE_BOUND('',#6062,.T.);
#6593=FACE_BOUND('',#6063,.T.);
#6594=FACE_BOUND('',#6064,.T.);
#6595=FACE_BOUND('',#6065,.T.);
#6596=FACE_BOUND('',#6066,.T.);
#6597=FACE_BOUND('',#6067,.T.);
#6598=FACE_BOUND('',#6068,.T.);
#6599=FACE_BOUND('',#6069,.T.);
#6600=FACE_BOUND('',#6070,.T.);
#6601=FACE_BOUND('',#6071,.T.);
#6602=FACE_BOUND('',#6072,.T.);
#6603=FACE_BOUND('',#6073,.T.);
#6604=FACE_BOUND('',#6074,.T.);
#6605=FACE_BOUND('',#6075,.T.);
#6606=FACE_BOUND('',#6076,.T.);
#6607=FACE_BOUND('',#6077,.T.);
#6608=FACE_BOUND('',#6078,.T.);
#6609=FACE_BOUND('',#6079,.T.);
#6610=FACE_BOUND('',#6080,.T.);
#6611=FACE_BOUND('',#6081,.T.);
#6612=FACE_BOUND('',#6082,.T.);
#6613=FACE_BOUND('',#6083,.T.);
#6614=FACE_BOUND('',#6084,.T.);
#6615=FACE_BOUND('',#6085,.T.);
#6616=FACE_BOUND('',#6086,.T.);
#6617=FACE_BOUND('',#6087,.T.);
#6618=FACE_BOUND('',#6088,.T.);
#6619=FACE_BOUND('',#6089,.T.);
#6620=FACE_BOUND('',#6090,.T.);
#6621=FACE_BOUND('',#6091,.T.);
#6622=FACE_BOUND('',#6092,.T.);
#6623=FACE_BOUND('',#6093,.T.);
#6624=FACE_BOUND('',#6094,.T.);
#6625=FACE_BOUND('',#6095,.T.);
#6626=FACE_BOUND('',#6096,.T.);
#6627=FACE_BOUND('',#6097,.T.);
#6628=FACE_BOUND('',#6098,.T.);
#6629=FACE_BOUND('',#6099,.T.);
#6630=FACE_BOUND('',#6100,.T.);
#6631=FACE_BOUND('',#6101,.T.);
#6632=FACE_BOUND('',#6102,.T.);
#6633=FACE_BOUND('',#6103,.T.);
#6634=FACE_BOUND('',#6104,.T.);
#6635=FACE_BOUND('',#6105,.T.);
#6636=FACE_BOUND('',#6106,.T.);
#6637=FACE_BOUND('',#6107,.T.);
#6638=FACE_BOUND('',#6108,.T.);
#6639=FACE_BOUND('',#6109,.T.);
#6640=FACE_BOUND('',#6110,.T.);
#6641=FACE_BOUND('',#6111,.T.);
#6642=FACE_BOUND('',#6112,.T.);
#6643=FACE_BOUND('',#6113,.T.);
#6644=FACE_BOUND('',#6114,.T.);
#6645=FACE_BOUND('',#6115,.T.);
#6646=FACE_BOUND('',#6116,.T.);
#6647=FACE_BOUND('',#6117,.T.);
#6648=FACE_BOUND('',#6118,.T.);
#6649=FACE_BOUND('',#6119,.T.);
#6650=FACE_BOUND('',#6120,.T.);
#6651=FACE_BOUND('',#6121,.T.);
#6652=FACE_BOUND('',#6122,.T.);
#6653=FACE_BOUND('',#6123,.T.);
#6654=FACE_BOUND('',#6124,.T.);
#6655=FACE_BOUND('',#6125,.T.);
#6656=FACE_BOUND('',#6126,.T.);
#6657=FACE_BOUND('',#6127,.T.);
#6658=FACE_BOUND('',#6128,.T.);
#6659=FACE_BOUND('',#6129,.T.);
#6660=FACE_BOUND('',#6130,.T.);
#6661=FACE_BOUND('',#6131,.T.);
#6662=FACE_BOUND('',#6132,.T.);
#6663=FACE_BOUND('',#6133,.T.);
#6664=FACE_BOUND('',#6134,.T.);
#6665=FACE_BOUND('',#6135,.T.);
#6666=FACE_BOUND('',#6136,.T.);
#6667=FACE_BOUND('',#6137,.T.);
#6668=FACE_BOUND('',#6138,.T.);
#6669=FACE_BOUND('',#6139,.T.);
#6670=FACE_BOUND('',#6140,.T.);
#6671=FACE_BOUND('',#6141,.T.);
#6672=FACE_BOUND('',#6142,.T.);
#6673=FACE_BOUND('',#6143,.T.);
#6674=FACE_BOUND('',#6144,.T.);
#6675=FACE_BOUND('',#6145,.T.);
#6676=FACE_BOUND('',#6146,.T.);
#6677=FACE_BOUND('',#6147,.T.);
#6678=FACE_BOUND('',#6148,.T.);
#6679=FACE_BOUND('',#6149,.T.);
#6680=FACE_BOUND('',#6150,.T.);
#6681=FACE_BOUND('',#6151,.T.);
#6682=FACE_BOUND('',#6152,.T.);
#6683=FACE_BOUND('',#6153,.T.);
#6684=FACE_BOUND('',#6154,.T.);
#6685=FACE_BOUND('',#6155,.T.);
#6686=FACE_BOUND('',#6156,.T.);
#6687=FACE_BOUND('',#6157,.T.);
#6688=FACE_BOUND('',#6158,.T.);
#6689=FACE_BOUND('',#6159,.T.);
#6690=FACE_BOUND('',#6160,.T.);
#6691=FACE_BOUND('',#6161,.T.);
#6692=FACE_BOUND('',#6162,.T.);
#6693=FACE_BOUND('',#6163,.T.);
#6694=FACE_BOUND('',#6164,.T.);
#6695=FACE_BOUND('',#6165,.T.);
#6696=FACE_BOUND('',#6166,.T.);
#6697=FACE_BOUND('',#6167,.T.);
#6698=FACE_BOUND('',#6168,.T.);
#6699=FACE_BOUND('',#6169,.T.);
#6700=FACE_BOUND('',#6170,.T.);
#6701=FACE_BOUND('',#6171,.T.);
#6702=FACE_BOUND('',#6172,.T.);
#6703=FACE_BOUND('',#6173,.T.);
#6704=FACE_BOUND('',#6174,.T.);
#6705=FACE_BOUND('',#6175,.T.);
#6706=FACE_BOUND('',#6176,.T.);
#6707=FACE_BOUND('',#6177,.T.);
#6708=FACE_BOUND('',#6178,.T.);
#6709=FACE_BOUND('',#6179,.T.);
#6710=FACE_BOUND('',#6180,.T.);
#6711=FACE_BOUND('',#6181,.T.);
#6712=FACE_BOUND('',#6182,.T.);
#6713=FACE_BOUND('',#6183,.T.);
#6714=FACE_BOUND('',#6184,.T.);
#6715=FACE_BOUND('',#6185,.T.);
#6716=FACE_BOUND('',#6186,.T.);
#6717=FACE_BOUND('',#6187,.T.);
#6718=FACE_BOUND('',#6188,.T.);
#6719=FACE_BOUND('',#6189,.T.);
#6720=FACE_BOUND('',#6190,.T.);
#6721=FACE_BOUND('',#6191,.T.);
#6722=FACE_BOUND('',#6192,.T.);
#6723=FACE_BOUND('',#6193,.T.);
#6724=FACE_BOUND('',#6194,.T.);
#6725=FACE_BOUND('',#6195,.T.);
#6726=FACE_BOUND('',#6196,.T.);
#6727=FACE_BOUND('',#6197,.T.);
#6728=FACE_BOUND('',#6198,.T.);
#6729=FACE_BOUND('',#6199,.T.);
#6730=FACE_BOUND('',#6200,.T.);
#6731=FACE_BOUND('',#6201,.T.);
#6732=FACE_BOUND('',#6202,.T.);
#6733=FACE_BOUND('',#6203,.T.);
#6734=FACE_BOUND('',#6204,.T.);
#6735=FACE_BOUND('',#6205,.T.);
#6736=FACE_BOUND('',#6206,.T.);
#6737=FACE_BOUND('',#6207,.T.);
#6738=FACE_BOUND('',#6208,.T.);
#6739=FACE_BOUND('',#6209,.T.);
#6740=FACE_BOUND('',#6210,.T.);
#6741=FACE_BOUND('',#6211,.T.);
#6742=FACE_BOUND('',#6212,.T.);
#6743=FACE_BOUND('',#6213,.T.);
#6744=FACE_BOUND('',#6214,.T.);
#6745=FACE_BOUND('',#6215,.T.);
#6746=FACE_BOUND('',#6216,.T.);
#6747=FACE_BOUND('',#6217,.T.);
#6748=FACE_BOUND('',#6218,.T.);
#6749=FACE_BOUND('',#6219,.T.);
#6750=FACE_BOUND('',#6220,.T.);
#6751=FACE_BOUND('',#6221,.T.);
#6752=FACE_BOUND('',#6222,.T.);
#6753=FACE_BOUND('',#6223,.T.);
#6754=FACE_BOUND('',#6224,.T.);
#6755=FACE_BOUND('',#6225,.T.);
#6756=FACE_BOUND('',#6226,.T.);
#6757=FACE_BOUND('',#6227,.T.);
#6758=FACE_BOUND('',#6228,.T.);
#6759=FACE_BOUND('',#6229,.T.);
#6760=FACE_BOUND('',#6230,.T.);
#6761=FACE_BOUND('',#6231,.T.);
#6762=FACE_BOUND('',#6232,.T.);
#6763=FACE_BOUND('',#6233,.T.);
#6764=FACE_BOUND('',#6234,.T.);
#6765=FACE_BOUND('',#6235,.T.);
#6766=FACE_BOUND('',#6236,.T.);
#6767=FACE_BOUND('',#6237,.T.);
#6768=FACE_BOUND('',#6238,.T.);
#6769=FACE_BOUND('',#6239,.T.);
#6770=FACE_BOUND('',#6240,.T.);
#6771=FACE_BOUND('',#6241,.T.);
#6772=FACE_BOUND('',#6242,.T.);
#6773=FACE_BOUND('',#6243,.T.);
#6774=FACE_BOUND('',#6244,.T.);
#6775=FACE_BOUND('',#6245,.T.);
#6776=FACE_BOUND('',#6246,.T.);
#6777=FACE_BOUND('',#6247,.T.);
#6778=FACE_BOUND('',#6248,.T.);
#6779=FACE_BOUND('',#6249,.T.);
#6780=FACE_BOUND('',#6250,.T.);
#6781=FACE_BOUND('',#6251,.T.);
#6782=FACE_BOUND('',#6252,.T.);
#6783=FACE_BOUND('',#6253,.T.);
#6784=FACE_BOUND('',#6254,.T.);
#6785=FACE_BOUND('',#6255,.T.);
#6786=FACE_BOUND('',#6256,.T.);
#6787=FACE_BOUND('',#6257,.T.);
#6788=FACE_BOUND('',#6258,.T.);
#6789=FACE_BOUND('',#6259,.T.);
#6790=FACE_BOUND('',#6260,.T.);
#6791=FACE_BOUND('',#6261,.T.);
#6792=FACE_BOUND('',#6262,.T.);
#6793=FACE_BOUND('',#6263,.T.);
#6794=FACE_BOUND('',#6264,.T.);
#6795=FACE_BOUND('',#6265,.T.);
#6796=FACE_BOUND('',#6266,.T.);
#6797=FACE_BOUND('',#6267,.T.);
#6798=FACE_BOUND('',#6268,.T.);
#6799=FACE_BOUND('',#6269,.T.);
#6800=FACE_BOUND('',#6270,.T.);
#6801=FACE_BOUND('',#6271,.T.);
#6802=FACE_BOUND('',#6272,.T.);
#6803=FACE_BOUND('',#6273,.T.);
#6804=FACE_BOUND('',#6274,.T.);
#6805=FACE_BOUND('',#6275,.T.);
#6806=FACE_BOUND('',#6276,.T.);
#6807=FACE_BOUND('',#6277,.T.);
#6808=FACE_BOUND('',#6278,.T.);
#6809=FACE_BOUND('',#6279,.T.);
#6810=FACE_BOUND('',#6280,.T.);
#6811=FACE_BOUND('',#6281,.T.);
#6812=FACE_BOUND('',#6282,.T.);
#6813=FACE_BOUND('',#6283,.T.);
#6814=FACE_BOUND('',#6284,.T.);
#6815=FACE_BOUND('',#6285,.T.);
#6816=FACE_BOUND('',#6286,.T.);
#6817=FACE_BOUND('',#6287,.T.);
#6818=FACE_BOUND('',#6288,.T.);
#6819=FACE_BOUND('',#6289,.T.);
#6820=FACE_BOUND('',#6290,.T.);
#6821=FACE_BOUND('',#6291,.T.);
#6822=FACE_BOUND('',#6292,.T.);
#6823=FACE_BOUND('',#6293,.T.);
#6824=FACE_BOUND('',#6294,.T.);
#6825=FACE_BOUND('',#6295,.T.);
#6826=FACE_BOUND('',#6296,.T.);
#6827=FACE_BOUND('',#6297,.T.);
#6828=FACE_BOUND('',#6298,.T.);
#6829=FACE_BOUND('',#6299,.T.);
#6830=FACE_BOUND('',#6300,.T.);
#6831=FACE_BOUND('',#6301,.T.);
#6832=FACE_BOUND('',#6302,.T.);
#6833=FACE_BOUND('',#6303,.T.);
#6834=FACE_BOUND('',#6304,.T.);
#6835=FACE_BOUND('',#6305,.T.);
#6836=FACE_BOUND('',#6306,.T.);
#6837=FACE_BOUND('',#6307,.T.);
#6838=FACE_BOUND('',#6308,.T.);
#6839=FACE_BOUND('',#6309,.T.);
#6840=FACE_BOUND('',#6310,.T.);
#6841=FACE_BOUND('',#6311,.T.);
#6842=FACE_BOUND('',#6312,.T.);
#6843=FACE_BOUND('',#6313,.T.);
#6844=FACE_BOUND('',#6314,.T.);
#6845=FACE_BOUND('',#6315,.T.);
#6846=FACE_BOUND('',#6316,.T.);
#6847=FACE_BOUND('',#6317,.T.);
#6848=FACE_BOUND('',#6318,.T.);
#6849=FACE_BOUND('',#6319,.T.);
#6850=FACE_BOUND('',#6320,.T.);
#6851=FACE_BOUND('',#6321,.T.);
#6852=FACE_BOUND('',#6322,.T.);
#6853=FACE_BOUND('',#6323,.T.);
#6854=FACE_BOUND('',#6324,.T.);
#6855=FACE_BOUND('',#6325,.T.);
#6856=FACE_BOUND('',#6326,.T.);
#6857=FACE_BOUND('',#6327,.T.);
#6858=FACE_BOUND('',#6328,.T.);
#6859=FACE_BOUND('',#6329,.T.);
#6860=FACE_BOUND('',#6330,.T.);
#6861=FACE_BOUND('',#6331,.T.);
#6862=FACE_BOUND('',#6332,.T.);
#6863=FACE_BOUND('',#6333,.T.);
#6864=FACE_BOUND('',#6334,.T.);
#6865=FACE_BOUND('',#6335,.T.);
#6866=FACE_BOUND('',#6336,.T.);
#6867=FACE_BOUND('',#6337,.T.);
#6868=FACE_BOUND('',#6338,.T.);
#6869=FACE_BOUND('',#6339,.T.);
#6870=FACE_BOUND('',#6340,.T.);
#6871=FACE_BOUND('',#6341,.T.);
#6872=FACE_BOUND('',#6342,.T.);
#6873=FACE_BOUND('',#6343,.T.);
#6874=FACE_BOUND('',#6344,.T.);
#6875=FACE_BOUND('',#6345,.T.);
#6876=FACE_BOUND('',#6346,.T.);
#6877=FACE_BOUND('',#6347,.T.);
#6878=FACE_BOUND('',#6348,.T.);
#6879=FACE_BOUND('',#6349,.T.);
#6880=FACE_BOUND('',#6350,.T.);
#6881=FACE_BOUND('',#6351,.T.);
#6882=FACE_BOUND('',#6352,.T.);
#6883=FACE_BOUND('',#6353,.T.);
#6884=FACE_BOUND('',#6354,.T.);
#6885=FACE_BOUND('',#6355,.T.);
#6886=FACE_BOUND('',#6356,.T.);
#6887=FACE_BOUND('',#6357,.T.);
#6888=FACE_BOUND('',#6358,.T.);
#6889=FACE_BOUND('',#6359,.T.);
#6890=FACE_BOUND('',#6360,.T.);
#6891=FACE_BOUND('',#6361,.T.);
#6892=FACE_BOUND('',#6362,.T.);
#6893=FACE_BOUND('',#6363,.T.);
#6894=FACE_BOUND('',#6364,.T.);
#6895=FACE_BOUND('',#6365,.T.);
#6896=FACE_BOUND('',#6366,.T.);
#6897=FACE_BOUND('',#6367,.T.);
#6898=FACE_BOUND('',#6368,.T.);
#6899=FACE_BOUND('',#6369,.T.);
#6900=FACE_BOUND('',#6370,.T.);
#6901=FACE_BOUND('',#6371,.T.);
#6902=FACE_BOUND('',#6372,.T.);
#6903=FACE_BOUND('',#6373,.T.);
#6904=FACE_BOUND('',#6374,.T.);
#6905=FACE_BOUND('',#6375,.T.);
#6906=FACE_BOUND('',#6376,.T.);
#6907=FACE_BOUND('',#6377,.T.);
#6908=FACE_BOUND('',#6378,.T.);
#6909=FACE_BOUND('',#6379,.T.);
#6910=FACE_BOUND('',#6380,.T.);
#6911=FACE_BOUND('',#6381,.T.);
#6912=FACE_BOUND('',#6382,.T.);
#6913=FACE_BOUND('',#6383,.T.);
#6914=FACE_BOUND('',#6384,.T.);
#6915=FACE_BOUND('',#6385,.T.);
#6916=FACE_BOUND('',#6386,.T.);
#6917=FACE_BOUND('',#6387,.T.);
#6918=FACE_BOUND('',#6388,.T.);
#6919=FACE_BOUND('',#6389,.T.);
#6920=FACE_BOUND('',#6390,.T.);
#6921=FACE_BOUND('',#6391,.T.);
#6922=FACE_BOUND('',#6392,.T.);
#6923=FACE_BOUND('',#6393,.T.);
#6924=FACE_BOUND('',#6394,.T.);
#6925=FACE_BOUND('',#6395,.T.);
#6926=FACE_BOUND('',#6396,.T.);
#6927=FACE_BOUND('',#6397,.T.);
#6928=FACE_BOUND('',#6398,.T.);
#6929=FACE_BOUND('',#6399,.T.);
#6930=FACE_BOUND('',#6400,.T.);
#6931=FACE_BOUND('',#6401,.T.);
#6932=FACE_BOUND('',#6402,.T.);
#6933=FACE_BOUND('',#6403,.T.);
#6934=FACE_BOUND('',#6404,.T.);
#6935=FACE_BOUND('',#6405,.T.);
#6936=FACE_BOUND('',#6406,.T.);
#6937=FACE_BOUND('',#6407,.T.);
#6938=FACE_BOUND('',#6408,.T.);
#6939=FACE_BOUND('',#6409,.T.);
#6940=FACE_BOUND('',#6410,.T.);
#6941=FACE_BOUND('',#6411,.T.);
#6942=FACE_BOUND('',#6412,.T.);
#6943=FACE_BOUND('',#6413,.T.);
#6944=FACE_BOUND('',#6414,.T.);
#6945=FACE_BOUND('',#6415,.T.);
#6946=FACE_BOUND('',#6416,.T.);
#6947=FACE_BOUND('',#6417,.T.);
#6948=FACE_BOUND('',#6418,.T.);
#6949=FACE_BOUND('',#6419,.T.);
#6950=FACE_BOUND('',#6420,.T.);
#6951=FACE_BOUND('',#6421,.T.);
#6952=FACE_BOUND('',#6422,.T.);
#6953=FACE_BOUND('',#6423,.T.);
#6954=FACE_BOUND('',#6424,.T.);
#6955=FACE_BOUND('',#6425,.T.);
#6956=FACE_BOUND('',#6426,.T.);
#6957=FACE_BOUND('',#6427,.T.);
#6958=FACE_BOUND('',#6428,.T.);
#6959=FACE_BOUND('',#6429,.T.);
#6960=FACE_BOUND('',#6430,.T.);
#6961=FACE_BOUND('',#6431,.T.);
#6962=FACE_BOUND('',#6432,.T.);
#6963=FACE_BOUND('',#6433,.T.);
#6964=FACE_BOUND('',#6434,.T.);
#6965=FACE_BOUND('',#6435,.T.);
#6966=FACE_BOUND('',#6436,.T.);
#6967=FACE_BOUND('',#6437,.T.);
#6968=FACE_BOUND('',#6438,.T.);
#6969=FACE_BOUND('',#6439,.T.);
#6970=FACE_BOUND('',#6440,.T.);
#6971=FACE_BOUND('',#6441,.T.);
#6972=FACE_BOUND('',#6442,.T.);
#6973=FACE_BOUND('',#6443,.T.);
#6974=PLANE('',#7679);
#6975=PLANE('',#7682);
#6976=PLANE('',#7761);
#6977=PLANE('',#7842);
#6978=PLANE('',#7843);
#6979=PLANE('',#7844);
#6980=PLANE('',#7845);
#6981=PLANE('',#7849);
#6982=PLANE('',#7853);
#6983=PLANE('',#7857);
#6984=PLANE('',#7861);
#6985=PLANE('',#7862);
#6986=PLANE('',#7872);
#6987=PLANE('',#7882);
#6988=PLANE('',#7898);
#6989=PLANE('',#7902);
#6990=PLANE('',#7906);
#6991=PLANE('',#7910);
#6992=PLANE('',#7914);
#6993=PLANE('',#7918);
#6994=PLANE('',#7922);
#6995=PLANE('',#7926);
#6996=PLANE('',#7930);
#6997=PLANE('',#7934);
#6998=PLANE('',#7938);
#6999=PLANE('',#7942);
#7000=PLANE('',#7946);
#7001=PLANE('',#7950);
#7002=PLANE('',#7954);
#7003=PLANE('',#7958);
#7004=PLANE('',#7962);
#7005=PLANE('',#7966);
#7006=PLANE('',#7970);
#7007=PLANE('',#7974);
#7008=PLANE('',#7978);
#7009=PLANE('',#7982);
#7010=PLANE('',#7986);
#7011=PLANE('',#7990);
#7012=PLANE('',#7994);
#7013=PLANE('',#7998);
#7014=PLANE('',#8002);
#7015=PLANE('',#8006);
#7016=PLANE('',#8010);
#7017=PLANE('',#8014);
#7018=PLANE('',#8018);
#7019=PLANE('',#8022);
#7020=PLANE('',#8026);
#7021=PLANE('',#8030);
#7022=PLANE('',#8034);
#7023=PLANE('',#8038);
#7024=PLANE('',#8042);
#7025=PLANE('',#8046);
#7026=PLANE('',#8050);
#7027=PLANE('',#8054);
#7028=PLANE('',#8058);
#7029=PLANE('',#8062);
#7030=PLANE('',#8066);
#7031=PLANE('',#8070);
#7032=PLANE('',#8074);
#7033=PLANE('',#8078);
#7034=PLANE('',#8082);
#7035=PLANE('',#8086);
#7036=PLANE('',#8090);
#7037=PLANE('',#8094);
#7038=PLANE('',#8098);
#7039=PLANE('',#8102);
#7040=PLANE('',#8106);
#7041=PLANE('',#8110);
#7042=PLANE('',#8114);
#7043=PLANE('',#8118);
#7044=PLANE('',#8122);
#7045=PLANE('',#8126);
#7046=PLANE('',#8130);
#7047=PLANE('',#8134);
#7048=PLANE('',#8147);
#7049=PLANE('',#8150);
#7050=PLANE('',#8151);
#7051=PLANE('',#8154);
#7052=PLANE('',#8156);
#7053=PLANE('',#8157);
#7054=PLANE('',#8160);
#7055=PLANE('',#8161);
#7056=PLANE('',#8164);
#7057=PLANE('',#8165);
#7058=PLANE('',#8168);
#7059=PLANE('',#8169);
#7060=PLANE('',#8172);
#7061=PLANE('',#8173);
#7062=PLANE('',#8176);
#7063=PLANE('',#8177);
#7064=PLANE('',#8180);
#7065=PLANE('',#8181);
#7066=PLANE('',#8184);
#7067=PLANE('',#8185);
#7068=PLANE('',#8188);
#7069=PLANE('',#8189);
#7070=PLANE('',#8192);
#7071=PLANE('',#8193);
#7072=PLANE('',#8196);
#7073=PLANE('',#8197);
#7074=PLANE('',#8200);
#7075=PLANE('',#8201);
#7076=PLANE('',#8204);
#7077=PLANE('',#8205);
#7078=PLANE('',#8208);
#7079=PLANE('',#8209);
#7080=PLANE('',#8212);
#7081=PLANE('',#8213);
#7082=PLANE('',#8216);
#7083=PLANE('',#8217);
#7084=PLANE('',#8220);
#7085=PLANE('',#8221);
#7086=PLANE('',#8224);
#7087=PLANE('',#8225);
#7088=PLANE('',#8228);
#7089=PLANE('',#8229);
#7090=PLANE('',#8232);
#7091=PLANE('',#8233);
#7092=PLANE('',#8236);
#7093=PLANE('',#8237);
#7094=PLANE('',#8240);
#7095=PLANE('',#8241);
#7096=PLANE('',#8244);
#7097=PLANE('',#8245);
#7098=PLANE('',#8248);
#7099=PLANE('',#8249);
#7100=PLANE('',#8252);
#7101=PLANE('',#8253);
#7102=PLANE('',#8256);
#7103=PLANE('',#8257);
#7104=PLANE('',#8260);
#7105=PLANE('',#8261);
#7106=PLANE('',#8264);
#7107=PLANE('',#8265);
#7108=PLANE('',#8268);
#7109=PLANE('',#8269);
#7110=PLANE('',#8272);
#7111=PLANE('',#8273);
#7112=PLANE('',#8275);
#7113=PLANE('',#8278);
#7114=PLANE('',#8279);
#7115=PLANE('',#8282);
#7116=PLANE('',#8290);
#7117=PLANE('',#8291);
#7118=PLANE('',#8294);
#7119=PLANE('',#8295);
#7120=PLANE('',#8299);
#7121=PLANE('',#8302);
#7122=PLANE('',#8304);
#7123=PLANE('',#8306);
#7124=PLANE('',#8307);
#7125=PLANE('',#8308);
#7126=PLANE('',#8309);
#7127=PLANE('',#8310);
#7128=PLANE('',#8313);
#7129=PLANE('',#8314);
#7130=PLANE('',#8317);
#7131=PLANE('',#8319);
#7132=PLANE('',#8320);
#7133=PLANE('',#8323);
#7134=PLANE('',#8324);
#7135=PLANE('',#8327);
#7136=PLANE('',#8328);
#7137=PLANE('',#8331);
#7138=PLANE('',#8332);
#7139=PLANE('',#8335);
#7140=PLANE('',#8336);
#7141=PLANE('',#8339);
#7142=PLANE('',#8340);
#7143=PLANE('',#8343);
#7144=PLANE('',#8344);
#7145=PLANE('',#8347);
#7146=PLANE('',#8348);
#7147=PLANE('',#8351);
#7148=PLANE('',#8352);
#7149=PLANE('',#8355);
#7150=PLANE('',#8356);
#7151=PLANE('',#8359);
#7152=PLANE('',#8360);
#7153=PLANE('',#8363);
#7154=PLANE('',#8364);
#7155=PLANE('',#8367);
#7156=PLANE('',#8368);
#7157=PLANE('',#8371);
#7158=PLANE('',#8372);
#7159=PLANE('',#8375);
#7160=PLANE('',#8376);
#7161=PLANE('',#8379);
#7162=PLANE('',#8380);
#7163=PLANE('',#8383);
#7164=PLANE('',#8384);
#7165=PLANE('',#8387);
#7166=PLANE('',#8388);
#7167=PLANE('',#8391);
#7168=PLANE('',#8392);
#7169=PLANE('',#8395);
#7170=PLANE('',#8396);
#7171=PLANE('',#8399);
#7172=PLANE('',#8400);
#7173=PLANE('',#8403);
#7174=PLANE('',#8404);
#7175=PLANE('',#8407);
#7176=PLANE('',#8408);
#7177=PLANE('',#8411);
#7178=PLANE('',#8412);
#7179=PLANE('',#8415);
#7180=PLANE('',#8416);
#7181=PLANE('',#8419);
#7182=PLANE('',#8420);
#7183=PLANE('',#8423);
#7184=PLANE('',#8424);
#7185=PLANE('',#8427);
#7186=PLANE('',#8428);
#7187=PLANE('',#8431);
#7188=PLANE('',#8432);
#7189=PLANE('',#8435);
#7190=PLANE('',#8436);
#7191=PLANE('',#8445);
#7192=PLANE('',#8446);
#7193=PLANE('',#8449);
#7194=PLANE('',#8450);
#7195=PLANE('',#8452);
#7196=PLANE('',#8454);
#7197=PLANE('',#8456);
#7198=PLANE('',#8458);
#7199=PLANE('',#8460);
#7200=ADVANCED_FACE('',(#6444),#6974,.T.);
#7201=ADVANCED_FACE('',(#6445,#6446,#6447,#6448,#6449,#6450,#6451,#6452,
#6453,#6454,#6455,#6456,#6457,#6458,#6459,#6460,#6461,#6462,#6463,#6464,
#6465,#6466,#6467,#6468),#6975,.T.);
#7202=ADVANCED_FACE('',(#6469,#6470,#6471,#6472,#6473,#6474,#6475,#6476,
#6477,#6478,#6479,#6480,#6481,#6482,#6483,#6484,#6485,#6486,#6487,#6488,
#6489,#6490,#6491,#6492),#6976,.F.);
#7203=ADVANCED_FACE('',(#6493),#6977,.T.);
#7204=ADVANCED_FACE('',(#6494),#6978,.F.);
#7205=ADVANCED_FACE('',(#6495),#6979,.F.);
#7206=ADVANCED_FACE('',(#6496),#6980,.F.);
#7207=ADVANCED_FACE('',(#6497),#170,.F.);
#7208=ADVANCED_FACE('',(#6498),#6981,.T.);
#7209=ADVANCED_FACE('',(#6499),#171,.F.);
#7210=ADVANCED_FACE('',(#6500),#6982,.T.);
#7211=ADVANCED_FACE('',(#6501),#172,.F.);
#7212=ADVANCED_FACE('',(#6502),#6983,.F.);
#7213=ADVANCED_FACE('',(#6503),#173,.F.);
#7214=ADVANCED_FACE('',(#6504),#6984,.F.);
#7215=ADVANCED_FACE('',(#6505),#6985,.T.);
#7216=ADVANCED_FACE('',(#6506,#6507),#174,.F.);
#7217=ADVANCED_FACE('',(#6508,#6509),#175,.F.);
#7218=ADVANCED_FACE('',(#6510,#6511),#176,.F.);
#7219=ADVANCED_FACE('',(#6512),#6986,.T.);
#7220=ADVANCED_FACE('',(#6513,#6514),#177,.F.);
#7221=ADVANCED_FACE('',(#6515,#6516),#178,.F.);
#7222=ADVANCED_FACE('',(#6517,#6518),#179,.F.);
#7223=ADVANCED_FACE('',(#6519),#6987,.F.);
#7224=ADVANCED_FACE('',(#6520),#180,.T.);
#7225=ADVANCED_FACE('',(#6521),#181,.T.);
#7226=ADVANCED_FACE('',(#6522),#182,.T.);
#7227=ADVANCED_FACE('',(#6523),#183,.T.);
#7228=ADVANCED_FACE('',(#6524),#184,.F.);
#7229=ADVANCED_FACE('',(#6525),#6988,.F.);
#7230=ADVANCED_FACE('',(#6526),#185,.F.);
#7231=ADVANCED_FACE('',(#6527),#6989,.F.);
#7232=ADVANCED_FACE('',(#6528),#186,.F.);
#7233=ADVANCED_FACE('',(#6529),#6990,.T.);
#7234=ADVANCED_FACE('',(#6530),#187,.F.);
#7235=ADVANCED_FACE('',(#6531),#6991,.T.);
#7236=ADVANCED_FACE('',(#6532),#188,.F.);
#7237=ADVANCED_FACE('',(#6533),#6992,.F.);
#7238=ADVANCED_FACE('',(#6534),#189,.F.);
#7239=ADVANCED_FACE('',(#6535),#6993,.F.);
#7240=ADVANCED_FACE('',(#6536),#190,.F.);
#7241=ADVANCED_FACE('',(#6537),#6994,.T.);
#7242=ADVANCED_FACE('',(#6538),#191,.F.);
#7243=ADVANCED_FACE('',(#6539),#6995,.T.);
#7244=ADVANCED_FACE('',(#6540),#192,.F.);
#7245=ADVANCED_FACE('',(#6541),#6996,.F.);
#7246=ADVANCED_FACE('',(#6542),#193,.F.);
#7247=ADVANCED_FACE('',(#6543),#6997,.F.);
#7248=ADVANCED_FACE('',(#6544),#194,.F.);
#7249=ADVANCED_FACE('',(#6545),#6998,.T.);
#7250=ADVANCED_FACE('',(#6546),#195,.F.);
#7251=ADVANCED_FACE('',(#6547),#6999,.T.);
#7252=ADVANCED_FACE('',(#6548),#196,.F.);
#7253=ADVANCED_FACE('',(#6549),#7000,.F.);
#7254=ADVANCED_FACE('',(#6550),#197,.F.);
#7255=ADVANCED_FACE('',(#6551),#7001,.F.);
#7256=ADVANCED_FACE('',(#6552),#198,.F.);
#7257=ADVANCED_FACE('',(#6553),#7002,.T.);
#7258=ADVANCED_FACE('',(#6554),#199,.F.);
#7259=ADVANCED_FACE('',(#6555),#7003,.T.);
#7260=ADVANCED_FACE('',(#6556),#200,.F.);
#7261=ADVANCED_FACE('',(#6557),#7004,.F.);
#7262=ADVANCED_FACE('',(#6558),#201,.F.);
#7263=ADVANCED_FACE('',(#6559),#7005,.F.);
#7264=ADVANCED_FACE('',(#6560),#202,.F.);
#7265=ADVANCED_FACE('',(#6561),#7006,.T.);
#7266=ADVANCED_FACE('',(#6562),#203,.F.);
#7267=ADVANCED_FACE('',(#6563),#7007,.T.);
#7268=ADVANCED_FACE('',(#6564),#204,.F.);
#7269=ADVANCED_FACE('',(#6565),#7008,.F.);
#7270=ADVANCED_FACE('',(#6566),#205,.F.);
#7271=ADVANCED_FACE('',(#6567),#7009,.F.);
#7272=ADVANCED_FACE('',(#6568),#206,.F.);
#7273=ADVANCED_FACE('',(#6569),#7010,.T.);
#7274=ADVANCED_FACE('',(#6570),#207,.F.);
#7275=ADVANCED_FACE('',(#6571),#7011,.T.);
#7276=ADVANCED_FACE('',(#6572),#208,.F.);
#7277=ADVANCED_FACE('',(#6573),#7012,.F.);
#7278=ADVANCED_FACE('',(#6574),#209,.F.);
#7279=ADVANCED_FACE('',(#6575),#7013,.F.);
#7280=ADVANCED_FACE('',(#6576),#210,.F.);
#7281=ADVANCED_FACE('',(#6577),#7014,.T.);
#7282=ADVANCED_FACE('',(#6578),#211,.F.);
#7283=ADVANCED_FACE('',(#6579),#7015,.T.);
#7284=ADVANCED_FACE('',(#6580),#212,.F.);
#7285=ADVANCED_FACE('',(#6581),#7016,.F.);
#7286=ADVANCED_FACE('',(#6582),#213,.F.);
#7287=ADVANCED_FACE('',(#6583),#7017,.F.);
#7288=ADVANCED_FACE('',(#6584),#214,.F.);
#7289=ADVANCED_FACE('',(#6585),#7018,.T.);
#7290=ADVANCED_FACE('',(#6586),#215,.F.);
#7291=ADVANCED_FACE('',(#6587),#7019,.T.);
#7292=ADVANCED_FACE('',(#6588),#216,.F.);
#7293=ADVANCED_FACE('',(#6589),#7020,.F.);
#7294=ADVANCED_FACE('',(#6590),#217,.F.);
#7295=ADVANCED_FACE('',(#6591),#7021,.F.);
#7296=ADVANCED_FACE('',(#6592),#218,.F.);
#7297=ADVANCED_FACE('',(#6593),#7022,.T.);
#7298=ADVANCED_FACE('',(#6594),#219,.F.);
#7299=ADVANCED_FACE('',(#6595),#7023,.T.);
#7300=ADVANCED_FACE('',(#6596),#220,.F.);
#7301=ADVANCED_FACE('',(#6597),#7024,.F.);
#7302=ADVANCED_FACE('',(#6598),#221,.F.);
#7303=ADVANCED_FACE('',(#6599),#7025,.F.);
#7304=ADVANCED_FACE('',(#6600),#222,.F.);
#7305=ADVANCED_FACE('',(#6601),#7026,.T.);
#7306=ADVANCED_FACE('',(#6602),#223,.F.);
#7307=ADVANCED_FACE('',(#6603),#7027,.T.);
#7308=ADVANCED_FACE('',(#6604),#224,.F.);
#7309=ADVANCED_FACE('',(#6605),#7028,.F.);
#7310=ADVANCED_FACE('',(#6606),#225,.F.);
#7311=ADVANCED_FACE('',(#6607),#7029,.F.);
#7312=ADVANCED_FACE('',(#6608),#226,.F.);
#7313=ADVANCED_FACE('',(#6609),#7030,.T.);
#7314=ADVANCED_FACE('',(#6610),#227,.F.);
#7315=ADVANCED_FACE('',(#6611),#7031,.T.);
#7316=ADVANCED_FACE('',(#6612),#228,.F.);
#7317=ADVANCED_FACE('',(#6613),#7032,.F.);
#7318=ADVANCED_FACE('',(#6614),#229,.F.);
#7319=ADVANCED_FACE('',(#6615),#7033,.F.);
#7320=ADVANCED_FACE('',(#6616),#230,.F.);
#7321=ADVANCED_FACE('',(#6617),#7034,.T.);
#7322=ADVANCED_FACE('',(#6618),#231,.F.);
#7323=ADVANCED_FACE('',(#6619),#7035,.T.);
#7324=ADVANCED_FACE('',(#6620),#232,.F.);
#7325=ADVANCED_FACE('',(#6621),#7036,.F.);
#7326=ADVANCED_FACE('',(#6622),#233,.F.);
#7327=ADVANCED_FACE('',(#6623),#7037,.F.);
#7328=ADVANCED_FACE('',(#6624),#234,.F.);
#7329=ADVANCED_FACE('',(#6625),#7038,.T.);
#7330=ADVANCED_FACE('',(#6626),#235,.F.);
#7331=ADVANCED_FACE('',(#6627),#7039,.T.);
#7332=ADVANCED_FACE('',(#6628),#236,.F.);
#7333=ADVANCED_FACE('',(#6629),#7040,.F.);
#7334=ADVANCED_FACE('',(#6630),#237,.F.);
#7335=ADVANCED_FACE('',(#6631),#7041,.F.);
#7336=ADVANCED_FACE('',(#6632),#238,.F.);
#7337=ADVANCED_FACE('',(#6633),#7042,.T.);
#7338=ADVANCED_FACE('',(#6634),#239,.F.);
#7339=ADVANCED_FACE('',(#6635),#7043,.T.);
#7340=ADVANCED_FACE('',(#6636),#240,.F.);
#7341=ADVANCED_FACE('',(#6637),#7044,.F.);
#7342=ADVANCED_FACE('',(#6638),#241,.F.);
#7343=ADVANCED_FACE('',(#6639),#7045,.F.);
#7344=ADVANCED_FACE('',(#6640),#242,.F.);
#7345=ADVANCED_FACE('',(#6641),#7046,.T.);
#7346=ADVANCED_FACE('',(#6642),#243,.F.);
#7347=ADVANCED_FACE('',(#6643),#7047,.T.);
#7348=ADVANCED_FACE('',(#6644),#244,.F.);
#7349=ADVANCED_FACE('',(#6645),#245,.F.);
#7350=ADVANCED_FACE('',(#6646),#246,.F.);
#7351=ADVANCED_FACE('',(#6647),#247,.F.);
#7352=ADVANCED_FACE('',(#6648),#7048,.T.);
#7353=ADVANCED_FACE('',(#6649),#14,.F.);
#7354=ADVANCED_FACE('',(#6650),#15,.F.);
#7355=ADVANCED_FACE('',(#6651),#7049,.F.);
#7356=ADVANCED_FACE('',(#6652),#7050,.T.);
#7357=ADVANCED_FACE('',(#6653),#16,.F.);
#7358=ADVANCED_FACE('',(#6654),#17,.F.);
#7359=ADVANCED_FACE('',(#6655),#7051,.F.);
#7360=ADVANCED_FACE('',(#6656),#18,.F.);
#7361=ADVANCED_FACE('',(#6657),#7052,.F.);
#7362=ADVANCED_FACE('',(#6658),#7053,.T.);
#7363=ADVANCED_FACE('',(#6659),#19,.F.);
#7364=ADVANCED_FACE('',(#6660),#20,.F.);
#7365=ADVANCED_FACE('',(#6661),#7054,.F.);
#7366=ADVANCED_FACE('',(#6662),#7055,.T.);
#7367=ADVANCED_FACE('',(#6663),#21,.F.);
#7368=ADVANCED_FACE('',(#6664),#22,.F.);
#7369=ADVANCED_FACE('',(#6665),#7056,.F.);
#7370=ADVANCED_FACE('',(#6666),#7057,.T.);
#7371=ADVANCED_FACE('',(#6667),#23,.F.);
#7372=ADVANCED_FACE('',(#6668),#24,.F.);
#7373=ADVANCED_FACE('',(#6669),#7058,.F.);
#7374=ADVANCED_FACE('',(#6670),#7059,.T.);
#7375=ADVANCED_FACE('',(#6671),#25,.F.);
#7376=ADVANCED_FACE('',(#6672),#26,.F.);
#7377=ADVANCED_FACE('',(#6673),#7060,.F.);
#7378=ADVANCED_FACE('',(#6674),#7061,.T.);
#7379=ADVANCED_FACE('',(#6675),#27,.F.);
#7380=ADVANCED_FACE('',(#6676),#28,.F.);
#7381=ADVANCED_FACE('',(#6677),#7062,.F.);
#7382=ADVANCED_FACE('',(#6678),#7063,.T.);
#7383=ADVANCED_FACE('',(#6679),#29,.F.);
#7384=ADVANCED_FACE('',(#6680),#30,.F.);
#7385=ADVANCED_FACE('',(#6681),#7064,.F.);
#7386=ADVANCED_FACE('',(#6682),#7065,.T.);
#7387=ADVANCED_FACE('',(#6683),#31,.F.);
#7388=ADVANCED_FACE('',(#6684),#32,.F.);
#7389=ADVANCED_FACE('',(#6685),#7066,.F.);
#7390=ADVANCED_FACE('',(#6686),#7067,.T.);
#7391=ADVANCED_FACE('',(#6687),#33,.F.);
#7392=ADVANCED_FACE('',(#6688),#34,.F.);
#7393=ADVANCED_FACE('',(#6689),#7068,.F.);
#7394=ADVANCED_FACE('',(#6690),#7069,.T.);
#7395=ADVANCED_FACE('',(#6691),#35,.F.);
#7396=ADVANCED_FACE('',(#6692),#36,.F.);
#7397=ADVANCED_FACE('',(#6693),#7070,.F.);
#7398=ADVANCED_FACE('',(#6694),#7071,.T.);
#7399=ADVANCED_FACE('',(#6695),#37,.F.);
#7400=ADVANCED_FACE('',(#6696),#38,.F.);
#7401=ADVANCED_FACE('',(#6697),#7072,.F.);
#7402=ADVANCED_FACE('',(#6698),#7073,.T.);
#7403=ADVANCED_FACE('',(#6699),#39,.F.);
#7404=ADVANCED_FACE('',(#6700),#40,.F.);
#7405=ADVANCED_FACE('',(#6701),#7074,.F.);
#7406=ADVANCED_FACE('',(#6702),#7075,.T.);
#7407=ADVANCED_FACE('',(#6703),#41,.F.);
#7408=ADVANCED_FACE('',(#6704),#42,.F.);
#7409=ADVANCED_FACE('',(#6705),#7076,.F.);
#7410=ADVANCED_FACE('',(#6706),#7077,.T.);
#7411=ADVANCED_FACE('',(#6707),#43,.F.);
#7412=ADVANCED_FACE('',(#6708),#44,.F.);
#7413=ADVANCED_FACE('',(#6709),#7078,.F.);
#7414=ADVANCED_FACE('',(#6710),#7079,.T.);
#7415=ADVANCED_FACE('',(#6711),#45,.F.);
#7416=ADVANCED_FACE('',(#6712),#46,.F.);
#7417=ADVANCED_FACE('',(#6713),#7080,.F.);
#7418=ADVANCED_FACE('',(#6714),#7081,.T.);
#7419=ADVANCED_FACE('',(#6715),#47,.F.);
#7420=ADVANCED_FACE('',(#6716),#48,.F.);
#7421=ADVANCED_FACE('',(#6717),#7082,.F.);
#7422=ADVANCED_FACE('',(#6718),#7083,.T.);
#7423=ADVANCED_FACE('',(#6719),#49,.F.);
#7424=ADVANCED_FACE('',(#6720),#50,.F.);
#7425=ADVANCED_FACE('',(#6721),#7084,.F.);
#7426=ADVANCED_FACE('',(#6722),#7085,.T.);
#7427=ADVANCED_FACE('',(#6723),#51,.F.);
#7428=ADVANCED_FACE('',(#6724),#52,.F.);
#7429=ADVANCED_FACE('',(#6725),#7086,.F.);
#7430=ADVANCED_FACE('',(#6726),#7087,.T.);
#7431=ADVANCED_FACE('',(#6727),#53,.F.);
#7432=ADVANCED_FACE('',(#6728),#54,.F.);
#7433=ADVANCED_FACE('',(#6729),#7088,.F.);
#7434=ADVANCED_FACE('',(#6730),#7089,.T.);
#7435=ADVANCED_FACE('',(#6731),#55,.F.);
#7436=ADVANCED_FACE('',(#6732),#56,.F.);
#7437=ADVANCED_FACE('',(#6733),#7090,.F.);
#7438=ADVANCED_FACE('',(#6734),#7091,.T.);
#7439=ADVANCED_FACE('',(#6735),#57,.F.);
#7440=ADVANCED_FACE('',(#6736),#58,.F.);
#7441=ADVANCED_FACE('',(#6737),#7092,.F.);
#7442=ADVANCED_FACE('',(#6738),#7093,.T.);
#7443=ADVANCED_FACE('',(#6739),#59,.F.);
#7444=ADVANCED_FACE('',(#6740),#60,.F.);
#7445=ADVANCED_FACE('',(#6741),#7094,.F.);
#7446=ADVANCED_FACE('',(#6742),#7095,.T.);
#7447=ADVANCED_FACE('',(#6743),#61,.F.);
#7448=ADVANCED_FACE('',(#6744),#62,.F.);
#7449=ADVANCED_FACE('',(#6745),#7096,.F.);
#7450=ADVANCED_FACE('',(#6746),#7097,.T.);
#7451=ADVANCED_FACE('',(#6747),#63,.F.);
#7452=ADVANCED_FACE('',(#6748),#64,.F.);
#7453=ADVANCED_FACE('',(#6749),#7098,.F.);
#7454=ADVANCED_FACE('',(#6750),#7099,.T.);
#7455=ADVANCED_FACE('',(#6751),#65,.F.);
#7456=ADVANCED_FACE('',(#6752),#66,.F.);
#7457=ADVANCED_FACE('',(#6753),#7100,.F.);
#7458=ADVANCED_FACE('',(#6754),#7101,.T.);
#7459=ADVANCED_FACE('',(#6755),#67,.F.);
#7460=ADVANCED_FACE('',(#6756),#68,.F.);
#7461=ADVANCED_FACE('',(#6757),#7102,.F.);
#7462=ADVANCED_FACE('',(#6758),#7103,.T.);
#7463=ADVANCED_FACE('',(#6759),#69,.F.);
#7464=ADVANCED_FACE('',(#6760),#70,.F.);
#7465=ADVANCED_FACE('',(#6761),#7104,.F.);
#7466=ADVANCED_FACE('',(#6762),#7105,.T.);
#7467=ADVANCED_FACE('',(#6763),#71,.F.);
#7468=ADVANCED_FACE('',(#6764),#72,.F.);
#7469=ADVANCED_FACE('',(#6765),#7106,.F.);
#7470=ADVANCED_FACE('',(#6766),#7107,.T.);
#7471=ADVANCED_FACE('',(#6767),#73,.F.);
#7472=ADVANCED_FACE('',(#6768),#74,.F.);
#7473=ADVANCED_FACE('',(#6769),#7108,.F.);
#7474=ADVANCED_FACE('',(#6770),#7109,.T.);
#7475=ADVANCED_FACE('',(#6771),#75,.F.);
#7476=ADVANCED_FACE('',(#6772),#76,.F.);
#7477=ADVANCED_FACE('',(#6773),#7110,.F.);
#7478=ADVANCED_FACE('',(#6774),#7111,.T.);
#7479=ADVANCED_FACE('',(#6775),#77,.F.);
#7480=ADVANCED_FACE('',(#6776),#7112,.T.);
#7481=ADVANCED_FACE('',(#6777),#78,.T.);
#7482=ADVANCED_FACE('',(#6778),#79,.T.);
#7483=ADVANCED_FACE('',(#6779),#7113,.T.);
#7484=ADVANCED_FACE('',(#6780),#7114,.F.);
#7485=ADVANCED_FACE('',(#6781),#80,.T.);
#7486=ADVANCED_FACE('',(#6782),#81,.T.);
#7487=ADVANCED_FACE('',(#6783),#7115,.F.);
#7488=ADVANCED_FACE('',(#6784,#6785),#82,.F.);
#7489=ADVANCED_FACE('',(#6786,#6787),#83,.F.);
#7490=ADVANCED_FACE('',(#6788,#6789),#84,.F.);
#7491=ADVANCED_FACE('',(#6790,#6791),#85,.F.);
#7492=ADVANCED_FACE('',(#6792,#6793),#86,.F.);
#7493=ADVANCED_FACE('',(#6794,#6795),#87,.F.);
#7494=ADVANCED_FACE('',(#6796),#88,.F.);
#7495=ADVANCED_FACE('',(#6797),#7116,.T.);
#7496=ADVANCED_FACE('',(#6798),#7117,.F.);
#7497=ADVANCED_FACE('',(#6799),#89,.F.);
#7498=ADVANCED_FACE('',(#6800),#90,.F.);
#7499=ADVANCED_FACE('',(#6801),#7118,.T.);
#7500=ADVANCED_FACE('',(#6802),#7119,.F.);
#7501=ADVANCED_FACE('',(#6803),#91,.F.);
#7502=ADVANCED_FACE('',(#6804),#248,.F.);
#7503=ADVANCED_FACE('',(#6805),#7120,.T.);
#7504=ADVANCED_FACE('',(#6806),#249,.F.);
#7505=ADVANCED_FACE('',(#6807),#7121,.T.);
#7506=ADVANCED_FACE('',(#6808),#7122,.T.);
#7507=ADVANCED_FACE('',(#6809),#7123,.F.);
#7508=ADVANCED_FACE('',(#6810),#7124,.T.);
#7509=ADVANCED_FACE('',(#6811),#7125,.T.);
#7510=ADVANCED_FACE('',(#6812),#7126,.T.);
#7511=ADVANCED_FACE('',(#6813),#7127,.F.);
#7512=ADVANCED_FACE('',(#6814),#92,.F.);
#7513=ADVANCED_FACE('',(#6815),#93,.F.);
#7514=ADVANCED_FACE('',(#6816),#7128,.T.);
#7515=ADVANCED_FACE('',(#6817),#7129,.F.);
#7516=ADVANCED_FACE('',(#6818),#94,.F.);
#7517=ADVANCED_FACE('',(#6819),#95,.F.);
#7518=ADVANCED_FACE('',(#6820),#7130,.T.);
#7519=ADVANCED_FACE('',(#6821),#96,.F.);
#7520=ADVANCED_FACE('',(#6822),#7131,.T.);
#7521=ADVANCED_FACE('',(#6823),#7132,.F.);
#7522=ADVANCED_FACE('',(#6824),#97,.F.);
#7523=ADVANCED_FACE('',(#6825),#98,.F.);
#7524=ADVANCED_FACE('',(#6826),#7133,.T.);
#7525=ADVANCED_FACE('',(#6827),#7134,.F.);
#7526=ADVANCED_FACE('',(#6828),#99,.F.);
#7527=ADVANCED_FACE('',(#6829),#100,.F.);
#7528=ADVANCED_FACE('',(#6830),#7135,.T.);
#7529=ADVANCED_FACE('',(#6831),#7136,.F.);
#7530=ADVANCED_FACE('',(#6832),#101,.F.);
#7531=ADVANCED_FACE('',(#6833),#102,.F.);
#7532=ADVANCED_FACE('',(#6834),#7137,.T.);
#7533=ADVANCED_FACE('',(#6835),#7138,.F.);
#7534=ADVANCED_FACE('',(#6836),#103,.F.);
#7535=ADVANCED_FACE('',(#6837),#104,.F.);
#7536=ADVANCED_FACE('',(#6838),#7139,.T.);
#7537=ADVANCED_FACE('',(#6839),#7140,.F.);
#7538=ADVANCED_FACE('',(#6840),#105,.F.);
#7539=ADVANCED_FACE('',(#6841),#106,.F.);
#7540=ADVANCED_FACE('',(#6842),#7141,.T.);
#7541=ADVANCED_FACE('',(#6843),#7142,.F.);
#7542=ADVANCED_FACE('',(#6844),#107,.F.);
#7543=ADVANCED_FACE('',(#6845),#108,.F.);
#7544=ADVANCED_FACE('',(#6846),#7143,.T.);
#7545=ADVANCED_FACE('',(#6847),#7144,.F.);
#7546=ADVANCED_FACE('',(#6848),#109,.F.);
#7547=ADVANCED_FACE('',(#6849),#110,.F.);
#7548=ADVANCED_FACE('',(#6850),#7145,.T.);
#7549=ADVANCED_FACE('',(#6851),#7146,.F.);
#7550=ADVANCED_FACE('',(#6852),#111,.F.);
#7551=ADVANCED_FACE('',(#6853),#112,.F.);
#7552=ADVANCED_FACE('',(#6854),#7147,.T.);
#7553=ADVANCED_FACE('',(#6855),#7148,.F.);
#7554=ADVANCED_FACE('',(#6856),#113,.F.);
#7555=ADVANCED_FACE('',(#6857),#114,.F.);
#7556=ADVANCED_FACE('',(#6858),#7149,.T.);
#7557=ADVANCED_FACE('',(#6859),#7150,.F.);
#7558=ADVANCED_FACE('',(#6860),#115,.F.);
#7559=ADVANCED_FACE('',(#6861),#116,.F.);
#7560=ADVANCED_FACE('',(#6862),#7151,.T.);
#7561=ADVANCED_FACE('',(#6863),#7152,.F.);
#7562=ADVANCED_FACE('',(#6864),#117,.F.);
#7563=ADVANCED_FACE('',(#6865),#118,.F.);
#7564=ADVANCED_FACE('',(#6866),#7153,.T.);
#7565=ADVANCED_FACE('',(#6867),#7154,.F.);
#7566=ADVANCED_FACE('',(#6868),#119,.F.);
#7567=ADVANCED_FACE('',(#6869),#120,.F.);
#7568=ADVANCED_FACE('',(#6870),#7155,.T.);
#7569=ADVANCED_FACE('',(#6871),#7156,.F.);
#7570=ADVANCED_FACE('',(#6872),#121,.F.);
#7571=ADVANCED_FACE('',(#6873),#122,.F.);
#7572=ADVANCED_FACE('',(#6874),#7157,.T.);
#7573=ADVANCED_FACE('',(#6875),#7158,.F.);
#7574=ADVANCED_FACE('',(#6876),#123,.F.);
#7575=ADVANCED_FACE('',(#6877),#124,.F.);
#7576=ADVANCED_FACE('',(#6878),#7159,.T.);
#7577=ADVANCED_FACE('',(#6879),#7160,.F.);
#7578=ADVANCED_FACE('',(#6880),#125,.F.);
#7579=ADVANCED_FACE('',(#6881),#126,.F.);
#7580=ADVANCED_FACE('',(#6882),#7161,.T.);
#7581=ADVANCED_FACE('',(#6883),#7162,.F.);
#7582=ADVANCED_FACE('',(#6884),#127,.F.);
#7583=ADVANCED_FACE('',(#6885),#128,.F.);
#7584=ADVANCED_FACE('',(#6886),#7163,.T.);
#7585=ADVANCED_FACE('',(#6887),#7164,.F.);
#7586=ADVANCED_FACE('',(#6888),#129,.F.);
#7587=ADVANCED_FACE('',(#6889),#130,.F.);
#7588=ADVANCED_FACE('',(#6890),#7165,.T.);
#7589=ADVANCED_FACE('',(#6891),#7166,.F.);
#7590=ADVANCED_FACE('',(#6892),#131,.F.);
#7591=ADVANCED_FACE('',(#6893),#132,.F.);
#7592=ADVANCED_FACE('',(#6894),#7167,.T.);
#7593=ADVANCED_FACE('',(#6895),#7168,.F.);
#7594=ADVANCED_FACE('',(#6896),#133,.F.);
#7595=ADVANCED_FACE('',(#6897),#134,.F.);
#7596=ADVANCED_FACE('',(#6898),#7169,.T.);
#7597=ADVANCED_FACE('',(#6899),#7170,.F.);
#7598=ADVANCED_FACE('',(#6900),#135,.F.);
#7599=ADVANCED_FACE('',(#6901),#136,.F.);
#7600=ADVANCED_FACE('',(#6902),#7171,.T.);
#7601=ADVANCED_FACE('',(#6903),#7172,.F.);
#7602=ADVANCED_FACE('',(#6904),#137,.F.);
#7603=ADVANCED_FACE('',(#6905),#138,.F.);
#7604=ADVANCED_FACE('',(#6906),#7173,.T.);
#7605=ADVANCED_FACE('',(#6907),#7174,.F.);
#7606=ADVANCED_FACE('',(#6908),#139,.F.);
#7607=ADVANCED_FACE('',(#6909),#140,.F.);
#7608=ADVANCED_FACE('',(#6910),#7175,.T.);
#7609=ADVANCED_FACE('',(#6911),#7176,.F.);
#7610=ADVANCED_FACE('',(#6912),#141,.F.);
#7611=ADVANCED_FACE('',(#6913),#142,.F.);
#7612=ADVANCED_FACE('',(#6914),#7177,.T.);
#7613=ADVANCED_FACE('',(#6915),#7178,.F.);
#7614=ADVANCED_FACE('',(#6916),#143,.F.);
#7615=ADVANCED_FACE('',(#6917),#144,.F.);
#7616=ADVANCED_FACE('',(#6918),#7179,.T.);
#7617=ADVANCED_FACE('',(#6919),#7180,.F.);
#7618=ADVANCED_FACE('',(#6920),#145,.F.);
#7619=ADVANCED_FACE('',(#6921),#146,.F.);
#7620=ADVANCED_FACE('',(#6922),#7181,.T.);
#7621=ADVANCED_FACE('',(#6923),#7182,.F.);
#7622=ADVANCED_FACE('',(#6924),#147,.F.);
#7623=ADVANCED_FACE('',(#6925),#148,.F.);
#7624=ADVANCED_FACE('',(#6926),#7183,.T.);
#7625=ADVANCED_FACE('',(#6927),#7184,.F.);
#7626=ADVANCED_FACE('',(#6928),#149,.F.);
#7627=ADVANCED_FACE('',(#6929),#150,.F.);
#7628=ADVANCED_FACE('',(#6930),#7185,.T.);
#7629=ADVANCED_FACE('',(#6931),#7186,.F.);
#7630=ADVANCED_FACE('',(#6932),#151,.F.);
#7631=ADVANCED_FACE('',(#6933),#152,.F.);
#7632=ADVANCED_FACE('',(#6934),#7187,.T.);
#7633=ADVANCED_FACE('',(#6935),#7188,.F.);
#7634=ADVANCED_FACE('',(#6936),#153,.F.);
#7635=ADVANCED_FACE('',(#6937),#154,.F.);
#7636=ADVANCED_FACE('',(#6938),#7189,.T.);
#7637=ADVANCED_FACE('',(#6939),#7190,.F.);
#7638=ADVANCED_FACE('',(#6940),#155,.F.);
#7639=ADVANCED_FACE('',(#6941,#6942),#156,.F.);
#7640=ADVANCED_FACE('',(#6943,#6944),#157,.F.);
#7641=ADVANCED_FACE('',(#6945,#6946),#158,.F.);
#7642=ADVANCED_FACE('',(#6947,#6948),#159,.F.);
#7643=ADVANCED_FACE('',(#6949,#6950),#160,.F.);
#7644=ADVANCED_FACE('',(#6951,#6952),#161,.F.);
#7645=ADVANCED_FACE('',(#6953),#162,.F.);
#7646=ADVANCED_FACE('',(#6954),#7191,.F.);
#7647=ADVANCED_FACE('',(#6955),#7192,.T.);
#7648=ADVANCED_FACE('',(#6956),#163,.F.);
#7649=ADVANCED_FACE('',(#6957),#164,.F.);
#7650=ADVANCED_FACE('',(#6958),#7193,.F.);
#7651=ADVANCED_FACE('',(#6959),#7194,.T.);
#7652=ADVANCED_FACE('',(#6960),#165,.F.);
#7653=ADVANCED_FACE('',(#6961),#7195,.T.);
#7654=ADVANCED_FACE('',(#6962),#166,.T.);
#7655=ADVANCED_FACE('',(#6963),#7196,.T.);
#7656=ADVANCED_FACE('',(#6964),#167,.T.);
#7657=ADVANCED_FACE('',(#6965),#7197,.F.);
#7658=ADVANCED_FACE('',(#6966),#168,.T.);
#7659=ADVANCED_FACE('',(#6967),#7198,.F.);
#7660=ADVANCED_FACE('',(#6968),#169,.T.);
#7661=ADVANCED_FACE('',(#6969),#7199,.T.);
#7662=ADVANCED_FACE('',(#6970),#250,.T.);
#7663=ADVANCED_FACE('',(#6971),#251,.T.);
#7664=ADVANCED_FACE('',(#6972),#252,.T.);
#7665=ADVANCED_FACE('',(#6973),#253,.T.);
#7666=CLOSED_SHELL('',(#7200,#7201,#7202,#7203,#7204,#7205,#7206,#7207,
#7208,#7209,#7210,#7211,#7212,#7213,#7214,#7215,#7216,#7217,#7218,#7219,
#7220,#7221,#7222,#7223,#7224,#7225,#7226,#7227,#7228,#7229,#7230,#7231,
#7232,#7233,#7234,#7235,#7236,#7237,#7238,#7239,#7240,#7241,#7242,#7243,
#7244,#7245,#7246,#7247,#7248,#7249,#7250,#7251,#7252,#7253,#7254,#7255,
#7256,#7257,#7258,#7259,#7260,#7261,#7262,#7263,#7264,#7265,#7266,#7267,
#7268,#7269,#7270,#7271,#7272,#7273,#7274,#7275,#7276,#7277,#7278,#7279,
#7280,#7281,#7282,#7283,#7284,#7285,#7286,#7287,#7288,#7289,#7290,#7291,
#7292,#7293,#7294,#7295,#7296,#7297,#7298,#7299,#7300,#7301,#7302,#7303,
#7304,#7305,#7306,#7307,#7308,#7309,#7310,#7311,#7312,#7313,#7314,#7315,
#7316,#7317,#7318,#7319,#7320,#7321,#7322,#7323,#7324,#7325,#7326,#7327,
#7328,#7329,#7330,#7331,#7332,#7333,#7334,#7335,#7336,#7337,#7338,#7339,
#7340,#7341,#7342,#7343,#7344,#7345,#7346,#7347,#7348,#7349,#7350,#7351,
#7352,#7353,#7354,#7355,#7356,#7357,#7358,#7359,#7360,#7361,#7362,#7363,
#7364,#7365,#7366,#7367,#7368,#7369,#7370,#7371,#7372,#7373,#7374,#7375,
#7376,#7377,#7378,#7379,#7380,#7381,#7382,#7383,#7384,#7385,#7386,#7387,
#7388,#7389,#7390,#7391,#7392,#7393,#7394,#7395,#7396,#7397,#7398,#7399,
#7400,#7401,#7402,#7403,#7404,#7405,#7406,#7407,#7408,#7409,#7410,#7411,
#7412,#7413,#7414,#7415,#7416,#7417,#7418,#7419,#7420,#7421,#7422,#7423,
#7424,#7425,#7426,#7427,#7428,#7429,#7430,#7431,#7432,#7433,#7434,#7435,
#7436,#7437,#7438,#7439,#7440,#7441,#7442,#7443,#7444,#7445,#7446,#7447,
#7448,#7449,#7450,#7451,#7452,#7453,#7454,#7455,#7456,#7457,#7458,#7459,
#7460,#7461,#7462,#7463,#7464,#7465,#7466,#7467,#7468,#7469,#7470,#7471,
#7472,#7473,#7474,#7475,#7476,#7477,#7478,#7479,#7480,#7481,#7482,#7483,
#7484,#7485,#7486,#7487,#7488,#7489,#7490,#7491,#7492,#7493,#7494,#7495,
#7496,#7497,#7498,#7499,#7500,#7501,#7502,#7503,#7504,#7505,#7506,#7507,
#7508,#7509,#7510,#7511,#7512,#7513,#7514,#7515,#7516,#7517,#7518,#7519,
#7520,#7521,#7522,#7523,#7524,#7525,#7526,#7527,#7528,#7529,#7530,#7531,
#7532,#7533,#7534,#7535,#7536,#7537,#7538,#7539,#7540,#7541,#7542,#7543,
#7544,#7545,#7546,#7547,#7548,#7549,#7550,#7551,#7552,#7553,#7554,#7555,
#7556,#7557,#7558,#7559,#7560,#7561,#7562,#7563,#7564,#7565,#7566,#7567,
#7568,#7569,#7570,#7571,#7572,#7573,#7574,#7575,#7576,#7577,#7578,#7579,
#7580,#7581,#7582,#7583,#7584,#7585,#7586,#7587,#7588,#7589,#7590,#7591,
#7592,#7593,#7594,#7595,#7596,#7597,#7598,#7599,#7600,#7601,#7602,#7603,
#7604,#7605,#7606,#7607,#7608,#7609,#7610,#7611,#7612,#7613,#7614,#7615,
#7616,#7617,#7618,#7619,#7620,#7621,#7622,#7623,#7624,#7625,#7626,#7627,
#7628,#7629,#7630,#7631,#7632,#7633,#7634,#7635,#7636,#7637,#7638,#7639,
#7640,#7641,#7642,#7643,#7644,#7645,#7646,#7647,#7648,#7649,#7650,#7651,
#7652,#7653,#7654,#7655,#7656,#7657,#7658,#7659,#7660,#7661,#7662,#7663,
#7664,#7665));
#7667=STYLED_ITEM('',(#7668),#7675);
#7668=PRESENTATION_STYLE_ASSIGNMENT((#7669));
#7669=SURFACE_STYLE_USAGE(.BOTH.,#7670);
#7670=SURFACE_SIDE_STYLE('',(#7671));
#7671=SURFACE_STYLE_FILL_AREA(#7672);
#7672=FILL_AREA_STYLE('',(#7673));
#7673=FILL_AREA_STYLE_COLOUR('',#7674);
#7674=COLOUR_RGB('',0.262745098039216,0.282352941176471,0.301960784313725);
#7675=MANIFOLD_SOLID_BREP('Plate',#7666);
#7676=SHAPE_DEFINITION_REPRESENTATION(#12972,#7677);
#7677=SHAPE_REPRESENTATION('Plate',(#7678),#12967);
#7678=AXIS2_PLACEMENT_3D('',#10793,#8467,#8468);
#7679=AXIS2_PLACEMENT_3D('',#10794,#8469,#8470);
#7680=AXIS2_PLACEMENT_3D('',#10812,#8479,#8480);
#7681=AXIS2_PLACEMENT_3D('',#10816,#8482,#8483);
#7682=AXIS2_PLACEMENT_3D('',#10819,#8485,#8486);
#7683=AXIS2_PLACEMENT_3D('',#10820,#8487,#8488);
#7684=AXIS2_PLACEMENT_3D('',#10825,#8490,#8491);
#7685=AXIS2_PLACEMENT_3D('',#10829,#8493,#8494);
#7686=AXIS2_PLACEMENT_3D('',#10833,#8496,#8497);
#7687=AXIS2_PLACEMENT_3D('',#10839,#8500,#8501);
#7688=AXIS2_PLACEMENT_3D('',#10843,#8503,#8504);
#7689=AXIS2_PLACEMENT_3D('',#10847,#8506,#8507);
#7690=AXIS2_PLACEMENT_3D('',#10851,#8509,#8510);
#7691=AXIS2_PLACEMENT_3D('',#10855,#8512,#8513);
#7692=AXIS2_PLACEMENT_3D('',#10859,#8515,#8516);
#7693=AXIS2_PLACEMENT_3D('',#10863,#8518,#8519);
#7694=AXIS2_PLACEMENT_3D('',#10867,#8521,#8522);
#7695=AXIS2_PLACEMENT_3D('',#10871,#8524,#8525);
#7696=AXIS2_PLACEMENT_3D('',#10875,#8527,#8528);
#7697=AXIS2_PLACEMENT_3D('',#10879,#8530,#8531);
#7698=AXIS2_PLACEMENT_3D('',#10883,#8533,#8534);
#7699=AXIS2_PLACEMENT_3D('',#10887,#8536,#8537);
#7700=AXIS2_PLACEMENT_3D('',#10891,#8539,#8540);
#7701=AXIS2_PLACEMENT_3D('',#10895,#8542,#8543);
#7702=AXIS2_PLACEMENT_3D('',#10899,#8545,#8546);
#7703=AXIS2_PLACEMENT_3D('',#10903,#8548,#8549);
#7704=AXIS2_PLACEMENT_3D('',#10907,#8551,#8552);
#7705=AXIS2_PLACEMENT_3D('',#10911,#8554,#8555);
#7706=AXIS2_PLACEMENT_3D('',#10915,#8557,#8558);
#7707=AXIS2_PLACEMENT_3D('',#10919,#8560,#8561);
#7708=AXIS2_PLACEMENT_3D('',#10923,#8563,#8564);
#7709=AXIS2_PLACEMENT_3D('',#10927,#8566,#8567);
#7710=AXIS2_PLACEMENT_3D('',#10931,#8569,#8570);
#7711=AXIS2_PLACEMENT_3D('',#10935,#8572,#8573);
#7712=AXIS2_PLACEMENT_3D('',#10939,#8575,#8576);
#7713=AXIS2_PLACEMENT_3D('',#10943,#8578,#8579);
#7714=AXIS2_PLACEMENT_3D('',#10947,#8581,#8582);
#7715=AXIS2_PLACEMENT_3D('',#10951,#8584,#8585);
#7716=AXIS2_PLACEMENT_3D('',#10955,#8587,#8588);
#7717=AXIS2_PLACEMENT_3D('',#10959,#8590,#8591);
#7718=AXIS2_PLACEMENT_3D('',#10963,#8593,#8594);
#7719=AXIS2_PLACEMENT_3D('',#10967,#8596,#8597);
#7720=AXIS2_PLACEMENT_3D('',#10971,#8599,#8600);
#7721=AXIS2_PLACEMENT_3D('',#10975,#8602,#8603);
#7722=AXIS2_PLACEMENT_3D('',#10979,#8605,#8606);
#7723=AXIS2_PLACEMENT_3D('',#10983,#8608,#8609);
#7724=AXIS2_PLACEMENT_3D('',#10987,#8611,#8612);
#7725=AXIS2_PLACEMENT_3D('',#10991,#8614,#8615);
#7726=AXIS2_PLACEMENT_3D('',#10995,#8617,#8618);
#7727=AXIS2_PLACEMENT_3D('',#10999,#8620,#8621);
#7728=AXIS2_PLACEMENT_3D('',#11003,#8623,#8624);
#7729=AXIS2_PLACEMENT_3D('',#11007,#8626,#8627);
#7730=AXIS2_PLACEMENT_3D('',#11011,#8629,#8630);
#7731=AXIS2_PLACEMENT_3D('',#11015,#8632,#8633);
#7732=AXIS2_PLACEMENT_3D('',#11019,#8635,#8636);
#7733=AXIS2_PLACEMENT_3D('',#11023,#8638,#8639);
#7734=AXIS2_PLACEMENT_3D('',#11027,#8641,#8642);
#7735=AXIS2_PLACEMENT_3D('',#11031,#8644,#8645);
#7736=AXIS2_PLACEMENT_3D('',#11035,#8647,#8648);
#7737=AXIS2_PLACEMENT_3D('',#11039,#8650,#8651);
#7738=AXIS2_PLACEMENT_3D('',#11043,#8653,#8654);
#7739=AXIS2_PLACEMENT_3D('',#11047,#8656,#8657);
#7740=AXIS2_PLACEMENT_3D('',#11051,#8659,#8660);
#7741=AXIS2_PLACEMENT_3D('',#11055,#8662,#8663);
#7742=AXIS2_PLACEMENT_3D('',#11059,#8665,#8666);
#7743=AXIS2_PLACEMENT_3D('',#11063,#8668,#8669);
#7744=AXIS2_PLACEMENT_3D('',#11067,#8671,#8672);
#7745=AXIS2_PLACEMENT_3D('',#11071,#8674,#8675);
#7746=AXIS2_PLACEMENT_3D('',#11075,#8677,#8678);
#7747=AXIS2_PLACEMENT_3D('',#11076,#8679,#8680);
#7748=AXIS2_PLACEMENT_3D('',#11081,#8682,#8683);
#7749=AXIS2_PLACEMENT_3D('',#11085,#8685,#8686);
#7750=AXIS2_PLACEMENT_3D('',#11089,#8688,#8689);
#7751=AXIS2_PLACEMENT_3D('',#11092,#8691,#8692);
#7752=AXIS2_PLACEMENT_3D('',#11094,#8693,#8694);
#7753=AXIS2_PLACEMENT_3D('',#11096,#8695,#8696);
#7754=AXIS2_PLACEMENT_3D('',#11098,#8697,#8698);
#7755=AXIS2_PLACEMENT_3D('',#11100,#8699,#8700);
#7756=AXIS2_PLACEMENT_3D('',#11102,#8701,#8702);
#7757=AXIS2_PLACEMENT_3D('',#11107,#8704,#8705);
#7758=AXIS2_PLACEMENT_3D('',#11111,#8707,#8708);
#7759=AXIS2_PLACEMENT_3D('',#11115,#8710,#8711);
#7760=AXIS2_PLACEMENT_3D('',#11119,#8713,#8714);
#7761=AXIS2_PLACEMENT_3D('',#11120,#8715,#8716);
#7762=AXIS2_PLACEMENT_3D('',#11121,#8717,#8718);
#7763=AXIS2_PLACEMENT_3D('',#11126,#8720,#8721);
#7764=AXIS2_PLACEMENT_3D('',#11130,#8723,#8724);
#7765=AXIS2_PLACEMENT_3D('',#11134,#8726,#8727);
#7766=AXIS2_PLACEMENT_3D('',#11140,#8730,#8731);
#7767=AXIS2_PLACEMENT_3D('',#11144,#8733,#8734);
#7768=AXIS2_PLACEMENT_3D('',#11148,#8736,#8737);
#7769=AXIS2_PLACEMENT_3D('',#11152,#8739,#8740);
#7770=AXIS2_PLACEMENT_3D('',#11156,#8742,#8743);
#7771=AXIS2_PLACEMENT_3D('',#11160,#8745,#8746);
#7772=AXIS2_PLACEMENT_3D('',#11164,#8748,#8749);
#7773=AXIS2_PLACEMENT_3D('',#11168,#8751,#8752);
#7774=AXIS2_PLACEMENT_3D('',#11172,#8754,#8755);
#7775=AXIS2_PLACEMENT_3D('',#11176,#8757,#8758);
#7776=AXIS2_PLACEMENT_3D('',#11180,#8760,#8761);
#7777=AXIS2_PLACEMENT_3D('',#11184,#8763,#8764);
#7778=AXIS2_PLACEMENT_3D('',#11188,#8766,#8767);
#7779=AXIS2_PLACEMENT_3D('',#11192,#8769,#8770);
#7780=AXIS2_PLACEMENT_3D('',#11196,#8772,#8773);
#7781=AXIS2_PLACEMENT_3D('',#11200,#8775,#8776);
#7782=AXIS2_PLACEMENT_3D('',#11204,#8778,#8779);
#7783=AXIS2_PLACEMENT_3D('',#11208,#8781,#8782);
#7784=AXIS2_PLACEMENT_3D('',#11212,#8784,#8785);
#7785=AXIS2_PLACEMENT_3D('',#11216,#8787,#8788);
#7786=AXIS2_PLACEMENT_3D('',#11220,#8790,#8791);
#7787=AXIS2_PLACEMENT_3D('',#11224,#8793,#8794);
#7788=AXIS2_PLACEMENT_3D('',#11228,#8796,#8797);
#7789=AXIS2_PLACEMENT_3D('',#11232,#8799,#8800);
#7790=AXIS2_PLACEMENT_3D('',#11236,#8802,#8803);
#7791=AXIS2_PLACEMENT_3D('',#11240,#8805,#8806);
#7792=AXIS2_PLACEMENT_3D('',#11244,#8808,#8809);
#7793=AXIS2_PLACEMENT_3D('',#11248,#8811,#8812);
#7794=AXIS2_PLACEMENT_3D('',#11252,#8814,#8815);
#7795=AXIS2_PLACEMENT_3D('',#11256,#8817,#8818);
#7796=AXIS2_PLACEMENT_3D('',#11260,#8820,#8821);
#7797=AXIS2_PLACEMENT_3D('',#11264,#8823,#8824);
#7798=AXIS2_PLACEMENT_3D('',#11268,#8826,#8827);
#7799=AXIS2_PLACEMENT_3D('',#11272,#8829,#8830);
#7800=AXIS2_PLACEMENT_3D('',#11276,#8832,#8833);
#7801=AXIS2_PLACEMENT_3D('',#11280,#8835,#8836);
#7802=AXIS2_PLACEMENT_3D('',#11284,#8838,#8839);
#7803=AXIS2_PLACEMENT_3D('',#11288,#8841,#8842);
#7804=AXIS2_PLACEMENT_3D('',#11292,#8844,#8845);
#7805=AXIS2_PLACEMENT_3D('',#11296,#8847,#8848);
#7806=AXIS2_PLACEMENT_3D('',#11300,#8850,#8851);
#7807=AXIS2_PLACEMENT_3D('',#11304,#8853,#8854);
#7808=AXIS2_PLACEMENT_3D('',#11308,#8856,#8857);
#7809=AXIS2_PLACEMENT_3D('',#11312,#8859,#8860);
#7810=AXIS2_PLACEMENT_3D('',#11316,#8862,#8863);
#7811=AXIS2_PLACEMENT_3D('',#11320,#8865,#8866);
#7812=AXIS2_PLACEMENT_3D('',#11324,#8868,#8869);
#7813=AXIS2_PLACEMENT_3D('',#11328,#8871,#8872);
#7814=AXIS2_PLACEMENT_3D('',#11332,#8874,#8875);
#7815=AXIS2_PLACEMENT_3D('',#11336,#8877,#8878);
#7816=AXIS2_PLACEMENT_3D('',#11340,#8880,#8881);
#7817=AXIS2_PLACEMENT_3D('',#11344,#8883,#8884);
#7818=AXIS2_PLACEMENT_3D('',#11348,#8886,#8887);
#7819=AXIS2_PLACEMENT_3D('',#11352,#8889,#8890);
#7820=AXIS2_PLACEMENT_3D('',#11356,#8892,#8893);
#7821=AXIS2_PLACEMENT_3D('',#11360,#8895,#8896);
#7822=AXIS2_PLACEMENT_3D('',#11364,#8898,#8899);
#7823=AXIS2_PLACEMENT_3D('',#11368,#8901,#8902);
#7824=AXIS2_PLACEMENT_3D('',#11372,#8904,#8905);
#7825=AXIS2_PLACEMENT_3D('',#11376,#8907,#8908);
#7826=AXIS2_PLACEMENT_3D('',#11377,#8909,#8910);
#7827=AXIS2_PLACEMENT_3D('',#11379,#8911,#8912);
#7828=AXIS2_PLACEMENT_3D('',#11381,#8913,#8914);
#7829=AXIS2_PLACEMENT_3D('',#11383,#8915,#8916);
#7830=AXIS2_PLACEMENT_3D('',#11385,#8917,#8918);
#7831=AXIS2_PLACEMENT_3D('',#11387,#8919,#8920);
#7832=AXIS2_PLACEMENT_3D('',#11392,#8922,#8923);
#7833=AXIS2_PLACEMENT_3D('',#11396,#8925,#8926);
#7834=AXIS2_PLACEMENT_3D('',#11400,#8928,#8929);
#7835=AXIS2_PLACEMENT_3D('',#11404,#8931,#8932);
#7836=AXIS2_PLACEMENT_3D('',#11405,#8933,#8934);
#7837=AXIS2_PLACEMENT_3D('',#11412,#8937,#8938);
#7838=AXIS2_PLACEMENT_3D('',#11416,#8940,#8941);
#7839=AXIS2_PLACEMENT_3D('',#11422,#8944,#8945);
#7840=AXIS2_PLACEMENT_3D('',#11426,#8947,#8948);
#7841=AXIS2_PLACEMENT_3D('',#11430,#8950,#8951);
#7842=AXIS2_PLACEMENT_3D('',#11433,#8953,#8954);
#7843=AXIS2_PLACEMENT_3D('',#11442,#8959,#8960);
#7844=AXIS2_PLACEMENT_3D('',#11451,#8965,#8966);
#7845=AXIS2_PLACEMENT_3D('',#11460,#8971,#8972);
#7846=AXIS2_PLACEMENT_3D('',#11469,#8977,#8978);
#7847=AXIS2_PLACEMENT_3D('',#11473,#8980,#8981);
#7848=AXIS2_PLACEMENT_3D('',#11477,#8983,#8984);
#7849=AXIS2_PLACEMENT_3D('',#11478,#8985,#8986);
#7850=AXIS2_PLACEMENT_3D('',#11484,#8990,#8991);
#7851=AXIS2_PLACEMENT_3D('',#11485,#8992,#8993);
#7852=AXIS2_PLACEMENT_3D('',#11489,#8995,#8996);
#7853=AXIS2_PLACEMENT_3D('',#11490,#8997,#8998);
#7854=AXIS2_PLACEMENT_3D('',#11496,#9002,#9003);
#7855=AXIS2_PLACEMENT_3D('',#11497,#9004,#9005);
#7856=AXIS2_PLACEMENT_3D('',#11501,#9007,#9008);
#7857=AXIS2_PLACEMENT_3D('',#11502,#9009,#9010);
#7858=AXIS2_PLACEMENT_3D('',#11508,#9014,#9015);
#7859=AXIS2_PLACEMENT_3D('',#11509,#9016,#9017);
#7860=AXIS2_PLACEMENT_3D('',#11513,#9019,#9020);
#7861=AXIS2_PLACEMENT_3D('',#11514,#9021,#9022);
#7862=AXIS2_PLACEMENT_3D('',#11517,#9025,#9026);
#7863=AXIS2_PLACEMENT_3D('',#11526,#9031,#9032);
#7864=AXIS2_PLACEMENT_3D('',#11527,#9033,#9034);
#7865=AXIS2_PLACEMENT_3D('',#11529,#9035,#9036);
#7866=AXIS2_PLACEMENT_3D('',#11531,#9037,#9038);
#7867=AXIS2_PLACEMENT_3D('',#11532,#9039,#9040);
#7868=AXIS2_PLACEMENT_3D('',#11534,#9041,#9042);
#7869=AXIS2_PLACEMENT_3D('',#11536,#9043,#9044);
#7870=AXIS2_PLACEMENT_3D('',#11537,#9045,#9046);
#7871=AXIS2_PLACEMENT_3D('',#11539,#9047,#9048);
#7872=AXIS2_PLACEMENT_3D('',#11541,#9049,#9050);
#7873=AXIS2_PLACEMENT_3D('',#11550,#9055,#9056);
#7874=AXIS2_PLACEMENT_3D('',#11551,#9057,#9058);
#7875=AXIS2_PLACEMENT_3D('',#11553,#9059,#9060);
#7876=AXIS2_PLACEMENT_3D('',#11555,#9061,#9062);
#7877=AXIS2_PLACEMENT_3D('',#11556,#9063,#9064);
#7878=AXIS2_PLACEMENT_3D('',#11558,#9065,#9066);
#7879=AXIS2_PLACEMENT_3D('',#11560,#9067,#9068);
#7880=AXIS2_PLACEMENT_3D('',#11561,#9069,#9070);
#7881=AXIS2_PLACEMENT_3D('',#11563,#9071,#9072);
#7882=AXIS2_PLACEMENT_3D('',#11565,#9073,#9074);
#7883=AXIS2_PLACEMENT_3D('',#11574,#9079,#9080);
#7884=AXIS2_PLACEMENT_3D('',#11575,#9081,#9082);
#7885=AXIS2_PLACEMENT_3D('',#11576,#9083,#9084);
#7886=AXIS2_PLACEMENT_3D('',#11577,#9085,#9086);
#7887=AXIS2_PLACEMENT_3D('',#11578,#9087,#9088);
#7888=AXIS2_PLACEMENT_3D('',#11579,#9089,#9090);
#7889=AXIS2_PLACEMENT_3D('',#11580,#9091,#9092);
#7890=AXIS2_PLACEMENT_3D('',#11581,#9093,#9094);
#7891=AXIS2_PLACEMENT_3D('',#11582,#9095,#9096);
#7892=AXIS2_PLACEMENT_3D('',#11583,#9097,#9098);
#7893=AXIS2_PLACEMENT_3D('',#11584,#9099,#9100);
#7894=AXIS2_PLACEMENT_3D('',#11585,#9101,#9102);
#7895=AXIS2_PLACEMENT_3D('',#11586,#9103,#9104);
#7896=AXIS2_PLACEMENT_3D('',#11590,#9106,#9107);
#7897=AXIS2_PLACEMENT_3D('',#11594,#9109,#9110);
#7898=AXIS2_PLACEMENT_3D('',#11595,#9111,#9112);
#7899=AXIS2_PLACEMENT_3D('',#11601,#9116,#9117);
#7900=AXIS2_PLACEMENT_3D('',#11605,#9119,#9120);
#7901=AXIS2_PLACEMENT_3D('',#11606,#9121,#9122);
#7902=AXIS2_PLACEMENT_3D('',#11607,#9123,#9124);
#7903=AXIS2_PLACEMENT_3D('',#11613,#9128,#9129);
#7904=AXIS2_PLACEMENT_3D('',#11617,#9131,#9132);
#7905=AXIS2_PLACEMENT_3D('',#11618,#9133,#9134);
#7906=AXIS2_PLACEMENT_3D('',#11619,#9135,#9136);
#7907=AXIS2_PLACEMENT_3D('',#11625,#9140,#9141);
#7908=AXIS2_PLACEMENT_3D('',#11629,#9143,#9144);
#7909=AXIS2_PLACEMENT_3D('',#11630,#9145,#9146);
#7910=AXIS2_PLACEMENT_3D('',#11631,#9147,#9148);
#7911=AXIS2_PLACEMENT_3D('',#11634,#9151,#9152);
#7912=AXIS2_PLACEMENT_3D('',#11638,#9154,#9155);
#7913=AXIS2_PLACEMENT_3D('',#11642,#9157,#9158);
#7914=AXIS2_PLACEMENT_3D('',#11643,#9159,#9160);
#7915=AXIS2_PLACEMENT_3D('',#11649,#9164,#9165);
#7916=AXIS2_PLACEMENT_3D('',#11653,#9167,#9168);
#7917=AXIS2_PLACEMENT_3D('',#11654,#9169,#9170);
#7918=AXIS2_PLACEMENT_3D('',#11655,#9171,#9172);
#7919=AXIS2_PLACEMENT_3D('',#11661,#9176,#9177);
#7920=AXIS2_PLACEMENT_3D('',#11665,#9179,#9180);
#7921=AXIS2_PLACEMENT_3D('',#11666,#9181,#9182);
#7922=AXIS2_PLACEMENT_3D('',#11667,#9183,#9184);
#7923=AXIS2_PLACEMENT_3D('',#11673,#9188,#9189);
#7924=AXIS2_PLACEMENT_3D('',#11677,#9191,#9192);
#7925=AXIS2_PLACEMENT_3D('',#11678,#9193,#9194);
#7926=AXIS2_PLACEMENT_3D('',#11679,#9195,#9196);
#7927=AXIS2_PLACEMENT_3D('',#11682,#9199,#9200);
#7928=AXIS2_PLACEMENT_3D('',#11686,#9202,#9203);
#7929=AXIS2_PLACEMENT_3D('',#11690,#9205,#9206);
#7930=AXIS2_PLACEMENT_3D('',#11691,#9207,#9208);
#7931=AXIS2_PLACEMENT_3D('',#11697,#9212,#9213);
#7932=AXIS2_PLACEMENT_3D('',#11701,#9215,#9216);
#7933=AXIS2_PLACEMENT_3D('',#11702,#9217,#9218);
#7934=AXIS2_PLACEMENT_3D('',#11703,#9219,#9220);
#7935=AXIS2_PLACEMENT_3D('',#11709,#9224,#9225);
#7936=AXIS2_PLACEMENT_3D('',#11713,#9227,#9228);
#7937=AXIS2_PLACEMENT_3D('',#11714,#9229,#9230);
#7938=AXIS2_PLACEMENT_3D('',#11715,#9231,#9232);
#7939=AXIS2_PLACEMENT_3D('',#11721,#9236,#9237);
#7940=AXIS2_PLACEMENT_3D('',#11725,#9239,#9240);
#7941=AXIS2_PLACEMENT_3D('',#11726,#9241,#9242);
#7942=AXIS2_PLACEMENT_3D('',#11727,#9243,#9244);
#7943=AXIS2_PLACEMENT_3D('',#11730,#9247,#9248);
#7944=AXIS2_PLACEMENT_3D('',#11734,#9250,#9251);
#7945=AXIS2_PLACEMENT_3D('',#11738,#9253,#9254);
#7946=AXIS2_PLACEMENT_3D('',#11739,#9255,#9256);
#7947=AXIS2_PLACEMENT_3D('',#11745,#9260,#9261);
#7948=AXIS2_PLACEMENT_3D('',#11749,#9263,#9264);
#7949=AXIS2_PLACEMENT_3D('',#11750,#9265,#9266);
#7950=AXIS2_PLACEMENT_3D('',#11751,#9267,#9268);
#7951=AXIS2_PLACEMENT_3D('',#11757,#9272,#9273);
#7952=AXIS2_PLACEMENT_3D('',#11761,#9275,#9276);
#7953=AXIS2_PLACEMENT_3D('',#11762,#9277,#9278);
#7954=AXIS2_PLACEMENT_3D('',#11763,#9279,#9280);
#7955=AXIS2_PLACEMENT_3D('',#11769,#9284,#9285);
#7956=AXIS2_PLACEMENT_3D('',#11773,#9287,#9288);
#7957=AXIS2_PLACEMENT_3D('',#11774,#9289,#9290);
#7958=AXIS2_PLACEMENT_3D('',#11775,#9291,#9292);
#7959=AXIS2_PLACEMENT_3D('',#11778,#9295,#9296);
#7960=AXIS2_PLACEMENT_3D('',#11782,#9298,#9299);
#7961=AXIS2_PLACEMENT_3D('',#11786,#9301,#9302);
#7962=AXIS2_PLACEMENT_3D('',#11787,#9303,#9304);
#7963=AXIS2_PLACEMENT_3D('',#11793,#9308,#9309);
#7964=AXIS2_PLACEMENT_3D('',#11797,#9311,#9312);
#7965=AXIS2_PLACEMENT_3D('',#11798,#9313,#9314);
#7966=AXIS2_PLACEMENT_3D('',#11799,#9315,#9316);
#7967=AXIS2_PLACEMENT_3D('',#11805,#9320,#9321);
#7968=AXIS2_PLACEMENT_3D('',#11809,#9323,#9324);
#7969=AXIS2_PLACEMENT_3D('',#11810,#9325,#9326);
#7970=AXIS2_PLACEMENT_3D('',#11811,#9327,#9328);
#7971=AXIS2_PLACEMENT_3D('',#11817,#9332,#9333);
#7972=AXIS2_PLACEMENT_3D('',#11821,#9335,#9336);
#7973=AXIS2_PLACEMENT_3D('',#11822,#9337,#9338);
#7974=AXIS2_PLACEMENT_3D('',#11823,#9339,#9340);
#7975=AXIS2_PLACEMENT_3D('',#11826,#9343,#9344);
#7976=AXIS2_PLACEMENT_3D('',#11830,#9346,#9347);
#7977=AXIS2_PLACEMENT_3D('',#11834,#9349,#9350);
#7978=AXIS2_PLACEMENT_3D('',#11835,#9351,#9352);
#7979=AXIS2_PLACEMENT_3D('',#11841,#9356,#9357);
#7980=AXIS2_PLACEMENT_3D('',#11845,#9359,#9360);
#7981=AXIS2_PLACEMENT_3D('',#11846,#9361,#9362);
#7982=AXIS2_PLACEMENT_3D('',#11847,#9363,#9364);
#7983=AXIS2_PLACEMENT_3D('',#11853,#9368,#9369);
#7984=AXIS2_PLACEMENT_3D('',#11857,#9371,#9372);
#7985=AXIS2_PLACEMENT_3D('',#11858,#9373,#9374);
#7986=AXIS2_PLACEMENT_3D('',#11859,#9375,#9376);
#7987=AXIS2_PLACEMENT_3D('',#11865,#9380,#9381);
#7988=AXIS2_PLACEMENT_3D('',#11869,#9383,#9384);
#7989=AXIS2_PLACEMENT_3D('',#11870,#9385,#9386);
#7990=AXIS2_PLACEMENT_3D('',#11871,#9387,#9388);
#7991=AXIS2_PLACEMENT_3D('',#11874,#9391,#9392);
#7992=AXIS2_PLACEMENT_3D('',#11878,#9394,#9395);
#7993=AXIS2_PLACEMENT_3D('',#11882,#9397,#9398);
#7994=AXIS2_PLACEMENT_3D('',#11883,#9399,#9400);
#7995=AXIS2_PLACEMENT_3D('',#11889,#9404,#9405);
#7996=AXIS2_PLACEMENT_3D('',#11893,#9407,#9408);
#7997=AXIS2_PLACEMENT_3D('',#11894,#9409,#9410);
#7998=AXIS2_PLACEMENT_3D('',#11895,#9411,#9412);
#7999=AXIS2_PLACEMENT_3D('',#11901,#9416,#9417);
#8000=AXIS2_PLACEMENT_3D('',#11905,#9419,#9420);
#8001=AXIS2_PLACEMENT_3D('',#11906,#9421,#9422);
#8002=AXIS2_PLACEMENT_3D('',#11907,#9423,#9424);
#8003=AXIS2_PLACEMENT_3D('',#11913,#9428,#9429);
#8004=AXIS2_PLACEMENT_3D('',#11917,#9431,#9432);
#8005=AXIS2_PLACEMENT_3D('',#11918,#9433,#9434);
#8006=AXIS2_PLACEMENT_3D('',#11919,#9435,#9436);
#8007=AXIS2_PLACEMENT_3D('',#11922,#9439,#9440);
#8008=AXIS2_PLACEMENT_3D('',#11926,#9442,#9443);
#8009=AXIS2_PLACEMENT_3D('',#11930,#9445,#9446);
#8010=AXIS2_PLACEMENT_3D('',#11931,#9447,#9448);
#8011=AXIS2_PLACEMENT_3D('',#11937,#9452,#9453);
#8012=AXIS2_PLACEMENT_3D('',#11941,#9455,#9456);
#8013=AXIS2_PLACEMENT_3D('',#11942,#9457,#9458);
#8014=AXIS2_PLACEMENT_3D('',#11943,#9459,#9460);
#8015=AXIS2_PLACEMENT_3D('',#11949,#9464,#9465);
#8016=AXIS2_PLACEMENT_3D('',#11953,#9467,#9468);
#8017=AXIS2_PLACEMENT_3D('',#11954,#9469,#9470);
#8018=AXIS2_PLACEMENT_3D('',#11955,#9471,#9472);
#8019=AXIS2_PLACEMENT_3D('',#11961,#9476,#9477);
#8020=AXIS2_PLACEMENT_3D('',#11965,#9479,#9480);
#8021=AXIS2_PLACEMENT_3D('',#11966,#9481,#9482);
#8022=AXIS2_PLACEMENT_3D('',#11967,#9483,#9484);
#8023=AXIS2_PLACEMENT_3D('',#11970,#9487,#9488);
#8024=AXIS2_PLACEMENT_3D('',#11974,#9490,#9491);
#8025=AXIS2_PLACEMENT_3D('',#11978,#9493,#9494);
#8026=AXIS2_PLACEMENT_3D('',#11979,#9495,#9496);
#8027=AXIS2_PLACEMENT_3D('',#11985,#9500,#9501);
#8028=AXIS2_PLACEMENT_3D('',#11989,#9503,#9504);
#8029=AXIS2_PLACEMENT_3D('',#11990,#9505,#9506);
#8030=AXIS2_PLACEMENT_3D('',#11991,#9507,#9508);
#8031=AXIS2_PLACEMENT_3D('',#11997,#9512,#9513);
#8032=AXIS2_PLACEMENT_3D('',#12001,#9515,#9516);
#8033=AXIS2_PLACEMENT_3D('',#12002,#9517,#9518);
#8034=AXIS2_PLACEMENT_3D('',#12003,#9519,#9520);
#8035=AXIS2_PLACEMENT_3D('',#12009,#9524,#9525);
#8036=AXIS2_PLACEMENT_3D('',#12013,#9527,#9528);
#8037=AXIS2_PLACEMENT_3D('',#12014,#9529,#9530);
#8038=AXIS2_PLACEMENT_3D('',#12015,#9531,#9532);
#8039=AXIS2_PLACEMENT_3D('',#12018,#9535,#9536);
#8040=AXIS2_PLACEMENT_3D('',#12022,#9538,#9539);
#8041=AXIS2_PLACEMENT_3D('',#12026,#9541,#9542);
#8042=AXIS2_PLACEMENT_3D('',#12027,#9543,#9544);
#8043=AXIS2_PLACEMENT_3D('',#12033,#9548,#9549);
#8044=AXIS2_PLACEMENT_3D('',#12037,#9551,#9552);
#8045=AXIS2_PLACEMENT_3D('',#12038,#9553,#9554);
#8046=AXIS2_PLACEMENT_3D('',#12039,#9555,#9556);
#8047=AXIS2_PLACEMENT_3D('',#12045,#9560,#9561);
#8048=AXIS2_PLACEMENT_3D('',#12049,#9563,#9564);
#8049=AXIS2_PLACEMENT_3D('',#12050,#9565,#9566);
#8050=AXIS2_PLACEMENT_3D('',#12051,#9567,#9568);
#8051=AXIS2_PLACEMENT_3D('',#12057,#9572,#9573);
#8052=AXIS2_PLACEMENT_3D('',#12061,#9575,#9576);
#8053=AXIS2_PLACEMENT_3D('',#12062,#9577,#9578);
#8054=AXIS2_PLACEMENT_3D('',#12063,#9579,#9580);
#8055=AXIS2_PLACEMENT_3D('',#12066,#9583,#9584);
#8056=AXIS2_PLACEMENT_3D('',#12070,#9586,#9587);
#8057=AXIS2_PLACEMENT_3D('',#12074,#9589,#9590);
#8058=AXIS2_PLACEMENT_3D('',#12075,#9591,#9592);
#8059=AXIS2_PLACEMENT_3D('',#12081,#9596,#9597);
#8060=AXIS2_PLACEMENT_3D('',#12085,#9599,#9600);
#8061=AXIS2_PLACEMENT_3D('',#12086,#9601,#9602);
#8062=AXIS2_PLACEMENT_3D('',#12087,#9603,#9604);
#8063=AXIS2_PLACEMENT_3D('',#12093,#9608,#9609);
#8064=AXIS2_PLACEMENT_3D('',#12097,#9611,#9612);
#8065=AXIS2_PLACEMENT_3D('',#12098,#9613,#9614);
#8066=AXIS2_PLACEMENT_3D('',#12099,#9615,#9616);
#8067=AXIS2_PLACEMENT_3D('',#12105,#9620,#9621);
#8068=AXIS2_PLACEMENT_3D('',#12109,#9623,#9624);
#8069=AXIS2_PLACEMENT_3D('',#12110,#9625,#9626);
#8070=AXIS2_PLACEMENT_3D('',#12111,#9627,#9628);
#8071=AXIS2_PLACEMENT_3D('',#12114,#9631,#9632);
#8072=AXIS2_PLACEMENT_3D('',#12118,#9634,#9635);
#8073=AXIS2_PLACEMENT_3D('',#12122,#9637,#9638);
#8074=AXIS2_PLACEMENT_3D('',#12123,#9639,#9640);
#8075=AXIS2_PLACEMENT_3D('',#12129,#9644,#9645);
#8076=AXIS2_PLACEMENT_3D('',#12133,#9647,#9648);
#8077=AXIS2_PLACEMENT_3D('',#12134,#9649,#9650);
#8078=AXIS2_PLACEMENT_3D('',#12135,#9651,#9652);
#8079=AXIS2_PLACEMENT_3D('',#12141,#9656,#9657);
#8080=AXIS2_PLACEMENT_3D('',#12145,#9659,#9660);
#8081=AXIS2_PLACEMENT_3D('',#12146,#9661,#9662);
#8082=AXIS2_PLACEMENT_3D('',#12147,#9663,#9664);
#8083=AXIS2_PLACEMENT_3D('',#12153,#9668,#9669);
#8084=AXIS2_PLACEMENT_3D('',#12157,#9671,#9672);
#8085=AXIS2_PLACEMENT_3D('',#12158,#9673,#9674);
#8086=AXIS2_PLACEMENT_3D('',#12159,#9675,#9676);
#8087=AXIS2_PLACEMENT_3D('',#12162,#9679,#9680);
#8088=AXIS2_PLACEMENT_3D('',#12166,#9682,#9683);
#8089=AXIS2_PLACEMENT_3D('',#12170,#9685,#9686);
#8090=AXIS2_PLACEMENT_3D('',#12171,#9687,#9688);
#8091=AXIS2_PLACEMENT_3D('',#12177,#9692,#9693);
#8092=AXIS2_PLACEMENT_3D('',#12181,#9695,#9696);
#8093=AXIS2_PLACEMENT_3D('',#12182,#9697,#9698);
#8094=AXIS2_PLACEMENT_3D('',#12183,#9699,#9700);
#8095=AXIS2_PLACEMENT_3D('',#12189,#9704,#9705);
#8096=AXIS2_PLACEMENT_3D('',#12193,#9707,#9708);
#8097=AXIS2_PLACEMENT_3D('',#12194,#9709,#9710);
#8098=AXIS2_PLACEMENT_3D('',#12195,#9711,#9712);
#8099=AXIS2_PLACEMENT_3D('',#12201,#9716,#9717);
#8100=AXIS2_PLACEMENT_3D('',#12205,#9719,#9720);
#8101=AXIS2_PLACEMENT_3D('',#12206,#9721,#9722);
#8102=AXIS2_PLACEMENT_3D('',#12207,#9723,#9724);
#8103=AXIS2_PLACEMENT_3D('',#12210,#9727,#9728);
#8104=AXIS2_PLACEMENT_3D('',#12214,#9730,#9731);
#8105=AXIS2_PLACEMENT_3D('',#12218,#9733,#9734);
#8106=AXIS2_PLACEMENT_3D('',#12219,#9735,#9736);
#8107=AXIS2_PLACEMENT_3D('',#12225,#9740,#9741);
#8108=AXIS2_PLACEMENT_3D('',#12229,#9743,#9744);
#8109=AXIS2_PLACEMENT_3D('',#12230,#9745,#9746);
#8110=AXIS2_PLACEMENT_3D('',#12231,#9747,#9748);
#8111=AXIS2_PLACEMENT_3D('',#12237,#9752,#9753);
#8112=AXIS2_PLACEMENT_3D('',#12241,#9755,#9756);
#8113=AXIS2_PLACEMENT_3D('',#12242,#9757,#9758);
#8114=AXIS2_PLACEMENT_3D('',#12243,#9759,#9760);
#8115=AXIS2_PLACEMENT_3D('',#12249,#9764,#9765);
#8116=AXIS2_PLACEMENT_3D('',#12253,#9767,#9768);
#8117=AXIS2_PLACEMENT_3D('',#12254,#9769,#9770);
#8118=AXIS2_PLACEMENT_3D('',#12255,#9771,#9772);
#8119=AXIS2_PLACEMENT_3D('',#12258,#9775,#9776);
#8120=AXIS2_PLACEMENT_3D('',#12262,#9778,#9779);
#8121=AXIS2_PLACEMENT_3D('',#12266,#9781,#9782);
#8122=AXIS2_PLACEMENT_3D('',#12267,#9783,#9784);
#8123=AXIS2_PLACEMENT_3D('',#12273,#9788,#9789);
#8124=AXIS2_PLACEMENT_3D('',#12277,#9791,#9792);
#8125=AXIS2_PLACEMENT_3D('',#12278,#9793,#9794);
#8126=AXIS2_PLACEMENT_3D('',#12279,#9795,#9796);
#8127=AXIS2_PLACEMENT_3D('',#12285,#9800,#9801);
#8128=AXIS2_PLACEMENT_3D('',#12289,#9803,#9804);
#8129=AXIS2_PLACEMENT_3D('',#12290,#9805,#9806);
#8130=AXIS2_PLACEMENT_3D('',#12291,#9807,#9808);
#8131=AXIS2_PLACEMENT_3D('',#12297,#9812,#9813);
#8132=AXIS2_PLACEMENT_3D('',#12301,#9815,#9816);
#8133=AXIS2_PLACEMENT_3D('',#12302,#9817,#9818);
#8134=AXIS2_PLACEMENT_3D('',#12303,#9819,#9820);
#8135=AXIS2_PLACEMENT_3D('',#12306,#9823,#9824);
#8136=AXIS2_PLACEMENT_3D('',#12307,#9825,#9826);
#8137=AXIS2_PLACEMENT_3D('',#12308,#9827,#9828);
#8138=AXIS2_PLACEMENT_3D('',#12309,#9829,#9830);
#8139=AXIS2_PLACEMENT_3D('',#12310,#9831,#9832);
#8140=AXIS2_PLACEMENT_3D('',#12311,#9833,#9834);
#8141=AXIS2_PLACEMENT_3D('',#12312,#9835,#9836);
#8142=AXIS2_PLACEMENT_3D('',#12313,#9837,#9838);
#8143=AXIS2_PLACEMENT_3D('',#12314,#9839,#9840);
#8144=AXIS2_PLACEMENT_3D('',#12315,#9841,#9842);
#8145=AXIS2_PLACEMENT_3D('',#12316,#9843,#9844);
#8146=AXIS2_PLACEMENT_3D('',#12317,#9845,#9846);
#8147=AXIS2_PLACEMENT_3D('',#12318,#9847,#9848);
#8148=AXIS2_PLACEMENT_3D('',#12321,#9851,#9852);
#8149=AXIS2_PLACEMENT_3D('',#12323,#9854,#9855);
#8150=AXIS2_PLACEMENT_3D('',#12325,#9857,#9858);
#8151=AXIS2_PLACEMENT_3D('',#12327,#9860,#9861);
#8152=AXIS2_PLACEMENT_3D('',#12329,#9863,#9864);
#8153=AXIS2_PLACEMENT_3D('',#12331,#9866,#9867);
#8154=AXIS2_PLACEMENT_3D('',#12333,#9869,#9870);
#8155=AXIS2_PLACEMENT_3D('',#12334,#9871,#9872);
#8156=AXIS2_PLACEMENT_3D('',#12337,#9875,#9876);
#8157=AXIS2_PLACEMENT_3D('',#12339,#9878,#9879);
#8158=AXIS2_PLACEMENT_3D('',#12341,#9881,#9882);
#8159=AXIS2_PLACEMENT_3D('',#12343,#9884,#9885);
#8160=AXIS2_PLACEMENT_3D('',#12345,#9887,#9888);
#8161=AXIS2_PLACEMENT_3D('',#12347,#9890,#9891);
#8162=AXIS2_PLACEMENT_3D('',#12349,#9893,#9894);
#8163=AXIS2_PLACEMENT_3D('',#12350,#9895,#9896);
#8164=AXIS2_PLACEMENT_3D('',#12353,#9899,#9900);
#8165=AXIS2_PLACEMENT_3D('',#12355,#9902,#9903);
#8166=AXIS2_PLACEMENT_3D('',#12357,#9905,#9906);
#8167=AXIS2_PLACEMENT_3D('',#12359,#9908,#9909);
#8168=AXIS2_PLACEMENT_3D('',#12361,#9911,#9912);
#8169=AXIS2_PLACEMENT_3D('',#12363,#9914,#9915);
#8170=AXIS2_PLACEMENT_3D('',#12365,#9917,#9918);
#8171=AXIS2_PLACEMENT_3D('',#12366,#9919,#9920);
#8172=AXIS2_PLACEMENT_3D('',#12369,#9923,#9924);
#8173=AXIS2_PLACEMENT_3D('',#12371,#9926,#9927);
#8174=AXIS2_PLACEMENT_3D('',#12373,#9929,#9930);
#8175=AXIS2_PLACEMENT_3D('',#12375,#9932,#9933);
#8176=AXIS2_PLACEMENT_3D('',#12377,#9935,#9936);
#8177=AXIS2_PLACEMENT_3D('',#12379,#9938,#9939);
#8178=AXIS2_PLACEMENT_3D('',#12381,#9941,#9942);
#8179=AXIS2_PLACEMENT_3D('',#12382,#9943,#9944);
#8180=AXIS2_PLACEMENT_3D('',#12385,#9947,#9948);
#8181=AXIS2_PLACEMENT_3D('',#12387,#9950,#9951);
#8182=AXIS2_PLACEMENT_3D('',#12389,#9953,#9954);
#8183=AXIS2_PLACEMENT_3D('',#12391,#9956,#9957);
#8184=AXIS2_PLACEMENT_3D('',#12393,#9959,#9960);
#8185=AXIS2_PLACEMENT_3D('',#12395,#9962,#9963);
#8186=AXIS2_PLACEMENT_3D('',#12397,#9965,#9966);
#8187=AXIS2_PLACEMENT_3D('',#12398,#9967,#9968);
#8188=AXIS2_PLACEMENT_3D('',#12401,#9971,#9972);
#8189=AXIS2_PLACEMENT_3D('',#12403,#9974,#9975);
#8190=AXIS2_PLACEMENT_3D('',#12405,#9977,#9978);
#8191=AXIS2_PLACEMENT_3D('',#12407,#9980,#9981);
#8192=AXIS2_PLACEMENT_3D('',#12409,#9983,#9984);
#8193=AXIS2_PLACEMENT_3D('',#12411,#9986,#9987);
#8194=AXIS2_PLACEMENT_3D('',#12413,#9989,#9990);
#8195=AXIS2_PLACEMENT_3D('',#12414,#9991,#9992);
#8196=AXIS2_PLACEMENT_3D('',#12417,#9995,#9996);
#8197=AXIS2_PLACEMENT_3D('',#12419,#9998,#9999);
#8198=AXIS2_PLACEMENT_3D('',#12421,#10001,#10002);
#8199=AXIS2_PLACEMENT_3D('',#12423,#10004,#10005);
#8200=AXIS2_PLACEMENT_3D('',#12425,#10007,#10008);
#8201=AXIS2_PLACEMENT_3D('',#12427,#10010,#10011);
#8202=AXIS2_PLACEMENT_3D('',#12429,#10013,#10014);
#8203=AXIS2_PLACEMENT_3D('',#12430,#10015,#10016);
#8204=AXIS2_PLACEMENT_3D('',#12433,#10019,#10020);
#8205=AXIS2_PLACEMENT_3D('',#12435,#10022,#10023);
#8206=AXIS2_PLACEMENT_3D('',#12437,#10025,#10026);
#8207=AXIS2_PLACEMENT_3D('',#12439,#10028,#10029);
#8208=AXIS2_PLACEMENT_3D('',#12441,#10031,#10032);
#8209=AXIS2_PLACEMENT_3D('',#12443,#10034,#10035);
#8210=AXIS2_PLACEMENT_3D('',#12445,#10037,#10038);
#8211=AXIS2_PLACEMENT_3D('',#12446,#10039,#10040);
#8212=AXIS2_PLACEMENT_3D('',#12449,#10043,#10044);
#8213=AXIS2_PLACEMENT_3D('',#12451,#10046,#10047);
#8214=AXIS2_PLACEMENT_3D('',#12453,#10049,#10050);
#8215=AXIS2_PLACEMENT_3D('',#12455,#10052,#10053);
#8216=AXIS2_PLACEMENT_3D('',#12457,#10055,#10056);
#8217=AXIS2_PLACEMENT_3D('',#12459,#10058,#10059);
#8218=AXIS2_PLACEMENT_3D('',#12461,#10061,#10062);
#8219=AXIS2_PLACEMENT_3D('',#12462,#10063,#10064);
#8220=AXIS2_PLACEMENT_3D('',#12465,#10067,#10068);
#8221=AXIS2_PLACEMENT_3D('',#12467,#10070,#10071);
#8222=AXIS2_PLACEMENT_3D('',#12469,#10073,#10074);
#8223=AXIS2_PLACEMENT_3D('',#12471,#10076,#10077);
#8224=AXIS2_PLACEMENT_3D('',#12473,#10079,#10080);
#8225=AXIS2_PLACEMENT_3D('',#12475,#10082,#10083);
#8226=AXIS2_PLACEMENT_3D('',#12477,#10085,#10086);
#8227=AXIS2_PLACEMENT_3D('',#12478,#10087,#10088);
#8228=AXIS2_PLACEMENT_3D('',#12481,#10091,#10092);
#8229=AXIS2_PLACEMENT_3D('',#12483,#10094,#10095);
#8230=AXIS2_PLACEMENT_3D('',#12485,#10097,#10098);
#8231=AXIS2_PLACEMENT_3D('',#12487,#10100,#10101);
#8232=AXIS2_PLACEMENT_3D('',#12489,#10103,#10104);
#8233=AXIS2_PLACEMENT_3D('',#12491,#10106,#10107);
#8234=AXIS2_PLACEMENT_3D('',#12493,#10109,#10110);
#8235=AXIS2_PLACEMENT_3D('',#12494,#10111,#10112);
#8236=AXIS2_PLACEMENT_3D('',#12497,#10115,#10116);
#8237=AXIS2_PLACEMENT_3D('',#12499,#10118,#10119);
#8238=AXIS2_PLACEMENT_3D('',#12501,#10121,#10122);
#8239=AXIS2_PLACEMENT_3D('',#12503,#10124,#10125);
#8240=AXIS2_PLACEMENT_3D('',#12505,#10127,#10128);
#8241=AXIS2_PLACEMENT_3D('',#12507,#10130,#10131);
#8242=AXIS2_PLACEMENT_3D('',#12509,#10133,#10134);
#8243=AXIS2_PLACEMENT_3D('',#12510,#10135,#10136);
#8244=AXIS2_PLACEMENT_3D('',#12513,#10139,#10140);
#8245=AXIS2_PLACEMENT_3D('',#12515,#10142,#10143);
#8246=AXIS2_PLACEMENT_3D('',#12517,#10145,#10146);
#8247=AXIS2_PLACEMENT_3D('',#12519,#10148,#10149);
#8248=AXIS2_PLACEMENT_3D('',#12521,#10151,#10152);
#8249=AXIS2_PLACEMENT_3D('',#12523,#10154,#10155);
#8250=AXIS2_PLACEMENT_3D('',#12525,#10157,#10158);
#8251=AXIS2_PLACEMENT_3D('',#12526,#10159,#10160);
#8252=AXIS2_PLACEMENT_3D('',#12529,#10163,#10164);
#8253=AXIS2_PLACEMENT_3D('',#12531,#10166,#10167);
#8254=AXIS2_PLACEMENT_3D('',#12533,#10169,#10170);
#8255=AXIS2_PLACEMENT_3D('',#12535,#10172,#10173);
#8256=AXIS2_PLACEMENT_3D('',#12537,#10175,#10176);
#8257=AXIS2_PLACEMENT_3D('',#12539,#10178,#10179);
#8258=AXIS2_PLACEMENT_3D('',#12541,#10181,#10182);
#8259=AXIS2_PLACEMENT_3D('',#12542,#10183,#10184);
#8260=AXIS2_PLACEMENT_3D('',#12545,#10187,#10188);
#8261=AXIS2_PLACEMENT_3D('',#12547,#10190,#10191);
#8262=AXIS2_PLACEMENT_3D('',#12549,#10193,#10194);
#8263=AXIS2_PLACEMENT_3D('',#12551,#10196,#10197);
#8264=AXIS2_PLACEMENT_3D('',#12553,#10199,#10200);
#8265=AXIS2_PLACEMENT_3D('',#12555,#10202,#10203);
#8266=AXIS2_PLACEMENT_3D('',#12557,#10205,#10206);
#8267=AXIS2_PLACEMENT_3D('',#12558,#10207,#10208);
#8268=AXIS2_PLACEMENT_3D('',#12561,#10211,#10212);
#8269=AXIS2_PLACEMENT_3D('',#12563,#10214,#10215);
#8270=AXIS2_PLACEMENT_3D('',#12565,#10217,#10218);
#8271=AXIS2_PLACEMENT_3D('',#12567,#10220,#10221);
#8272=AXIS2_PLACEMENT_3D('',#12569,#10223,#10224);
#8273=AXIS2_PLACEMENT_3D('',#12571,#10226,#10227);
#8274=AXIS2_PLACEMENT_3D('',#12573,#10229,#10230);
#8275=AXIS2_PLACEMENT_3D('',#12574,#10231,#10232);
#8276=AXIS2_PLACEMENT_3D('',#12577,#10235,#10236);
#8277=AXIS2_PLACEMENT_3D('',#12579,#10238,#10239);
#8278=AXIS2_PLACEMENT_3D('',#12581,#10241,#10242);
#8279=AXIS2_PLACEMENT_3D('',#12583,#10244,#10245);
#8280=AXIS2_PLACEMENT_3D('',#12585,#10247,#10248);
#8281=AXIS2_PLACEMENT_3D('',#12587,#10250,#10251);
#8282=AXIS2_PLACEMENT_3D('',#12589,#10253,#10254);
#8283=AXIS2_PLACEMENT_3D('',#12590,#10255,#10256);
#8284=AXIS2_PLACEMENT_3D('',#12591,#10257,#10258);
#8285=AXIS2_PLACEMENT_3D('',#12592,#10259,#10260);
#8286=AXIS2_PLACEMENT_3D('',#12593,#10261,#10262);
#8287=AXIS2_PLACEMENT_3D('',#12594,#10263,#10264);
#8288=AXIS2_PLACEMENT_3D('',#12595,#10265,#10266);
#8289=AXIS2_PLACEMENT_3D('',#12596,#10267,#10268);
#8290=AXIS2_PLACEMENT_3D('',#12599,#10271,#10272);
#8291=AXIS2_PLACEMENT_3D('',#12601,#10274,#10275);
#8292=AXIS2_PLACEMENT_3D('',#12603,#10277,#10278);
#8293=AXIS2_PLACEMENT_3D('',#12605,#10280,#10281);
#8294=AXIS2_PLACEMENT_3D('',#12607,#10283,#10284);
#8295=AXIS2_PLACEMENT_3D('',#12609,#10286,#10287);
#8296=AXIS2_PLACEMENT_3D('',#12611,#10289,#10290);
#8297=AXIS2_PLACEMENT_3D('',#12612,#10291,#10292);
#8298=AXIS2_PLACEMENT_3D('',#12613,#10293,#10294);
#8299=AXIS2_PLACEMENT_3D('',#12624,#10297,#10298);
#8300=AXIS2_PLACEMENT_3D('',#12628,#10301,#10302);
#8301=AXIS2_PLACEMENT_3D('',#12637,#10304,#10305);
#8302=AXIS2_PLACEMENT_3D('',#12638,#10306,#10307);
#8303=AXIS2_PLACEMENT_3D('',#12641,#10309,#10310);
#8304=AXIS2_PLACEMENT_3D('',#12642,#10311,#10312);
#8305=AXIS2_PLACEMENT_3D('',#12643,#10313,#10314);
#8306=AXIS2_PLACEMENT_3D('',#12646,#10316,#10317);
#8307=AXIS2_PLACEMENT_3D('',#12652,#10321,#10322);
#8308=AXIS2_PLACEMENT_3D('',#12655,#10325,#10326);
#8309=AXIS2_PLACEMENT_3D('',#12660,#10330,#10331);
#8310=AXIS2_PLACEMENT_3D('',#12665,#10335,#10336);
#8311=AXIS2_PLACEMENT_3D('',#12668,#10339,#10340);
#8312=AXIS2_PLACEMENT_3D('',#12670,#10342,#10343);
#8313=AXIS2_PLACEMENT_3D('',#12672,#10345,#10346);
#8314=AXIS2_PLACEMENT_3D('',#12674,#10348,#10349);
#8315=AXIS2_PLACEMENT_3D('',#12676,#10351,#10352);
#8316=AXIS2_PLACEMENT_3D('',#12678,#10354,#10355);
#8317=AXIS2_PLACEMENT_3D('',#12680,#10357,#10358);
#8318=AXIS2_PLACEMENT_3D('',#12681,#10359,#10360);
#8319=AXIS2_PLACEMENT_3D('',#12684,#10363,#10364);
#8320=AXIS2_PLACEMENT_3D('',#12686,#10366,#10367);
#8321=AXIS2_PLACEMENT_3D('',#12688,#10369,#10370);
#8322=AXIS2_PLACEMENT_3D('',#12690,#10372,#10373);
#8323=AXIS2_PLACEMENT_3D('',#12692,#10375,#10376);
#8324=AXIS2_PLACEMENT_3D('',#12694,#10378,#10379);
#8325=AXIS2_PLACEMENT_3D('',#12696,#10381,#10382);
#8326=AXIS2_PLACEMENT_3D('',#12697,#10383,#10384);
#8327=AXIS2_PLACEMENT_3D('',#12700,#10387,#10388);
#8328=AXIS2_PLACEMENT_3D('',#12702,#10390,#10391);
#8329=AXIS2_PLACEMENT_3D('',#12704,#10393,#10394);
#8330=AXIS2_PLACEMENT_3D('',#12706,#10396,#10397);
#8331=AXIS2_PLACEMENT_3D('',#12708,#10399,#10400);
#8332=AXIS2_PLACEMENT_3D('',#12710,#10402,#10403);
#8333=AXIS2_PLACEMENT_3D('',#12712,#10405,#10406);
#8334=AXIS2_PLACEMENT_3D('',#12713,#10407,#10408);
#8335=AXIS2_PLACEMENT_3D('',#12716,#10411,#10412);
#8336=AXIS2_PLACEMENT_3D('',#12718,#10414,#10415);
#8337=AXIS2_PLACEMENT_3D('',#12720,#10417,#10418);
#8338=AXIS2_PLACEMENT_3D('',#12722,#10420,#10421);
#8339=AXIS2_PLACEMENT_3D('',#12724,#10423,#10424);
#8340=AXIS2_PLACEMENT_3D('',#12726,#10426,#10427);
#8341=AXIS2_PLACEMENT_3D('',#12728,#10429,#10430);
#8342=AXIS2_PLACEMENT_3D('',#12729,#10431,#10432);
#8343=AXIS2_PLACEMENT_3D('',#12732,#10435,#10436);
#8344=AXIS2_PLACEMENT_3D('',#12734,#10438,#10439);
#8345=AXIS2_PLACEMENT_3D('',#12736,#10441,#10442);
#8346=AXIS2_PLACEMENT_3D('',#12738,#10444,#10445);
#8347=AXIS2_PLACEMENT_3D('',#12740,#10447,#10448);
#8348=AXIS2_PLACEMENT_3D('',#12742,#10450,#10451);
#8349=AXIS2_PLACEMENT_3D('',#12744,#10453,#10454);
#8350=AXIS2_PLACEMENT_3D('',#12745,#10455,#10456);
#8351=AXIS2_PLACEMENT_3D('',#12748,#10459,#10460);
#8352=AXIS2_PLACEMENT_3D('',#12750,#10462,#10463);
#8353=AXIS2_PLACEMENT_3D('',#12752,#10465,#10466);
#8354=AXIS2_PLACEMENT_3D('',#12754,#10468,#10469);
#8355=AXIS2_PLACEMENT_3D('',#12756,#10471,#10472);
#8356=AXIS2_PLACEMENT_3D('',#12758,#10474,#10475);
#8357=AXIS2_PLACEMENT_3D('',#12760,#10477,#10478);
#8358=AXIS2_PLACEMENT_3D('',#12761,#10479,#10480);
#8359=AXIS2_PLACEMENT_3D('',#12764,#10483,#10484);
#8360=AXIS2_PLACEMENT_3D('',#12766,#10486,#10487);
#8361=AXIS2_PLACEMENT_3D('',#12768,#10489,#10490);
#8362=AXIS2_PLACEMENT_3D('',#12770,#10492,#10493);
#8363=AXIS2_PLACEMENT_3D('',#12772,#10495,#10496);
#8364=AXIS2_PLACEMENT_3D('',#12774,#10498,#10499);
#8365=AXIS2_PLACEMENT_3D('',#12776,#10501,#10502);
#8366=AXIS2_PLACEMENT_3D('',#12777,#10503,#10504);
#8367=AXIS2_PLACEMENT_3D('',#12780,#10507,#10508);
#8368=AXIS2_PLACEMENT_3D('',#12782,#10510,#10511);
#8369=AXIS2_PLACEMENT_3D('',#12784,#10513,#10514);
#8370=AXIS2_PLACEMENT_3D('',#12786,#10516,#10517);
#8371=AXIS2_PLACEMENT_3D('',#12788,#10519,#10520);
#8372=AXIS2_PLACEMENT_3D('',#12790,#10522,#10523);
#8373=AXIS2_PLACEMENT_3D('',#12792,#10525,#10526);
#8374=AXIS2_PLACEMENT_3D('',#12793,#10527,#10528);
#8375=AXIS2_PLACEMENT_3D('',#12796,#10531,#10532);
#8376=AXIS2_PLACEMENT_3D('',#12798,#10534,#10535);
#8377=AXIS2_PLACEMENT_3D('',#12800,#10537,#10538);
#8378=AXIS2_PLACEMENT_3D('',#12802,#10540,#10541);
#8379=AXIS2_PLACEMENT_3D('',#12804,#10543,#10544);
#8380=AXIS2_PLACEMENT_3D('',#12806,#10546,#10547);
#8381=AXIS2_PLACEMENT_3D('',#12808,#10549,#10550);
#8382=AXIS2_PLACEMENT_3D('',#12809,#10551,#10552);
#8383=AXIS2_PLACEMENT_3D('',#12812,#10555,#10556);
#8384=AXIS2_PLACEMENT_3D('',#12814,#10558,#10559);
#8385=AXIS2_PLACEMENT_3D('',#12816,#10561,#10562);
#8386=AXIS2_PLACEMENT_3D('',#12818,#10564,#10565);
#8387=AXIS2_PLACEMENT_3D('',#12820,#10567,#10568);
#8388=AXIS2_PLACEMENT_3D('',#12822,#10570,#10571);
#8389=AXIS2_PLACEMENT_3D('',#12824,#10573,#10574);
#8390=AXIS2_PLACEMENT_3D('',#12825,#10575,#10576);
#8391=AXIS2_PLACEMENT_3D('',#12828,#10579,#10580);
#8392=AXIS2_PLACEMENT_3D('',#12830,#10582,#10583);
#8393=AXIS2_PLACEMENT_3D('',#12832,#10585,#10586);
#8394=AXIS2_PLACEMENT_3D('',#12834,#10588,#10589);
#8395=AXIS2_PLACEMENT_3D('',#12836,#10591,#10592);
#8396=AXIS2_PLACEMENT_3D('',#12838,#10594,#10595);
#8397=AXIS2_PLACEMENT_3D('',#12840,#10597,#10598);
#8398=AXIS2_PLACEMENT_3D('',#12841,#10599,#10600);
#8399=AXIS2_PLACEMENT_3D('',#12844,#10603,#10604);
#8400=AXIS2_PLACEMENT_3D('',#12846,#10606,#10607);
#8401=AXIS2_PLACEMENT_3D('',#12848,#10609,#10610);
#8402=AXIS2_PLACEMENT_3D('',#12850,#10612,#10613);
#8403=AXIS2_PLACEMENT_3D('',#12852,#10615,#10616);
#8404=AXIS2_PLACEMENT_3D('',#12854,#10618,#10619);
#8405=AXIS2_PLACEMENT_3D('',#12856,#10621,#10622);
#8406=AXIS2_PLACEMENT_3D('',#12857,#10623,#10624);
#8407=AXIS2_PLACEMENT_3D('',#12860,#10627,#10628);
#8408=AXIS2_PLACEMENT_3D('',#12862,#10630,#10631);
#8409=AXIS2_PLACEMENT_3D('',#12864,#10633,#10634);
#8410=AXIS2_PLACEMENT_3D('',#12866,#10636,#10637);
#8411=AXIS2_PLACEMENT_3D('',#12868,#10639,#10640);
#8412=AXIS2_PLACEMENT_3D('',#12870,#10642,#10643);
#8413=AXIS2_PLACEMENT_3D('',#12872,#10645,#10646);
#8414=AXIS2_PLACEMENT_3D('',#12873,#10647,#10648);
#8415=AXIS2_PLACEMENT_3D('',#12876,#10651,#10652);
#8416=AXIS2_PLACEMENT_3D('',#12878,#10654,#10655);
#8417=AXIS2_PLACEMENT_3D('',#12880,#10657,#10658);
#8418=AXIS2_PLACEMENT_3D('',#12882,#10660,#10661);
#8419=AXIS2_PLACEMENT_3D('',#12884,#10663,#10664);
#8420=AXIS2_PLACEMENT_3D('',#12886,#10666,#10667);
#8421=AXIS2_PLACEMENT_3D('',#12888,#10669,#10670);
#8422=AXIS2_PLACEMENT_3D('',#12889,#10671,#10672);
#8423=AXIS2_PLACEMENT_3D('',#12892,#10675,#10676);
#8424=AXIS2_PLACEMENT_3D('',#12894,#10678,#10679);
#8425=AXIS2_PLACEMENT_3D('',#12896,#10681,#10682);
#8426=AXIS2_PLACEMENT_3D('',#12898,#10684,#10685);
#8427=AXIS2_PLACEMENT_3D('',#12900,#10687,#10688);
#8428=AXIS2_PLACEMENT_3D('',#12902,#10690,#10691);
#8429=AXIS2_PLACEMENT_3D('',#12904,#10693,#10694);
#8430=AXIS2_PLACEMENT_3D('',#12905,#10695,#10696);
#8431=AXIS2_PLACEMENT_3D('',#12908,#10699,#10700);
#8432=AXIS2_PLACEMENT_3D('',#12910,#10702,#10703);
#8433=AXIS2_PLACEMENT_3D('',#12912,#10705,#10706);
#8434=AXIS2_PLACEMENT_3D('',#12914,#10708,#10709);
#8435=AXIS2_PLACEMENT_3D('',#12916,#10711,#10712);
#8436=AXIS2_PLACEMENT_3D('',#12918,#10714,#10715);
#8437=AXIS2_PLACEMENT_3D('',#12920,#10717,#10718);
#8438=AXIS2_PLACEMENT_3D('',#12921,#10719,#10720);
#8439=AXIS2_PLACEMENT_3D('',#12922,#10721,#10722);
#8440=AXIS2_PLACEMENT_3D('',#12923,#10723,#10724);
#8441=AXIS2_PLACEMENT_3D('',#12924,#10725,#10726);
#8442=AXIS2_PLACEMENT_3D('',#12925,#10727,#10728);
#8443=AXIS2_PLACEMENT_3D('',#12926,#10729,#10730);
#8444=AXIS2_PLACEMENT_3D('',#12927,#10731,#10732);
#8445=AXIS2_PLACEMENT_3D('',#12930,#10735,#10736);
#8446=AXIS2_PLACEMENT_3D('',#12932,#10738,#10739);
#8447=AXIS2_PLACEMENT_3D('',#12934,#10741,#10742);
#8448=AXIS2_PLACEMENT_3D('',#12936,#10744,#10745);
#8449=AXIS2_PLACEMENT_3D('',#12938,#10747,#10748);
#8450=AXIS2_PLACEMENT_3D('',#12940,#10750,#10751);
#8451=AXIS2_PLACEMENT_3D('',#12942,#10753,#10754);
#8452=AXIS2_PLACEMENT_3D('',#12943,#10755,#10756);
#8453=AXIS2_PLACEMENT_3D('',#12945,#10758,#10759);
#8454=AXIS2_PLACEMENT_3D('',#12947,#10761,#10762);
#8455=AXIS2_PLACEMENT_3D('',#12949,#10764,#10765);
#8456=AXIS2_PLACEMENT_3D('',#12951,#10767,#10768);
#8457=AXIS2_PLACEMENT_3D('',#12953,#10770,#10771);
#8458=AXIS2_PLACEMENT_3D('',#12955,#10773,#10774);
#8459=AXIS2_PLACEMENT_3D('',#12957,#10776,#10777);
#8460=AXIS2_PLACEMENT_3D('',#12959,#10779,#10780);
#8461=AXIS2_PLACEMENT_3D('',#12960,#10781,#10782);
#8462=AXIS2_PLACEMENT_3D('',#12961,#10783,#10784);
#8463=AXIS2_PLACEMENT_3D('',#12962,#10785,#10786);
#8464=AXIS2_PLACEMENT_3D('',#12963,#10787,#10788);
#8465=AXIS2_PLACEMENT_3D('',#12964,#10789,#10790);
#8466=AXIS2_PLACEMENT_3D('',#12965,#10791,#10792);
#8467=DIRECTION('',(0.,0.,1.));
#8468=DIRECTION('',(1.,0.,0.));
#8469=DIRECTION('',(0.,1.,0.));
#8470=DIRECTION('',(0.,0.,1.));
#8471=DIRECTION('',(0.,0.,1.));
#8472=DIRECTION('',(-1.,0.,0.));
#8473=DIRECTION('',(0.,0.,1.));
#8474=DIRECTION('',(1.,0.,0.));
#8475=DIRECTION('',(0.,0.,1.));
#8476=DIRECTION('',(-1.,0.,0.));
#8477=DIRECTION('',(0.,0.,1.));
#8478=DIRECTION('',(-1.,1.54197642309049E-16,0.));
#8479=DIRECTION('',(1.54197642309049E-16,1.,0.));
#8480=DIRECTION('',(-1.,1.54197642309049E-16,0.));
#8481=DIRECTION('',(-1.,1.54197642309049E-16,-1.82602471155453E-16));
#8482=DIRECTION('',(1.54197642309049E-16,1.,0.));
#8483=DIRECTION('',(-1.,1.54197642309049E-16,0.));
#8484=DIRECTION('',(-1.,1.54197642309049E-16,0.));
#8485=DIRECTION('',(0.,0.,1.));
#8486=DIRECTION('',(1.,0.,0.));
#8487=DIRECTION('',(0.,0.,1.));
#8488=DIRECTION('',(1.,0.,0.));
#8489=DIRECTION('',(0.,1.,0.));
#8490=DIRECTION('',(0.,0.,1.));
#8491=DIRECTION('',(1.,0.,0.));
#8492=DIRECTION('',(1.,0.,0.));
#8493=DIRECTION('',(0.,0.,1.));
#8494=DIRECTION('',(1.,0.,0.));
#8495=DIRECTION('',(0.,-1.,0.));
#8496=DIRECTION('',(0.,0.,1.));
#8497=DIRECTION('',(1.,0.,0.));
#8498=DIRECTION('',(-1.,0.,0.));
#8499=DIRECTION('',(-1.,0.,0.));
#8500=DIRECTION('',(0.,0.,1.));
#8501=DIRECTION('',(1.,0.,0.));
#8502=DIRECTION('',(0.,1.,0.));
#8503=DIRECTION('',(0.,0.,1.));
#8504=DIRECTION('',(1.,0.,0.));
#8505=DIRECTION('',(1.,0.,0.));
#8506=DIRECTION('',(0.,0.,1.));
#8507=DIRECTION('',(1.,0.,0.));
#8508=DIRECTION('',(0.,-1.,0.));
#8509=DIRECTION('',(0.,0.,1.));
#8510=DIRECTION('',(1.,0.,0.));
#8511=DIRECTION('',(-1.,0.,0.));
#8512=DIRECTION('',(0.,0.,1.));
#8513=DIRECTION('',(1.,0.,0.));
#8514=DIRECTION('',(0.,1.,0.));
#8515=DIRECTION('',(0.,0.,1.));
#8516=DIRECTION('',(1.,0.,0.));
#8517=DIRECTION('',(1.,0.,0.));
#8518=DIRECTION('',(0.,0.,1.));
#8519=DIRECTION('',(1.,0.,0.));
#8520=DIRECTION('',(0.,-1.,0.));
#8521=DIRECTION('',(0.,0.,1.));
#8522=DIRECTION('',(1.,0.,0.));
#8523=DIRECTION('',(-1.,0.,0.));
#8524=DIRECTION('',(0.,0.,1.));
#8525=DIRECTION('',(1.,0.,0.));
#8526=DIRECTION('',(0.,1.,0.));
#8527=DIRECTION('',(0.,0.,1.));
#8528=DIRECTION('',(1.,0.,0.));
#8529=DIRECTION('',(1.,0.,0.));
#8530=DIRECTION('',(0.,0.,1.));
#8531=DIRECTION('',(1.,0.,0.));
#8532=DIRECTION('',(0.,-1.,0.));
#8533=DIRECTION('',(0.,0.,1.));
#8534=DIRECTION('',(1.,0.,0.));
#8535=DIRECTION('',(-1.,0.,0.));
#8536=DIRECTION('',(0.,0.,1.));
#8537=DIRECTION('',(1.,0.,0.));
#8538=DIRECTION('',(0.,1.,0.));
#8539=DIRECTION('',(0.,0.,1.));
#8540=DIRECTION('',(1.,0.,0.));
#8541=DIRECTION('',(1.,0.,0.));
#8542=DIRECTION('',(0.,0.,1.));
#8543=DIRECTION('',(1.,0.,0.));
#8544=DIRECTION('',(0.,-1.,0.));
#8545=DIRECTION('',(0.,0.,1.));
#8546=DIRECTION('',(1.,0.,0.));
#8547=DIRECTION('',(-1.,0.,0.));
#8548=DIRECTION('',(0.,0.,1.));
#8549=DIRECTION('',(1.,0.,0.));
#8550=DIRECTION('',(0.,1.,0.));
#8551=DIRECTION('',(0.,0.,1.));
#8552=DIRECTION('',(1.,0.,0.));
#8553=DIRECTION('',(1.,0.,0.));
#8554=DIRECTION('',(0.,0.,1.));
#8555=DIRECTION('',(1.,0.,0.));
#8556=DIRECTION('',(0.,-1.,0.));
#8557=DIRECTION('',(0.,0.,1.));
#8558=DIRECTION('',(1.,0.,0.));
#8559=DIRECTION('',(-1.,0.,0.));
#8560=DIRECTION('',(0.,0.,1.));
#8561=DIRECTION('',(1.,0.,0.));
#8562=DIRECTION('',(0.,1.,0.));
#8563=DIRECTION('',(0.,0.,1.));
#8564=DIRECTION('',(1.,0.,0.));
#8565=DIRECTION('',(1.,0.,0.));
#8566=DIRECTION('',(0.,0.,1.));
#8567=DIRECTION('',(1.,0.,0.));
#8568=DIRECTION('',(0.,-1.,0.));
#8569=DIRECTION('',(0.,0.,1.));
#8570=DIRECTION('',(1.,0.,0.));
#8571=DIRECTION('',(-1.,0.,0.));
#8572=DIRECTION('',(0.,0.,1.));
#8573=DIRECTION('',(1.,0.,0.));
#8574=DIRECTION('',(0.,1.,0.));
#8575=DIRECTION('',(0.,0.,1.));
#8576=DIRECTION('',(1.,0.,0.));
#8577=DIRECTION('',(1.,0.,0.));
#8578=DIRECTION('',(0.,0.,1.));
#8579=DIRECTION('',(1.,0.,0.));
#8580=DIRECTION('',(0.,-1.,0.));
#8581=DIRECTION('',(0.,0.,1.));
#8582=DIRECTION('',(1.,0.,0.));
#8583=DIRECTION('',(-1.,0.,0.));
#8584=DIRECTION('',(0.,0.,1.));
#8585=DIRECTION('',(1.,0.,0.));
#8586=DIRECTION('',(0.,1.,0.));
#8587=DIRECTION('',(0.,0.,1.));
#8588=DIRECTION('',(1.,0.,0.));
#8589=DIRECTION('',(1.,0.,0.));
#8590=DIRECTION('',(0.,0.,1.));
#8591=DIRECTION('',(1.,0.,0.));
#8592=DIRECTION('',(0.,-1.,0.));
#8593=DIRECTION('',(0.,0.,1.));
#8594=DIRECTION('',(1.,0.,0.));
#8595=DIRECTION('',(-1.,0.,0.));
#8596=DIRECTION('',(0.,0.,1.));
#8597=DIRECTION('',(1.,0.,0.));
#8598=DIRECTION('',(0.,1.,0.));
#8599=DIRECTION('',(0.,0.,1.));
#8600=DIRECTION('',(1.,0.,0.));
#8601=DIRECTION('',(1.,0.,0.));
#8602=DIRECTION('',(0.,0.,1.));
#8603=DIRECTION('',(1.,0.,0.));
#8604=DIRECTION('',(0.,-1.,0.));
#8605=DIRECTION('',(0.,0.,1.));
#8606=DIRECTION('',(1.,0.,0.));
#8607=DIRECTION('',(-1.,0.,0.));
#8608=DIRECTION('',(0.,0.,1.));
#8609=DIRECTION('',(1.,0.,0.));
#8610=DIRECTION('',(0.,1.,0.));
#8611=DIRECTION('',(0.,0.,1.));
#8612=DIRECTION('',(1.,0.,0.));
#8613=DIRECTION('',(1.,0.,0.));
#8614=DIRECTION('',(0.,0.,1.));
#8615=DIRECTION('',(1.,0.,0.));
#8616=DIRECTION('',(0.,-1.,0.));
#8617=DIRECTION('',(0.,0.,1.));
#8618=DIRECTION('',(1.,0.,0.));
#8619=DIRECTION('',(-1.,0.,0.));
#8620=DIRECTION('',(0.,0.,1.));
#8621=DIRECTION('',(1.,0.,0.));
#8622=DIRECTION('',(0.,1.,0.));
#8623=DIRECTION('',(0.,0.,1.));
#8624=DIRECTION('',(1.,0.,0.));
#8625=DIRECTION('',(1.,0.,0.));
#8626=DIRECTION('',(0.,0.,1.));
#8627=DIRECTION('',(1.,0.,0.));
#8628=DIRECTION('',(0.,-1.,0.));
#8629=DIRECTION('',(0.,0.,1.));
#8630=DIRECTION('',(1.,0.,0.));
#8631=DIRECTION('',(-1.,0.,0.));
#8632=DIRECTION('',(0.,0.,1.));
#8633=DIRECTION('',(1.,0.,0.));
#8634=DIRECTION('',(0.,1.,0.));
#8635=DIRECTION('',(0.,0.,1.));
#8636=DIRECTION('',(1.,0.,0.));
#8637=DIRECTION('',(1.,0.,0.));
#8638=DIRECTION('',(0.,0.,1.));
#8639=DIRECTION('',(1.,0.,0.));
#8640=DIRECTION('',(0.,-1.,0.));
#8641=DIRECTION('',(0.,0.,1.));
#8642=DIRECTION('',(1.,0.,0.));
#8643=DIRECTION('',(-1.,0.,0.));
#8644=DIRECTION('',(0.,0.,1.));
#8645=DIRECTION('',(1.,0.,0.));
#8646=DIRECTION('',(0.,1.,0.));
#8647=DIRECTION('',(0.,0.,1.));
#8648=DIRECTION('',(1.,0.,0.));
#8649=DIRECTION('',(1.,0.,0.));
#8650=DIRECTION('',(0.,0.,1.));
#8651=DIRECTION('',(1.,0.,0.));
#8652=DIRECTION('',(0.,-1.,0.));
#8653=DIRECTION('',(0.,0.,1.));
#8654=DIRECTION('',(1.,0.,0.));
#8655=DIRECTION('',(-1.,0.,0.));
#8656=DIRECTION('',(0.,0.,1.));
#8657=DIRECTION('',(1.,0.,0.));
#8658=DIRECTION('',(0.,1.,0.));
#8659=DIRECTION('',(0.,0.,1.));
#8660=DIRECTION('',(1.,0.,0.));
#8661=DIRECTION('',(1.,0.,0.));
#8662=DIRECTION('',(0.,0.,1.));
#8663=DIRECTION('',(1.,0.,0.));
#8664=DIRECTION('',(0.,-1.,0.));
#8665=DIRECTION('',(0.,0.,1.));
#8666=DIRECTION('',(1.,0.,0.));
#8667=DIRECTION('',(-1.,0.,0.));
#8668=DIRECTION('',(0.,0.,1.));
#8669=DIRECTION('',(1.,0.,0.));
#8670=DIRECTION('',(0.,1.,0.));
#8671=DIRECTION('',(0.,0.,1.));
#8672=DIRECTION('',(1.,0.,0.));
#8673=DIRECTION('',(1.,0.,0.));
#8674=DIRECTION('',(0.,0.,1.));
#8675=DIRECTION('',(1.,0.,0.));
#8676=DIRECTION('',(0.,-1.,0.));
#8677=DIRECTION('',(0.,0.,1.));
#8678=DIRECTION('',(1.,0.,0.));
#8679=DIRECTION('',(0.,0.,1.));
#8680=DIRECTION('',(1.,0.,0.));
#8681=DIRECTION('',(-1.,0.,0.));
#8682=DIRECTION('',(0.,0.,1.));
#8683=DIRECTION('',(1.,0.,0.));
#8684=DIRECTION('',(-1.33440267382831E-16,-1.,0.));
#8685=DIRECTION('',(0.,0.,1.));
#8686=DIRECTION('',(1.,0.,0.));
#8687=DIRECTION('',(1.,0.,0.));
#8688=DIRECTION('',(0.,0.,1.));
#8689=DIRECTION('',(1.,0.,0.));
#8690=DIRECTION('',(-1.33440267382831E-16,1.,0.));
#8691=DIRECTION('',(0.,0.,1.));
#8692=DIRECTION('',(1.,0.,0.));
#8693=DIRECTION('',(0.,0.,1.));
#8694=DIRECTION('',(1.,0.,0.));
#8695=DIRECTION('',(0.,0.,1.));
#8696=DIRECTION('',(1.,0.,0.));
#8697=DIRECTION('',(0.,0.,1.));
#8698=DIRECTION('',(1.,0.,0.));
#8699=DIRECTION('',(0.,0.,1.));
#8700=DIRECTION('',(1.,0.,0.));
#8701=DIRECTION('',(0.,0.,1.));
#8702=DIRECTION('',(1.,0.,0.));
#8703=DIRECTION('',(-1.,0.,0.));
#8704=DIRECTION('',(0.,0.,1.));
#8705=DIRECTION('',(1.,0.,0.));
#8706=DIRECTION('',(0.,1.,0.));
#8707=DIRECTION('',(0.,0.,1.));
#8708=DIRECTION('',(1.,0.,0.));
#8709=DIRECTION('',(1.,0.,0.));
#8710=DIRECTION('',(0.,0.,1.));
#8711=DIRECTION('',(1.,0.,0.));
#8712=DIRECTION('',(0.,-1.,0.));
#8713=DIRECTION('',(0.,0.,1.));
#8714=DIRECTION('',(1.,0.,0.));
#8715=DIRECTION('',(0.,0.,1.));
#8716=DIRECTION('',(1.,0.,0.));
#8717=DIRECTION('',(0.,0.,1.));
#8718=DIRECTION('',(1.,0.,0.));
#8719=DIRECTION('',(0.,-1.,0.));
#8720=DIRECTION('',(0.,0.,1.));
#8721=DIRECTION('',(1.,0.,0.));
#8722=DIRECTION('',(1.,0.,0.));
#8723=DIRECTION('',(0.,0.,1.));
#8724=DIRECTION('',(1.,0.,0.));
#8725=DIRECTION('',(0.,1.,0.));
#8726=DIRECTION('',(0.,0.,1.));
#8727=DIRECTION('',(1.,0.,0.));
#8728=DIRECTION('',(-1.,0.,0.));
#8729=DIRECTION('',(0.,-1.,0.));
#8730=DIRECTION('',(0.,0.,1.));
#8731=DIRECTION('',(1.,0.,0.));
#8732=DIRECTION('',(1.,0.,0.));
#8733=DIRECTION('',(0.,0.,1.));
#8734=DIRECTION('',(1.,0.,0.));
#8735=DIRECTION('',(0.,1.,0.));
#8736=DIRECTION('',(0.,0.,1.));
#8737=DIRECTION('',(1.,0.,0.));
#8738=DIRECTION('',(-1.,0.,0.));
#8739=DIRECTION('',(0.,0.,1.));
#8740=DIRECTION('',(1.,0.,0.));
#8741=DIRECTION('',(0.,-1.,0.));
#8742=DIRECTION('',(0.,0.,1.));
#8743=DIRECTION('',(1.,0.,0.));
#8744=DIRECTION('',(1.,0.,0.));
#8745=DIRECTION('',(0.,0.,1.));
#8746=DIRECTION('',(1.,0.,0.));
#8747=DIRECTION('',(0.,1.,0.));
#8748=DIRECTION('',(0.,0.,1.));
#8749=DIRECTION('',(1.,0.,0.));
#8750=DIRECTION('',(-1.,0.,0.));
#8751=DIRECTION('',(0.,0.,1.));
#8752=DIRECTION('',(1.,0.,0.));
#8753=DIRECTION('',(0.,-1.,0.));
#8754=DIRECTION('',(0.,0.,1.));
#8755=DIRECTION('',(1.,0.,0.));
#8756=DIRECTION('',(1.,0.,0.));
#8757=DIRECTION('',(0.,0.,1.));
#8758=DIRECTION('',(1.,0.,0.));
#8759=DIRECTION('',(0.,1.,0.));
#8760=DIRECTION('',(0.,0.,1.));
#8761=DIRECTION('',(1.,0.,0.));
#8762=DIRECTION('',(-1.,0.,0.));
#8763=DIRECTION('',(0.,0.,1.));
#8764=DIRECTION('',(1.,0.,0.));
#8765=DIRECTION('',(0.,-1.,0.));
#8766=DIRECTION('',(0.,0.,1.));
#8767=DIRECTION('',(1.,0.,0.));
#8768=DIRECTION('',(1.,0.,0.));
#8769=DIRECTION('',(0.,0.,1.));
#8770=DIRECTION('',(1.,0.,0.));
#8771=DIRECTION('',(0.,1.,0.));
#8772=DIRECTION('',(0.,0.,1.));
#8773=DIRECTION('',(1.,0.,0.));
#8774=DIRECTION('',(-1.,0.,0.));
#8775=DIRECTION('',(0.,0.,1.));
#8776=DIRECTION('',(1.,0.,0.));
#8777=DIRECTION('',(0.,-1.,0.));
#8778=DIRECTION('',(0.,0.,1.));
#8779=DIRECTION('',(1.,0.,0.));
#8780=DIRECTION('',(1.,0.,0.));
#8781=DIRECTION('',(0.,0.,1.));
#8782=DIRECTION('',(1.,0.,0.));
#8783=DIRECTION('',(0.,1.,0.));
#8784=DIRECTION('',(0.,0.,1.));
#8785=DIRECTION('',(1.,0.,0.));
#8786=DIRECTION('',(-1.,0.,0.));
#8787=DIRECTION('',(0.,0.,1.));
#8788=DIRECTION('',(1.,0.,0.));
#8789=DIRECTION('',(0.,-1.,0.));
#8790=DIRECTION('',(0.,0.,1.));
#8791=DIRECTION('',(1.,0.,0.));
#8792=DIRECTION('',(1.,0.,0.));
#8793=DIRECTION('',(0.,0.,1.));
#8794=DIRECTION('',(1.,0.,0.));
#8795=DIRECTION('',(0.,1.,0.));
#8796=DIRECTION('',(0.,0.,1.));
#8797=DIRECTION('',(1.,0.,0.));
#8798=DIRECTION('',(-1.,0.,0.));
#8799=DIRECTION('',(0.,0.,1.));
#8800=DIRECTION('',(1.,0.,0.));
#8801=DIRECTION('',(0.,-1.,0.));
#8802=DIRECTION('',(0.,0.,1.));
#8803=DIRECTION('',(1.,0.,0.));
#8804=DIRECTION('',(1.,0.,0.));
#8805=DIRECTION('',(0.,0.,1.));
#8806=DIRECTION('',(1.,0.,0.));
#8807=DIRECTION('',(0.,1.,0.));
#8808=DIRECTION('',(0.,0.,1.));
#8809=DIRECTION('',(1.,0.,0.));
#8810=DIRECTION('',(-1.,0.,0.));
#8811=DIRECTION('',(0.,0.,1.));
#8812=DIRECTION('',(1.,0.,0.));
#8813=DIRECTION('',(0.,-1.,0.));
#8814=DIRECTION('',(0.,0.,1.));
#8815=DIRECTION('',(1.,0.,0.));
#8816=DIRECTION('',(1.,0.,0.));
#8817=DIRECTION('',(0.,0.,1.));
#8818=DIRECTION('',(1.,0.,0.));
#8819=DIRECTION('',(0.,1.,0.));
#8820=DIRECTION('',(0.,0.,1.));
#8821=DIRECTION('',(1.,0.,0.));
#8822=DIRECTION('',(-1.,0.,0.));
#8823=DIRECTION('',(0.,0.,1.));
#8824=DIRECTION('',(1.,0.,0.));
#8825=DIRECTION('',(0.,-1.,0.));
#8826=DIRECTION('',(0.,0.,1.));
#8827=DIRECTION('',(1.,0.,0.));
#8828=DIRECTION('',(1.,0.,0.));
#8829=DIRECTION('',(0.,0.,1.));
#8830=DIRECTION('',(1.,0.,0.));
#8831=DIRECTION('',(0.,1.,0.));
#8832=DIRECTION('',(0.,0.,1.));
#8833=DIRECTION('',(1.,0.,0.));
#8834=DIRECTION('',(-1.,0.,0.));
#8835=DIRECTION('',(0.,0.,1.));
#8836=DIRECTION('',(1.,0.,0.));
#8837=DIRECTION('',(0.,-1.,0.));
#8838=DIRECTION('',(0.,0.,1.));
#8839=DIRECTION('',(1.,0.,0.));
#8840=DIRECTION('',(1.,0.,0.));
#8841=DIRECTION('',(0.,0.,1.));
#8842=DIRECTION('',(1.,0.,0.));
#8843=DIRECTION('',(0.,1.,0.));
#8844=DIRECTION('',(0.,0.,1.));
#8845=DIRECTION('',(1.,0.,0.));
#8846=DIRECTION('',(-1.,0.,0.));
#8847=DIRECTION('',(0.,0.,1.));
#8848=DIRECTION('',(1.,0.,0.));
#8849=DIRECTION('',(0.,-1.,0.));
#8850=DIRECTION('',(0.,0.,1.));
#8851=DIRECTION('',(1.,0.,0.));
#8852=DIRECTION('',(1.,0.,0.));
#8853=DIRECTION('',(0.,0.,1.));
#8854=DIRECTION('',(1.,0.,0.));
#8855=DIRECTION('',(0.,1.,0.));
#8856=DIRECTION('',(0.,0.,1.));
#8857=DIRECTION('',(1.,0.,0.));
#8858=DIRECTION('',(-1.,0.,0.));
#8859=DIRECTION('',(0.,0.,1.));
#8860=DIRECTION('',(1.,0.,0.));
#8861=DIRECTION('',(0.,-1.,0.));
#8862=DIRECTION('',(0.,0.,1.));
#8863=DIRECTION('',(1.,0.,0.));
#8864=DIRECTION('',(1.,0.,0.));
#8865=DIRECTION('',(0.,0.,1.));
#8866=DIRECTION('',(1.,0.,0.));
#8867=DIRECTION('',(0.,1.,0.));
#8868=DIRECTION('',(0.,0.,1.));
#8869=DIRECTION('',(1.,0.,0.));
#8870=DIRECTION('',(-1.,0.,0.));
#8871=DIRECTION('',(0.,0.,1.));
#8872=DIRECTION('',(1.,0.,0.));
#8873=DIRECTION('',(0.,-1.,0.));
#8874=DIRECTION('',(0.,0.,1.));
#8875=DIRECTION('',(1.,0.,0.));
#8876=DIRECTION('',(1.,0.,0.));
#8877=DIRECTION('',(0.,0.,1.));
#8878=DIRECTION('',(1.,0.,0.));
#8879=DIRECTION('',(0.,1.,0.));
#8880=DIRECTION('',(0.,0.,1.));
#8881=DIRECTION('',(1.,0.,0.));
#8882=DIRECTION('',(-1.,0.,0.));
#8883=DIRECTION('',(0.,0.,1.));
#8884=DIRECTION('',(1.,0.,0.));
#8885=DIRECTION('',(0.,-1.,0.));
#8886=DIRECTION('',(0.,0.,1.));
#8887=DIRECTION('',(1.,0.,0.));
#8888=DIRECTION('',(1.,0.,0.));
#8889=DIRECTION('',(0.,0.,1.));
#8890=DIRECTION('',(1.,0.,0.));
#8891=DIRECTION('',(0.,1.,0.));
#8892=DIRECTION('',(0.,0.,1.));
#8893=DIRECTION('',(1.,0.,0.));
#8894=DIRECTION('',(-1.,0.,0.));
#8895=DIRECTION('',(0.,0.,1.));
#8896=DIRECTION('',(1.,0.,0.));
#8897=DIRECTION('',(0.,-1.,0.));
#8898=DIRECTION('',(0.,0.,1.));
#8899=DIRECTION('',(1.,0.,0.));
#8900=DIRECTION('',(1.,0.,0.));
#8901=DIRECTION('',(0.,0.,1.));
#8902=DIRECTION('',(1.,0.,0.));
#8903=DIRECTION('',(0.,1.,0.));
#8904=DIRECTION('',(0.,0.,1.));
#8905=DIRECTION('',(1.,0.,0.));
#8906=DIRECTION('',(-1.,0.,0.));
#8907=DIRECTION('',(0.,0.,1.));
#8908=DIRECTION('',(1.,0.,0.));
#8909=DIRECTION('',(0.,0.,1.));
#8910=DIRECTION('',(1.,0.,0.));
#8911=DIRECTION('',(0.,0.,1.));
#8912=DIRECTION('',(1.,0.,0.));
#8913=DIRECTION('',(0.,0.,1.));
#8914=DIRECTION('',(1.,0.,0.));
#8915=DIRECTION('',(0.,0.,1.));
#8916=DIRECTION('',(1.,0.,0.));
#8917=DIRECTION('',(0.,0.,1.));
#8918=DIRECTION('',(1.,0.,0.));
#8919=DIRECTION('',(0.,0.,1.));
#8920=DIRECTION('',(1.,0.,0.));
#8921=DIRECTION('',(0.,-1.,0.));
#8922=DIRECTION('',(0.,0.,1.));
#8923=DIRECTION('',(1.,0.,0.));
#8924=DIRECTION('',(1.,0.,0.));
#8925=DIRECTION('',(0.,0.,1.));
#8926=DIRECTION('',(1.,0.,0.));
#8927=DIRECTION('',(0.,1.,0.));
#8928=DIRECTION('',(0.,0.,1.));
#8929=DIRECTION('',(1.,0.,0.));
#8930=DIRECTION('',(-1.,0.,0.));
#8931=DIRECTION('',(0.,0.,1.));
#8932=DIRECTION('',(1.,0.,0.));
#8933=DIRECTION('',(0.,0.,1.));
#8934=DIRECTION('',(1.,0.,0.));
#8935=DIRECTION('',(1.,0.,0.));
#8936=DIRECTION('',(0.,-1.,0.));
#8937=DIRECTION('',(0.,0.,1.));
#8938=DIRECTION('',(0.,-1.,0.));
#8939=DIRECTION('',(-1.,0.,0.));
#8940=DIRECTION('',(0.,0.,1.));
#8941=DIRECTION('',(0.,1.,0.));
#8942=DIRECTION('',(0.,1.,0.));
#8943=DIRECTION('',(1.,0.,0.));
#8944=DIRECTION('',(0.,0.,1.));
#8945=DIRECTION('',(1.,0.,0.));
#8946=DIRECTION('',(1.33440267382831E-16,-1.,0.));
#8947=DIRECTION('',(0.,0.,1.));
#8948=DIRECTION('',(1.,0.,0.));
#8949=DIRECTION('',(-1.,0.,0.));
#8950=DIRECTION('',(0.,0.,1.));
#8951=DIRECTION('',(1.,0.,0.));
#8952=DIRECTION('',(1.33440267382831E-16,1.,0.));
#8953=DIRECTION('',(0.,-1.,0.));
#8954=DIRECTION('',(0.,0.,-1.));
#8955=DIRECTION('',(0.,0.,-1.));
#8956=DIRECTION('',(1.,0.,0.));
#8957=DIRECTION('',(0.,0.,-1.));
#8958=DIRECTION('',(-1.,0.,0.));
#8959=DIRECTION('',(1.,0.,0.));
#8960=DIRECTION('',(0.,0.,-1.));
#8961=DIRECTION('',(0.,0.,-1.));
#8962=DIRECTION('',(0.,-1.,0.));
#8963=DIRECTION('',(0.,0.,-1.));
#8964=DIRECTION('',(0.,1.,0.));
#8965=DIRECTION('',(0.,-1.,0.));
#8966=DIRECTION('',(0.,0.,-1.));
#8967=DIRECTION('',(0.,0.,-1.));
#8968=DIRECTION('',(-1.,0.,0.));
#8969=DIRECTION('',(0.,0.,-1.));
#8970=DIRECTION('',(1.,0.,0.));
#8971=DIRECTION('',(0.,1.,0.));
#8972=DIRECTION('',(0.,0.,1.));
#8973=DIRECTION('',(0.,0.,1.));
#8974=DIRECTION('',(1.,0.,0.));
#8975=DIRECTION('',(0.,0.,1.));
#8976=DIRECTION('',(-1.,0.,0.));
#8977=DIRECTION('',(0.,0.,-1.));
#8978=DIRECTION('',(-1.,0.,0.));
#8979=DIRECTION('',(0.,0.,-1.));
#8980=DIRECTION('',(0.,0.,1.));
#8981=DIRECTION('',(1.,0.,0.));
#8982=DIRECTION('',(0.,0.,1.));
#8983=DIRECTION('',(0.,0.,1.));
#8984=DIRECTION('',(1.,0.,0.));
#8985=DIRECTION('',(-1.,0.,0.));
#8986=DIRECTION('',(0.,0.,1.));
#8987=DIRECTION('',(0.,-1.,0.));
#8988=DIRECTION('',(0.,0.,-1.));
#8989=DIRECTION('',(0.,1.,0.));
#8990=DIRECTION('',(0.,0.,-1.));
#8991=DIRECTION('',(-1.,0.,0.));
#8992=DIRECTION('',(0.,0.,1.));
#8993=DIRECTION('',(1.,0.,0.));
#8994=DIRECTION('',(0.,0.,1.));
#8995=DIRECTION('',(0.,0.,1.));
#8996=DIRECTION('',(1.,0.,0.));
#8997=DIRECTION('',(0.,1.,0.));
#8998=DIRECTION('',(0.,0.,1.));
#8999=DIRECTION('',(-1.,0.,0.));
#9000=DIRECTION('',(0.,0.,-1.));
#9001=DIRECTION('',(1.,0.,0.));
#9002=DIRECTION('',(0.,0.,-1.));
#9003=DIRECTION('',(-1.,0.,0.));
#9004=DIRECTION('',(0.,0.,1.));
#9005=DIRECTION('',(1.,0.,0.));
#9006=DIRECTION('',(0.,0.,1.));
#9007=DIRECTION('',(0.,0.,1.));
#9008=DIRECTION('',(1.,0.,0.));
#9009=DIRECTION('',(-1.,0.,0.));
#9010=DIRECTION('',(0.,0.,1.));
#9011=DIRECTION('',(0.,1.,0.));
#9012=DIRECTION('',(0.,0.,-1.));
#9013=DIRECTION('',(0.,-1.,0.));
#9014=DIRECTION('',(0.,0.,-1.));
#9015=DIRECTION('',(-1.,0.,0.));
#9016=DIRECTION('',(0.,0.,1.));
#9017=DIRECTION('',(1.,0.,0.));
#9018=DIRECTION('',(0.,0.,1.));
#9019=DIRECTION('',(0.,0.,1.));
#9020=DIRECTION('',(1.,0.,0.));
#9021=DIRECTION('',(0.,1.,0.));
#9022=DIRECTION('',(0.,0.,1.));
#9023=DIRECTION('',(1.,0.,0.));
#9024=DIRECTION('',(-1.,0.,0.));
#9025=DIRECTION('',(1.,0.,0.));
#9026=DIRECTION('',(0.,0.,-1.));
#9027=DIRECTION('',(0.,0.,-1.));
#9028=DIRECTION('',(0.,1.,0.));
#9029=DIRECTION('',(0.,0.,-1.));
#9030=DIRECTION('',(0.,-1.,0.));
#9031=DIRECTION('',(0.,0.,1.));
#9032=DIRECTION('',(1.,0.,0.));
#9033=DIRECTION('',(0.,0.,1.));
#9034=DIRECTION('',(1.,0.,0.));
#9035=DIRECTION('',(0.,0.,1.));
#9036=DIRECTION('',(1.,0.,0.));
#9037=DIRECTION('',(0.,0.,1.));
#9038=DIRECTION('',(1.,0.,0.));
#9039=DIRECTION('',(0.,0.,1.));
#9040=DIRECTION('',(1.,0.,0.));
#9041=DIRECTION('',(0.,0.,1.));
#9042=DIRECTION('',(1.,0.,0.));
#9043=DIRECTION('',(0.,0.,1.));
#9044=DIRECTION('',(1.,0.,0.));
#9045=DIRECTION('',(0.,0.,1.));
#9046=DIRECTION('',(1.,0.,0.));
#9047=DIRECTION('',(0.,0.,1.));
#9048=DIRECTION('',(1.,0.,0.));
#9049=DIRECTION('',(1.,1.33440267382831E-16,0.));
#9050=DIRECTION('',(-1.33440267382831E-16,1.,0.));
#9051=DIRECTION('',(0.,0.,1.));
#9052=DIRECTION('',(-1.33440267382831E-16,1.,0.));
#9053=DIRECTION('',(0.,0.,1.));
#9054=DIRECTION('',(1.33440267382831E-16,-1.,0.));
#9055=DIRECTION('',(0.,0.,1.));
#9056=DIRECTION('',(1.,0.,0.));
#9057=DIRECTION('',(0.,0.,1.));
#9058=DIRECTION('',(1.,0.,0.));
#9059=DIRECTION('',(0.,0.,1.));
#9060=DIRECTION('',(1.,0.,0.));
#9061=DIRECTION('',(0.,0.,1.));
#9062=DIRECTION('',(1.,0.,0.));
#9063=DIRECTION('',(0.,0.,1.));
#9064=DIRECTION('',(1.,0.,0.));
#9065=DIRECTION('',(0.,0.,1.));
#9066=DIRECTION('',(1.,0.,0.));
#9067=DIRECTION('',(0.,0.,1.));
#9068=DIRECTION('',(1.,0.,0.));
#9069=DIRECTION('',(0.,0.,1.));
#9070=DIRECTION('',(1.,0.,0.));
#9071=DIRECTION('',(0.,0.,1.));
#9072=DIRECTION('',(1.,0.,0.));
#9073=DIRECTION('',(1.,-1.33440267382831E-16,0.));
#9074=DIRECTION('',(1.33440267382831E-16,1.,0.));
#9075=DIRECTION('',(0.,0.,1.));
#9076=DIRECTION('',(-1.33440267382831E-16,-1.,0.));
#9077=DIRECTION('',(0.,0.,1.));
#9078=DIRECTION('',(1.33440267382831E-16,1.,0.));
#9079=DIRECTION('',(0.,0.,-1.));
#9080=DIRECTION('',(-1.,0.,0.));
#9081=DIRECTION('',(0.,0.,1.));
#9082=DIRECTION('',(1.,0.,0.));
#9083=DIRECTION('',(0.,0.,1.));
#9084=DIRECTION('',(1.,0.,0.));
#9085=DIRECTION('',(0.,0.,1.));
#9086=DIRECTION('',(1.,0.,0.));
#9087=DIRECTION('',(0.,0.,1.));
#9088=DIRECTION('',(1.,0.,0.));
#9089=DIRECTION('',(0.,0.,1.));
#9090=DIRECTION('',(1.,0.,0.));
#9091=DIRECTION('',(0.,0.,-1.));
#9092=DIRECTION('',(-1.,0.,0.));
#9093=DIRECTION('',(0.,0.,1.));
#9094=DIRECTION('',(1.,0.,0.));
#9095=DIRECTION('',(0.,0.,1.));
#9096=DIRECTION('',(1.,0.,0.));
#9097=DIRECTION('',(0.,0.,1.));
#9098=DIRECTION('',(1.,0.,0.));
#9099=DIRECTION('',(0.,0.,1.));
#9100=DIRECTION('',(1.,0.,0.));
#9101=DIRECTION('',(0.,0.,1.));
#9102=DIRECTION('',(1.,0.,0.));
#9103=DIRECTION('',(0.,0.,1.));
#9104=DIRECTION('',(1.,0.,0.));
#9105=DIRECTION('',(0.,0.,1.));
#9106=DIRECTION('',(0.,0.,1.));
#9107=DIRECTION('',(1.,0.,0.));
#9108=DIRECTION('',(0.,0.,1.));
#9109=DIRECTION('',(0.,0.,1.));
#9110=DIRECTION('',(1.,0.,0.));
#9111=DIRECTION('',(0.,-1.,0.));
#9112=DIRECTION('',(0.,0.,-1.));
#9113=DIRECTION('',(0.,0.,1.));
#9114=DIRECTION('',(-1.,0.,0.));
#9115=DIRECTION('',(1.,0.,0.));
#9116=DIRECTION('',(0.,0.,1.));
#9117=DIRECTION('',(1.,0.,0.));
#9118=DIRECTION('',(0.,0.,1.));
#9119=DIRECTION('',(0.,0.,1.));
#9120=DIRECTION('',(1.,0.,0.));
#9121=DIRECTION('',(0.,0.,1.));
#9122=DIRECTION('',(1.,0.,0.));
#9123=DIRECTION('',(1.,0.,0.));
#9124=DIRECTION('',(0.,0.,-1.));
#9125=DIRECTION('',(0.,0.,1.));
#9126=DIRECTION('',(0.,-1.,0.));
#9127=DIRECTION('',(0.,1.,0.));
#9128=DIRECTION('',(0.,0.,1.));
#9129=DIRECTION('',(1.,0.,0.));
#9130=DIRECTION('',(0.,0.,1.));
#9131=DIRECTION('',(0.,0.,1.));
#9132=DIRECTION('',(1.,0.,0.));
#9133=DIRECTION('',(0.,0.,1.));
#9134=DIRECTION('',(1.,0.,0.));
#9135=DIRECTION('',(0.,-1.,0.));
#9136=DIRECTION('',(0.,0.,-1.));
#9137=DIRECTION('',(0.,0.,1.));
#9138=DIRECTION('',(1.,0.,0.));
#9139=DIRECTION('',(-1.,0.,0.));
#9140=DIRECTION('',(0.,0.,1.));
#9141=DIRECTION('',(1.,0.,0.));
#9142=DIRECTION('',(0.,0.,1.));
#9143=DIRECTION('',(0.,0.,1.));
#9144=DIRECTION('',(1.,0.,0.));
#9145=DIRECTION('',(0.,0.,1.));
#9146=DIRECTION('',(1.,0.,0.));
#9147=DIRECTION('',(1.,0.,0.));
#9148=DIRECTION('',(0.,0.,-1.));
#9149=DIRECTION('',(0.,1.,0.));
#9150=DIRECTION('',(0.,-1.,0.));
#9151=DIRECTION('',(0.,0.,1.));
#9152=DIRECTION('',(1.,0.,0.));
#9153=DIRECTION('',(0.,0.,1.));
#9154=DIRECTION('',(0.,0.,1.));
#9155=DIRECTION('',(1.,0.,0.));
#9156=DIRECTION('',(0.,0.,1.));
#9157=DIRECTION('',(0.,0.,1.));
#9158=DIRECTION('',(1.,0.,0.));
#9159=DIRECTION('',(0.,-1.,0.));
#9160=DIRECTION('',(0.,0.,-1.));
#9161=DIRECTION('',(0.,0.,1.));
#9162=DIRECTION('',(-1.,0.,0.));
#9163=DIRECTION('',(1.,0.,0.));
#9164=DIRECTION('',(0.,0.,1.));
#9165=DIRECTION('',(1.,0.,0.));
#9166=DIRECTION('',(0.,0.,1.));
#9167=DIRECTION('',(0.,0.,1.));
#9168=DIRECTION('',(1.,0.,0.));
#9169=DIRECTION('',(0.,0.,1.));
#9170=DIRECTION('',(1.,0.,0.));
#9171=DIRECTION('',(1.,0.,0.));
#9172=DIRECTION('',(0.,0.,-1.));
#9173=DIRECTION('',(0.,0.,1.));
#9174=DIRECTION('',(0.,-1.,0.));
#9175=DIRECTION('',(0.,1.,0.));
#9176=DIRECTION('',(0.,0.,1.));
#9177=DIRECTION('',(1.,0.,0.));
#9178=DIRECTION('',(0.,0.,1.));
#9179=DIRECTION('',(0.,0.,1.));
#9180=DIRECTION('',(1.,0.,0.));
#9181=DIRECTION('',(0.,0.,1.));
#9182=DIRECTION('',(1.,0.,0.));
#9183=DIRECTION('',(0.,-1.,0.));
#9184=DIRECTION('',(0.,0.,-1.));
#9185=DIRECTION('',(0.,0.,1.));
#9186=DIRECTION('',(1.,0.,0.));
#9187=DIRECTION('',(-1.,0.,0.));
#9188=DIRECTION('',(0.,0.,1.));
#9189=DIRECTION('',(1.,0.,0.));
#9190=DIRECTION('',(0.,0.,1.));
#9191=DIRECTION('',(0.,0.,1.));
#9192=DIRECTION('',(1.,0.,0.));
#9193=DIRECTION('',(0.,0.,1.));
#9194=DIRECTION('',(1.,0.,0.));
#9195=DIRECTION('',(1.,0.,0.));
#9196=DIRECTION('',(0.,0.,-1.));
#9197=DIRECTION('',(0.,1.,0.));
#9198=DIRECTION('',(0.,-1.,0.));
#9199=DIRECTION('',(0.,0.,1.));
#9200=DIRECTION('',(1.,0.,0.));
#9201=DIRECTION('',(0.,0.,1.));
#9202=DIRECTION('',(0.,0.,1.));
#9203=DIRECTION('',(1.,0.,0.));
#9204=DIRECTION('',(0.,0.,1.));
#9205=DIRECTION('',(0.,0.,1.));
#9206=DIRECTION('',(1.,0.,0.));
#9207=DIRECTION('',(0.,-1.,0.));
#9208=DIRECTION('',(0.,0.,-1.));
#9209=DIRECTION('',(0.,0.,1.));
#9210=DIRECTION('',(-1.,0.,0.));
#9211=DIRECTION('',(1.,0.,0.));
#9212=DIRECTION('',(0.,0.,1.));
#9213=DIRECTION('',(1.,0.,0.));
#9214=DIRECTION('',(0.,0.,1.));
#9215=DIRECTION('',(0.,0.,1.));
#9216=DIRECTION('',(1.,0.,0.));
#9217=DIRECTION('',(0.,0.,1.));
#9218=DIRECTION('',(1.,0.,0.));
#9219=DIRECTION('',(1.,0.,0.));
#9220=DIRECTION('',(0.,0.,-1.));
#9221=DIRECTION('',(0.,0.,1.));
#9222=DIRECTION('',(0.,-1.,0.));
#9223=DIRECTION('',(0.,1.,0.));
#9224=DIRECTION('',(0.,0.,1.));
#9225=DIRECTION('',(1.,0.,0.));
#9226=DIRECTION('',(0.,0.,1.));
#9227=DIRECTION('',(0.,0.,1.));
#9228=DIRECTION('',(1.,0.,0.));
#9229=DIRECTION('',(0.,0.,1.));
#9230=DIRECTION('',(1.,0.,0.));
#9231=DIRECTION('',(0.,-1.,0.));
#9232=DIRECTION('',(0.,0.,-1.));
#9233=DIRECTION('',(0.,0.,1.));
#9234=DIRECTION('',(1.,0.,0.));
#9235=DIRECTION('',(-1.,0.,0.));
#9236=DIRECTION('',(0.,0.,1.));
#9237=DIRECTION('',(1.,0.,0.));
#9238=DIRECTION('',(0.,0.,1.));
#9239=DIRECTION('',(0.,0.,1.));
#9240=DIRECTION('',(1.,0.,0.));
#9241=DIRECTION('',(0.,0.,1.));
#9242=DIRECTION('',(1.,0.,0.));
#9243=DIRECTION('',(1.,0.,0.));
#9244=DIRECTION('',(0.,0.,-1.));
#9245=DIRECTION('',(0.,1.,0.));
#9246=DIRECTION('',(0.,-1.,0.));
#9247=DIRECTION('',(0.,0.,1.));
#9248=DIRECTION('',(1.,0.,0.));
#9249=DIRECTION('',(0.,0.,1.));
#9250=DIRECTION('',(0.,0.,1.));
#9251=DIRECTION('',(1.,0.,0.));
#9252=DIRECTION('',(0.,0.,1.));
#9253=DIRECTION('',(0.,0.,1.));
#9254=DIRECTION('',(1.,0.,0.));
#9255=DIRECTION('',(0.,-1.,0.));
#9256=DIRECTION('',(0.,0.,-1.));
#9257=DIRECTION('',(0.,0.,1.));
#9258=DIRECTION('',(-1.,0.,0.));
#9259=DIRECTION('',(1.,0.,0.));
#9260=DIRECTION('',(0.,0.,1.));
#9261=DIRECTION('',(1.,0.,0.));
#9262=DIRECTION('',(0.,0.,1.));
#9263=DIRECTION('',(0.,0.,1.));
#9264=DIRECTION('',(1.,0.,0.));
#9265=DIRECTION('',(0.,0.,1.));
#9266=DIRECTION('',(1.,0.,0.));
#9267=DIRECTION('',(1.,0.,0.));
#9268=DIRECTION('',(0.,0.,-1.));
#9269=DIRECTION('',(0.,0.,1.));
#9270=DIRECTION('',(0.,-1.,0.));
#9271=DIRECTION('',(0.,1.,0.));
#9272=DIRECTION('',(0.,0.,1.));
#9273=DIRECTION('',(1.,0.,0.));
#9274=DIRECTION('',(0.,0.,1.));
#9275=DIRECTION('',(0.,0.,1.));
#9276=DIRECTION('',(1.,0.,0.));
#9277=DIRECTION('',(0.,0.,1.));
#9278=DIRECTION('',(1.,0.,0.));
#9279=DIRECTION('',(0.,-1.,0.));
#9280=DIRECTION('',(0.,0.,-1.));
#9281=DIRECTION('',(0.,0.,1.));
#9282=DIRECTION('',(1.,0.,0.));
#9283=DIRECTION('',(-1.,0.,0.));
#9284=DIRECTION('',(0.,0.,1.));
#9285=DIRECTION('',(1.,0.,0.));
#9286=DIRECTION('',(0.,0.,1.));
#9287=DIRECTION('',(0.,0.,1.));
#9288=DIRECTION('',(1.,0.,0.));
#9289=DIRECTION('',(0.,0.,1.));
#9290=DIRECTION('',(1.,0.,0.));
#9291=DIRECTION('',(1.,0.,0.));
#9292=DIRECTION('',(0.,0.,-1.));
#9293=DIRECTION('',(0.,1.,0.));
#9294=DIRECTION('',(0.,-1.,0.));
#9295=DIRECTION('',(0.,0.,1.));
#9296=DIRECTION('',(1.,0.,0.));
#9297=DIRECTION('',(0.,0.,1.));
#9298=DIRECTION('',(0.,0.,1.));
#9299=DIRECTION('',(1.,0.,0.));
#9300=DIRECTION('',(0.,0.,1.));
#9301=DIRECTION('',(0.,0.,1.));
#9302=DIRECTION('',(1.,0.,0.));
#9303=DIRECTION('',(0.,-1.,0.));
#9304=DIRECTION('',(0.,0.,-1.));
#9305=DIRECTION('',(0.,0.,1.));
#9306=DIRECTION('',(-1.,0.,0.));
#9307=DIRECTION('',(1.,0.,0.));
#9308=DIRECTION('',(0.,0.,1.));
#9309=DIRECTION('',(1.,0.,0.));
#9310=DIRECTION('',(0.,0.,1.));
#9311=DIRECTION('',(0.,0.,1.));
#9312=DIRECTION('',(1.,0.,0.));
#9313=DIRECTION('',(0.,0.,1.));
#9314=DIRECTION('',(1.,0.,0.));
#9315=DIRECTION('',(1.,0.,0.));
#9316=DIRECTION('',(0.,0.,-1.));
#9317=DIRECTION('',(0.,0.,1.));
#9318=DIRECTION('',(0.,-1.,0.));
#9319=DIRECTION('',(0.,1.,0.));
#9320=DIRECTION('',(0.,0.,1.));
#9321=DIRECTION('',(1.,0.,0.));
#9322=DIRECTION('',(0.,0.,1.));
#9323=DIRECTION('',(0.,0.,1.));
#9324=DIRECTION('',(1.,0.,0.));
#9325=DIRECTION('',(0.,0.,1.));
#9326=DIRECTION('',(1.,0.,0.));
#9327=DIRECTION('',(0.,-1.,0.));
#9328=DIRECTION('',(0.,0.,-1.));
#9329=DIRECTION('',(0.,0.,1.));
#9330=DIRECTION('',(1.,0.,0.));
#9331=DIRECTION('',(-1.,0.,0.));
#9332=DIRECTION('',(0.,0.,1.));
#9333=DIRECTION('',(1.,0.,0.));
#9334=DIRECTION('',(0.,0.,1.));
#9335=DIRECTION('',(0.,0.,1.));
#9336=DIRECTION('',(1.,0.,0.));
#9337=DIRECTION('',(0.,0.,1.));
#9338=DIRECTION('',(1.,0.,0.));
#9339=DIRECTION('',(1.,0.,0.));
#9340=DIRECTION('',(0.,0.,-1.));
#9341=DIRECTION('',(0.,1.,0.));
#9342=DIRECTION('',(0.,-1.,0.));
#9343=DIRECTION('',(0.,0.,1.));
#9344=DIRECTION('',(1.,0.,0.));
#9345=DIRECTION('',(0.,0.,1.));
#9346=DIRECTION('',(0.,0.,1.));
#9347=DIRECTION('',(1.,0.,0.));
#9348=DIRECTION('',(0.,0.,1.));
#9349=DIRECTION('',(0.,0.,1.));
#9350=DIRECTION('',(1.,0.,0.));
#9351=DIRECTION('',(0.,-1.,0.));
#9352=DIRECTION('',(0.,0.,-1.));
#9353=DIRECTION('',(0.,0.,1.));
#9354=DIRECTION('',(-1.,0.,0.));
#9355=DIRECTION('',(1.,0.,0.));
#9356=DIRECTION('',(0.,0.,1.));
#9357=DIRECTION('',(1.,0.,0.));
#9358=DIRECTION('',(0.,0.,1.));
#9359=DIRECTION('',(0.,0.,1.));
#9360=DIRECTION('',(1.,0.,0.));
#9361=DIRECTION('',(0.,0.,1.));
#9362=DIRECTION('',(1.,0.,0.));
#9363=DIRECTION('',(1.,0.,0.));
#9364=DIRECTION('',(0.,0.,-1.));
#9365=DIRECTION('',(0.,0.,1.));
#9366=DIRECTION('',(0.,-1.,0.));
#9367=DIRECTION('',(0.,1.,0.));
#9368=DIRECTION('',(0.,0.,1.));
#9369=DIRECTION('',(1.,0.,0.));
#9370=DIRECTION('',(0.,0.,1.));
#9371=DIRECTION('',(0.,0.,1.));
#9372=DIRECTION('',(1.,0.,0.));
#9373=DIRECTION('',(0.,0.,1.));
#9374=DIRECTION('',(1.,0.,0.));
#9375=DIRECTION('',(0.,-1.,0.));
#9376=DIRECTION('',(0.,0.,-1.));
#9377=DIRECTION('',(0.,0.,1.));
#9378=DIRECTION('',(1.,0.,0.));
#9379=DIRECTION('',(-1.,0.,0.));
#9380=DIRECTION('',(0.,0.,1.));
#9381=DIRECTION('',(1.,0.,0.));
#9382=DIRECTION('',(0.,0.,1.));
#9383=DIRECTION('',(0.,0.,1.));
#9384=DIRECTION('',(1.,0.,0.));
#9385=DIRECTION('',(0.,0.,1.));
#9386=DIRECTION('',(1.,0.,0.));
#9387=DIRECTION('',(1.,0.,0.));
#9388=DIRECTION('',(0.,0.,-1.));
#9389=DIRECTION('',(0.,1.,0.));
#9390=DIRECTION('',(0.,-1.,0.));
#9391=DIRECTION('',(0.,0.,1.));
#9392=DIRECTION('',(1.,0.,0.));
#9393=DIRECTION('',(0.,0.,1.));
#9394=DIRECTION('',(0.,0.,1.));
#9395=DIRECTION('',(1.,0.,0.));
#9396=DIRECTION('',(0.,0.,1.));
#9397=DIRECTION('',(0.,0.,1.));
#9398=DIRECTION('',(1.,0.,0.));
#9399=DIRECTION('',(0.,-1.,0.));
#9400=DIRECTION('',(0.,0.,-1.));
#9401=DIRECTION('',(0.,0.,1.));
#9402=DIRECTION('',(-1.,0.,0.));
#9403=DIRECTION('',(1.,0.,0.));
#9404=DIRECTION('',(0.,0.,1.));
#9405=DIRECTION('',(1.,0.,0.));
#9406=DIRECTION('',(0.,0.,1.));
#9407=DIRECTION('',(0.,0.,1.));
#9408=DIRECTION('',(1.,0.,0.));
#9409=DIRECTION('',(0.,0.,1.));
#9410=DIRECTION('',(1.,0.,0.));
#9411=DIRECTION('',(1.,0.,0.));
#9412=DIRECTION('',(0.,0.,-1.));
#9413=DIRECTION('',(0.,0.,1.));
#9414=DIRECTION('',(0.,-1.,0.));
#9415=DIRECTION('',(0.,1.,0.));
#9416=DIRECTION('',(0.,0.,1.));
#9417=DIRECTION('',(1.,0.,0.));
#9418=DIRECTION('',(0.,0.,1.));
#9419=DIRECTION('',(0.,0.,1.));
#9420=DIRECTION('',(1.,0.,0.));
#9421=DIRECTION('',(0.,0.,1.));
#9422=DIRECTION('',(1.,0.,0.));
#9423=DIRECTION('',(0.,-1.,0.));
#9424=DIRECTION('',(0.,0.,-1.));
#9425=DIRECTION('',(0.,0.,1.));
#9426=DIRECTION('',(1.,0.,0.));
#9427=DIRECTION('',(-1.,0.,0.));
#9428=DIRECTION('',(0.,0.,1.));
#9429=DIRECTION('',(1.,0.,0.));
#9430=DIRECTION('',(0.,0.,1.));
#9431=DIRECTION('',(0.,0.,1.));
#9432=DIRECTION('',(1.,0.,0.));
#9433=DIRECTION('',(0.,0.,1.));
#9434=DIRECTION('',(1.,0.,0.));
#9435=DIRECTION('',(1.,0.,0.));
#9436=DIRECTION('',(0.,0.,-1.));
#9437=DIRECTION('',(0.,1.,0.));
#9438=DIRECTION('',(0.,-1.,0.));
#9439=DIRECTION('',(0.,0.,1.));
#9440=DIRECTION('',(1.,0.,0.));
#9441=DIRECTION('',(0.,0.,1.));
#9442=DIRECTION('',(0.,0.,1.));
#9443=DIRECTION('',(1.,0.,0.));
#9444=DIRECTION('',(0.,0.,1.));
#9445=DIRECTION('',(0.,0.,1.));
#9446=DIRECTION('',(1.,0.,0.));
#9447=DIRECTION('',(0.,-1.,0.));
#9448=DIRECTION('',(0.,0.,-1.));
#9449=DIRECTION('',(0.,0.,1.));
#9450=DIRECTION('',(-1.,0.,0.));
#9451=DIRECTION('',(1.,0.,0.));
#9452=DIRECTION('',(0.,0.,1.));
#9453=DIRECTION('',(1.,0.,0.));
#9454=DIRECTION('',(0.,0.,1.));
#9455=DIRECTION('',(0.,0.,1.));
#9456=DIRECTION('',(1.,0.,0.));
#9457=DIRECTION('',(0.,0.,1.));
#9458=DIRECTION('',(1.,0.,0.));
#9459=DIRECTION('',(1.,0.,0.));
#9460=DIRECTION('',(0.,0.,-1.));
#9461=DIRECTION('',(0.,0.,1.));
#9462=DIRECTION('',(0.,-1.,0.));
#9463=DIRECTION('',(0.,1.,0.));
#9464=DIRECTION('',(0.,0.,1.));
#9465=DIRECTION('',(1.,0.,0.));
#9466=DIRECTION('',(0.,0.,1.));
#9467=DIRECTION('',(0.,0.,1.));
#9468=DIRECTION('',(1.,0.,0.));
#9469=DIRECTION('',(0.,0.,1.));
#9470=DIRECTION('',(1.,0.,0.));
#9471=DIRECTION('',(0.,-1.,0.));
#9472=DIRECTION('',(0.,0.,-1.));
#9473=DIRECTION('',(0.,0.,1.));
#9474=DIRECTION('',(1.,0.,0.));
#9475=DIRECTION('',(-1.,0.,0.));
#9476=DIRECTION('',(0.,0.,1.));
#9477=DIRECTION('',(1.,0.,0.));
#9478=DIRECTION('',(0.,0.,1.));
#9479=DIRECTION('',(0.,0.,1.));
#9480=DIRECTION('',(1.,0.,0.));
#9481=DIRECTION('',(0.,0.,1.));
#9482=DIRECTION('',(1.,0.,0.));
#9483=DIRECTION('',(1.,0.,0.));
#9484=DIRECTION('',(0.,0.,-1.));
#9485=DIRECTION('',(0.,1.,0.));
#9486=DIRECTION('',(0.,-1.,0.));
#9487=DIRECTION('',(0.,0.,1.));
#9488=DIRECTION('',(1.,0.,0.));
#9489=DIRECTION('',(0.,0.,1.));
#9490=DIRECTION('',(0.,0.,1.));
#9491=DIRECTION('',(1.,0.,0.));
#9492=DIRECTION('',(0.,0.,1.));
#9493=DIRECTION('',(0.,0.,1.));
#9494=DIRECTION('',(1.,0.,0.));
#9495=DIRECTION('',(0.,-1.,0.));
#9496=DIRECTION('',(0.,0.,-1.));
#9497=DIRECTION('',(0.,0.,1.));
#9498=DIRECTION('',(-1.,0.,0.));
#9499=DIRECTION('',(1.,0.,0.));
#9500=DIRECTION('',(0.,0.,1.));
#9501=DIRECTION('',(1.,0.,0.));
#9502=DIRECTION('',(0.,0.,1.));
#9503=DIRECTION('',(0.,0.,1.));
#9504=DIRECTION('',(1.,0.,0.));
#9505=DIRECTION('',(0.,0.,1.));
#9506=DIRECTION('',(1.,0.,0.));
#9507=DIRECTION('',(1.,0.,0.));
#9508=DIRECTION('',(0.,0.,-1.));
#9509=DIRECTION('',(0.,0.,1.));
#9510=DIRECTION('',(0.,-1.,0.));
#9511=DIRECTION('',(0.,1.,0.));
#9512=DIRECTION('',(0.,0.,1.));
#9513=DIRECTION('',(1.,0.,0.));
#9514=DIRECTION('',(0.,0.,1.));
#9515=DIRECTION('',(0.,0.,1.));
#9516=DIRECTION('',(1.,0.,0.));
#9517=DIRECTION('',(0.,0.,1.));
#9518=DIRECTION('',(1.,0.,0.));
#9519=DIRECTION('',(0.,-1.,0.));
#9520=DIRECTION('',(0.,0.,-1.));
#9521=DIRECTION('',(0.,0.,1.));
#9522=DIRECTION('',(1.,0.,0.));
#9523=DIRECTION('',(-1.,0.,0.));
#9524=DIRECTION('',(0.,0.,1.));
#9525=DIRECTION('',(1.,0.,0.));
#9526=DIRECTION('',(0.,0.,1.));
#9527=DIRECTION('',(0.,0.,1.));
#9528=DIRECTION('',(1.,0.,0.));
#9529=DIRECTION('',(0.,0.,1.));
#9530=DIRECTION('',(1.,0.,0.));
#9531=DIRECTION('',(1.,0.,0.));
#9532=DIRECTION('',(0.,0.,-1.));
#9533=DIRECTION('',(0.,1.,0.));
#9534=DIRECTION('',(0.,-1.,0.));
#9535=DIRECTION('',(0.,0.,1.));
#9536=DIRECTION('',(1.,0.,0.));
#9537=DIRECTION('',(0.,0.,1.));
#9538=DIRECTION('',(0.,0.,1.));
#9539=DIRECTION('',(1.,0.,0.));
#9540=DIRECTION('',(0.,0.,1.));
#9541=DIRECTION('',(0.,0.,1.));
#9542=DIRECTION('',(1.,0.,0.));
#9543=DIRECTION('',(0.,-1.,0.));
#9544=DIRECTION('',(0.,0.,-1.));
#9545=DIRECTION('',(0.,0.,1.));
#9546=DIRECTION('',(-1.,0.,0.));
#9547=DIRECTION('',(1.,0.,0.));
#9548=DIRECTION('',(0.,0.,1.));
#9549=DIRECTION('',(1.,0.,0.));
#9550=DIRECTION('',(0.,0.,1.));
#9551=DIRECTION('',(0.,0.,1.));
#9552=DIRECTION('',(1.,0.,0.));
#9553=DIRECTION('',(0.,0.,1.));
#9554=DIRECTION('',(1.,0.,0.));
#9555=DIRECTION('',(1.,0.,0.));
#9556=DIRECTION('',(0.,0.,-1.));
#9557=DIRECTION('',(0.,0.,1.));
#9558=DIRECTION('',(0.,-1.,0.));
#9559=DIRECTION('',(0.,1.,0.));
#9560=DIRECTION('',(0.,0.,1.));
#9561=DIRECTION('',(1.,0.,0.));
#9562=DIRECTION('',(0.,0.,1.));
#9563=DIRECTION('',(0.,0.,1.));
#9564=DIRECTION('',(1.,0.,0.));
#9565=DIRECTION('',(0.,0.,1.));
#9566=DIRECTION('',(1.,0.,0.));
#9567=DIRECTION('',(0.,-1.,0.));
#9568=DIRECTION('',(0.,0.,-1.));
#9569=DIRECTION('',(0.,0.,1.));
#9570=DIRECTION('',(1.,0.,0.));
#9571=DIRECTION('',(-1.,0.,0.));
#9572=DIRECTION('',(0.,0.,1.));
#9573=DIRECTION('',(1.,0.,0.));
#9574=DIRECTION('',(0.,0.,1.));
#9575=DIRECTION('',(0.,0.,1.));
#9576=DIRECTION('',(1.,0.,0.));
#9577=DIRECTION('',(0.,0.,1.));
#9578=DIRECTION('',(1.,0.,0.));
#9579=DIRECTION('',(1.,0.,0.));
#9580=DIRECTION('',(0.,0.,-1.));
#9581=DIRECTION('',(0.,1.,0.));
#9582=DIRECTION('',(0.,-1.,0.));
#9583=DIRECTION('',(0.,0.,1.));
#9584=DIRECTION('',(1.,0.,0.));
#9585=DIRECTION('',(0.,0.,1.));
#9586=DIRECTION('',(0.,0.,1.));
#9587=DIRECTION('',(1.,0.,0.));
#9588=DIRECTION('',(0.,0.,1.));
#9589=DIRECTION('',(0.,0.,1.));
#9590=DIRECTION('',(1.,0.,0.));
#9591=DIRECTION('',(0.,-1.,0.));
#9592=DIRECTION('',(0.,0.,-1.));
#9593=DIRECTION('',(0.,0.,1.));
#9594=DIRECTION('',(-1.,0.,0.));
#9595=DIRECTION('',(1.,0.,0.));
#9596=DIRECTION('',(0.,0.,1.));
#9597=DIRECTION('',(1.,0.,0.));
#9598=DIRECTION('',(0.,0.,1.));
#9599=DIRECTION('',(0.,0.,1.));
#9600=DIRECTION('',(1.,0.,0.));
#9601=DIRECTION('',(0.,0.,1.));
#9602=DIRECTION('',(1.,0.,0.));
#9603=DIRECTION('',(1.,0.,0.));
#9604=DIRECTION('',(0.,0.,-1.));
#9605=DIRECTION('',(0.,0.,1.));
#9606=DIRECTION('',(0.,-1.,0.));
#9607=DIRECTION('',(0.,1.,0.));
#9608=DIRECTION('',(0.,0.,1.));
#9609=DIRECTION('',(1.,0.,0.));
#9610=DIRECTION('',(0.,0.,1.));
#9611=DIRECTION('',(0.,0.,1.));
#9612=DIRECTION('',(1.,0.,0.));
#9613=DIRECTION('',(0.,0.,1.));
#9614=DIRECTION('',(1.,0.,0.));
#9615=DIRECTION('',(0.,-1.,0.));
#9616=DIRECTION('',(0.,0.,-1.));
#9617=DIRECTION('',(0.,0.,1.));
#9618=DIRECTION('',(1.,0.,0.));
#9619=DIRECTION('',(-1.,0.,0.));
#9620=DIRECTION('',(0.,0.,1.));
#9621=DIRECTION('',(1.,0.,0.));
#9622=DIRECTION('',(0.,0.,1.));
#9623=DIRECTION('',(0.,0.,1.));
#9624=DIRECTION('',(1.,0.,0.));
#9625=DIRECTION('',(0.,0.,1.));
#9626=DIRECTION('',(1.,0.,0.));
#9627=DIRECTION('',(1.,0.,0.));
#9628=DIRECTION('',(0.,0.,-1.));
#9629=DIRECTION('',(0.,1.,0.));
#9630=DIRECTION('',(0.,-1.,0.));
#9631=DIRECTION('',(0.,0.,1.));
#9632=DIRECTION('',(1.,0.,0.));
#9633=DIRECTION('',(0.,0.,1.));
#9634=DIRECTION('',(0.,0.,1.));
#9635=DIRECTION('',(1.,0.,0.));
#9636=DIRECTION('',(0.,0.,1.));
#9637=DIRECTION('',(0.,0.,1.));
#9638=DIRECTION('',(1.,0.,0.));
#9639=DIRECTION('',(0.,-1.,0.));
#9640=DIRECTION('',(0.,0.,-1.));
#9641=DIRECTION('',(0.,0.,1.));
#9642=DIRECTION('',(-1.,0.,0.));
#9643=DIRECTION('',(1.,0.,0.));
#9644=DIRECTION('',(0.,0.,1.));
#9645=DIRECTION('',(1.,0.,0.));
#9646=DIRECTION('',(0.,0.,1.));
#9647=DIRECTION('',(0.,0.,1.));
#9648=DIRECTION('',(1.,0.,0.));
#9649=DIRECTION('',(0.,0.,1.));
#9650=DIRECTION('',(1.,0.,0.));
#9651=DIRECTION('',(1.,0.,0.));
#9652=DIRECTION('',(0.,0.,-1.));
#9653=DIRECTION('',(0.,0.,1.));
#9654=DIRECTION('',(0.,-1.,0.));
#9655=DIRECTION('',(0.,1.,0.));
#9656=DIRECTION('',(0.,0.,1.));
#9657=DIRECTION('',(1.,0.,0.));
#9658=DIRECTION('',(0.,0.,1.));
#9659=DIRECTION('',(0.,0.,1.));
#9660=DIRECTION('',(1.,0.,0.));
#9661=DIRECTION('',(0.,0.,1.));
#9662=DIRECTION('',(1.,0.,0.));
#9663=DIRECTION('',(0.,-1.,0.));
#9664=DIRECTION('',(0.,0.,-1.));
#9665=DIRECTION('',(0.,0.,1.));
#9666=DIRECTION('',(1.,0.,0.));
#9667=DIRECTION('',(-1.,0.,0.));
#9668=DIRECTION('',(0.,0.,1.));
#9669=DIRECTION('',(1.,0.,0.));
#9670=DIRECTION('',(0.,0.,1.));
#9671=DIRECTION('',(0.,0.,1.));
#9672=DIRECTION('',(1.,0.,0.));
#9673=DIRECTION('',(0.,0.,1.));
#9674=DIRECTION('',(1.,0.,0.));
#9675=DIRECTION('',(1.,0.,0.));
#9676=DIRECTION('',(0.,0.,-1.));
#9677=DIRECTION('',(0.,1.,0.));
#9678=DIRECTION('',(0.,-1.,0.));
#9679=DIRECTION('',(0.,0.,1.));
#9680=DIRECTION('',(1.,0.,0.));
#9681=DIRECTION('',(0.,0.,1.));
#9682=DIRECTION('',(0.,0.,1.));
#9683=DIRECTION('',(1.,0.,0.));
#9684=DIRECTION('',(0.,0.,1.));
#9685=DIRECTION('',(0.,0.,1.));
#9686=DIRECTION('',(1.,0.,0.));
#9687=DIRECTION('',(0.,-1.,0.));
#9688=DIRECTION('',(0.,0.,-1.));
#9689=DIRECTION('',(0.,0.,1.));
#9690=DIRECTION('',(-1.,0.,0.));
#9691=DIRECTION('',(1.,0.,0.));
#9692=DIRECTION('',(0.,0.,1.));
#9693=DIRECTION('',(1.,0.,0.));
#9694=DIRECTION('',(0.,0.,1.));
#9695=DIRECTION('',(0.,0.,1.));
#9696=DIRECTION('',(1.,0.,0.));
#9697=DIRECTION('',(0.,0.,1.));
#9698=DIRECTION('',(1.,0.,0.));
#9699=DIRECTION('',(1.,0.,0.));
#9700=DIRECTION('',(0.,0.,-1.));
#9701=DIRECTION('',(0.,0.,1.));
#9702=DIRECTION('',(0.,-1.,0.));
#9703=DIRECTION('',(0.,1.,0.));
#9704=DIRECTION('',(0.,0.,1.));
#9705=DIRECTION('',(1.,0.,0.));
#9706=DIRECTION('',(0.,0.,1.));
#9707=DIRECTION('',(0.,0.,1.));
#9708=DIRECTION('',(1.,0.,0.));
#9709=DIRECTION('',(0.,0.,1.));
#9710=DIRECTION('',(1.,0.,0.));
#9711=DIRECTION('',(0.,-1.,0.));
#9712=DIRECTION('',(0.,0.,-1.));
#9713=DIRECTION('',(0.,0.,1.));
#9714=DIRECTION('',(1.,0.,0.));
#9715=DIRECTION('',(-1.,0.,0.));
#9716=DIRECTION('',(0.,0.,1.));
#9717=DIRECTION('',(1.,0.,0.));
#9718=DIRECTION('',(0.,0.,1.));
#9719=DIRECTION('',(0.,0.,1.));
#9720=DIRECTION('',(1.,0.,0.));
#9721=DIRECTION('',(0.,0.,1.));
#9722=DIRECTION('',(1.,0.,0.));
#9723=DIRECTION('',(1.,0.,0.));
#9724=DIRECTION('',(0.,0.,-1.));
#9725=DIRECTION('',(0.,1.,0.));
#9726=DIRECTION('',(0.,-1.,0.));
#9727=DIRECTION('',(0.,0.,1.));
#9728=DIRECTION('',(1.,0.,0.));
#9729=DIRECTION('',(0.,0.,1.));
#9730=DIRECTION('',(0.,0.,1.));
#9731=DIRECTION('',(1.,0.,0.));
#9732=DIRECTION('',(0.,0.,1.));
#9733=DIRECTION('',(0.,0.,1.));
#9734=DIRECTION('',(1.,0.,0.));
#9735=DIRECTION('',(0.,-1.,0.));
#9736=DIRECTION('',(0.,0.,-1.));
#9737=DIRECTION('',(0.,0.,1.));
#9738=DIRECTION('',(-1.,0.,0.));
#9739=DIRECTION('',(1.,0.,0.));
#9740=DIRECTION('',(0.,0.,1.));
#9741=DIRECTION('',(1.,0.,0.));
#9742=DIRECTION('',(0.,0.,1.));
#9743=DIRECTION('',(0.,0.,1.));
#9744=DIRECTION('',(1.,0.,0.));
#9745=DIRECTION('',(0.,0.,1.));
#9746=DIRECTION('',(1.,0.,0.));
#9747=DIRECTION('',(1.,0.,0.));
#9748=DIRECTION('',(0.,0.,-1.));
#9749=DIRECTION('',(0.,0.,1.));
#9750=DIRECTION('',(0.,-1.,0.));
#9751=DIRECTION('',(0.,1.,0.));
#9752=DIRECTION('',(0.,0.,1.));
#9753=DIRECTION('',(1.,0.,0.));
#9754=DIRECTION('',(0.,0.,1.));
#9755=DIRECTION('',(0.,0.,1.));
#9756=DIRECTION('',(1.,0.,0.));
#9757=DIRECTION('',(0.,0.,1.));
#9758=DIRECTION('',(1.,0.,0.));
#9759=DIRECTION('',(0.,-1.,0.));
#9760=DIRECTION('',(0.,0.,-1.));
#9761=DIRECTION('',(0.,0.,1.));
#9762=DIRECTION('',(1.,0.,0.));
#9763=DIRECTION('',(-1.,0.,0.));
#9764=DIRECTION('',(0.,0.,1.));
#9765=DIRECTION('',(1.,0.,0.));
#9766=DIRECTION('',(0.,0.,1.));
#9767=DIRECTION('',(0.,0.,1.));
#9768=DIRECTION('',(1.,0.,0.));
#9769=DIRECTION('',(0.,0.,1.));
#9770=DIRECTION('',(1.,0.,0.));
#9771=DIRECTION('',(1.,0.,0.));
#9772=DIRECTION('',(0.,0.,-1.));
#9773=DIRECTION('',(0.,1.,0.));
#9774=DIRECTION('',(0.,-1.,0.));
#9775=DIRECTION('',(0.,0.,1.));
#9776=DIRECTION('',(1.,0.,0.));
#9777=DIRECTION('',(0.,0.,1.));
#9778=DIRECTION('',(0.,0.,1.));
#9779=DIRECTION('',(1.,0.,0.));
#9780=DIRECTION('',(0.,0.,1.));
#9781=DIRECTION('',(0.,0.,1.));
#9782=DIRECTION('',(1.,0.,0.));
#9783=DIRECTION('',(0.,-1.,0.));
#9784=DIRECTION('',(0.,0.,-1.));
#9785=DIRECTION('',(0.,0.,1.));
#9786=DIRECTION('',(-1.,0.,0.));
#9787=DIRECTION('',(1.,0.,0.));
#9788=DIRECTION('',(0.,0.,1.));
#9789=DIRECTION('',(1.,0.,0.));
#9790=DIRECTION('',(0.,0.,1.));
#9791=DIRECTION('',(0.,0.,1.));
#9792=DIRECTION('',(1.,0.,0.));
#9793=DIRECTION('',(0.,0.,1.));
#9794=DIRECTION('',(1.,0.,0.));
#9795=DIRECTION('',(1.,0.,0.));
#9796=DIRECTION('',(0.,0.,-1.));
#9797=DIRECTION('',(0.,0.,1.));
#9798=DIRECTION('',(0.,-1.,0.));
#9799=DIRECTION('',(0.,1.,0.));
#9800=DIRECTION('',(0.,0.,1.));
#9801=DIRECTION('',(1.,0.,0.));
#9802=DIRECTION('',(0.,0.,1.));
#9803=DIRECTION('',(0.,0.,1.));
#9804=DIRECTION('',(1.,0.,0.));
#9805=DIRECTION('',(0.,0.,1.));
#9806=DIRECTION('',(1.,0.,0.));
#9807=DIRECTION('',(0.,-1.,0.));
#9808=DIRECTION('',(0.,0.,-1.));
#9809=DIRECTION('',(0.,0.,1.));
#9810=DIRECTION('',(1.,0.,0.));
#9811=DIRECTION('',(-1.,0.,0.));
#9812=DIRECTION('',(0.,0.,1.));
#9813=DIRECTION('',(1.,0.,0.));
#9814=DIRECTION('',(0.,0.,1.));
#9815=DIRECTION('',(0.,0.,1.));
#9816=DIRECTION('',(1.,0.,0.));
#9817=DIRECTION('',(0.,0.,1.));
#9818=DIRECTION('',(1.,0.,0.));
#9819=DIRECTION('',(1.,0.,0.));
#9820=DIRECTION('',(0.,0.,-1.));
#9821=DIRECTION('',(0.,1.,0.));
#9822=DIRECTION('',(0.,-1.,0.));
#9823=DIRECTION('',(0.,0.,-1.));
#9824=DIRECTION('',(-1.,0.,0.));
#9825=DIRECTION('',(0.,0.,1.));
#9826=DIRECTION('',(1.,0.,0.));
#9827=DIRECTION('',(0.,0.,1.));
#9828=DIRECTION('',(1.,0.,0.));
#9829=DIRECTION('',(0.,0.,1.));
#9830=DIRECTION('',(1.,0.,0.));
#9831=DIRECTION('',(0.,0.,1.));
#9832=DIRECTION('',(1.,0.,0.));
#9833=DIRECTION('',(0.,0.,1.));
#9834=DIRECTION('',(1.,0.,0.));
#9835=DIRECTION('',(0.,0.,-1.));
#9836=DIRECTION('',(-1.,0.,0.));
#9837=DIRECTION('',(0.,0.,1.));
#9838=DIRECTION('',(1.,0.,0.));
#9839=DIRECTION('',(0.,0.,1.));
#9840=DIRECTION('',(1.,0.,0.));
#9841=DIRECTION('',(0.,0.,1.));
#9842=DIRECTION('',(1.,0.,0.));
#9843=DIRECTION('',(0.,0.,1.));
#9844=DIRECTION('',(1.,0.,0.));
#9845=DIRECTION('',(0.,0.,1.));
#9846=DIRECTION('',(1.,0.,0.));
#9847=DIRECTION('',(-0.70710678118655,0.,0.707106781186545));
#9848=DIRECTION('',(0.,1.,0.));
#9849=DIRECTION('',(-0.707106781186545,0.,-0.70710678118655));
#9850=DIRECTION('',(0.707106781186545,0.,0.70710678118655));
#9851=DIRECTION('',(0.,0.,1.));
#9852=DIRECTION('',(1.,0.,0.));
#9853=DIRECTION('',(0.,0.707106781186533,0.707106781186562));
#9854=DIRECTION('',(0.,0.,1.));
#9855=DIRECTION('',(1.,0.,0.));
#9856=DIRECTION('',(0.,0.707106781186533,-0.707106781186562));
#9857=DIRECTION('',(0.,0.70710678118655,-0.707106781186545));
#9858=DIRECTION('',(-1.,0.,0.));
#9859=DIRECTION('',(0.,0.707106781186545,0.70710678118655));
#9860=DIRECTION('',(0.,0.70710678118655,0.707106781186545));
#9861=DIRECTION('',(1.,0.,0.));
#9862=DIRECTION('',(0.,0.707106781186545,-0.70710678118655));
#9863=DIRECTION('',(0.,0.,1.));
#9864=DIRECTION('',(1.,0.,0.));
#9865=DIRECTION('',(-0.707106781186533,0.,0.707106781186562));
#9866=DIRECTION('',(0.,0.,1.));
#9867=DIRECTION('',(1.,0.,0.));
#9868=DIRECTION('',(0.707106781186539,0.,-0.707106781186556));
#9869=DIRECTION('',(-0.707106781186556,0.,-0.707106781186539));
#9870=DIRECTION('',(0.,-1.,0.));
#9871=DIRECTION('',(0.,0.,1.));
#9872=DIRECTION('',(1.,0.,0.));
#9873=DIRECTION('',(-0.707106781186555,0.,-0.70710678118654));
#9874=DIRECTION('',(0.,0.707106781186555,0.70710678118654));
#9875=DIRECTION('',(0.,0.707106781186553,-0.707106781186543));
#9876=DIRECTION('',(1.,0.,0.));
#9877=DIRECTION('',(0.,0.707106781186543,0.707106781186553));
#9878=DIRECTION('',(-0.707106781186553,0.,0.707106781186543));
#9879=DIRECTION('',(0.,-1.,0.));
#9880=DIRECTION('',(-0.707106781186543,0.,-0.707106781186553));
#9881=DIRECTION('',(0.,0.,1.));
#9882=DIRECTION('',(1.,0.,0.));
#9883=DIRECTION('',(-0.707106781186543,0.,0.707106781186553));
#9884=DIRECTION('',(0.,0.,1.));
#9885=DIRECTION('',(1.,0.,0.));
#9886=DIRECTION('',(0.,0.707106781186543,-0.707106781186553));
#9887=DIRECTION('',(-0.707106781186553,0.,-0.707106781186543));
#9888=DIRECTION('',(0.,1.,0.));
#9889=DIRECTION('',(-0.707106781186543,0.,0.707106781186553));
#9890=DIRECTION('',(0.,0.707106781186553,0.707106781186543));
#9891=DIRECTION('',(-1.,0.,0.));
#9892=DIRECTION('',(0.,0.707106781186543,-0.707106781186553));
#9893=DIRECTION('',(0.,0.,1.));
#9894=DIRECTION('',(1.,0.,0.));
#9895=DIRECTION('',(0.,0.,1.));
#9896=DIRECTION('',(1.,0.,0.));
#9897=DIRECTION('',(-0.707106781186549,0.,-0.707106781186547));
#9898=DIRECTION('',(0.,0.707106781186555,0.70710678118654));
#9899=DIRECTION('',(0.,0.707106781186553,-0.707106781186543));
#9900=DIRECTION('',(1.,0.,0.));
#9901=DIRECTION('',(0.,0.707106781186543,0.707106781186553));
#9902=DIRECTION('',(-0.707106781186553,0.,0.707106781186543));
#9903=DIRECTION('',(0.,-1.,0.));
#9904=DIRECTION('',(-0.707106781186543,0.,-0.707106781186553));
#9905=DIRECTION('',(0.,0.,1.));
#9906=DIRECTION('',(1.,0.,0.));
#9907=DIRECTION('',(-0.707106781186543,0.,0.707106781186553));
#9908=DIRECTION('',(0.,0.,1.));
#9909=DIRECTION('',(1.,0.,0.));
#9910=DIRECTION('',(0.,0.707106781186543,-0.707106781186553));
#9911=DIRECTION('',(-0.707106781186553,0.,-0.707106781186543));
#9912=DIRECTION('',(0.,1.,0.));
#9913=DIRECTION('',(-0.707106781186543,0.,0.707106781186553));
#9914=DIRECTION('',(0.,0.707106781186553,0.707106781186543));
#9915=DIRECTION('',(-1.,0.,0.));
#9916=DIRECTION('',(0.,0.707106781186543,-0.707106781186553));
#9917=DIRECTION('',(0.,0.,1.));
#9918=DIRECTION('',(1.,0.,0.));
#9919=DIRECTION('',(0.,0.,1.));
#9920=DIRECTION('',(1.,0.,0.));
#9921=DIRECTION('',(-0.707106781186547,0.,-0.707106781186548));
#9922=DIRECTION('',(0.,0.707106781186555,0.70710678118654));
#9923=DIRECTION('',(0.,0.707106781186553,-0.707106781186543));
#9924=DIRECTION('',(1.,0.,0.));
#9925=DIRECTION('',(0.,0.707106781186543,0.707106781186553));
#9926=DIRECTION('',(-0.707106781186553,0.,0.707106781186543));
#9927=DIRECTION('',(0.,-1.,0.));
#9928=DIRECTION('',(-0.707106781186543,0.,-0.707106781186553));
#9929=DIRECTION('',(0.,0.,1.));
#9930=DIRECTION('',(1.,0.,0.));
#9931=DIRECTION('',(-0.707106781186543,0.,0.707106781186553));
#9932=DIRECTION('',(0.,0.,1.));
#9933=DIRECTION('',(1.,0.,0.));
#9934=DIRECTION('',(0.,0.707106781186543,-0.707106781186553));
#9935=DIRECTION('',(-0.707106781186553,0.,-0.707106781186543));
#9936=DIRECTION('',(0.,1.,0.));
#9937=DIRECTION('',(-0.707106781186543,0.,0.707106781186553));
#9938=DIRECTION('',(0.,0.707106781186553,0.707106781186543));
#9939=DIRECTION('',(-1.,0.,0.));
#9940=DIRECTION('',(0.,0.707106781186543,-0.707106781186553));
#9941=DIRECTION('',(0.,0.,1.));
#9942=DIRECTION('',(1.,0.,0.));
#9943=DIRECTION('',(0.,0.,1.));
#9944=DIRECTION('',(1.,0.,0.));
#9945=DIRECTION('',(-0.707106781186549,0.,-0.707106781186547));
#9946=DIRECTION('',(0.,0.707106781186555,0.70710678118654));
#9947=DIRECTION('',(0.,0.707106781186553,-0.707106781186543));
#9948=DIRECTION('',(1.,0.,0.));
#9949=DIRECTION('',(0.,0.707106781186543,0.707106781186553));
#9950=DIRECTION('',(-0.707106781186553,0.,0.707106781186543));
#9951=DIRECTION('',(0.,-1.,0.));
#9952=DIRECTION('',(-0.707106781186543,0.,-0.707106781186553));
#9953=DIRECTION('',(0.,0.,1.));
#9954=DIRECTION('',(1.,0.,0.));
#9955=DIRECTION('',(-0.707106781186543,0.,0.707106781186553));
#9956=DIRECTION('',(0.,0.,1.));
#9957=DIRECTION('',(1.,0.,0.));
#9958=DIRECTION('',(0.,0.707106781186543,-0.707106781186553));
#9959=DIRECTION('',(-0.707106781186553,0.,-0.707106781186543));
#9960=DIRECTION('',(0.,1.,0.));
#9961=DIRECTION('',(-0.707106781186543,0.,0.707106781186553));
#9962=DIRECTION('',(0.,0.707106781186553,0.707106781186543));
#9963=DIRECTION('',(-1.,0.,0.));
#9964=DIRECTION('',(0.,0.707106781186543,-0.707106781186553));
#9965=DIRECTION('',(0.,0.,1.));
#9966=DIRECTION('',(1.,0.,0.));
#9967=DIRECTION('',(0.,0.,1.));
#9968=DIRECTION('',(1.,0.,0.));
#9969=DIRECTION('',(-0.707106781186543,0.,-0.707106781186553));
#9970=DIRECTION('',(0.,0.707106781186537,0.707106781186559));
#9971=DIRECTION('',(0.,0.707106781186553,-0.707106781186543));
#9972=DIRECTION('',(1.,0.,0.));
#9973=DIRECTION('',(0.,0.707106781186543,0.707106781186553));
#9974=DIRECTION('',(-0.707106781186553,0.,0.707106781186543));
#9975=DIRECTION('',(0.,-1.,0.));
#9976=DIRECTION('',(-0.707106781186543,0.,-0.707106781186553));
#9977=DIRECTION('',(0.,0.,1.));
#9978=DIRECTION('',(1.,0.,0.));
#9979=DIRECTION('',(-0.707106781186543,0.,0.707106781186553));
#9980=DIRECTION('',(0.,0.,1.));
#9981=DIRECTION('',(1.,0.,0.));
#9982=DIRECTION('',(0.,0.707106781186542,-0.707106781186553));
#9983=DIRECTION('',(-0.707106781186553,0.,-0.707106781186543));
#9984=DIRECTION('',(0.,1.,0.));
#9985=DIRECTION('',(-0.707106781186543,0.,0.707106781186553));
#9986=DIRECTION('',(0.,0.707106781186549,0.707106781186546));
#9987=DIRECTION('',(-1.,0.,0.));
#9988=DIRECTION('',(0.,0.707106781186546,-0.707106781186549));
#9989=DIRECTION('',(0.,0.,1.));
#9990=DIRECTION('',(1.,0.,0.));
#9991=DIRECTION('',(0.,0.,1.));
#9992=DIRECTION('',(1.,0.,0.));
#9993=DIRECTION('',(-0.707106781186543,0.,-0.707106781186553));
#9994=DIRECTION('',(0.,0.707106781186543,0.707106781186553));
#9995=DIRECTION('',(0.,0.707106781186553,-0.707106781186543));
#9996=DIRECTION('',(1.,0.,0.));
#9997=DIRECTION('',(0.,0.707106781186543,0.707106781186553));
#9998=DIRECTION('',(-0.707106781186553,0.,0.707106781186543));
#9999=DIRECTION('',(0.,-1.,0.));
#10000=DIRECTION('',(-0.707106781186543,0.,-0.707106781186553));
#10001=DIRECTION('',(0.,0.,1.));
#10002=DIRECTION('',(1.,0.,0.));
#10003=DIRECTION('',(-0.707106781186543,0.,0.707106781186553));
#10004=DIRECTION('',(0.,0.,1.));
#10005=DIRECTION('',(1.,0.,0.));
#10006=DIRECTION('',(0.,0.707106781186542,-0.707106781186553));
#10007=DIRECTION('',(-0.70710678118655,0.,-0.707106781186545));
#10008=DIRECTION('',(0.,1.,0.));
#10009=DIRECTION('',(-0.707106781186545,0.,0.70710678118655));
#10010=DIRECTION('',(0.,0.707106781186549,0.707106781186546));
#10011=DIRECTION('',(-1.,0.,0.));
#10012=DIRECTION('',(0.,0.707106781186546,-0.707106781186549));
#10013=DIRECTION('',(0.,0.,1.));
#10014=DIRECTION('',(1.,0.,0.));
#10015=DIRECTION('',(0.,0.,1.));
#10016=DIRECTION('',(1.,0.,0.));
#10017=DIRECTION('',(-0.707106781186542,0.,-0.707106781186553));
#10018=DIRECTION('',(0.,0.707106781186543,0.707106781186553));
#10019=DIRECTION('',(0.,0.707106781186553,-0.707106781186543));
#10020=DIRECTION('',(1.,0.,0.));
#10021=DIRECTION('',(0.,0.707106781186543,0.707106781186553));
#10022=DIRECTION('',(-0.70710678118655,0.,0.707106781186545));
#10023=DIRECTION('',(0.,-1.,0.));
#10024=DIRECTION('',(-0.707106781186545,0.,-0.70710678118655));
#10025=DIRECTION('',(0.,0.,1.));
#10026=DIRECTION('',(1.,0.,0.));
#10027=DIRECTION('',(-0.707106781186543,0.,0.707106781186553));
#10028=DIRECTION('',(0.,0.,1.));
#10029=DIRECTION('',(1.,0.,0.));
#10030=DIRECTION('',(0.,0.707106781186543,-0.707106781186552));
#10031=DIRECTION('',(-0.707106781186553,0.,-0.707106781186543));
#10032=DIRECTION('',(0.,1.,0.));
#10033=DIRECTION('',(-0.707106781186543,0.,0.707106781186553));
#10034=DIRECTION('',(0.,0.707106781186549,0.707106781186546));
#10035=DIRECTION('',(-1.,0.,0.));
#10036=DIRECTION('',(0.,0.707106781186546,-0.707106781186549));
#10037=DIRECTION('',(0.,0.,1.));
#10038=DIRECTION('',(1.,0.,0.));
#10039=DIRECTION('',(0.,0.,1.));
#10040=DIRECTION('',(1.,0.,0.));
#10041=DIRECTION('',(-0.707106781186543,0.,-0.707106781186553));
#10042=DIRECTION('',(0.,0.707106781186543,0.707106781186553));
#10043=DIRECTION('',(0.,0.707106781186553,-0.707106781186543));
#10044=DIRECTION('',(1.,0.,0.));
#10045=DIRECTION('',(0.,0.707106781186543,0.707106781186553));
#10046=DIRECTION('',(-0.707106781186553,0.,0.707106781186543));
#10047=DIRECTION('',(0.,-1.,0.));
#10048=DIRECTION('',(-0.707106781186543,0.,-0.707106781186553));
#10049=DIRECTION('',(0.,0.,1.));
#10050=DIRECTION('',(1.,0.,0.));
#10051=DIRECTION('',(-0.707106781186543,0.,0.707106781186553));
#10052=DIRECTION('',(0.,0.,1.));
#10053=DIRECTION('',(1.,0.,0.));
#10054=DIRECTION('',(0.,0.707106781186542,-0.707106781186553));
#10055=DIRECTION('',(-0.707106781186553,0.,-0.707106781186543));
#10056=DIRECTION('',(0.,1.,0.));
#10057=DIRECTION('',(-0.707106781186543,0.,0.707106781186553));
#10058=DIRECTION('',(0.,0.707106781186549,0.707106781186546));
#10059=DIRECTION('',(-1.,0.,0.));
#10060=DIRECTION('',(0.,0.707106781186546,-0.707106781186549));
#10061=DIRECTION('',(0.,0.,1.));
#10062=DIRECTION('',(1.,0.,0.));
#10063=DIRECTION('',(0.,0.,1.));
#10064=DIRECTION('',(1.,0.,0.));
#10065=DIRECTION('',(-0.707106781186543,0.,-0.707106781186553));
#10066=DIRECTION('',(0.,0.707106781186537,0.707106781186559));
#10067=DIRECTION('',(0.,0.707106781186553,-0.707106781186543));
#10068=DIRECTION('',(1.,0.,0.));
#10069=DIRECTION('',(0.,0.707106781186543,0.707106781186553));
#10070=DIRECTION('',(-0.707106781186553,0.,0.707106781186543));
#10071=DIRECTION('',(0.,-1.,0.));
#10072=DIRECTION('',(-0.707106781186543,0.,-0.707106781186553));
#10073=DIRECTION('',(0.,0.,1.));
#10074=DIRECTION('',(1.,0.,0.));
#10075=DIRECTION('',(-0.707106781186543,0.,0.707106781186553));
#10076=DIRECTION('',(0.,0.,1.));
#10077=DIRECTION('',(1.,0.,0.));
#10078=DIRECTION('',(0.,0.707106781186543,-0.707106781186553));
#10079=DIRECTION('',(-0.707106781186553,0.,-0.707106781186543));
#10080=DIRECTION('',(0.,1.,0.));
#10081=DIRECTION('',(-0.707106781186543,0.,0.707106781186553));
#10082=DIRECTION('',(0.,0.707106781186553,0.707106781186543));
#10083=DIRECTION('',(-1.,0.,0.));
#10084=DIRECTION('',(0.,0.707106781186543,-0.707106781186553));
#10085=DIRECTION('',(0.,0.,1.));
#10086=DIRECTION('',(1.,0.,0.));
#10087=DIRECTION('',(0.,0.,1.));
#10088=DIRECTION('',(1.,0.,0.));
#10089=DIRECTION('',(-0.707106781186543,0.,-0.707106781186553));
#10090=DIRECTION('',(0.,0.707106781186543,0.707106781186553));
#10091=DIRECTION('',(0.,0.707106781186553,-0.707106781186543));
#10092=DIRECTION('',(1.,0.,0.));
#10093=DIRECTION('',(0.,0.707106781186543,0.707106781186553));
#10094=DIRECTION('',(-0.707106781186553,0.,0.707106781186543));
#10095=DIRECTION('',(0.,-1.,0.));
#10096=DIRECTION('',(-0.707106781186543,0.,-0.707106781186553));
#10097=DIRECTION('',(0.,0.,1.));
#10098=DIRECTION('',(1.,0.,0.));
#10099=DIRECTION('',(-0.707106781186542,0.,0.707106781186553));
#10100=DIRECTION('',(0.,0.,1.));
#10101=DIRECTION('',(1.,0.,0.));
#10102=DIRECTION('',(0.,0.707106781186543,-0.707106781186553));
#10103=DIRECTION('',(-0.707106781186553,0.,-0.707106781186543));
#10104=DIRECTION('',(0.,1.,0.));
#10105=DIRECTION('',(-0.707106781186543,0.,0.707106781186553));
#10106=DIRECTION('',(0.,0.707106781186553,0.707106781186543));
#10107=DIRECTION('',(-1.,0.,0.));
#10108=DIRECTION('',(0.,0.707106781186543,-0.707106781186553));
#10109=DIRECTION('',(0.,0.,1.));
#10110=DIRECTION('',(1.,0.,0.));
#10111=DIRECTION('',(0.,0.,1.));
#10112=DIRECTION('',(1.,0.,0.));
#10113=DIRECTION('',(-0.707106781186542,0.,-0.707106781186553));
#10114=DIRECTION('',(0.,0.707106781186542,0.707106781186553));
#10115=DIRECTION('',(0.,0.707106781186553,-0.707106781186543));
#10116=DIRECTION('',(1.,0.,0.));
#10117=DIRECTION('',(0.,0.707106781186543,0.707106781186553));
#10118=DIRECTION('',(-0.707106781186553,0.,0.707106781186543));
#10119=DIRECTION('',(0.,-1.,0.));
#10120=DIRECTION('',(-0.707106781186543,0.,-0.707106781186553));
#10121=DIRECTION('',(0.,0.,1.));
#10122=DIRECTION('',(1.,0.,0.));
#10123=DIRECTION('',(-0.707106781186543,0.,0.707106781186553));
#10124=DIRECTION('',(0.,0.,1.));
#10125=DIRECTION('',(1.,0.,0.));
#10126=DIRECTION('',(0.,0.707106781186543,-0.707106781186553));
#10127=DIRECTION('',(-0.707106781186553,0.,-0.707106781186543));
#10128=DIRECTION('',(0.,1.,0.));
#10129=DIRECTION('',(-0.707106781186543,0.,0.707106781186553));
#10130=DIRECTION('',(0.,0.707106781186553,0.707106781186543));
#10131=DIRECTION('',(-1.,0.,0.));
#10132=DIRECTION('',(0.,0.707106781186543,-0.707106781186553));
#10133=DIRECTION('',(0.,0.,1.));
#10134=DIRECTION('',(1.,0.,0.));
#10135=DIRECTION('',(0.,0.,1.));
#10136=DIRECTION('',(1.,0.,0.));
#10137=DIRECTION('',(-0.707106781186543,0.,-0.707106781186553));
#10138=DIRECTION('',(0.,0.707106781186543,0.707106781186553));
#10139=DIRECTION('',(0.,0.707106781186553,-0.707106781186543));
#10140=DIRECTION('',(1.,0.,0.));
#10141=DIRECTION('',(0.,0.707106781186543,0.707106781186553));
#10142=DIRECTION('',(-0.707106781186553,0.,0.707106781186543));
#10143=DIRECTION('',(0.,-1.,0.));
#10144=DIRECTION('',(-0.707106781186543,0.,-0.707106781186553));
#10145=DIRECTION('',(0.,0.,1.));
#10146=DIRECTION('',(1.,0.,0.));
#10147=DIRECTION('',(-0.707106781186543,0.,0.707106781186553));
#10148=DIRECTION('',(0.,0.,1.));
#10149=DIRECTION('',(1.,0.,0.));
#10150=DIRECTION('',(0.,0.707106781186543,-0.707106781186553));
#10151=DIRECTION('',(-0.707106781186553,0.,-0.707106781186543));
#10152=DIRECTION('',(0.,1.,0.));
#10153=DIRECTION('',(-0.707106781186543,0.,0.707106781186553));
#10154=DIRECTION('',(0.,0.707106781186553,0.707106781186543));
#10155=DIRECTION('',(-1.,0.,0.));
#10156=DIRECTION('',(0.,0.707106781186543,-0.707106781186553));
#10157=DIRECTION('',(0.,0.,1.));
#10158=DIRECTION('',(1.,0.,0.));
#10159=DIRECTION('',(0.,0.,1.));
#10160=DIRECTION('',(1.,0.,0.));
#10161=DIRECTION('',(-0.707106781186543,0.,-0.707106781186553));
#10162=DIRECTION('',(0.,0.707106781186537,0.707106781186559));
#10163=DIRECTION('',(0.,0.707106781186553,-0.707106781186543));
#10164=DIRECTION('',(1.,0.,0.));
#10165=DIRECTION('',(0.,0.707106781186543,0.707106781186553));
#10166=DIRECTION('',(-0.707106781186553,0.,0.707106781186543));
#10167=DIRECTION('',(0.,-1.,0.));
#10168=DIRECTION('',(-0.707106781186543,0.,-0.707106781186553));
#10169=DIRECTION('',(0.,0.,1.));
#10170=DIRECTION('',(1.,0.,0.));
#10171=DIRECTION('',(-0.707106781186543,0.,0.707106781186553));
#10172=DIRECTION('',(0.,0.,1.));
#10173=DIRECTION('',(1.,0.,0.));
#10174=DIRECTION('',(0.,0.707106781186543,-0.707106781186553));
#10175=DIRECTION('',(-0.707106781186553,0.,-0.707106781186543));
#10176=DIRECTION('',(0.,1.,0.));
#10177=DIRECTION('',(-0.707106781186543,0.,0.707106781186553));
#10178=DIRECTION('',(0.,0.707106781186553,0.707106781186543));
#10179=DIRECTION('',(-1.,0.,0.));
#10180=DIRECTION('',(0.,0.707106781186543,-0.707106781186553));
#10181=DIRECTION('',(0.,0.,1.));
#10182=DIRECTION('',(1.,0.,0.));
#10183=DIRECTION('',(0.,0.,1.));
#10184=DIRECTION('',(1.,0.,0.));
#10185=DIRECTION('',(-0.707106781186543,0.,-0.707106781186553));
#10186=DIRECTION('',(0.,0.707106781186543,0.707106781186553));
#10187=DIRECTION('',(0.,0.707106781186553,-0.707106781186543));
#10188=DIRECTION('',(1.,0.,0.));
#10189=DIRECTION('',(0.,0.707106781186543,0.707106781186553));
#10190=DIRECTION('',(-0.707106781186553,0.,0.707106781186543));
#10191=DIRECTION('',(0.,-1.,0.));
#10192=DIRECTION('',(-0.707106781186543,0.,-0.707106781186553));
#10193=DIRECTION('',(0.,0.,1.));
#10194=DIRECTION('',(1.,0.,0.));
#10195=DIRECTION('',(-0.707106781186543,0.,0.707106781186553));
#10196=DIRECTION('',(0.,0.,1.));
#10197=DIRECTION('',(1.,0.,0.));
#10198=DIRECTION('',(0.,0.707106781186543,-0.707106781186553));
#10199=DIRECTION('',(-0.707106781186553,0.,-0.707106781186543));
#10200=DIRECTION('',(0.,1.,0.));
#10201=DIRECTION('',(-0.707106781186543,0.,0.707106781186553));
#10202=DIRECTION('',(0.,0.707106781186553,0.707106781186543));
#10203=DIRECTION('',(-1.,0.,0.));
#10204=DIRECTION('',(0.,0.707106781186543,-0.707106781186553));
#10205=DIRECTION('',(0.,0.,1.));
#10206=DIRECTION('',(1.,0.,0.));
#10207=DIRECTION('',(0.,0.,1.));
#10208=DIRECTION('',(1.,0.,0.));
#10209=DIRECTION('',(-0.707106781186542,0.,-0.707106781186553));
#10210=DIRECTION('',(0.,0.707106781186543,0.707106781186553));
#10211=DIRECTION('',(0.,0.707106781186553,-0.707106781186543));
#10212=DIRECTION('',(1.,0.,0.));
#10213=DIRECTION('',(0.,0.707106781186543,0.707106781186553));
#10214=DIRECTION('',(-0.707106781186553,0.,0.707106781186543));
#10215=DIRECTION('',(0.,-1.,0.));
#10216=DIRECTION('',(-0.707106781186543,0.,-0.707106781186553));
#10217=DIRECTION('',(0.,0.,1.));
#10218=DIRECTION('',(1.,0.,0.));
#10219=DIRECTION('',(-0.707106781186543,0.,0.707106781186553));
#10220=DIRECTION('',(0.,0.,1.));
#10221=DIRECTION('',(1.,0.,0.));
#10222=DIRECTION('',(0.,0.707106781186543,-0.707106781186553));
#10223=DIRECTION('',(-0.707106781186553,0.,-0.707106781186543));
#10224=DIRECTION('',(0.,1.,0.));
#10225=DIRECTION('',(-0.707106781186543,0.,0.707106781186553));
#10226=DIRECTION('',(0.,0.707106781186553,0.707106781186543));
#10227=DIRECTION('',(-1.,0.,0.));
#10228=DIRECTION('',(0.,0.707106781186543,-0.707106781186553));
#10229=DIRECTION('',(0.,0.,1.));
#10230=DIRECTION('',(1.,0.,0.));
#10231=DIRECTION('',(0.,-0.707106781186538,0.707106781186558));
#10232=DIRECTION('',(-1.,0.,0.));
#10233=DIRECTION('',(0.,-0.707106781186558,-0.707106781186538));
#10234=DIRECTION('',(0.,0.707106781186558,0.707106781186538));
#10235=DIRECTION('',(0.,0.,-1.));
#10236=DIRECTION('',(-1.,0.,0.));
#10237=DIRECTION('',(0.707106781186533,0.,0.707106781186562));
#10238=DIRECTION('',(0.,0.,-1.));
#10239=DIRECTION('',(-1.,0.,0.));
#10240=DIRECTION('',(0.707106781186533,0.,-0.707106781186562));
#10241=DIRECTION('',(-0.70710678118655,9.43565179497464E-17,0.707106781186545));
#10242=DIRECTION('',(-1.33440267382831E-16,-1.,0.));
#10243=DIRECTION('',(0.707106781186545,0.,0.70710678118655));
#10244=DIRECTION('',(-0.70710678118655,-9.43565179497464E-17,-0.707106781186545));
#10245=DIRECTION('',(-1.33440267382831E-16,1.,0.));
#10246=DIRECTION('',(0.707106781186545,0.,-0.70710678118655));
#10247=DIRECTION('',(0.,0.,-1.));
#10248=DIRECTION('',(-1.,0.,0.));
#10249=DIRECTION('',(0.,-0.707106781186533,0.707106781186562));
#10250=DIRECTION('',(0.,0.,-1.));
#10251=DIRECTION('',(-1.,0.,0.));
#10252=DIRECTION('',(0.,0.707106781186533,-0.707106781186562));
#10253=DIRECTION('',(0.,-0.707106781186562,-0.707106781186533));
#10254=DIRECTION('',(1.,0.,0.));
#10255=DIRECTION('',(0.,0.,1.));
#10256=DIRECTION('',(1.,0.,0.));
#10257=DIRECTION('',(0.,0.,1.));
#10258=DIRECTION('',(1.,0.,0.));
#10259=DIRECTION('',(0.,0.,1.));
#10260=DIRECTION('',(1.,0.,0.));
#10261=DIRECTION('',(0.,0.,1.));
#10262=DIRECTION('',(1.,0.,0.));
#10263=DIRECTION('',(0.,0.,1.));
#10264=DIRECTION('',(1.,0.,0.));
#10265=DIRECTION('',(0.,0.,1.));
#10266=DIRECTION('',(1.,0.,0.));
#10267=DIRECTION('',(0.,0.,1.));
#10268=DIRECTION('',(1.,0.,0.));
#10269=DIRECTION('',(-0.707106781186545,0.,-0.70710678118655));
#10270=DIRECTION('',(0.,0.707106781186545,0.70710678118655));
#10271=DIRECTION('',(0.,-0.70710678118655,0.707106781186545));
#10272=DIRECTION('',(-1.,0.,0.));
#10273=DIRECTION('',(0.,0.707106781186545,0.70710678118655));
#10274=DIRECTION('',(0.70710678118655,0.,-0.707106781186545));
#10275=DIRECTION('',(0.,1.,0.));
#10276=DIRECTION('',(-0.707106781186545,0.,-0.70710678118655));
#10277=DIRECTION('',(0.,0.,1.));
#10278=DIRECTION('',(1.,0.,0.));
#10279=DIRECTION('',(-0.707106781186545,0.,0.70710678118655));
#10280=DIRECTION('',(0.,0.,1.));
#10281=DIRECTION('',(1.,0.,0.));
#10282=DIRECTION('',(0.,0.707106781186545,-0.70710678118655));
#10283=DIRECTION('',(0.70710678118655,0.,0.707106781186545));
#10284=DIRECTION('',(0.,-1.,0.));
#10285=DIRECTION('',(-0.707106781186545,0.,0.70710678118655));
#10286=DIRECTION('',(0.,-0.70710678118655,-0.707106781186545));
#10287=DIRECTION('',(1.,0.,0.));
#10288=DIRECTION('',(0.,0.707106781186545,-0.70710678118655));
#10289=DIRECTION('',(0.,0.,1.));
#10290=DIRECTION('',(1.,0.,0.));
#10291=DIRECTION('',(1.54197642309049E-16,1.,0.));
#10292=DIRECTION('',(-1.,1.54197642309049E-16,0.));
#10293=DIRECTION('',(0.,1.,0.));
#10294=DIRECTION('',(0.,0.,1.));
#10295=DIRECTION('',(1.54197642309049E-16,1.,0.));
#10296=DIRECTION('',(1.54197642309049E-16,1.,0.));
#10297=DIRECTION('',(1.82602471155453E-16,-2.81568705319771E-32,-1.));
#10298=DIRECTION('',(-1.,0.,-1.82602471155453E-16));
#10299=DIRECTION('',(-1.,0.,-1.82602471155453E-16));
#10300=DIRECTION('',(1.54197642309049E-16,1.,0.));
#10301=DIRECTION('',(1.54197642309049E-16,1.,0.));
#10302=DIRECTION('',(-1.,1.54197642309049E-16,0.));
#10303=DIRECTION('',(1.54197642309049E-16,1.,0.));
#10304=DIRECTION('',(0.,1.,0.));
#10305=DIRECTION('',(0.,0.,1.));
#10306=DIRECTION('',(0.,0.,-1.));
#10307=DIRECTION('',(-1.,0.,0.));
#10308=DIRECTION('',(0.,1.,0.));
#10309=DIRECTION('',(0.,0.,-1.));
#10310=DIRECTION('',(-1.,0.,0.));
#10311=DIRECTION('',(0.,0.,-1.));
#10312=DIRECTION('',(-1.,0.,0.));
#10313=DIRECTION('',(0.,0.,-1.));
#10314=DIRECTION('',(-1.,0.,0.));
#10315=DIRECTION('',(0.,1.,0.));
#10316=DIRECTION('',(0.,1.,0.));
#10317=DIRECTION('',(0.,0.,1.));
#10318=DIRECTION('',(1.,0.,0.));
#10319=DIRECTION('',(0.,0.,1.));
#10320=DIRECTION('',(0.,0.,1.));
#10321=DIRECTION('',(0.,-0.707106781186547,-0.707106781186548));
#10322=DIRECTION('',(1.,0.,0.));
#10323=DIRECTION('',(0.,0.707106781186548,-0.707106781186547));
#10324=DIRECTION('',(0.,-0.707106781186548,0.707106781186547));
#10325=DIRECTION('',(-1.,0.,0.));
#10326=DIRECTION('',(0.,0.,1.));
#10327=DIRECTION('',(0.,0.,1.));
#10328=DIRECTION('',(0.,0.707106781186548,-0.707106781186547));
#10329=DIRECTION('',(0.,0.707106781186558,0.707106781186538));
#10330=DIRECTION('',(1.,0.,0.));
#10331=DIRECTION('',(0.,0.,-1.));
#10332=DIRECTION('',(0.,-0.707106781186548,0.707106781186547));
#10333=DIRECTION('',(0.,0.,1.));
#10334=DIRECTION('',(0.,-0.707106781186558,-0.707106781186538));
#10335=DIRECTION('',(0.70710678118655,0.,0.707106781186545));
#10336=DIRECTION('',(0.,-1.,0.));
#10337=DIRECTION('',(0.707106781186545,0.,-0.70710678118655));
#10338=DIRECTION('',(-0.707106781186545,0.,0.70710678118655));
#10339=DIRECTION('',(0.,0.,-1.));
#10340=DIRECTION('',(-1.,0.,0.));
#10341=DIRECTION('',(0.,-0.707106781186546,0.70710678118655));
#10342=DIRECTION('',(0.,0.,-1.));
#10343=DIRECTION('',(-1.,0.,0.));
#10344=DIRECTION('',(0.,-0.707106781186546,-0.70710678118655));
#10345=DIRECTION('',(0.,-0.70710678118655,-0.707106781186545));
#10346=DIRECTION('',(1.,0.,0.));
#10347=DIRECTION('',(0.,-0.707106781186545,0.70710678118655));
#10348=DIRECTION('',(0.,-0.70710678118655,0.707106781186545));
#10349=DIRECTION('',(-1.,0.,0.));
#10350=DIRECTION('',(0.,-0.707106781186545,-0.70710678118655));
#10351=DIRECTION('',(0.,0.,-1.));
#10352=DIRECTION('',(-1.,0.,0.));
#10353=DIRECTION('',(0.707106781186546,0.,0.70710678118655));
#10354=DIRECTION('',(0.,0.,-1.));
#10355=DIRECTION('',(-1.,0.,0.));
#10356=DIRECTION('',(-0.707106781186546,0.,-0.70710678118655));
#10357=DIRECTION('',(0.70710678118655,0.,-0.707106781186545));
#10358=DIRECTION('',(0.,1.,0.));
#10359=DIRECTION('',(0.,0.,-1.));
#10360=DIRECTION('',(-1.,0.,0.));
#10361=DIRECTION('',(0.70710678118656,0.,-0.707106781186535));
#10362=DIRECTION('',(0.,-0.70710678118656,0.707106781186535));
#10363=DIRECTION('',(0.,-0.707106781186548,-0.707106781186548));
#10364=DIRECTION('',(-1.,0.,0.));
#10365=DIRECTION('',(0.,-0.707106781186548,0.707106781186548));
#10366=DIRECTION('',(0.707106781186548,0.,0.707106781186548));
#10367=DIRECTION('',(0.,1.,0.));
#10368=DIRECTION('',(0.707106781186548,0.,-0.707106781186548));
#10369=DIRECTION('',(0.,0.,-1.));
#10370=DIRECTION('',(-1.,0.,0.));
#10371=DIRECTION('',(0.707106781186548,0.,0.707106781186548));
#10372=DIRECTION('',(0.,0.,-1.));
#10373=DIRECTION('',(-1.,0.,0.));
#10374=DIRECTION('',(0.,-0.707106781186548,-0.707106781186548));
#10375=DIRECTION('',(0.707106781186548,0.,-0.707106781186548));
#10376=DIRECTION('',(0.,-1.,0.));
#10377=DIRECTION('',(0.707106781186548,0.,0.707106781186548));
#10378=DIRECTION('',(0.,-0.707106781186548,0.707106781186548));
#10379=DIRECTION('',(1.,0.,0.));
#10380=DIRECTION('',(0.,-0.707106781186548,-0.707106781186548));
#10381=DIRECTION('',(0.,0.,-1.));
#10382=DIRECTION('',(-1.,0.,0.));
#10383=DIRECTION('',(0.,0.,-1.));
#10384=DIRECTION('',(-1.,0.,0.));
#10385=DIRECTION('',(0.707106781186542,0.,-0.707106781186554));
#10386=DIRECTION('',(0.,-0.707106781186548,0.707106781186548));
#10387=DIRECTION('',(0.,-0.707106781186548,-0.707106781186548));
#10388=DIRECTION('',(-1.,0.,0.));
#10389=DIRECTION('',(0.,-0.707106781186548,0.707106781186548));
#10390=DIRECTION('',(0.707106781186548,0.,0.707106781186548));
#10391=DIRECTION('',(0.,1.,0.));
#10392=DIRECTION('',(0.707106781186548,0.,-0.707106781186548));
#10393=DIRECTION('',(0.,0.,-1.));
#10394=DIRECTION('',(-1.,0.,0.));
#10395=DIRECTION('',(0.707106781186548,0.,0.707106781186548));
#10396=DIRECTION('',(0.,0.,-1.));
#10397=DIRECTION('',(-1.,0.,0.));
#10398=DIRECTION('',(0.,-0.707106781186548,-0.707106781186548));
#10399=DIRECTION('',(0.707106781186548,0.,-0.707106781186548));
#10400=DIRECTION('',(0.,-1.,0.));
#10401=DIRECTION('',(0.707106781186548,0.,0.707106781186548));
#10402=DIRECTION('',(0.,-0.707106781186548,0.707106781186548));
#10403=DIRECTION('',(1.,0.,0.));
#10404=DIRECTION('',(0.,-0.707106781186548,-0.707106781186548));
#10405=DIRECTION('',(0.,0.,-1.));
#10406=DIRECTION('',(-1.,0.,0.));
#10407=DIRECTION('',(0.,0.,-1.));
#10408=DIRECTION('',(-1.,0.,0.));
#10409=DIRECTION('',(0.707106781186542,0.,-0.707106781186554));
#10410=DIRECTION('',(0.,-0.707106781186548,0.707106781186548));
#10411=DIRECTION('',(0.,-0.707106781186548,-0.707106781186548));
#10412=DIRECTION('',(-1.,0.,0.));
#10413=DIRECTION('',(0.,-0.707106781186548,0.707106781186548));
#10414=DIRECTION('',(0.707106781186548,0.,0.707106781186548));
#10415=DIRECTION('',(0.,1.,0.));
#10416=DIRECTION('',(0.707106781186548,0.,-0.707106781186548));
#10417=DIRECTION('',(0.,0.,-1.));
#10418=DIRECTION('',(-1.,0.,0.));
#10419=DIRECTION('',(0.707106781186548,0.,0.707106781186548));
#10420=DIRECTION('',(0.,0.,-1.));
#10421=DIRECTION('',(-1.,0.,0.));
#10422=DIRECTION('',(0.,-0.707106781186548,-0.707106781186548));
#10423=DIRECTION('',(0.707106781186548,0.,-0.707106781186548));
#10424=DIRECTION('',(0.,-1.,0.));
#10425=DIRECTION('',(0.707106781186548,0.,0.707106781186548));
#10426=DIRECTION('',(0.,-0.707106781186548,0.707106781186548));
#10427=DIRECTION('',(1.,0.,0.));
#10428=DIRECTION('',(0.,-0.707106781186548,-0.707106781186548));
#10429=DIRECTION('',(0.,0.,-1.));
#10430=DIRECTION('',(-1.,0.,0.));
#10431=DIRECTION('',(0.,0.,-1.));
#10432=DIRECTION('',(-1.,0.,0.));
#10433=DIRECTION('',(0.707106781186542,0.,-0.707106781186554));
#10434=DIRECTION('',(0.,-0.707106781186548,0.707106781186548));
#10435=DIRECTION('',(0.,-0.707106781186548,-0.707106781186548));
#10436=DIRECTION('',(-1.,0.,0.));
#10437=DIRECTION('',(0.,-0.707106781186548,0.707106781186548));
#10438=DIRECTION('',(0.707106781186548,0.,0.707106781186548));
#10439=DIRECTION('',(0.,1.,0.));
#10440=DIRECTION('',(0.707106781186548,0.,-0.707106781186548));
#10441=DIRECTION('',(0.,0.,-1.));
#10442=DIRECTION('',(-1.,0.,0.));
#10443=DIRECTION('',(0.707106781186548,0.,0.707106781186548));
#10444=DIRECTION('',(0.,0.,-1.));
#10445=DIRECTION('',(-1.,0.,0.));
#10446=DIRECTION('',(0.,-0.707106781186548,-0.707106781186548));
#10447=DIRECTION('',(0.707106781186548,0.,-0.707106781186548));
#10448=DIRECTION('',(0.,-1.,0.));
#10449=DIRECTION('',(0.707106781186548,0.,0.707106781186548));
#10450=DIRECTION('',(0.,-0.707106781186548,0.707106781186548));
#10451=DIRECTION('',(1.,0.,0.));
#10452=DIRECTION('',(0.,-0.707106781186548,-0.707106781186548));
#10453=DIRECTION('',(0.,0.,-1.));
#10454=DIRECTION('',(-1.,0.,0.));
#10455=DIRECTION('',(0.,0.,-1.));
#10456=DIRECTION('',(-1.,0.,0.));
#10457=DIRECTION('',(0.70710678118656,0.,-0.707106781186535));
#10458=DIRECTION('',(0.,-0.707106781186554,0.707106781186542));
#10459=DIRECTION('',(0.,-0.707106781186548,-0.707106781186548));
#10460=DIRECTION('',(-1.,0.,0.));
#10461=DIRECTION('',(0.,-0.707106781186548,0.707106781186548));
#10462=DIRECTION('',(0.707106781186548,0.,0.707106781186548));
#10463=DIRECTION('',(0.,1.,0.));
#10464=DIRECTION('',(0.707106781186548,0.,-0.707106781186548));
#10465=DIRECTION('',(0.,0.,-1.));
#10466=DIRECTION('',(-1.,0.,0.));
#10467=DIRECTION('',(0.707106781186548,0.,0.707106781186548));
#10468=DIRECTION('',(0.,0.,-1.));
#10469=DIRECTION('',(-1.,0.,0.));
#10470=DIRECTION('',(0.,-0.707106781186548,-0.707106781186548));
#10471=DIRECTION('',(0.707106781186548,0.,-0.707106781186548));
#10472=DIRECTION('',(0.,-1.,0.));
#10473=DIRECTION('',(0.707106781186548,0.,0.707106781186548));
#10474=DIRECTION('',(0.,-0.707106781186548,0.707106781186548));
#10475=DIRECTION('',(1.,0.,0.));
#10476=DIRECTION('',(0.,-0.707106781186548,-0.707106781186548));
#10477=DIRECTION('',(0.,0.,-1.));
#10478=DIRECTION('',(-1.,0.,0.));
#10479=DIRECTION('',(0.,0.,-1.));
#10480=DIRECTION('',(-1.,0.,0.));
#10481=DIRECTION('',(0.707106781186548,0.,-0.707106781186548));
#10482=DIRECTION('',(0.,-0.707106781186548,0.707106781186548));
#10483=DIRECTION('',(0.,-0.707106781186548,-0.707106781186548));
#10484=DIRECTION('',(-1.,0.,0.));
#10485=DIRECTION('',(0.,-0.707106781186548,0.707106781186548));
#10486=DIRECTION('',(0.707106781186548,0.,0.707106781186548));
#10487=DIRECTION('',(0.,1.,0.));
#10488=DIRECTION('',(0.707106781186548,0.,-0.707106781186548));
#10489=DIRECTION('',(0.,0.,-1.));
#10490=DIRECTION('',(-1.,0.,0.));
#10491=DIRECTION('',(0.707106781186548,0.,0.707106781186548));
#10492=DIRECTION('',(0.,0.,-1.));
#10493=DIRECTION('',(-1.,0.,0.));
#10494=DIRECTION('',(0.,-0.707106781186548,-0.707106781186548));
#10495=DIRECTION('',(0.707106781186548,0.,-0.707106781186548));
#10496=DIRECTION('',(0.,-1.,0.));
#10497=DIRECTION('',(0.707106781186548,0.,0.707106781186548));
#10498=DIRECTION('',(0.,-0.707106781186548,0.707106781186548));
#10499=DIRECTION('',(1.,0.,0.));
#10500=DIRECTION('',(0.,-0.707106781186548,-0.707106781186548));
#10501=DIRECTION('',(0.,0.,-1.));
#10502=DIRECTION('',(-1.,0.,0.));
#10503=DIRECTION('',(0.,0.,-1.));
#10504=DIRECTION('',(-1.,0.,0.));
#10505=DIRECTION('',(0.707106781186548,0.,-0.707106781186548));
#10506=DIRECTION('',(0.,-0.707106781186548,0.707106781186548));
#10507=DIRECTION('',(0.,-0.707106781186548,-0.707106781186548));
#10508=DIRECTION('',(-1.,0.,0.));
#10509=DIRECTION('',(0.,-0.707106781186548,0.707106781186548));
#10510=DIRECTION('',(0.707106781186548,0.,0.707106781186548));
#10511=DIRECTION('',(0.,1.,0.));
#10512=DIRECTION('',(0.707106781186548,0.,-0.707106781186548));
#10513=DIRECTION('',(0.,0.,-1.));
#10514=DIRECTION('',(-1.,0.,0.));
#10515=DIRECTION('',(0.707106781186548,0.,0.707106781186548));
#10516=DIRECTION('',(0.,0.,-1.));
#10517=DIRECTION('',(-1.,0.,0.));
#10518=DIRECTION('',(0.,-0.707106781186548,-0.707106781186548));
#10519=DIRECTION('',(0.707106781186548,0.,-0.707106781186548));
#10520=DIRECTION('',(0.,-1.,0.));
#10521=DIRECTION('',(0.707106781186548,0.,0.707106781186548));
#10522=DIRECTION('',(0.,-0.707106781186548,0.707106781186548));
#10523=DIRECTION('',(1.,0.,0.));
#10524=DIRECTION('',(0.,-0.707106781186548,-0.707106781186548));
#10525=DIRECTION('',(0.,0.,-1.));
#10526=DIRECTION('',(-1.,0.,0.));
#10527=DIRECTION('',(0.,0.,-1.));
#10528=DIRECTION('',(-1.,0.,0.));
#10529=DIRECTION('',(0.707106781186548,0.,-0.707106781186548));
#10530=DIRECTION('',(0.,-0.707106781186548,0.707106781186548));
#10531=DIRECTION('',(0.,-0.707106781186548,-0.707106781186548));
#10532=DIRECTION('',(-1.,0.,0.));
#10533=DIRECTION('',(0.,-0.707106781186548,0.707106781186548));
#10534=DIRECTION('',(0.707106781186548,0.,0.707106781186548));
#10535=DIRECTION('',(0.,1.,0.));
#10536=DIRECTION('',(0.707106781186548,0.,-0.707106781186548));
#10537=DIRECTION('',(0.,0.,-1.));
#10538=DIRECTION('',(-1.,0.,0.));
#10539=DIRECTION('',(0.707106781186548,0.,0.707106781186548));
#10540=DIRECTION('',(0.,0.,-1.));
#10541=DIRECTION('',(-1.,0.,0.));
#10542=DIRECTION('',(0.,-0.707106781186548,-0.707106781186548));
#10543=DIRECTION('',(0.707106781186548,0.,-0.707106781186548));
#10544=DIRECTION('',(0.,-1.,0.));
#10545=DIRECTION('',(0.707106781186548,0.,0.707106781186548));
#10546=DIRECTION('',(0.,-0.707106781186548,0.707106781186548));
#10547=DIRECTION('',(1.,0.,0.));
#10548=DIRECTION('',(0.,-0.707106781186548,-0.707106781186548));
#10549=DIRECTION('',(0.,0.,-1.));
#10550=DIRECTION('',(-1.,0.,0.));
#10551=DIRECTION('',(0.,0.,-1.));
#10552=DIRECTION('',(-1.,0.,0.));
#10553=DIRECTION('',(0.70710678118656,0.,-0.707106781186535));
#10554=DIRECTION('',(0.,-0.707106781186554,0.707106781186542));
#10555=DIRECTION('',(0.,-0.707106781186545,-0.707106781186551));
#10556=DIRECTION('',(-1.,0.,0.));
#10557=DIRECTION('',(0.,-0.707106781186551,0.707106781186545));
#10558=DIRECTION('',(0.707106781186548,0.,0.707106781186548));
#10559=DIRECTION('',(0.,1.,0.));
#10560=DIRECTION('',(0.707106781186548,0.,-0.707106781186548));
#10561=DIRECTION('',(0.,0.,-1.));
#10562=DIRECTION('',(-1.,0.,0.));
#10563=DIRECTION('',(0.707106781186548,0.,0.707106781186548));
#10564=DIRECTION('',(0.,0.,-1.));
#10565=DIRECTION('',(-1.,0.,0.));
#10566=DIRECTION('',(0.,-0.707106781186548,-0.707106781186548));
#10567=DIRECTION('',(0.707106781186548,0.,-0.707106781186548));
#10568=DIRECTION('',(0.,-1.,0.));
#10569=DIRECTION('',(0.707106781186548,0.,0.707106781186548));
#10570=DIRECTION('',(0.,-0.707106781186548,0.707106781186548));
#10571=DIRECTION('',(1.,0.,0.));
#10572=DIRECTION('',(0.,-0.707106781186548,-0.707106781186548));
#10573=DIRECTION('',(0.,0.,-1.));
#10574=DIRECTION('',(-1.,0.,0.));
#10575=DIRECTION('',(0.,0.,-1.));
#10576=DIRECTION('',(-1.,0.,0.));
#10577=DIRECTION('',(0.707106781186548,0.,-0.707106781186548));
#10578=DIRECTION('',(0.,-0.707106781186548,0.707106781186548));
#10579=DIRECTION('',(0.,-0.707106781186545,-0.707106781186551));
#10580=DIRECTION('',(-1.,0.,0.));
#10581=DIRECTION('',(0.,-0.707106781186551,0.707106781186545));
#10582=DIRECTION('',(0.707106781186548,0.,0.707106781186548));
#10583=DIRECTION('',(0.,1.,0.));
#10584=DIRECTION('',(0.707106781186548,0.,-0.707106781186548));
#10585=DIRECTION('',(0.,0.,-1.));
#10586=DIRECTION('',(-1.,0.,0.));
#10587=DIRECTION('',(0.70710678118655,0.,0.707106781186545));
#10588=DIRECTION('',(0.,0.,-1.));
#10589=DIRECTION('',(-1.,0.,0.));
#10590=DIRECTION('',(0.,-0.707106781186548,-0.707106781186548));
#10591=DIRECTION('',(0.707106781186545,0.,-0.70710678118655));
#10592=DIRECTION('',(0.,-1.,0.));
#10593=DIRECTION('',(0.70710678118655,0.,0.707106781186545));
#10594=DIRECTION('',(0.,-0.707106781186548,0.707106781186548));
#10595=DIRECTION('',(1.,0.,0.));
#10596=DIRECTION('',(0.,-0.707106781186548,-0.707106781186548));
#10597=DIRECTION('',(0.,0.,-1.));
#10598=DIRECTION('',(-1.,0.,0.));
#10599=DIRECTION('',(0.,0.,-1.));
#10600=DIRECTION('',(-1.,0.,0.));
#10601=DIRECTION('',(0.70710678118655,0.,-0.707106781186545));
#10602=DIRECTION('',(0.,-0.70710678118655,0.707106781186545));
#10603=DIRECTION('',(0.,-0.707106781186545,-0.707106781186551));
#10604=DIRECTION('',(-1.,0.,0.));
#10605=DIRECTION('',(0.,-0.707106781186551,0.707106781186545));
#10606=DIRECTION('',(0.707106781186545,0.,0.70710678118655));
#10607=DIRECTION('',(0.,1.,0.));
#10608=DIRECTION('',(0.70710678118655,0.,-0.707106781186545));
#10609=DIRECTION('',(0.,0.,-1.));
#10610=DIRECTION('',(-1.,0.,0.));
#10611=DIRECTION('',(0.707106781186548,0.,0.707106781186548));
#10612=DIRECTION('',(0.,0.,-1.));
#10613=DIRECTION('',(-1.,0.,0.));
#10614=DIRECTION('',(0.,-0.707106781186548,-0.707106781186548));
#10615=DIRECTION('',(0.707106781186548,0.,-0.707106781186548));
#10616=DIRECTION('',(0.,-1.,0.));
#10617=DIRECTION('',(0.707106781186548,0.,0.707106781186548));
#10618=DIRECTION('',(0.,-0.707106781186548,0.707106781186548));
#10619=DIRECTION('',(1.,0.,0.));
#10620=DIRECTION('',(0.,-0.707106781186548,-0.707106781186548));
#10621=DIRECTION('',(0.,0.,-1.));
#10622=DIRECTION('',(-1.,0.,0.));
#10623=DIRECTION('',(0.,0.,-1.));
#10624=DIRECTION('',(-1.,0.,0.));
#10625=DIRECTION('',(0.707106781186548,0.,-0.707106781186548));
#10626=DIRECTION('',(0.,-0.707106781186548,0.707106781186548));
#10627=DIRECTION('',(0.,-0.707106781186545,-0.707106781186551));
#10628=DIRECTION('',(-1.,0.,0.));
#10629=DIRECTION('',(0.,-0.707106781186551,0.707106781186545));
#10630=DIRECTION('',(0.707106781186548,0.,0.707106781186548));
#10631=DIRECTION('',(0.,1.,0.));
#10632=DIRECTION('',(0.707106781186548,0.,-0.707106781186548));
#10633=DIRECTION('',(0.,0.,-1.));
#10634=DIRECTION('',(-1.,0.,0.));
#10635=DIRECTION('',(0.707106781186548,0.,0.707106781186548));
#10636=DIRECTION('',(0.,0.,-1.));
#10637=DIRECTION('',(-1.,0.,0.));
#10638=DIRECTION('',(0.,-0.707106781186548,-0.707106781186548));
#10639=DIRECTION('',(0.707106781186548,0.,-0.707106781186548));
#10640=DIRECTION('',(0.,-1.,0.));
#10641=DIRECTION('',(0.707106781186548,0.,0.707106781186548));
#10642=DIRECTION('',(0.,-0.707106781186548,0.707106781186548));
#10643=DIRECTION('',(1.,0.,0.));
#10644=DIRECTION('',(0.,-0.707106781186548,-0.707106781186548));
#10645=DIRECTION('',(0.,0.,-1.));
#10646=DIRECTION('',(-1.,0.,0.));
#10647=DIRECTION('',(0.,0.,-1.));
#10648=DIRECTION('',(-1.,0.,0.));
#10649=DIRECTION('',(0.70710678118656,0.,-0.707106781186535));
#10650=DIRECTION('',(0.,-0.707106781186554,0.707106781186542));
#10651=DIRECTION('',(0.,-0.707106781186548,-0.707106781186548));
#10652=DIRECTION('',(-1.,0.,0.));
#10653=DIRECTION('',(0.,-0.707106781186548,0.707106781186548));
#10654=DIRECTION('',(0.707106781186548,0.,0.707106781186548));
#10655=DIRECTION('',(0.,1.,0.));
#10656=DIRECTION('',(0.707106781186548,0.,-0.707106781186548));
#10657=DIRECTION('',(0.,0.,-1.));
#10658=DIRECTION('',(-1.,0.,0.));
#10659=DIRECTION('',(0.707106781186548,0.,0.707106781186548));
#10660=DIRECTION('',(0.,0.,-1.));
#10661=DIRECTION('',(-1.,0.,0.));
#10662=DIRECTION('',(0.,-0.707106781186548,-0.707106781186548));
#10663=DIRECTION('',(0.707106781186548,0.,-0.707106781186548));
#10664=DIRECTION('',(0.,-1.,0.));
#10665=DIRECTION('',(0.707106781186548,0.,0.707106781186548));
#10666=DIRECTION('',(0.,-0.707106781186548,0.707106781186548));
#10667=DIRECTION('',(1.,0.,0.));
#10668=DIRECTION('',(0.,-0.707106781186548,-0.707106781186548));
#10669=DIRECTION('',(0.,0.,-1.));
#10670=DIRECTION('',(-1.,0.,0.));
#10671=DIRECTION('',(0.,0.,-1.));
#10672=DIRECTION('',(-1.,0.,0.));
#10673=DIRECTION('',(0.707106781186548,0.,-0.707106781186548));
#10674=DIRECTION('',(0.,-0.707106781186548,0.707106781186548));
#10675=DIRECTION('',(0.,-0.707106781186548,-0.707106781186548));
#10676=DIRECTION('',(-1.,0.,0.));
#10677=DIRECTION('',(0.,-0.707106781186548,0.707106781186548));
#10678=DIRECTION('',(0.707106781186548,0.,0.707106781186548));
#10679=DIRECTION('',(0.,1.,0.));
#10680=DIRECTION('',(0.707106781186548,0.,-0.707106781186548));
#10681=DIRECTION('',(0.,0.,-1.));
#10682=DIRECTION('',(-1.,0.,0.));
#10683=DIRECTION('',(0.707106781186548,0.,0.707106781186548));
#10684=DIRECTION('',(0.,0.,-1.));
#10685=DIRECTION('',(-1.,0.,0.));
#10686=DIRECTION('',(0.,-0.707106781186548,-0.707106781186548));
#10687=DIRECTION('',(0.707106781186548,0.,-0.707106781186548));
#10688=DIRECTION('',(0.,-1.,0.));
#10689=DIRECTION('',(0.707106781186548,0.,0.707106781186548));
#10690=DIRECTION('',(0.,-0.707106781186548,0.707106781186548));
#10691=DIRECTION('',(1.,0.,0.));
#10692=DIRECTION('',(0.,-0.707106781186548,-0.707106781186548));
#10693=DIRECTION('',(0.,0.,-1.));
#10694=DIRECTION('',(-1.,0.,0.));
#10695=DIRECTION('',(0.,0.,-1.));
#10696=DIRECTION('',(-1.,0.,0.));
#10697=DIRECTION('',(0.707106781186548,0.,-0.707106781186548));
#10698=DIRECTION('',(0.,-0.707106781186548,0.707106781186548));
#10699=DIRECTION('',(0.,-0.707106781186548,-0.707106781186548));
#10700=DIRECTION('',(-1.,0.,0.));
#10701=DIRECTION('',(0.,-0.707106781186548,0.707106781186548));
#10702=DIRECTION('',(0.707106781186548,0.,0.707106781186548));
#10703=DIRECTION('',(0.,1.,0.));
#10704=DIRECTION('',(0.707106781186548,0.,-0.707106781186548));
#10705=DIRECTION('',(0.,0.,-1.));
#10706=DIRECTION('',(-1.,0.,0.));
#10707=DIRECTION('',(0.707106781186548,0.,0.707106781186548));
#10708=DIRECTION('',(0.,0.,-1.));
#10709=DIRECTION('',(-1.,0.,0.));
#10710=DIRECTION('',(0.,-0.707106781186548,-0.707106781186548));
#10711=DIRECTION('',(0.707106781186548,0.,-0.707106781186548));
#10712=DIRECTION('',(0.,-1.,0.));
#10713=DIRECTION('',(0.707106781186548,0.,0.707106781186548));
#10714=DIRECTION('',(0.,-0.707106781186548,0.707106781186548));
#10715=DIRECTION('',(1.,0.,0.));
#10716=DIRECTION('',(0.,-0.707106781186548,-0.707106781186548));
#10717=DIRECTION('',(0.,0.,-1.));
#10718=DIRECTION('',(-1.,0.,0.));
#10719=DIRECTION('',(0.,0.,-1.));
#10720=DIRECTION('',(-1.,0.,0.));
#10721=DIRECTION('',(0.,0.,-1.));
#10722=DIRECTION('',(-1.,0.,0.));
#10723=DIRECTION('',(0.,0.,-1.));
#10724=DIRECTION('',(-1.,0.,0.));
#10725=DIRECTION('',(0.,0.,-1.));
#10726=DIRECTION('',(-1.,0.,0.));
#10727=DIRECTION('',(0.,0.,-1.));
#10728=DIRECTION('',(-1.,0.,0.));
#10729=DIRECTION('',(0.,0.,-1.));
#10730=DIRECTION('',(-1.,0.,0.));
#10731=DIRECTION('',(0.,0.,-1.));
#10732=DIRECTION('',(-1.,0.,0.));
#10733=DIRECTION('',(0.707106781186545,0.,-0.70710678118655));
#10734=DIRECTION('',(0.,-0.707106781186545,0.70710678118655));
#10735=DIRECTION('',(0.,0.70710678118655,0.707106781186545));
#10736=DIRECTION('',(1.,0.,0.));
#10737=DIRECTION('',(0.,-0.707106781186545,0.70710678118655));
#10738=DIRECTION('',(-0.70710678118655,0.,-0.707106781186545));
#10739=DIRECTION('',(0.,-1.,0.));
#10740=DIRECTION('',(0.707106781186545,0.,-0.70710678118655));
#10741=DIRECTION('',(0.,0.,-1.));
#10742=DIRECTION('',(-1.,0.,0.));
#10743=DIRECTION('',(0.707106781186545,0.,0.70710678118655));
#10744=DIRECTION('',(0.,0.,-1.));
#10745=DIRECTION('',(-1.,0.,0.));
#10746=DIRECTION('',(0.,-0.707106781186545,-0.70710678118655));
#10747=DIRECTION('',(-0.70710678118655,0.,0.707106781186545));
#10748=DIRECTION('',(0.,1.,0.));
#10749=DIRECTION('',(0.707106781186545,0.,0.70710678118655));
#10750=DIRECTION('',(0.,0.70710678118655,-0.707106781186545));
#10751=DIRECTION('',(-1.,0.,0.));
#10752=DIRECTION('',(0.,-0.707106781186545,-0.70710678118655));
#10753=DIRECTION('',(0.,0.,-1.));
#10754=DIRECTION('',(-1.,0.,0.));
#10755=DIRECTION('',(0.,0.707106781186538,-0.707106781186558));
#10756=DIRECTION('',(-1.,0.,0.));
#10757=DIRECTION('',(0.,0.707106781186558,0.707106781186538));
#10758=DIRECTION('',(0.,0.,1.));
#10759=DIRECTION('',(1.,0.,0.));
#10760=DIRECTION('',(0.707106781186558,0.,0.707106781186537));
#10761=DIRECTION('',(0.707106781186537,9.43565179497448E-17,-0.707106781186558));
#10762=DIRECTION('',(-1.33440267382831E-16,1.,0.));
#10763=DIRECTION('',(0.707106781186558,0.,0.707106781186538));
#10764=DIRECTION('',(0.,0.,1.));
#10765=DIRECTION('',(1.,0.,0.));
#10766=DIRECTION('',(0.,-0.707106781186558,0.707106781186538));
#10767=DIRECTION('',(0.,0.707106781186538,0.707106781186558));
#10768=DIRECTION('',(1.,0.,0.));
#10769=DIRECTION('',(0.,-0.707106781186558,0.707106781186538));
#10770=DIRECTION('',(0.,0.,1.));
#10771=DIRECTION('',(1.,0.,0.));
#10772=DIRECTION('',(-0.707106781186558,0.,0.707106781186537));
#10773=DIRECTION('',(0.707106781186537,-9.43565179497448E-17,0.707106781186558));
#10774=DIRECTION('',(-1.33440267382831E-16,-1.,0.));
#10775=DIRECTION('',(-0.707106781186558,0.,0.707106781186538));
#10776=DIRECTION('',(0.,0.,1.));
#10777=DIRECTION('',(1.,0.,0.));
#10778=DIRECTION('',(0.,0.707106781186558,0.707106781186538));
#10779=DIRECTION('',(0.,0.707106781186538,-0.707106781186558));
#10780=DIRECTION('',(-1.,0.,0.));
#10781=DIRECTION('',(0.,0.,-1.));
#10782=DIRECTION('',(-1.,0.,0.));
#10783=DIRECTION('',(0.,0.38268343236509,-0.923879532511287));
#10784=DIRECTION('',(0.,0.923879532511287,0.38268343236509));
#10785=DIRECTION('',(0.,0.707106781186548,-0.707106781186547));
#10786=DIRECTION('',(0.,0.707106781186547,0.707106781186548));
#10787=DIRECTION('',(0.,0.,-1.));
#10788=DIRECTION('',(-1.,0.,0.));
#10789=DIRECTION('',(0.,-0.38268343236509,0.923879532511287));
#10790=DIRECTION('',(0.,-0.923879532511287,-0.38268343236509));
#10791=DIRECTION('',(0.,-0.707106781186548,0.707106781186547));
#10792=DIRECTION('',(0.,-0.707106781186547,-0.707106781186548));
#10793=CARTESIAN_POINT('',(0.,0.,0.));
#10794=CARTESIAN_POINT('',(0.,0.063425,0.0016));
#10795=CARTESIAN_POINT('',(-0.014925,0.063425,0.0006));
#10796=CARTESIAN_POINT('',(-0.014925,0.063425,-0.00849));
#10797=CARTESIAN_POINT('',(-0.014925,0.063425,0.0002));
#10798=CARTESIAN_POINT('',(-0.041,0.063425,0.0002));
#10799=CARTESIAN_POINT('',(-0.041,0.063425,0.0002));
#10800=CARTESIAN_POINT('',(-0.041,0.063425,0.0016));
#10801=CARTESIAN_POINT('',(-0.041,0.063425,0.0014));
#10802=CARTESIAN_POINT('',(0.,0.063425,0.0014));
#10803=CARTESIAN_POINT('',(0.041,0.063425,0.0014));
#10804=CARTESIAN_POINT('',(0.041,0.063425,0.0016));
#10805=CARTESIAN_POINT('',(0.041,0.063425,0.0002));
#10806=CARTESIAN_POINT('',(-0.004375,0.063425,0.0002));
#10807=CARTESIAN_POINT('',(-0.004375,0.063425,0.0002));
#10808=CARTESIAN_POINT('',(-0.004375,0.063425,-0.01));
#10809=CARTESIAN_POINT('',(-0.004375,0.063425,-0.00849));
#10810=CARTESIAN_POINT('',(-0.00436078643762653,0.063425,-0.00849));
#10811=CARTESIAN_POINT('',(-0.00444657287525307,0.063425,-0.00849));
#10812=CARTESIAN_POINT('',(-0.00727499999999926,0.063425,-0.00949));
#10813=CARTESIAN_POINT('',(-0.00727499999999926,0.063425,-0.00649));
#10814=CARTESIAN_POINT('',(-0.00964999999999926,0.063425,-0.00649));
#10815=CARTESIAN_POINT('',(-0.0120249999999993,0.063425,-0.00649));
#10816=CARTESIAN_POINT('',(-0.0120249999999993,0.063425,-0.00949));
#10817=CARTESIAN_POINT('',(-0.0148534271247454,0.063425,-0.00849));
#10818=CARTESIAN_POINT('',(-0.0149392135623724,0.063425,-0.00849));
#10819=CARTESIAN_POINT('',(6.93889390390723E-18,0.011425,0.0016));
#10820=CARTESIAN_POINT('',(0.022575,0.041625,0.0016));
#10821=CARTESIAN_POINT('',(0.022575,0.040925,0.0016));
#10822=CARTESIAN_POINT('',(0.021875,0.041625,0.0016));
#10823=CARTESIAN_POINT('',(0.021875,0.011425,0.0016));
#10824=CARTESIAN_POINT('',(0.021875,0.053625,0.0016));
#10825=CARTESIAN_POINT('',(0.022575,0.053625,0.0016));
#10826=CARTESIAN_POINT('',(0.022575,0.054325,0.0016));
#10827=CARTESIAN_POINT('',(6.93889390390723E-18,0.054325,0.0016));
#10828=CARTESIAN_POINT('',(0.034575,0.054325,0.0016));
#10829=CARTESIAN_POINT('',(0.034575,0.053625,0.0016));
#10830=CARTESIAN_POINT('',(0.035275,0.053625,0.0016));
#10831=CARTESIAN_POINT('',(0.035275,0.041625,0.0016));
#10832=CARTESIAN_POINT('',(0.035275,0.041625,0.0016));
#10833=CARTESIAN_POINT('',(0.034575,0.041625,0.0016));
#10834=CARTESIAN_POINT('',(0.034575,0.040925,0.0016));
#10835=CARTESIAN_POINT('',(0.022575,0.040925,0.0016));
#10836=CARTESIAN_POINT('',(0.022575,0.021275,0.0016));
#10837=CARTESIAN_POINT('',(0.034575,0.021275,0.0016));
#10838=CARTESIAN_POINT('',(0.022575,0.021275,0.0016));
#10839=CARTESIAN_POINT('',(0.022575,0.022575,0.0016));
#10840=CARTESIAN_POINT('',(0.021275,0.022575,0.0016));
#10841=CARTESIAN_POINT('',(0.021275,0.011425,0.0016));
#10842=CARTESIAN_POINT('',(0.021275,0.034575,0.0016));
#10843=CARTESIAN_POINT('',(0.022575,0.034575,0.0016));
#10844=CARTESIAN_POINT('',(0.022575,0.035875,0.0016));
#10845=CARTESIAN_POINT('',(6.93889390390723E-18,0.035875,0.0016));
#10846=CARTESIAN_POINT('',(0.034575,0.035875,0.0016));
#10847=CARTESIAN_POINT('',(0.034575,0.034575,0.0016));
#10848=CARTESIAN_POINT('',(0.035875,0.034575,0.0016));
#10849=CARTESIAN_POINT('',(0.035875,0.022575,0.0016));
#10850=CARTESIAN_POINT('',(0.035875,0.022575,0.0016));
#10851=CARTESIAN_POINT('',(0.034575,0.022575,0.0016));
#10852=CARTESIAN_POINT('',(0.003525,0.021275,0.0016));
#10853=CARTESIAN_POINT('',(0.015525,0.021275,0.0016));
#10854=CARTESIAN_POINT('',(0.003525,0.021275,0.0016));
#10855=CARTESIAN_POINT('',(0.003525,0.022575,0.0016));
#10856=CARTESIAN_POINT('',(0.002225,0.022575,0.0016));
#10857=CARTESIAN_POINT('',(0.002225,0.011425,0.0016));
#10858=CARTESIAN_POINT('',(0.002225,0.034575,0.0016));
#10859=CARTESIAN_POINT('',(0.003525,0.034575,0.0016));
#10860=CARTESIAN_POINT('',(0.003525,0.035875,0.0016));
#10861=CARTESIAN_POINT('',(6.93889390390723E-18,0.035875,0.0016));
#10862=CARTESIAN_POINT('',(0.015525,0.035875,0.0016));
#10863=CARTESIAN_POINT('',(0.015525,0.034575,0.0016));
#10864=CARTESIAN_POINT('',(0.016825,0.034575,0.0016));
#10865=CARTESIAN_POINT('',(0.016825,0.022575,0.0016));
#10866=CARTESIAN_POINT('',(0.016825,0.022575,0.0016));
#10867=CARTESIAN_POINT('',(0.015525,0.022575,0.0016));
#10868=CARTESIAN_POINT('',(-0.015525,0.021275,0.0016));
#10869=CARTESIAN_POINT('',(-0.003525,0.021275,0.0016));
#10870=CARTESIAN_POINT('',(-0.015525,0.021275,0.0016));
#10871=CARTESIAN_POINT('',(-0.015525,0.022575,0.0016));
#10872=CARTESIAN_POINT('',(-0.016825,0.022575,0.0016));
#10873=CARTESIAN_POINT('',(-0.016825,0.011425,0.0016));
#10874=CARTESIAN_POINT('',(-0.016825,0.034575,0.0016));
#10875=CARTESIAN_POINT('',(-0.015525,0.034575,0.0016));
#10876=CARTESIAN_POINT('',(-0.015525,0.035875,0.0016));
#10877=CARTESIAN_POINT('',(6.93889390390723E-18,0.035875,0.0016));
#10878=CARTESIAN_POINT('',(-0.003525,0.035875,0.0016));
#10879=CARTESIAN_POINT('',(-0.003525,0.034575,0.0016));
#10880=CARTESIAN_POINT('',(-0.002225,0.034575,0.0016));
#10881=CARTESIAN_POINT('',(-0.002225,0.022575,0.0016));
#10882=CARTESIAN_POINT('',(-0.002225,0.022575,0.0016));
#10883=CARTESIAN_POINT('',(-0.003525,0.022575,0.0016));
#10884=CARTESIAN_POINT('',(-0.034575,0.021275,0.0016));
#10885=CARTESIAN_POINT('',(-0.022575,0.021275,0.0016));
#10886=CARTESIAN_POINT('',(-0.034575,0.021275,0.0016));
#10887=CARTESIAN_POINT('',(-0.034575,0.022575,0.0016));
#10888=CARTESIAN_POINT('',(-0.035875,0.022575,0.0016));
#10889=CARTESIAN_POINT('',(-0.035875,0.011425,0.0016));
#10890=CARTESIAN_POINT('',(-0.035875,0.034575,0.0016));
#10891=CARTESIAN_POINT('',(-0.034575,0.034575,0.0016));
#10892=CARTESIAN_POINT('',(-0.034575,0.035875,0.0016));
#10893=CARTESIAN_POINT('',(6.93889390390723E-18,0.035875,0.0016));
#10894=CARTESIAN_POINT('',(-0.022575,0.035875,0.0016));
#10895=CARTESIAN_POINT('',(-0.022575,0.034575,0.0016));
#10896=CARTESIAN_POINT('',(-0.021275,0.034575,0.0016));
#10897=CARTESIAN_POINT('',(-0.021275,0.022575,0.0016));
#10898=CARTESIAN_POINT('',(-0.021275,0.022575,0.0016));
#10899=CARTESIAN_POINT('',(-0.022575,0.022575,0.0016));
#10900=CARTESIAN_POINT('',(0.022575,0.002225,0.0016));
#10901=CARTESIAN_POINT('',(0.034575,0.002225,0.0016));
#10902=CARTESIAN_POINT('',(0.022575,0.002225,0.0016));
#10903=CARTESIAN_POINT('',(0.022575,0.003525,0.0016));
#10904=CARTESIAN_POINT('',(0.021275,0.003525,0.0016));
#10905=CARTESIAN_POINT('',(0.021275,0.011425,0.0016));
#10906=CARTESIAN_POINT('',(0.021275,0.015525,0.0016));
#10907=CARTESIAN_POINT('',(0.022575,0.015525,0.0016));
#10908=CARTESIAN_POINT('',(0.022575,0.016825,0.0016));
#10909=CARTESIAN_POINT('',(6.93889390390723E-18,0.016825,0.0016));
#10910=CARTESIAN_POINT('',(0.034575,0.016825,0.0016));
#10911=CARTESIAN_POINT('',(0.034575,0.015525,0.0016));
#10912=CARTESIAN_POINT('',(0.035875,0.015525,0.0016));
#10913=CARTESIAN_POINT('',(0.035875,0.003525,0.0016));
#10914=CARTESIAN_POINT('',(0.035875,0.003525,0.0016));
#10915=CARTESIAN_POINT('',(0.034575,0.003525,0.0016));
#10916=CARTESIAN_POINT('',(0.003525,0.002225,0.0016));
#10917=CARTESIAN_POINT('',(0.015525,0.002225,0.0016));
#10918=CARTESIAN_POINT('',(0.003525,0.002225,0.0016));
#10919=CARTESIAN_POINT('',(0.003525,0.003525,0.0016));
#10920=CARTESIAN_POINT('',(0.002225,0.003525,0.0016));
#10921=CARTESIAN_POINT('',(0.002225,0.011425,0.0016));
#10922=CARTESIAN_POINT('',(0.002225,0.015525,0.0016));
#10923=CARTESIAN_POINT('',(0.003525,0.015525,0.0016));
#10924=CARTESIAN_POINT('',(0.003525,0.016825,0.0016));
#10925=CARTESIAN_POINT('',(6.93889390390723E-18,0.016825,0.0016));
#10926=CARTESIAN_POINT('',(0.015525,0.016825,0.0016));
#10927=CARTESIAN_POINT('',(0.015525,0.015525,0.0016));
#10928=CARTESIAN_POINT('',(0.016825,0.015525,0.0016));
#10929=CARTESIAN_POINT('',(0.016825,0.003525,0.0016));
#10930=CARTESIAN_POINT('',(0.016825,0.003525,0.0016));
#10931=CARTESIAN_POINT('',(0.015525,0.003525,0.0016));
#10932=CARTESIAN_POINT('',(-0.015525,0.002225,0.0016));
#10933=CARTESIAN_POINT('',(-0.003525,0.002225,0.0016));
#10934=CARTESIAN_POINT('',(-0.015525,0.002225,0.0016));
#10935=CARTESIAN_POINT('',(-0.015525,0.003525,0.0016));
#10936=CARTESIAN_POINT('',(-0.016825,0.003525,0.0016));
#10937=CARTESIAN_POINT('',(-0.016825,0.011425,0.0016));
#10938=CARTESIAN_POINT('',(-0.016825,0.015525,0.0016));
#10939=CARTESIAN_POINT('',(-0.015525,0.015525,0.0016));
#10940=CARTESIAN_POINT('',(-0.015525,0.016825,0.0016));
#10941=CARTESIAN_POINT('',(6.93889390390723E-18,0.016825,0.0016));
#10942=CARTESIAN_POINT('',(-0.003525,0.016825,0.0016));
#10943=CARTESIAN_POINT('',(-0.003525,0.015525,0.0016));
#10944=CARTESIAN_POINT('',(-0.002225,0.015525,0.0016));
#10945=CARTESIAN_POINT('',(-0.002225,0.003525,0.0016));
#10946=CARTESIAN_POINT('',(-0.002225,0.003525,0.0016));
#10947=CARTESIAN_POINT('',(-0.003525,0.003525,0.0016));
#10948=CARTESIAN_POINT('',(-0.034575,0.002225,0.0016));
#10949=CARTESIAN_POINT('',(-0.022575,0.002225,0.0016));
#10950=CARTESIAN_POINT('',(-0.034575,0.002225,0.0016));
#10951=CARTESIAN_POINT('',(-0.034575,0.003525,0.0016));
#10952=CARTESIAN_POINT('',(-0.035875,0.003525,0.0016));
#10953=CARTESIAN_POINT('',(-0.035875,0.011425,0.0016));
#10954=CARTESIAN_POINT('',(-0.035875,0.015525,0.0016));
#10955=CARTESIAN_POINT('',(-0.034575,0.015525,0.0016));
#10956=CARTESIAN_POINT('',(-0.034575,0.016825,0.0016));
#10957=CARTESIAN_POINT('',(6.93889390390723E-18,0.016825,0.0016));
#10958=CARTESIAN_POINT('',(-0.022575,0.016825,0.0016));
#10959=CARTESIAN_POINT('',(-0.022575,0.015525,0.0016));
#10960=CARTESIAN_POINT('',(-0.021275,0.015525,0.0016));
#10961=CARTESIAN_POINT('',(-0.021275,0.003525,0.0016));
#10962=CARTESIAN_POINT('',(-0.021275,0.003525,0.0016));
#10963=CARTESIAN_POINT('',(-0.022575,0.003525,0.0016));
#10964=CARTESIAN_POINT('',(0.022575,-0.016825,0.0016));
#10965=CARTESIAN_POINT('',(0.034575,-0.016825,0.0016));
#10966=CARTESIAN_POINT('',(0.022575,-0.016825,0.0016));
#10967=CARTESIAN_POINT('',(0.022575,-0.015525,0.0016));
#10968=CARTESIAN_POINT('',(0.021275,-0.015525,0.0016));
#10969=CARTESIAN_POINT('',(0.021275,0.011425,0.0016));
#10970=CARTESIAN_POINT('',(0.021275,-0.003525,0.0016));
#10971=CARTESIAN_POINT('',(0.022575,-0.003525,0.0016));
#10972=CARTESIAN_POINT('',(0.022575,-0.002225,0.0016));
#10973=CARTESIAN_POINT('',(6.93889390390723E-18,-0.002225,0.0016));
#10974=CARTESIAN_POINT('',(0.034575,-0.002225,0.0016));
#10975=CARTESIAN_POINT('',(0.034575,-0.003525,0.0016));
#10976=CARTESIAN_POINT('',(0.035875,-0.003525,0.0016));
#10977=CARTESIAN_POINT('',(0.035875,-0.015525,0.0016));
#10978=CARTESIAN_POINT('',(0.035875,-0.015525,0.0016));
#10979=CARTESIAN_POINT('',(0.034575,-0.015525,0.0016));
#10980=CARTESIAN_POINT('',(0.003525,-0.016825,0.0016));
#10981=CARTESIAN_POINT('',(0.015525,-0.016825,0.0016));
#10982=CARTESIAN_POINT('',(0.003525,-0.016825,0.0016));
#10983=CARTESIAN_POINT('',(0.003525,-0.015525,0.0016));
#10984=CARTESIAN_POINT('',(0.002225,-0.015525,0.0016));
#10985=CARTESIAN_POINT('',(0.002225,0.011425,0.0016));
#10986=CARTESIAN_POINT('',(0.002225,-0.003525,0.0016));
#10987=CARTESIAN_POINT('',(0.003525,-0.003525,0.0016));
#10988=CARTESIAN_POINT('',(0.003525,-0.002225,0.0016));
#10989=CARTESIAN_POINT('',(6.93889390390723E-18,-0.002225,0.0016));
#10990=CARTESIAN_POINT('',(0.015525,-0.002225,0.0016));
#10991=CARTESIAN_POINT('',(0.015525,-0.003525,0.0016));
#10992=CARTESIAN_POINT('',(0.016825,-0.003525,0.0016));
#10993=CARTESIAN_POINT('',(0.016825,-0.015525,0.0016));
#10994=CARTESIAN_POINT('',(0.016825,-0.015525,0.0016));
#10995=CARTESIAN_POINT('',(0.015525,-0.015525,0.0016));
#10996=CARTESIAN_POINT('',(-0.015525,-0.016825,0.0016));
#10997=CARTESIAN_POINT('',(-0.003525,-0.016825,0.0016));
#10998=CARTESIAN_POINT('',(-0.015525,-0.016825,0.0016));
#10999=CARTESIAN_POINT('',(-0.015525,-0.015525,0.0016));
#11000=CARTESIAN_POINT('',(-0.016825,-0.015525,0.0016));
#11001=CARTESIAN_POINT('',(-0.016825,0.011425,0.0016));
#11002=CARTESIAN_POINT('',(-0.016825,-0.003525,0.0016));
#11003=CARTESIAN_POINT('',(-0.015525,-0.003525,0.0016));
#11004=CARTESIAN_POINT('',(-0.015525,-0.002225,0.0016));
#11005=CARTESIAN_POINT('',(6.93889390390723E-18,-0.002225,0.0016));
#11006=CARTESIAN_POINT('',(-0.003525,-0.002225,0.0016));
#11007=CARTESIAN_POINT('',(-0.003525,-0.003525,0.0016));
#11008=CARTESIAN_POINT('',(-0.002225,-0.003525,0.0016));
#11009=CARTESIAN_POINT('',(-0.002225,-0.015525,0.0016));
#11010=CARTESIAN_POINT('',(-0.002225,-0.015525,0.0016));
#11011=CARTESIAN_POINT('',(-0.003525,-0.015525,0.0016));
#11012=CARTESIAN_POINT('',(-0.034575,-0.016825,0.0016));
#11013=CARTESIAN_POINT('',(-0.022575,-0.016825,0.0016));
#11014=CARTESIAN_POINT('',(-0.034575,-0.016825,0.0016));
#11015=CARTESIAN_POINT('',(-0.034575,-0.015525,0.0016));
#11016=CARTESIAN_POINT('',(-0.035875,-0.015525,0.0016));
#11017=CARTESIAN_POINT('',(-0.035875,0.011425,0.0016));
#11018=CARTESIAN_POINT('',(-0.035875,-0.003525,0.0016));
#11019=CARTESIAN_POINT('',(-0.034575,-0.003525,0.0016));
#11020=CARTESIAN_POINT('',(-0.034575,-0.002225,0.0016));
#11021=CARTESIAN_POINT('',(6.93889390390723E-18,-0.002225,0.0016));
#11022=CARTESIAN_POINT('',(-0.022575,-0.002225,0.0016));
#11023=CARTESIAN_POINT('',(-0.022575,-0.003525,0.0016));
#11024=CARTESIAN_POINT('',(-0.021275,-0.003525,0.0016));
#11025=CARTESIAN_POINT('',(-0.021275,-0.015525,0.0016));
#11026=CARTESIAN_POINT('',(-0.021275,-0.015525,0.0016));
#11027=CARTESIAN_POINT('',(-0.022575,-0.015525,0.0016));
#11028=CARTESIAN_POINT('',(0.022575,-0.035875,0.0016));
#11029=CARTESIAN_POINT('',(0.034575,-0.035875,0.0016));
#11030=CARTESIAN_POINT('',(0.022575,-0.035875,0.0016));
#11031=CARTESIAN_POINT('',(0.022575,-0.034575,0.0016));
#11032=CARTESIAN_POINT('',(0.021275,-0.034575,0.0016));
#11033=CARTESIAN_POINT('',(0.021275,0.011425,0.0016));
#11034=CARTESIAN_POINT('',(0.021275,-0.022575,0.0016));
#11035=CARTESIAN_POINT('',(0.022575,-0.022575,0.0016));
#11036=CARTESIAN_POINT('',(0.022575,-0.021275,0.0016));
#11037=CARTESIAN_POINT('',(6.93889390390723E-18,-0.021275,0.0016));
#11038=CARTESIAN_POINT('',(0.034575,-0.021275,0.0016));
#11039=CARTESIAN_POINT('',(0.034575,-0.022575,0.0016));
#11040=CARTESIAN_POINT('',(0.035875,-0.022575,0.0016));
#11041=CARTESIAN_POINT('',(0.035875,-0.034575,0.0016));
#11042=CARTESIAN_POINT('',(0.035875,-0.034575,0.0016));
#11043=CARTESIAN_POINT('',(0.034575,-0.034575,0.0016));
#11044=CARTESIAN_POINT('',(0.003525,-0.035875,0.0016));
#11045=CARTESIAN_POINT('',(0.015525,-0.035875,0.0016));
#11046=CARTESIAN_POINT('',(0.003525,-0.035875,0.0016));
#11047=CARTESIAN_POINT('',(0.003525,-0.034575,0.0016));
#11048=CARTESIAN_POINT('',(0.002225,-0.034575,0.0016));
#11049=CARTESIAN_POINT('',(0.002225,0.011425,0.0016));
#11050=CARTESIAN_POINT('',(0.002225,-0.022575,0.0016));
#11051=CARTESIAN_POINT('',(0.003525,-0.022575,0.0016));
#11052=CARTESIAN_POINT('',(0.003525,-0.021275,0.0016));
#11053=CARTESIAN_POINT('',(6.93889390390723E-18,-0.021275,0.0016));
#11054=CARTESIAN_POINT('',(0.015525,-0.021275,0.0016));
#11055=CARTESIAN_POINT('',(0.015525,-0.022575,0.0016));
#11056=CARTESIAN_POINT('',(0.016825,-0.022575,0.0016));
#11057=CARTESIAN_POINT('',(0.016825,-0.034575,0.0016));
#11058=CARTESIAN_POINT('',(0.016825,-0.034575,0.0016));
#11059=CARTESIAN_POINT('',(0.015525,-0.034575,0.0016));
#11060=CARTESIAN_POINT('',(-0.015525,-0.035875,0.0016));
#11061=CARTESIAN_POINT('',(-0.003525,-0.035875,0.0016));
#11062=CARTESIAN_POINT('',(-0.015525,-0.035875,0.0016));
#11063=CARTESIAN_POINT('',(-0.015525,-0.034575,0.0016));
#11064=CARTESIAN_POINT('',(-0.016825,-0.034575,0.0016));
#11065=CARTESIAN_POINT('',(-0.016825,0.011425,0.0016));
#11066=CARTESIAN_POINT('',(-0.016825,-0.022575,0.0016));
#11067=CARTESIAN_POINT('',(-0.015525,-0.022575,0.0016));
#11068=CARTESIAN_POINT('',(-0.015525,-0.021275,0.0016));
#11069=CARTESIAN_POINT('',(6.93889390390723E-18,-0.021275,0.0016));
#11070=CARTESIAN_POINT('',(-0.003525,-0.021275,0.0016));
#11071=CARTESIAN_POINT('',(-0.003525,-0.022575,0.0016));
#11072=CARTESIAN_POINT('',(-0.002225,-0.022575,0.0016));
#11073=CARTESIAN_POINT('',(-0.002225,-0.034575,0.0016));
#11074=CARTESIAN_POINT('',(-0.002225,-0.034575,0.0016));
#11075=CARTESIAN_POINT('',(-0.003525,-0.034575,0.0016));
#11076=CARTESIAN_POINT('',(0.041,0.057425,0.0016));
#11077=CARTESIAN_POINT('',(0.0468,0.057425,0.0016));
#11078=CARTESIAN_POINT('',(0.041,0.063225,0.0016));
#11079=CARTESIAN_POINT('',(6.93889390390723E-18,0.063225,0.0016));
#11080=CARTESIAN_POINT('',(-0.041,0.063225,0.0016));
#11081=CARTESIAN_POINT('',(-0.041,0.057425,0.0016));
#11082=CARTESIAN_POINT('',(-0.0468,0.057425,0.0016));
#11083=CARTESIAN_POINT('',(-0.0468,-0.034575,0.0016));
#11084=CARTESIAN_POINT('',(-0.0468,-0.034575,0.0016));
#11085=CARTESIAN_POINT('',(-0.041,-0.034575,0.0016));
#11086=CARTESIAN_POINT('',(-0.041,-0.040375,0.0016));
#11087=CARTESIAN_POINT('',(0.041,-0.040375,0.0016));
#11088=CARTESIAN_POINT('',(0.041,-0.040375,0.0016));
#11089=CARTESIAN_POINT('',(0.041,-0.034575,0.0016));
#11090=CARTESIAN_POINT('',(0.0468,-0.034575,0.0016));
#11091=CARTESIAN_POINT('',(0.0468,0.011425,0.0016));
#11092=CARTESIAN_POINT('',(-0.043,-0.034575,0.0016));
#11093=CARTESIAN_POINT('',(-0.04115,-0.034575,0.0016));
#11094=CARTESIAN_POINT('',(-0.043,0.057425,0.0016));
#11095=CARTESIAN_POINT('',(-0.04115,0.057425,0.0016));
#11096=CARTESIAN_POINT('',(-0.043,0.011425,0.0016));
#11097=CARTESIAN_POINT('',(-0.04115,0.011425,0.0016));
#11098=CARTESIAN_POINT('',(0.043,0.011425,0.0016));
#11099=CARTESIAN_POINT('',(0.04485,0.011425,0.0016));
#11100=CARTESIAN_POINT('',(0.043,0.057425,0.0016));
#11101=CARTESIAN_POINT('',(0.04485,0.057425,0.0016));
#11102=CARTESIAN_POINT('',(0.043,-0.034575,0.0016));
#11103=CARTESIAN_POINT('',(0.04485,-0.034575,0.0016));
#11104=CARTESIAN_POINT('',(6.93889390390723E-18,-0.035875,0.0016));
#11105=CARTESIAN_POINT('',(-0.022575,-0.035875,0.0016));
#11106=CARTESIAN_POINT('',(-0.034575,-0.035875,0.0016));
#11107=CARTESIAN_POINT('',(-0.034575,-0.034575,0.0016));
#11108=CARTESIAN_POINT('',(-0.035875,-0.034575,0.0016));
#11109=CARTESIAN_POINT('',(-0.035875,-0.022575,0.0016));
#11110=CARTESIAN_POINT('',(-0.035875,-0.022575,0.0016));
#11111=CARTESIAN_POINT('',(-0.034575,-0.022575,0.0016));
#11112=CARTESIAN_POINT('',(-0.034575,-0.021275,0.0016));
#11113=CARTESIAN_POINT('',(-0.022575,-0.021275,0.0016));
#11114=CARTESIAN_POINT('',(-0.022575,-0.021275,0.0016));
#11115=CARTESIAN_POINT('',(-0.022575,-0.022575,0.0016));
#11116=CARTESIAN_POINT('',(-0.021275,-0.022575,0.0016));
#11117=CARTESIAN_POINT('',(-0.021275,0.011425,0.0016));
#11118=CARTESIAN_POINT('',(-0.021275,-0.034575,0.0016));
#11119=CARTESIAN_POINT('',(-0.022575,-0.034575,0.0016));
#11120=CARTESIAN_POINT('',(6.93889390390723E-18,0.011425,0.));
#11121=CARTESIAN_POINT('',(0.022575,0.053625,0.));
#11122=CARTESIAN_POINT('',(0.022575,0.054325,0.));
#11123=CARTESIAN_POINT('',(0.021875,0.053625,0.));
#11124=CARTESIAN_POINT('',(0.021875,0.041625,0.));
#11125=CARTESIAN_POINT('',(0.021875,0.041625,0.));
#11126=CARTESIAN_POINT('',(0.022575,0.041625,0.));
#11127=CARTESIAN_POINT('',(0.022575,0.040925,0.));
#11128=CARTESIAN_POINT('',(6.93889390390723E-18,0.040925,0.));
#11129=CARTESIAN_POINT('',(0.034575,0.040925,0.));
#11130=CARTESIAN_POINT('',(0.034575,0.041625,0.));
#11131=CARTESIAN_POINT('',(0.035275,0.041625,0.));
#11132=CARTESIAN_POINT('',(0.035275,0.011425,0.));
#11133=CARTESIAN_POINT('',(0.035275,0.053625,0.));
#11134=CARTESIAN_POINT('',(0.034575,0.053625,0.));
#11135=CARTESIAN_POINT('',(0.034575,0.054325,0.));
#11136=CARTESIAN_POINT('',(0.022575,0.054325,0.));
#11137=CARTESIAN_POINT('',(0.021275,0.022575,0.));
#11138=CARTESIAN_POINT('',(0.021275,0.034575,0.));
#11139=CARTESIAN_POINT('',(0.021275,0.022575,0.));
#11140=CARTESIAN_POINT('',(0.022575,0.022575,0.));
#11141=CARTESIAN_POINT('',(0.022575,0.021275,0.));
#11142=CARTESIAN_POINT('',(6.93889390390723E-18,0.021275,0.));
#11143=CARTESIAN_POINT('',(0.034575,0.021275,0.));
#11144=CARTESIAN_POINT('',(0.034575,0.022575,0.));
#11145=CARTESIAN_POINT('',(0.035875,0.022575,0.));
#11146=CARTESIAN_POINT('',(0.035875,0.011425,0.));
#11147=CARTESIAN_POINT('',(0.035875,0.034575,0.));
#11148=CARTESIAN_POINT('',(0.034575,0.034575,0.));
#11149=CARTESIAN_POINT('',(0.034575,0.035875,0.));
#11150=CARTESIAN_POINT('',(0.022575,0.035875,0.));
#11151=CARTESIAN_POINT('',(0.022575,0.035875,0.));
#11152=CARTESIAN_POINT('',(0.022575,0.034575,0.));
#11153=CARTESIAN_POINT('',(0.002225,0.022575,0.));
#11154=CARTESIAN_POINT('',(0.002225,0.034575,0.));
#11155=CARTESIAN_POINT('',(0.002225,0.022575,0.));
#11156=CARTESIAN_POINT('',(0.003525,0.022575,0.));
#11157=CARTESIAN_POINT('',(0.003525,0.021275,0.));
#11158=CARTESIAN_POINT('',(6.93889390390723E-18,0.021275,0.));
#11159=CARTESIAN_POINT('',(0.015525,0.021275,0.));
#11160=CARTESIAN_POINT('',(0.015525,0.022575,0.));
#11161=CARTESIAN_POINT('',(0.016825,0.022575,0.));
#11162=CARTESIAN_POINT('',(0.016825,0.011425,0.));
#11163=CARTESIAN_POINT('',(0.016825,0.034575,0.));
#11164=CARTESIAN_POINT('',(0.015525,0.034575,0.));
#11165=CARTESIAN_POINT('',(0.015525,0.035875,0.));
#11166=CARTESIAN_POINT('',(0.003525,0.035875,0.));
#11167=CARTESIAN_POINT('',(0.003525,0.035875,0.));
#11168=CARTESIAN_POINT('',(0.003525,0.034575,0.));
#11169=CARTESIAN_POINT('',(-0.016825,0.022575,0.));
#11170=CARTESIAN_POINT('',(-0.016825,0.034575,0.));
#11171=CARTESIAN_POINT('',(-0.016825,0.022575,0.));
#11172=CARTESIAN_POINT('',(-0.015525,0.022575,0.));
#11173=CARTESIAN_POINT('',(-0.015525,0.021275,0.));
#11174=CARTESIAN_POINT('',(6.93889390390723E-18,0.021275,0.));
#11175=CARTESIAN_POINT('',(-0.003525,0.021275,0.));
#11176=CARTESIAN_POINT('',(-0.003525,0.022575,0.));
#11177=CARTESIAN_POINT('',(-0.002225,0.022575,0.));
#11178=CARTESIAN_POINT('',(-0.002225,0.011425,0.));
#11179=CARTESIAN_POINT('',(-0.002225,0.034575,0.));
#11180=CARTESIAN_POINT('',(-0.003525,0.034575,0.));
#11181=CARTESIAN_POINT('',(-0.003525,0.035875,0.));
#11182=CARTESIAN_POINT('',(-0.015525,0.035875,0.));
#11183=CARTESIAN_POINT('',(-0.015525,0.035875,0.));
#11184=CARTESIAN_POINT('',(-0.015525,0.034575,0.));
#11185=CARTESIAN_POINT('',(-0.035875,0.022575,0.));
#11186=CARTESIAN_POINT('',(-0.035875,0.034575,0.));
#11187=CARTESIAN_POINT('',(-0.035875,0.022575,0.));
#11188=CARTESIAN_POINT('',(-0.034575,0.022575,0.));
#11189=CARTESIAN_POINT('',(-0.034575,0.021275,0.));
#11190=CARTESIAN_POINT('',(6.93889390390723E-18,0.021275,0.));
#11191=CARTESIAN_POINT('',(-0.022575,0.021275,0.));
#11192=CARTESIAN_POINT('',(-0.022575,0.022575,0.));
#11193=CARTESIAN_POINT('',(-0.021275,0.022575,0.));
#11194=CARTESIAN_POINT('',(-0.021275,0.011425,0.));
#11195=CARTESIAN_POINT('',(-0.021275,0.034575,0.));
#11196=CARTESIAN_POINT('',(-0.022575,0.034575,0.));
#11197=CARTESIAN_POINT('',(-0.022575,0.035875,0.));
#11198=CARTESIAN_POINT('',(-0.034575,0.035875,0.));
#11199=CARTESIAN_POINT('',(-0.034575,0.035875,0.));
#11200=CARTESIAN_POINT('',(-0.034575,0.034575,0.));
#11201=CARTESIAN_POINT('',(0.021275,0.003525,0.));
#11202=CARTESIAN_POINT('',(0.021275,0.015525,0.));
#11203=CARTESIAN_POINT('',(0.021275,0.003525,0.));
#11204=CARTESIAN_POINT('',(0.022575,0.003525,0.));
#11205=CARTESIAN_POINT('',(0.022575,0.002225,0.));
#11206=CARTESIAN_POINT('',(6.93889390390723E-18,0.002225,0.));
#11207=CARTESIAN_POINT('',(0.034575,0.002225,0.));
#11208=CARTESIAN_POINT('',(0.034575,0.003525,0.));
#11209=CARTESIAN_POINT('',(0.035875,0.003525,0.));
#11210=CARTESIAN_POINT('',(0.035875,0.011425,0.));
#11211=CARTESIAN_POINT('',(0.035875,0.015525,0.));
#11212=CARTESIAN_POINT('',(0.034575,0.015525,0.));
#11213=CARTESIAN_POINT('',(0.034575,0.016825,0.));
#11214=CARTESIAN_POINT('',(0.022575,0.016825,0.));
#11215=CARTESIAN_POINT('',(0.022575,0.016825,0.));
#11216=CARTESIAN_POINT('',(0.022575,0.015525,0.));
#11217=CARTESIAN_POINT('',(0.002225,0.003525,0.));
#11218=CARTESIAN_POINT('',(0.002225,0.015525,0.));
#11219=CARTESIAN_POINT('',(0.002225,0.003525,0.));
#11220=CARTESIAN_POINT('',(0.003525,0.003525,0.));
#11221=CARTESIAN_POINT('',(0.003525,0.002225,0.));
#11222=CARTESIAN_POINT('',(6.93889390390723E-18,0.002225,0.));
#11223=CARTESIAN_POINT('',(0.015525,0.002225,0.));
#11224=CARTESIAN_POINT('',(0.015525,0.003525,0.));
#11225=CARTESIAN_POINT('',(0.016825,0.003525,0.));
#11226=CARTESIAN_POINT('',(0.016825,0.011425,0.));
#11227=CARTESIAN_POINT('',(0.016825,0.015525,0.));
#11228=CARTESIAN_POINT('',(0.015525,0.015525,0.));
#11229=CARTESIAN_POINT('',(0.015525,0.016825,0.));
#11230=CARTESIAN_POINT('',(0.003525,0.016825,0.));
#11231=CARTESIAN_POINT('',(0.003525,0.016825,0.));
#11232=CARTESIAN_POINT('',(0.003525,0.015525,0.));
#11233=CARTESIAN_POINT('',(-0.016825,0.003525,0.));
#11234=CARTESIAN_POINT('',(-0.016825,0.015525,0.));
#11235=CARTESIAN_POINT('',(-0.016825,0.003525,0.));
#11236=CARTESIAN_POINT('',(-0.015525,0.003525,0.));
#11237=CARTESIAN_POINT('',(-0.015525,0.002225,0.));
#11238=CARTESIAN_POINT('',(6.93889390390723E-18,0.002225,0.));
#11239=CARTESIAN_POINT('',(-0.003525,0.002225,0.));
#11240=CARTESIAN_POINT('',(-0.003525,0.003525,0.));
#11241=CARTESIAN_POINT('',(-0.002225,0.003525,0.));
#11242=CARTESIAN_POINT('',(-0.002225,0.011425,0.));
#11243=CARTESIAN_POINT('',(-0.002225,0.015525,0.));
#11244=CARTESIAN_POINT('',(-0.003525,0.015525,0.));
#11245=CARTESIAN_POINT('',(-0.003525,0.016825,0.));
#11246=CARTESIAN_POINT('',(-0.015525,0.016825,0.));
#11247=CARTESIAN_POINT('',(-0.015525,0.016825,0.));
#11248=CARTESIAN_POINT('',(-0.015525,0.015525,0.));
#11249=CARTESIAN_POINT('',(-0.035875,0.003525,0.));
#11250=CARTESIAN_POINT('',(-0.035875,0.015525,0.));
#11251=CARTESIAN_POINT('',(-0.035875,0.003525,0.));
#11252=CARTESIAN_POINT('',(-0.034575,0.003525,0.));
#11253=CARTESIAN_POINT('',(-0.034575,0.002225,0.));
#11254=CARTESIAN_POINT('',(6.93889390390723E-18,0.002225,0.));
#11255=CARTESIAN_POINT('',(-0.022575,0.002225,0.));
#11256=CARTESIAN_POINT('',(-0.022575,0.003525,0.));
#11257=CARTESIAN_POINT('',(-0.021275,0.003525,0.));
#11258=CARTESIAN_POINT('',(-0.021275,0.011425,0.));
#11259=CARTESIAN_POINT('',(-0.021275,0.015525,0.));
#11260=CARTESIAN_POINT('',(-0.022575,0.015525,0.));
#11261=CARTESIAN_POINT('',(-0.022575,0.016825,0.));
#11262=CARTESIAN_POINT('',(-0.034575,0.016825,0.));
#11263=CARTESIAN_POINT('',(-0.034575,0.016825,0.));
#11264=CARTESIAN_POINT('',(-0.034575,0.015525,0.));
#11265=CARTESIAN_POINT('',(0.021275,-0.015525,0.));
#11266=CARTESIAN_POINT('',(0.021275,-0.003525,0.));
#11267=CARTESIAN_POINT('',(0.021275,-0.015525,0.));
#11268=CARTESIAN_POINT('',(0.022575,-0.015525,0.));
#11269=CARTESIAN_POINT('',(0.022575,-0.016825,0.));
#11270=CARTESIAN_POINT('',(6.93889390390723E-18,-0.016825,0.));
#11271=CARTESIAN_POINT('',(0.034575,-0.016825,0.));
#11272=CARTESIAN_POINT('',(0.034575,-0.015525,0.));
#11273=CARTESIAN_POINT('',(0.035875,-0.015525,0.));
#11274=CARTESIAN_POINT('',(0.035875,0.011425,0.));
#11275=CARTESIAN_POINT('',(0.035875,-0.003525,0.));
#11276=CARTESIAN_POINT('',(0.034575,-0.003525,0.));
#11277=CARTESIAN_POINT('',(0.034575,-0.002225,0.));
#11278=CARTESIAN_POINT('',(0.022575,-0.002225,0.));
#11279=CARTESIAN_POINT('',(0.022575,-0.002225,0.));
#11280=CARTESIAN_POINT('',(0.022575,-0.003525,0.));
#11281=CARTESIAN_POINT('',(0.002225,-0.015525,0.));
#11282=CARTESIAN_POINT('',(0.002225,-0.003525,0.));
#11283=CARTESIAN_POINT('',(0.002225,-0.015525,0.));
#11284=CARTESIAN_POINT('',(0.003525,-0.015525,0.));
#11285=CARTESIAN_POINT('',(0.003525,-0.016825,0.));
#11286=CARTESIAN_POINT('',(6.93889390390723E-18,-0.016825,0.));
#11287=CARTESIAN_POINT('',(0.015525,-0.016825,0.));
#11288=CARTESIAN_POINT('',(0.015525,-0.015525,0.));
#11289=CARTESIAN_POINT('',(0.016825,-0.015525,0.));
#11290=CARTESIAN_POINT('',(0.016825,0.011425,0.));
#11291=CARTESIAN_POINT('',(0.016825,-0.003525,0.));
#11292=CARTESIAN_POINT('',(0.015525,-0.003525,0.));
#11293=CARTESIAN_POINT('',(0.015525,-0.002225,0.));
#11294=CARTESIAN_POINT('',(0.003525,-0.002225,0.));
#11295=CARTESIAN_POINT('',(0.003525,-0.002225,0.));
#11296=CARTESIAN_POINT('',(0.003525,-0.003525,0.));
#11297=CARTESIAN_POINT('',(-0.016825,-0.015525,0.));
#11298=CARTESIAN_POINT('',(-0.016825,-0.003525,0.));
#11299=CARTESIAN_POINT('',(-0.016825,-0.015525,0.));
#11300=CARTESIAN_POINT('',(-0.015525,-0.015525,0.));
#11301=CARTESIAN_POINT('',(-0.015525,-0.016825,0.));
#11302=CARTESIAN_POINT('',(6.93889390390723E-18,-0.016825,0.));
#11303=CARTESIAN_POINT('',(-0.003525,-0.016825,0.));
#11304=CARTESIAN_POINT('',(-0.003525,-0.015525,0.));
#11305=CARTESIAN_POINT('',(-0.002225,-0.015525,0.));
#11306=CARTESIAN_POINT('',(-0.002225,0.011425,0.));
#11307=CARTESIAN_POINT('',(-0.002225,-0.003525,0.));
#11308=CARTESIAN_POINT('',(-0.003525,-0.003525,0.));
#11309=CARTESIAN_POINT('',(-0.003525,-0.002225,0.));
#11310=CARTESIAN_POINT('',(-0.015525,-0.002225,0.));
#11311=CARTESIAN_POINT('',(-0.015525,-0.002225,0.));
#11312=CARTESIAN_POINT('',(-0.015525,-0.003525,0.));
#11313=CARTESIAN_POINT('',(-0.035875,-0.015525,0.));
#11314=CARTESIAN_POINT('',(-0.035875,-0.003525,0.));
#11315=CARTESIAN_POINT('',(-0.035875,-0.015525,0.));
#11316=CARTESIAN_POINT('',(-0.034575,-0.015525,0.));
#11317=CARTESIAN_POINT('',(-0.034575,-0.016825,0.));
#11318=CARTESIAN_POINT('',(6.93889390390723E-18,-0.016825,0.));
#11319=CARTESIAN_POINT('',(-0.022575,-0.016825,0.));
#11320=CARTESIAN_POINT('',(-0.022575,-0.015525,0.));
#11321=CARTESIAN_POINT('',(-0.021275,-0.015525,0.));
#11322=CARTESIAN_POINT('',(-0.021275,0.011425,0.));
#11323=CARTESIAN_POINT('',(-0.021275,-0.003525,0.));
#11324=CARTESIAN_POINT('',(-0.022575,-0.003525,0.));
#11325=CARTESIAN_POINT('',(-0.022575,-0.002225,0.));
#11326=CARTESIAN_POINT('',(-0.034575,-0.002225,0.));
#11327=CARTESIAN_POINT('',(-0.034575,-0.002225,0.));
#11328=CARTESIAN_POINT('',(-0.034575,-0.003525,0.));
#11329=CARTESIAN_POINT('',(0.021275,-0.034575,0.));
#11330=CARTESIAN_POINT('',(0.021275,-0.022575,0.));
#11331=CARTESIAN_POINT('',(0.021275,-0.034575,0.));
#11332=CARTESIAN_POINT('',(0.022575,-0.034575,0.));
#11333=CARTESIAN_POINT('',(0.022575,-0.035875,0.));
#11334=CARTESIAN_POINT('',(6.93889390390723E-18,-0.035875,0.));
#11335=CARTESIAN_POINT('',(0.034575,-0.035875,0.));
#11336=CARTESIAN_POINT('',(0.034575,-0.034575,0.));
#11337=CARTESIAN_POINT('',(0.035875,-0.034575,0.));
#11338=CARTESIAN_POINT('',(0.035875,0.011425,0.));
#11339=CARTESIAN_POINT('',(0.035875,-0.022575,0.));
#11340=CARTESIAN_POINT('',(0.034575,-0.022575,0.));
#11341=CARTESIAN_POINT('',(0.034575,-0.021275,0.));
#11342=CARTESIAN_POINT('',(0.022575,-0.021275,0.));
#11343=CARTESIAN_POINT('',(0.022575,-0.021275,0.));
#11344=CARTESIAN_POINT('',(0.022575,-0.022575,0.));
#11345=CARTESIAN_POINT('',(0.002225,-0.034575,0.));
#11346=CARTESIAN_POINT('',(0.002225,-0.022575,0.));
#11347=CARTESIAN_POINT('',(0.002225,-0.034575,0.));
#11348=CARTESIAN_POINT('',(0.003525,-0.034575,0.));
#11349=CARTESIAN_POINT('',(0.003525,-0.035875,0.));
#11350=CARTESIAN_POINT('',(6.93889390390723E-18,-0.035875,0.));
#11351=CARTESIAN_POINT('',(0.015525,-0.035875,0.));
#11352=CARTESIAN_POINT('',(0.015525,-0.034575,0.));
#11353=CARTESIAN_POINT('',(0.016825,-0.034575,0.));
#11354=CARTESIAN_POINT('',(0.016825,0.011425,0.));
#11355=CARTESIAN_POINT('',(0.016825,-0.022575,0.));
#11356=CARTESIAN_POINT('',(0.015525,-0.022575,0.));
#11357=CARTESIAN_POINT('',(0.015525,-0.021275,0.));
#11358=CARTESIAN_POINT('',(0.003525,-0.021275,0.));
#11359=CARTESIAN_POINT('',(0.003525,-0.021275,0.));
#11360=CARTESIAN_POINT('',(0.003525,-0.022575,0.));
#11361=CARTESIAN_POINT('',(-0.016825,-0.034575,0.));
#11362=CARTESIAN_POINT('',(-0.016825,-0.022575,0.));
#11363=CARTESIAN_POINT('',(-0.016825,-0.034575,0.));
#11364=CARTESIAN_POINT('',(-0.015525,-0.034575,0.));
#11365=CARTESIAN_POINT('',(-0.015525,-0.035875,0.));
#11366=CARTESIAN_POINT('',(6.93889390390723E-18,-0.035875,0.));
#11367=CARTESIAN_POINT('',(-0.003525,-0.035875,0.));
#11368=CARTESIAN_POINT('',(-0.003525,-0.034575,0.));
#11369=CARTESIAN_POINT('',(-0.002225,-0.034575,0.));
#11370=CARTESIAN_POINT('',(-0.002225,0.011425,0.));
#11371=CARTESIAN_POINT('',(-0.002225,-0.022575,0.));
#11372=CARTESIAN_POINT('',(-0.003525,-0.022575,0.));
#11373=CARTESIAN_POINT('',(-0.003525,-0.021275,0.));
#11374=CARTESIAN_POINT('',(-0.015525,-0.021275,0.));
#11375=CARTESIAN_POINT('',(-0.015525,-0.021275,0.));
#11376=CARTESIAN_POINT('',(-0.015525,-0.022575,0.));
#11377=CARTESIAN_POINT('',(-0.043,-0.034575,0.));
#11378=CARTESIAN_POINT('',(-0.04115,-0.034575,0.));
#11379=CARTESIAN_POINT('',(-0.043,0.057425,0.));
#11380=CARTESIAN_POINT('',(-0.04115,0.057425,0.));
#11381=CARTESIAN_POINT('',(-0.043,0.011425,0.));
#11382=CARTESIAN_POINT('',(-0.04115,0.011425,0.));
#11383=CARTESIAN_POINT('',(0.043,0.011425,0.));
#11384=CARTESIAN_POINT('',(0.04485,0.011425,0.));
#11385=CARTESIAN_POINT('',(0.043,0.057425,0.));
#11386=CARTESIAN_POINT('',(0.04485,0.057425,0.));
#11387=CARTESIAN_POINT('',(0.043,-0.034575,0.));
#11388=CARTESIAN_POINT('',(0.04485,-0.034575,0.));
#11389=CARTESIAN_POINT('',(-0.035875,0.011425,0.));
#11390=CARTESIAN_POINT('',(-0.035875,-0.022575,0.));
#11391=CARTESIAN_POINT('',(-0.035875,-0.034575,0.));
#11392=CARTESIAN_POINT('',(-0.034575,-0.034575,0.));
#11393=CARTESIAN_POINT('',(-0.034575,-0.035875,0.));
#11394=CARTESIAN_POINT('',(-0.022575,-0.035875,0.));
#11395=CARTESIAN_POINT('',(-0.022575,-0.035875,0.));
#11396=CARTESIAN_POINT('',(-0.022575,-0.034575,0.));
#11397=CARTESIAN_POINT('',(-0.021275,-0.034575,0.));
#11398=CARTESIAN_POINT('',(-0.021275,-0.022575,0.));
#11399=CARTESIAN_POINT('',(-0.021275,-0.022575,0.));
#11400=CARTESIAN_POINT('',(-0.022575,-0.022575,0.));
#11401=CARTESIAN_POINT('',(-0.022575,-0.021275,0.));
#11402=CARTESIAN_POINT('',(6.93889390390723E-18,-0.021275,0.));
#11403=CARTESIAN_POINT('',(-0.034575,-0.021275,0.));
#11404=CARTESIAN_POINT('',(-0.034575,-0.022575,0.));
#11405=CARTESIAN_POINT('',(-0.041,0.057425,0.));
#11406=CARTESIAN_POINT('',(-0.0468,0.057425,0.));
#11407=CARTESIAN_POINT('',(-0.041,0.063225,0.));
#11408=CARTESIAN_POINT('',(-0.014925,0.063225,0.));
#11409=CARTESIAN_POINT('',(-0.014925,0.063225,0.));
#11410=CARTESIAN_POINT('',(-0.014925,0.011425,0.));
#11411=CARTESIAN_POINT('',(-0.014925,0.0600463203435596,0.));
#11412=CARTESIAN_POINT('',(-0.013925,0.0600463203435596,0.));
#11413=CARTESIAN_POINT('',(-0.013925,0.0586321067811865,0.));
#11414=CARTESIAN_POINT('',(-0.00965,0.0586321067811865,0.));
#11415=CARTESIAN_POINT('',(-0.005375,0.0586321067811865,0.));
#11416=CARTESIAN_POINT('',(-0.005375,0.0600463203435596,0.));
#11417=CARTESIAN_POINT('',(-0.004375,0.0600463203435596,0.));
#11418=CARTESIAN_POINT('',(-0.004375,0.011425,0.));
#11419=CARTESIAN_POINT('',(-0.004375,0.063225,0.));
#11420=CARTESIAN_POINT('',(0.041,0.063225,0.));
#11421=CARTESIAN_POINT('',(0.041,0.063225,0.));
#11422=CARTESIAN_POINT('',(0.041,0.057425,0.));
#11423=CARTESIAN_POINT('',(0.0468,0.057425,0.));
#11424=CARTESIAN_POINT('',(0.0468,-0.034575,0.));
#11425=CARTESIAN_POINT('',(0.0468,-0.034575,0.));
#11426=CARTESIAN_POINT('',(0.041,-0.034575,0.));
#11427=CARTESIAN_POINT('',(0.041,-0.040375,0.));
#11428=CARTESIAN_POINT('',(6.93889390390723E-18,-0.040375,0.));
#11429=CARTESIAN_POINT('',(-0.041,-0.040375,0.));
#11430=CARTESIAN_POINT('',(-0.041,-0.034575,0.));
#11431=CARTESIAN_POINT('',(-0.0468,-0.034575,0.));
#11432=CARTESIAN_POINT('',(-0.0468,0.011425,0.));
#11433=CARTESIAN_POINT('',(0.028575,0.054125,0.0016));
#11434=CARTESIAN_POINT('',(0.022575,0.054125,0.));
#11435=CARTESIAN_POINT('',(0.022575,0.054125,0.0014));
#11436=CARTESIAN_POINT('',(0.022575,0.054125,0.0002));
#11437=CARTESIAN_POINT('',(0.034575,0.054125,0.0002));
#11438=CARTESIAN_POINT('',(0.034575,0.054125,0.0002));
#11439=CARTESIAN_POINT('',(0.034575,0.054125,0.0016));
#11440=CARTESIAN_POINT('',(0.034575,0.054125,0.0014));
#11441=CARTESIAN_POINT('',(0.028575,0.054125,0.0014));
#11442=CARTESIAN_POINT('',(0.035075,0.047625,0.0016));
#11443=CARTESIAN_POINT('',(0.035075,0.053625,0.0016));
#11444=CARTESIAN_POINT('',(0.035075,0.053625,0.0014));
#11445=CARTESIAN_POINT('',(0.035075,0.053625,0.0002));
#11446=CARTESIAN_POINT('',(0.035075,0.047625,0.0002));
#11447=CARTESIAN_POINT('',(0.035075,0.041625,0.0002));
#11448=CARTESIAN_POINT('',(0.035075,0.041625,0.0016));
#11449=CARTESIAN_POINT('',(0.035075,0.041625,0.0014));
#11450=CARTESIAN_POINT('',(0.035075,0.053625,0.0014));
#11451=CARTESIAN_POINT('',(0.028575,0.041125,0.0016));
#11452=CARTESIAN_POINT('',(0.034575,0.041125,0.));
#11453=CARTESIAN_POINT('',(0.034575,0.041125,0.0014));
#11454=CARTESIAN_POINT('',(0.034575,0.041125,0.0002));
#11455=CARTESIAN_POINT('',(0.028575,0.041125,0.0002));
#11456=CARTESIAN_POINT('',(0.022575,0.041125,0.0002));
#11457=CARTESIAN_POINT('',(0.022575,0.041125,0.0016));
#11458=CARTESIAN_POINT('',(0.022575,0.041125,0.0014));
#11459=CARTESIAN_POINT('',(0.034575,0.041125,0.0014));
#11460=CARTESIAN_POINT('',(1.38777878078145E-17,-0.040575,0.0016));
#11461=CARTESIAN_POINT('',(-0.041,-0.040575,0.0016));
#11462=CARTESIAN_POINT('',(-0.041,-0.040575,0.0014));
#11463=CARTESIAN_POINT('',(-0.041,-0.040575,0.0002));
#11464=CARTESIAN_POINT('',(1.38777878078145E-17,-0.040575,0.0002));
#11465=CARTESIAN_POINT('',(0.041,-0.040575,0.0002));
#11466=CARTESIAN_POINT('',(0.041,-0.040575,0.0016));
#11467=CARTESIAN_POINT('',(0.041,-0.040575,0.0014));
#11468=CARTESIAN_POINT('',(-0.041,-0.040575,0.0014));
#11469=CARTESIAN_POINT('',(-0.022575,-0.022575,0.0016));
#11470=CARTESIAN_POINT('',(-0.022575,-0.021475,0.0016));
#11471=CARTESIAN_POINT('',(-0.022575,-0.021475,0.0014));
#11472=CARTESIAN_POINT('',(-0.022575,-0.021475,0.0002));
#11473=CARTESIAN_POINT('',(-0.022575,-0.022575,0.0002));
#11474=CARTESIAN_POINT('',(-0.021475,-0.022575,0.0002));
#11475=CARTESIAN_POINT('',(-0.021475,-0.022575,0.0016));
#11476=CARTESIAN_POINT('',(-0.021475,-0.022575,0.0014));
#11477=CARTESIAN_POINT('',(-0.022575,-0.022575,0.0014));
#11478=CARTESIAN_POINT('',(-0.021475,-0.028575,0.0016));
#11479=CARTESIAN_POINT('',(-0.021475,-0.034575,0.0002));
#11480=CARTESIAN_POINT('',(-0.021475,-0.034575,0.0002));
#11481=CARTESIAN_POINT('',(-0.021475,-0.034575,0.0016));
#11482=CARTESIAN_POINT('',(-0.021475,-0.034575,0.0014));
#11483=CARTESIAN_POINT('',(-0.021475,-0.028575,0.0014));
#11484=CARTESIAN_POINT('',(-0.022575,-0.034575,0.0016));
#11485=CARTESIAN_POINT('',(-0.022575,-0.034575,0.0002));
#11486=CARTESIAN_POINT('',(-0.022575,-0.035675,0.0002));
#11487=CARTESIAN_POINT('',(-0.022575,-0.035675,0.0016));
#11488=CARTESIAN_POINT('',(-0.022575,-0.035675,0.0014));
#11489=CARTESIAN_POINT('',(-0.022575,-0.034575,0.0014));
#11490=CARTESIAN_POINT('',(-0.028575,-0.035675,0.0016));
#11491=CARTESIAN_POINT('',(-0.034575,-0.035675,0.0002));
#11492=CARTESIAN_POINT('',(-0.034575,-0.035675,0.0002));
#11493=CARTESIAN_POINT('',(-0.034575,-0.035675,0.0016));
#11494=CARTESIAN_POINT('',(-0.034575,-0.035675,0.0014));
#11495=CARTESIAN_POINT('',(-0.028575,-0.035675,0.0014));
#11496=CARTESIAN_POINT('',(-0.034575,-0.034575,0.0016));
#11497=CARTESIAN_POINT('',(-0.034575,-0.034575,0.0002));
#11498=CARTESIAN_POINT('',(-0.035675,-0.034575,0.0002));
#11499=CARTESIAN_POINT('',(-0.035675,-0.034575,0.0016));
#11500=CARTESIAN_POINT('',(-0.035675,-0.034575,0.0014));
#11501=CARTESIAN_POINT('',(-0.034575,-0.034575,0.0014));
#11502=CARTESIAN_POINT('',(-0.035675,-0.028575,0.0016));
#11503=CARTESIAN_POINT('',(-0.035675,-0.028575,0.0002));
#11504=CARTESIAN_POINT('',(-0.035675,-0.022575,0.0002));
#11505=CARTESIAN_POINT('',(-0.035675,-0.022575,0.0016));
#11506=CARTESIAN_POINT('',(-0.035675,-0.022575,0.0014));
#11507=CARTESIAN_POINT('',(-0.035675,-0.034575,0.0014));
#11508=CARTESIAN_POINT('',(-0.034575,-0.022575,0.0016));
#11509=CARTESIAN_POINT('',(-0.034575,-0.022575,0.0002));
#11510=CARTESIAN_POINT('',(-0.034575,-0.021475,0.0002));
#11511=CARTESIAN_POINT('',(-0.034575,-0.021475,0.0016));
#11512=CARTESIAN_POINT('',(-0.034575,-0.021475,0.0014));
#11513=CARTESIAN_POINT('',(-0.034575,-0.022575,0.0014));
#11514=CARTESIAN_POINT('',(-0.028575,-0.021475,0.0016));
#11515=CARTESIAN_POINT('',(-0.028575,-0.021475,0.0002));
#11516=CARTESIAN_POINT('',(-0.034575,-0.021475,0.0014));
#11517=CARTESIAN_POINT('',(0.022075,0.047625,0.0016));
#11518=CARTESIAN_POINT('',(0.022075,0.041625,0.0016));
#11519=CARTESIAN_POINT('',(0.022075,0.041625,0.0014));
#11520=CARTESIAN_POINT('',(0.022075,0.041625,0.0002));
#11521=CARTESIAN_POINT('',(0.022075,0.053625,0.0002));
#11522=CARTESIAN_POINT('',(0.022075,0.053625,0.0002));
#11523=CARTESIAN_POINT('',(0.022075,0.053625,0.0016));
#11524=CARTESIAN_POINT('',(0.022075,0.053625,0.0014));
#11525=CARTESIAN_POINT('',(0.022075,0.047625,0.0014));
#11526=CARTESIAN_POINT('',(0.043,-0.034575,-2.00000000000005E-6));
#11527=CARTESIAN_POINT('',(0.043,-0.034575,0.0002));
#11528=CARTESIAN_POINT('',(0.04465,-0.034575,0.0002));
#11529=CARTESIAN_POINT('',(0.043,-0.034575,0.0014));
#11530=CARTESIAN_POINT('',(0.04465,-0.034575,0.0014));
#11531=CARTESIAN_POINT('',(0.043,0.057425,-2.00000000000005E-6));
#11532=CARTESIAN_POINT('',(0.043,0.057425,0.0002));
#11533=CARTESIAN_POINT('',(0.04465,0.057425,0.0002));
#11534=CARTESIAN_POINT('',(0.043,0.057425,0.0014));
#11535=CARTESIAN_POINT('',(0.04465,0.057425,0.0014));
#11536=CARTESIAN_POINT('',(0.043,0.011425,-2.00000000000005E-6));
#11537=CARTESIAN_POINT('',(0.043,0.011425,0.0002));
#11538=CARTESIAN_POINT('',(0.04465,0.011425,0.0002));
#11539=CARTESIAN_POINT('',(0.043,0.011425,0.0014));
#11540=CARTESIAN_POINT('',(0.04465,0.011425,0.0014));
#11541=CARTESIAN_POINT('',(0.047,0.011425,-2.00000000000005E-6));
#11542=CARTESIAN_POINT('',(0.047,-0.034575,0.));
#11543=CARTESIAN_POINT('',(0.047,-0.034575,0.0014));
#11544=CARTESIAN_POINT('',(0.047,-0.034575,0.0002));
#11545=CARTESIAN_POINT('',(0.047,0.057425,0.0002));
#11546=CARTESIAN_POINT('',(0.047,0.057425,0.0002));
#11547=CARTESIAN_POINT('',(0.047,0.057425,-2.00000000000005E-6));
#11548=CARTESIAN_POINT('',(0.047,0.057425,0.0014));
#11549=CARTESIAN_POINT('',(0.047,0.011425,0.0014));
#11550=CARTESIAN_POINT('',(-0.043,-0.034575,-2.00000000000005E-6));
#11551=CARTESIAN_POINT('',(-0.043,-0.034575,0.0002));
#11552=CARTESIAN_POINT('',(-0.04135,-0.034575,0.0002));
#11553=CARTESIAN_POINT('',(-0.043,-0.034575,0.0014));
#11554=CARTESIAN_POINT('',(-0.04135,-0.034575,0.0014));
#11555=CARTESIAN_POINT('',(-0.043,0.011425,-2.00000000000005E-6));
#11556=CARTESIAN_POINT('',(-0.043,0.011425,0.0002));
#11557=CARTESIAN_POINT('',(-0.04135,0.011425,0.0002));
#11558=CARTESIAN_POINT('',(-0.043,0.011425,0.0014));
#11559=CARTESIAN_POINT('',(-0.04135,0.011425,0.0014));
#11560=CARTESIAN_POINT('',(-0.043,0.057425,-2.00000000000005E-6));
#11561=CARTESIAN_POINT('',(-0.043,0.057425,0.0002));
#11562=CARTESIAN_POINT('',(-0.04135,0.057425,0.0002));
#11563=CARTESIAN_POINT('',(-0.043,0.057425,0.0014));
#11564=CARTESIAN_POINT('',(-0.04135,0.057425,0.0014));
#11565=CARTESIAN_POINT('',(-0.047,0.011425,-2.00000000000005E-6));
#11566=CARTESIAN_POINT('',(-0.047,0.057425,0.));
#11567=CARTESIAN_POINT('',(-0.047,0.057425,0.0014));
#11568=CARTESIAN_POINT('',(-0.047,0.057425,0.0002));
#11569=CARTESIAN_POINT('',(-0.047,0.011425,0.0002));
#11570=CARTESIAN_POINT('',(-0.047,-0.034575,0.0002));
#11571=CARTESIAN_POINT('',(-0.047,-0.034575,-2.00000000000005E-6));
#11572=CARTESIAN_POINT('',(-0.047,-0.034575,0.0014));
#11573=CARTESIAN_POINT('',(-0.047,0.057425,0.0014));
#11574=CARTESIAN_POINT('',(-0.041,0.057425,0.0016));
#11575=CARTESIAN_POINT('',(-0.041,0.057425,0.0002));
#11576=CARTESIAN_POINT('',(-0.041,0.057425,0.0014));
#11577=CARTESIAN_POINT('',(0.041,0.057425,-2.00000000000005E-6));
#11578=CARTESIAN_POINT('',(0.041,0.057425,0.0002));
#11579=CARTESIAN_POINT('',(0.041,0.057425,0.0014));
#11580=CARTESIAN_POINT('',(0.041,-0.034575,0.0016));
#11581=CARTESIAN_POINT('',(0.041,-0.034575,0.0002));
#11582=CARTESIAN_POINT('',(0.041,-0.034575,0.0014));
#11583=CARTESIAN_POINT('',(-0.041,-0.034575,-2.00000000000005E-6));
#11584=CARTESIAN_POINT('',(-0.041,-0.034575,0.0002));
#11585=CARTESIAN_POINT('',(-0.041,-0.034575,0.0014));
#11586=CARTESIAN_POINT('',(-0.034575,0.022575,-0.0234));
#11587=CARTESIAN_POINT('',(-0.034575,0.021475,-0.0234));
#11588=CARTESIAN_POINT('',(-0.034575,0.021475,0.0002));
#11589=CARTESIAN_POINT('',(-0.034575,0.021475,0.0014));
#11590=CARTESIAN_POINT('',(-0.034575,0.022575,0.0002));
#11591=CARTESIAN_POINT('',(-0.035675,0.022575,0.0002));
#11592=CARTESIAN_POINT('',(-0.035675,0.022575,-0.0234));
#11593=CARTESIAN_POINT('',(-0.035675,0.022575,0.0014));
#11594=CARTESIAN_POINT('',(-0.034575,0.022575,0.0014));
#11595=CARTESIAN_POINT('',(-0.028575,0.021475,-0.0234));
#11596=CARTESIAN_POINT('',(-0.022575,0.021475,-0.0234));
#11597=CARTESIAN_POINT('',(-0.022575,0.021475,0.0002));
#11598=CARTESIAN_POINT('',(-0.022575,0.021475,0.0014));
#11599=CARTESIAN_POINT('',(-0.028575,0.021475,0.0002));
#11600=CARTESIAN_POINT('',(-0.022575,0.021475,0.0014));
#11601=CARTESIAN_POINT('',(-0.022575,0.022575,-0.0234));
#11602=CARTESIAN_POINT('',(-0.021475,0.022575,-0.0234));
#11603=CARTESIAN_POINT('',(-0.021475,0.022575,0.0002));
#11604=CARTESIAN_POINT('',(-0.021475,0.022575,0.0014));
#11605=CARTESIAN_POINT('',(-0.022575,0.022575,0.0002));
#11606=CARTESIAN_POINT('',(-0.022575,0.022575,0.0014));
#11607=CARTESIAN_POINT('',(-0.021475,0.028575,-0.0234));
#11608=CARTESIAN_POINT('',(-0.021475,0.034575,-0.0234));
#11609=CARTESIAN_POINT('',(-0.021475,0.034575,0.0002));
#11610=CARTESIAN_POINT('',(-0.021475,0.034575,0.0014));
#11611=CARTESIAN_POINT('',(-0.021475,0.028575,0.0002));
#11612=CARTESIAN_POINT('',(-0.021475,0.034575,0.0014));
#11613=CARTESIAN_POINT('',(-0.022575,0.034575,-0.0234));
#11614=CARTESIAN_POINT('',(-0.022575,0.035675,-0.0234));
#11615=CARTESIAN_POINT('',(-0.022575,0.035675,0.0002));
#11616=CARTESIAN_POINT('',(-0.022575,0.035675,0.0014));
#11617=CARTESIAN_POINT('',(-0.022575,0.034575,0.0002));
#11618=CARTESIAN_POINT('',(-0.022575,0.034575,0.0014));
#11619=CARTESIAN_POINT('',(-0.028575,0.035675,-0.0234));
#11620=CARTESIAN_POINT('',(-0.034575,0.035675,-0.0234));
#11621=CARTESIAN_POINT('',(-0.034575,0.035675,0.0002));
#11622=CARTESIAN_POINT('',(-0.034575,0.035675,0.0014));
#11623=CARTESIAN_POINT('',(-0.022575,0.035675,0.0002));
#11624=CARTESIAN_POINT('',(-0.028575,0.035675,0.0014));
#11625=CARTESIAN_POINT('',(-0.034575,0.034575,-0.0234));
#11626=CARTESIAN_POINT('',(-0.035675,0.034575,-0.0234));
#11627=CARTESIAN_POINT('',(-0.035675,0.034575,0.0002));
#11628=CARTESIAN_POINT('',(-0.035675,0.034575,0.0014));
#11629=CARTESIAN_POINT('',(-0.034575,0.034575,0.0002));
#11630=CARTESIAN_POINT('',(-0.034575,0.034575,0.0014));
#11631=CARTESIAN_POINT('',(-0.035675,0.028575,-0.0234));
#11632=CARTESIAN_POINT('',(-0.035675,0.034575,0.0002));
#11633=CARTESIAN_POINT('',(-0.035675,0.028575,0.0014));
#11634=CARTESIAN_POINT('',(0.022575,0.003525,-0.0234));
#11635=CARTESIAN_POINT('',(0.022575,0.002425,-0.0234));
#11636=CARTESIAN_POINT('',(0.022575,0.002425,0.0002));
#11637=CARTESIAN_POINT('',(0.022575,0.002425,0.0014));
#11638=CARTESIAN_POINT('',(0.022575,0.003525,0.0002));
#11639=CARTESIAN_POINT('',(0.021475,0.003525,0.0002));
#11640=CARTESIAN_POINT('',(0.021475,0.003525,-0.0234));
#11641=CARTESIAN_POINT('',(0.021475,0.003525,0.0014));
#11642=CARTESIAN_POINT('',(0.022575,0.003525,0.0014));
#11643=CARTESIAN_POINT('',(0.028575,0.002425,-0.0234));
#11644=CARTESIAN_POINT('',(0.034575,0.002425,-0.0234));
#11645=CARTESIAN_POINT('',(0.034575,0.002425,0.0002));
#11646=CARTESIAN_POINT('',(0.034575,0.002425,0.0014));
#11647=CARTESIAN_POINT('',(0.028575,0.002425,0.0002));
#11648=CARTESIAN_POINT('',(0.034575,0.002425,0.0014));
#11649=CARTESIAN_POINT('',(0.034575,0.003525,-0.0234));
#11650=CARTESIAN_POINT('',(0.035675,0.003525,-0.0234));
#11651=CARTESIAN_POINT('',(0.035675,0.003525,0.0002));
#11652=CARTESIAN_POINT('',(0.035675,0.003525,0.0014));
#11653=CARTESIAN_POINT('',(0.034575,0.003525,0.0002));
#11654=CARTESIAN_POINT('',(0.034575,0.003525,0.0014));
#11655=CARTESIAN_POINT('',(0.035675,0.009525,-0.0234));
#11656=CARTESIAN_POINT('',(0.035675,0.015525,-0.0234));
#11657=CARTESIAN_POINT('',(0.035675,0.015525,0.0002));
#11658=CARTESIAN_POINT('',(0.035675,0.015525,0.0014));
#11659=CARTESIAN_POINT('',(0.035675,0.009525,0.0002));
#11660=CARTESIAN_POINT('',(0.035675,0.015525,0.0014));
#11661=CARTESIAN_POINT('',(0.034575,0.015525,-0.0234));
#11662=CARTESIAN_POINT('',(0.034575,0.016625,-0.0234));
#11663=CARTESIAN_POINT('',(0.034575,0.016625,0.0002));
#11664=CARTESIAN_POINT('',(0.034575,0.016625,0.0014));
#11665=CARTESIAN_POINT('',(0.034575,0.015525,0.0002));
#11666=CARTESIAN_POINT('',(0.034575,0.015525,0.0014));
#11667=CARTESIAN_POINT('',(0.028575,0.016625,-0.0234));
#11668=CARTESIAN_POINT('',(0.022575,0.016625,-0.0234));
#11669=CARTESIAN_POINT('',(0.022575,0.016625,0.0002));
#11670=CARTESIAN_POINT('',(0.022575,0.016625,0.0014));
#11671=CARTESIAN_POINT('',(0.034575,0.016625,0.0002));
#11672=CARTESIAN_POINT('',(0.028575,0.016625,0.0014));
#11673=CARTESIAN_POINT('',(0.022575,0.015525,-0.0234));
#11674=CARTESIAN_POINT('',(0.021475,0.015525,-0.0234));
#11675=CARTESIAN_POINT('',(0.021475,0.015525,0.0002));
#11676=CARTESIAN_POINT('',(0.021475,0.015525,0.0014));
#11677=CARTESIAN_POINT('',(0.022575,0.015525,0.0002));
#11678=CARTESIAN_POINT('',(0.022575,0.015525,0.0014));
#11679=CARTESIAN_POINT('',(0.021475,0.009525,-0.0234));
#11680=CARTESIAN_POINT('',(0.021475,0.015525,0.0002));
#11681=CARTESIAN_POINT('',(0.021475,0.009525,0.0014));
#11682=CARTESIAN_POINT('',(0.003525,0.003525,-0.0234));
#11683=CARTESIAN_POINT('',(0.003525,0.002425,-0.0234));
#11684=CARTESIAN_POINT('',(0.003525,0.002425,0.0002));
#11685=CARTESIAN_POINT('',(0.003525,0.002425,0.0014));
#11686=CARTESIAN_POINT('',(0.003525,0.003525,0.0002));
#11687=CARTESIAN_POINT('',(0.002425,0.003525,0.0002));
#11688=CARTESIAN_POINT('',(0.002425,0.003525,-0.0234));
#11689=CARTESIAN_POINT('',(0.002425,0.003525,0.0014));
#11690=CARTESIAN_POINT('',(0.003525,0.003525,0.0014));
#11691=CARTESIAN_POINT('',(0.009525,0.002425,-0.0234));
#11692=CARTESIAN_POINT('',(0.015525,0.002425,-0.0234));
#11693=CARTESIAN_POINT('',(0.015525,0.002425,0.0002));
#11694=CARTESIAN_POINT('',(0.015525,0.002425,0.0014));
#11695=CARTESIAN_POINT('',(0.009525,0.002425,0.0002));
#11696=CARTESIAN_POINT('',(0.015525,0.002425,0.0014));
#11697=CARTESIAN_POINT('',(0.015525,0.003525,-0.0234));
#11698=CARTESIAN_POINT('',(0.016625,0.003525,-0.0234));
#11699=CARTESIAN_POINT('',(0.016625,0.003525,0.0002));
#11700=CARTESIAN_POINT('',(0.016625,0.003525,0.0014));
#11701=CARTESIAN_POINT('',(0.015525,0.003525,0.0002));
#11702=CARTESIAN_POINT('',(0.015525,0.003525,0.0014));
#11703=CARTESIAN_POINT('',(0.016625,0.009525,-0.0234));
#11704=CARTESIAN_POINT('',(0.016625,0.015525,-0.0234));
#11705=CARTESIAN_POINT('',(0.016625,0.015525,0.0002));
#11706=CARTESIAN_POINT('',(0.016625,0.015525,0.0014));
#11707=CARTESIAN_POINT('',(0.016625,0.009525,0.0002));
#11708=CARTESIAN_POINT('',(0.016625,0.015525,0.0014));
#11709=CARTESIAN_POINT('',(0.015525,0.015525,-0.0234));
#11710=CARTESIAN_POINT('',(0.015525,0.016625,-0.0234));
#11711=CARTESIAN_POINT('',(0.015525,0.016625,0.0002));
#11712=CARTESIAN_POINT('',(0.015525,0.016625,0.0014));
#11713=CARTESIAN_POINT('',(0.015525,0.015525,0.0002));
#11714=CARTESIAN_POINT('',(0.015525,0.015525,0.0014));
#11715=CARTESIAN_POINT('',(0.009525,0.016625,-0.0234));
#11716=CARTESIAN_POINT('',(0.003525,0.016625,-0.0234));
#11717=CARTESIAN_POINT('',(0.003525,0.016625,0.0002));
#11718=CARTESIAN_POINT('',(0.003525,0.016625,0.0014));
#11719=CARTESIAN_POINT('',(0.015525,0.016625,0.0002));
#11720=CARTESIAN_POINT('',(0.009525,0.016625,0.0014));
#11721=CARTESIAN_POINT('',(0.003525,0.015525,-0.0234));
#11722=CARTESIAN_POINT('',(0.002425,0.015525,-0.0234));
#11723=CARTESIAN_POINT('',(0.002425,0.015525,0.0002));
#11724=CARTESIAN_POINT('',(0.002425,0.015525,0.0014));
#11725=CARTESIAN_POINT('',(0.003525,0.015525,0.0002));
#11726=CARTESIAN_POINT('',(0.003525,0.015525,0.0014));
#11727=CARTESIAN_POINT('',(0.002425,0.009525,-0.0234));
#11728=CARTESIAN_POINT('',(0.002425,0.015525,0.0002));
#11729=CARTESIAN_POINT('',(0.002425,0.009525,0.0014));
#11730=CARTESIAN_POINT('',(-0.015525,0.003525,-0.0234));
#11731=CARTESIAN_POINT('',(-0.015525,0.002425,-0.0234));
#11732=CARTESIAN_POINT('',(-0.015525,0.002425,0.0002));
#11733=CARTESIAN_POINT('',(-0.015525,0.002425,0.0014));
#11734=CARTESIAN_POINT('',(-0.015525,0.003525,0.0002));
#11735=CARTESIAN_POINT('',(-0.016625,0.003525,0.0002));
#11736=CARTESIAN_POINT('',(-0.016625,0.003525,-0.0234));
#11737=CARTESIAN_POINT('',(-0.016625,0.003525,0.0014));
#11738=CARTESIAN_POINT('',(-0.015525,0.003525,0.0014));
#11739=CARTESIAN_POINT('',(-0.009525,0.002425,-0.0234));
#11740=CARTESIAN_POINT('',(-0.003525,0.002425,-0.0234));
#11741=CARTESIAN_POINT('',(-0.003525,0.002425,0.0002));
#11742=CARTESIAN_POINT('',(-0.003525,0.002425,0.0014));
#11743=CARTESIAN_POINT('',(-0.009525,0.002425,0.0002));
#11744=CARTESIAN_POINT('',(-0.003525,0.002425,0.0014));
#11745=CARTESIAN_POINT('',(-0.003525,0.003525,-0.0234));
#11746=CARTESIAN_POINT('',(-0.002425,0.003525,-0.0234));
#11747=CARTESIAN_POINT('',(-0.002425,0.003525,0.0002));
#11748=CARTESIAN_POINT('',(-0.002425,0.003525,0.0014));
#11749=CARTESIAN_POINT('',(-0.003525,0.003525,0.0002));
#11750=CARTESIAN_POINT('',(-0.003525,0.003525,0.0014));
#11751=CARTESIAN_POINT('',(-0.002425,0.009525,-0.0234));
#11752=CARTESIAN_POINT('',(-0.002425,0.015525,-0.0234));
#11753=CARTESIAN_POINT('',(-0.002425,0.015525,0.0002));
#11754=CARTESIAN_POINT('',(-0.002425,0.015525,0.0014));
#11755=CARTESIAN_POINT('',(-0.002425,0.009525,0.0002));
#11756=CARTESIAN_POINT('',(-0.002425,0.015525,0.0014));
#11757=CARTESIAN_POINT('',(-0.003525,0.015525,-0.0234));
#11758=CARTESIAN_POINT('',(-0.003525,0.016625,-0.0234));
#11759=CARTESIAN_POINT('',(-0.003525,0.016625,0.0002));
#11760=CARTESIAN_POINT('',(-0.003525,0.016625,0.0014));
#11761=CARTESIAN_POINT('',(-0.003525,0.015525,0.0002));
#11762=CARTESIAN_POINT('',(-0.003525,0.015525,0.0014));
#11763=CARTESIAN_POINT('',(-0.009525,0.016625,-0.0234));
#11764=CARTESIAN_POINT('',(-0.015525,0.016625,-0.0234));
#11765=CARTESIAN_POINT('',(-0.015525,0.016625,0.0002));
#11766=CARTESIAN_POINT('',(-0.015525,0.016625,0.0014));
#11767=CARTESIAN_POINT('',(-0.003525,0.016625,0.0002));
#11768=CARTESIAN_POINT('',(-0.009525,0.016625,0.0014));
#11769=CARTESIAN_POINT('',(-0.015525,0.015525,-0.0234));
#11770=CARTESIAN_POINT('',(-0.016625,0.015525,-0.0234));
#11771=CARTESIAN_POINT('',(-0.016625,0.015525,0.0002));
#11772=CARTESIAN_POINT('',(-0.016625,0.015525,0.0014));
#11773=CARTESIAN_POINT('',(-0.015525,0.015525,0.0002));
#11774=CARTESIAN_POINT('',(-0.015525,0.015525,0.0014));
#11775=CARTESIAN_POINT('',(-0.016625,0.009525,-0.0234));
#11776=CARTESIAN_POINT('',(-0.016625,0.015525,0.0002));
#11777=CARTESIAN_POINT('',(-0.016625,0.009525,0.0014));
#11778=CARTESIAN_POINT('',(-0.015525,0.022575,-0.0234));
#11779=CARTESIAN_POINT('',(-0.015525,0.021475,-0.0234));
#11780=CARTESIAN_POINT('',(-0.015525,0.021475,0.0002));
#11781=CARTESIAN_POINT('',(-0.015525,0.021475,0.0014));
#11782=CARTESIAN_POINT('',(-0.015525,0.022575,0.0002));
#11783=CARTESIAN_POINT('',(-0.016625,0.022575,0.0002));
#11784=CARTESIAN_POINT('',(-0.016625,0.022575,-0.0234));
#11785=CARTESIAN_POINT('',(-0.016625,0.022575,0.0014));
#11786=CARTESIAN_POINT('',(-0.015525,0.022575,0.0014));
#11787=CARTESIAN_POINT('',(-0.009525,0.021475,-0.0234));
#11788=CARTESIAN_POINT('',(-0.003525,0.021475,-0.0234));
#11789=CARTESIAN_POINT('',(-0.003525,0.021475,0.0002));
#11790=CARTESIAN_POINT('',(-0.003525,0.021475,0.0014));
#11791=CARTESIAN_POINT('',(-0.009525,0.021475,0.0002));
#11792=CARTESIAN_POINT('',(-0.003525,0.021475,0.0014));
#11793=CARTESIAN_POINT('',(-0.003525,0.022575,-0.0234));
#11794=CARTESIAN_POINT('',(-0.002425,0.022575,-0.0234));
#11795=CARTESIAN_POINT('',(-0.002425,0.022575,0.0002));
#11796=CARTESIAN_POINT('',(-0.002425,0.022575,0.0014));
#11797=CARTESIAN_POINT('',(-0.003525,0.022575,0.0002));
#11798=CARTESIAN_POINT('',(-0.003525,0.022575,0.0014));
#11799=CARTESIAN_POINT('',(-0.002425,0.028575,-0.0234));
#11800=CARTESIAN_POINT('',(-0.002425,0.034575,-0.0234));
#11801=CARTESIAN_POINT('',(-0.002425,0.034575,0.0002));
#11802=CARTESIAN_POINT('',(-0.002425,0.034575,0.0014));
#11803=CARTESIAN_POINT('',(-0.002425,0.028575,0.0002));
#11804=CARTESIAN_POINT('',(-0.002425,0.034575,0.0014));
#11805=CARTESIAN_POINT('',(-0.003525,0.034575,-0.0234));
#11806=CARTESIAN_POINT('',(-0.003525,0.035675,-0.0234));
#11807=CARTESIAN_POINT('',(-0.003525,0.035675,0.0002));
#11808=CARTESIAN_POINT('',(-0.003525,0.035675,0.0014));
#11809=CARTESIAN_POINT('',(-0.003525,0.034575,0.0002));
#11810=CARTESIAN_POINT('',(-0.003525,0.034575,0.0014));
#11811=CARTESIAN_POINT('',(-0.009525,0.035675,-0.0234));
#11812=CARTESIAN_POINT('',(-0.015525,0.035675,-0.0234));
#11813=CARTESIAN_POINT('',(-0.015525,0.035675,0.0002));
#11814=CARTESIAN_POINT('',(-0.015525,0.035675,0.0014));
#11815=CARTESIAN_POINT('',(-0.003525,0.035675,0.0002));
#11816=CARTESIAN_POINT('',(-0.009525,0.035675,0.0014));
#11817=CARTESIAN_POINT('',(-0.015525,0.034575,-0.0234));
#11818=CARTESIAN_POINT('',(-0.016625,0.034575,-0.0234));
#11819=CARTESIAN_POINT('',(-0.016625,0.034575,0.0002));
#11820=CARTESIAN_POINT('',(-0.016625,0.034575,0.0014));
#11821=CARTESIAN_POINT('',(-0.015525,0.034575,0.0002));
#11822=CARTESIAN_POINT('',(-0.015525,0.034575,0.0014));
#11823=CARTESIAN_POINT('',(-0.016625,0.028575,-0.0234));
#11824=CARTESIAN_POINT('',(-0.016625,0.034575,0.0002));
#11825=CARTESIAN_POINT('',(-0.016625,0.028575,0.0014));
#11826=CARTESIAN_POINT('',(0.003525,0.022575,-0.0234));
#11827=CARTESIAN_POINT('',(0.003525,0.021475,-0.0234));
#11828=CARTESIAN_POINT('',(0.003525,0.021475,0.0002));
#11829=CARTESIAN_POINT('',(0.003525,0.021475,0.0014));
#11830=CARTESIAN_POINT('',(0.003525,0.022575,0.0002));
#11831=CARTESIAN_POINT('',(0.002425,0.022575,0.0002));
#11832=CARTESIAN_POINT('',(0.002425,0.022575,-0.0234));
#11833=CARTESIAN_POINT('',(0.002425,0.022575,0.0014));
#11834=CARTESIAN_POINT('',(0.003525,0.022575,0.0014));
#11835=CARTESIAN_POINT('',(0.009525,0.021475,-0.0234));
#11836=CARTESIAN_POINT('',(0.015525,0.021475,-0.0234));
#11837=CARTESIAN_POINT('',(0.015525,0.021475,0.0002));
#11838=CARTESIAN_POINT('',(0.015525,0.021475,0.0014));
#11839=CARTESIAN_POINT('',(0.009525,0.021475,0.0002));
#11840=CARTESIAN_POINT('',(0.015525,0.021475,0.0014));
#11841=CARTESIAN_POINT('',(0.015525,0.022575,-0.0234));
#11842=CARTESIAN_POINT('',(0.016625,0.022575,-0.0234));
#11843=CARTESIAN_POINT('',(0.016625,0.022575,0.0002));
#11844=CARTESIAN_POINT('',(0.016625,0.022575,0.0014));
#11845=CARTESIAN_POINT('',(0.015525,0.022575,0.0002));
#11846=CARTESIAN_POINT('',(0.015525,0.022575,0.0014));
#11847=CARTESIAN_POINT('',(0.016625,0.028575,-0.0234));
#11848=CARTESIAN_POINT('',(0.016625,0.034575,-0.0234));
#11849=CARTESIAN_POINT('',(0.016625,0.034575,0.0002));
#11850=CARTESIAN_POINT('',(0.016625,0.034575,0.0014));
#11851=CARTESIAN_POINT('',(0.016625,0.028575,0.0002));
#11852=CARTESIAN_POINT('',(0.016625,0.034575,0.0014));
#11853=CARTESIAN_POINT('',(0.015525,0.034575,-0.0234));
#11854=CARTESIAN_POINT('',(0.015525,0.035675,-0.0234));
#11855=CARTESIAN_POINT('',(0.015525,0.035675,0.0002));
#11856=CARTESIAN_POINT('',(0.015525,0.035675,0.0014));
#11857=CARTESIAN_POINT('',(0.015525,0.034575,0.0002));
#11858=CARTESIAN_POINT('',(0.015525,0.034575,0.0014));
#11859=CARTESIAN_POINT('',(0.009525,0.035675,-0.0234));
#11860=CARTESIAN_POINT('',(0.003525,0.035675,-0.0234));
#11861=CARTESIAN_POINT('',(0.003525,0.035675,0.0002));
#11862=CARTESIAN_POINT('',(0.003525,0.035675,0.0014));
#11863=CARTESIAN_POINT('',(0.015525,0.035675,0.0002));
#11864=CARTESIAN_POINT('',(0.009525,0.035675,0.0014));
#11865=CARTESIAN_POINT('',(0.003525,0.034575,-0.0234));
#11866=CARTESIAN_POINT('',(0.002425,0.034575,-0.0234));
#11867=CARTESIAN_POINT('',(0.002425,0.034575,0.0002));
#11868=CARTESIAN_POINT('',(0.002425,0.034575,0.0014));
#11869=CARTESIAN_POINT('',(0.003525,0.034575,0.0002));
#11870=CARTESIAN_POINT('',(0.003525,0.034575,0.0014));
#11871=CARTESIAN_POINT('',(0.002425,0.028575,-0.0234));
#11872=CARTESIAN_POINT('',(0.002425,0.034575,0.0002));
#11873=CARTESIAN_POINT('',(0.002425,0.028575,0.0014));
#11874=CARTESIAN_POINT('',(0.022575,0.022575,-0.0234));
#11875=CARTESIAN_POINT('',(0.022575,0.021475,-0.0234));
#11876=CARTESIAN_POINT('',(0.022575,0.021475,0.0002));
#11877=CARTESIAN_POINT('',(0.022575,0.021475,0.0014));
#11878=CARTESIAN_POINT('',(0.022575,0.022575,0.0002));
#11879=CARTESIAN_POINT('',(0.021475,0.022575,0.0002));
#11880=CARTESIAN_POINT('',(0.021475,0.022575,-0.0234));
#11881=CARTESIAN_POINT('',(0.021475,0.022575,0.0014));
#11882=CARTESIAN_POINT('',(0.022575,0.022575,0.0014));
#11883=CARTESIAN_POINT('',(0.028575,0.021475,-0.0234));
#11884=CARTESIAN_POINT('',(0.034575,0.021475,-0.0234));
#11885=CARTESIAN_POINT('',(0.034575,0.021475,0.0002));
#11886=CARTESIAN_POINT('',(0.034575,0.021475,0.0014));
#11887=CARTESIAN_POINT('',(0.028575,0.021475,0.0002));
#11888=CARTESIAN_POINT('',(0.034575,0.021475,0.0014));
#11889=CARTESIAN_POINT('',(0.034575,0.022575,-0.0234));
#11890=CARTESIAN_POINT('',(0.035675,0.022575,-0.0234));
#11891=CARTESIAN_POINT('',(0.035675,0.022575,0.0002));
#11892=CARTESIAN_POINT('',(0.035675,0.022575,0.0014));
#11893=CARTESIAN_POINT('',(0.034575,0.022575,0.0002));
#11894=CARTESIAN_POINT('',(0.034575,0.022575,0.0014));
#11895=CARTESIAN_POINT('',(0.035675,0.028575,-0.0234));
#11896=CARTESIAN_POINT('',(0.035675,0.034575,-0.0234));
#11897=CARTESIAN_POINT('',(0.035675,0.034575,0.0002));
#11898=CARTESIAN_POINT('',(0.035675,0.034575,0.0014));
#11899=CARTESIAN_POINT('',(0.035675,0.028575,0.0002));
#11900=CARTESIAN_POINT('',(0.035675,0.034575,0.0014));
#11901=CARTESIAN_POINT('',(0.034575,0.034575,-0.0234));
#11902=CARTESIAN_POINT('',(0.034575,0.035675,-0.0234));
#11903=CARTESIAN_POINT('',(0.034575,0.035675,0.0002));
#11904=CARTESIAN_POINT('',(0.034575,0.035675,0.0014));
#11905=CARTESIAN_POINT('',(0.034575,0.034575,0.0002));
#11906=CARTESIAN_POINT('',(0.034575,0.034575,0.0014));
#11907=CARTESIAN_POINT('',(0.028575,0.035675,-0.0234));
#11908=CARTESIAN_POINT('',(0.022575,0.035675,-0.0234));
#11909=CARTESIAN_POINT('',(0.022575,0.035675,0.0002));
#11910=CARTESIAN_POINT('',(0.022575,0.035675,0.0014));
#11911=CARTESIAN_POINT('',(0.034575,0.035675,0.0002));
#11912=CARTESIAN_POINT('',(0.028575,0.035675,0.0014));
#11913=CARTESIAN_POINT('',(0.022575,0.034575,-0.0234));
#11914=CARTESIAN_POINT('',(0.021475,0.034575,-0.0234));
#11915=CARTESIAN_POINT('',(0.021475,0.034575,0.0002));
#11916=CARTESIAN_POINT('',(0.021475,0.034575,0.0014));
#11917=CARTESIAN_POINT('',(0.022575,0.034575,0.0002));
#11918=CARTESIAN_POINT('',(0.022575,0.034575,0.0014));
#11919=CARTESIAN_POINT('',(0.021475,0.028575,-0.0234));
#11920=CARTESIAN_POINT('',(0.021475,0.034575,0.0002));
#11921=CARTESIAN_POINT('',(0.021475,0.028575,0.0014));
#11922=CARTESIAN_POINT('',(-0.034575,-0.015525,-0.0234));
#11923=CARTESIAN_POINT('',(-0.034575,-0.016625,-0.0234));
#11924=CARTESIAN_POINT('',(-0.034575,-0.016625,0.0002));
#11925=CARTESIAN_POINT('',(-0.034575,-0.016625,0.0014));
#11926=CARTESIAN_POINT('',(-0.034575,-0.015525,0.0002));
#11927=CARTESIAN_POINT('',(-0.035675,-0.015525,0.0002));
#11928=CARTESIAN_POINT('',(-0.035675,-0.015525,-0.0234));
#11929=CARTESIAN_POINT('',(-0.035675,-0.015525,0.0014));
#11930=CARTESIAN_POINT('',(-0.034575,-0.015525,0.0014));
#11931=CARTESIAN_POINT('',(-0.028575,-0.016625,-0.0234));
#11932=CARTESIAN_POINT('',(-0.022575,-0.016625,-0.0234));
#11933=CARTESIAN_POINT('',(-0.022575,-0.016625,0.0002));
#11934=CARTESIAN_POINT('',(-0.022575,-0.016625,0.0014));
#11935=CARTESIAN_POINT('',(-0.028575,-0.016625,0.0002));
#11936=CARTESIAN_POINT('',(-0.022575,-0.016625,0.0014));
#11937=CARTESIAN_POINT('',(-0.022575,-0.015525,-0.0234));
#11938=CARTESIAN_POINT('',(-0.021475,-0.015525,-0.0234));
#11939=CARTESIAN_POINT('',(-0.021475,-0.015525,0.0002));
#11940=CARTESIAN_POINT('',(-0.021475,-0.015525,0.0014));
#11941=CARTESIAN_POINT('',(-0.022575,-0.015525,0.0002));
#11942=CARTESIAN_POINT('',(-0.022575,-0.015525,0.0014));
#11943=CARTESIAN_POINT('',(-0.021475,-0.009525,-0.0234));
#11944=CARTESIAN_POINT('',(-0.021475,-0.003525,-0.0234));
#11945=CARTESIAN_POINT('',(-0.021475,-0.003525,0.0002));
#11946=CARTESIAN_POINT('',(-0.021475,-0.003525,0.0014));
#11947=CARTESIAN_POINT('',(-0.021475,-0.009525,0.0002));
#11948=CARTESIAN_POINT('',(-0.021475,-0.003525,0.0014));
#11949=CARTESIAN_POINT('',(-0.022575,-0.003525,-0.0234));
#11950=CARTESIAN_POINT('',(-0.022575,-0.002425,-0.0234));
#11951=CARTESIAN_POINT('',(-0.022575,-0.002425,0.0002));
#11952=CARTESIAN_POINT('',(-0.022575,-0.002425,0.0014));
#11953=CARTESIAN_POINT('',(-0.022575,-0.003525,0.0002));
#11954=CARTESIAN_POINT('',(-0.022575,-0.003525,0.0014));
#11955=CARTESIAN_POINT('',(-0.028575,-0.002425,-0.0234));
#11956=CARTESIAN_POINT('',(-0.034575,-0.002425,-0.0234));
#11957=CARTESIAN_POINT('',(-0.034575,-0.002425,0.0002));
#11958=CARTESIAN_POINT('',(-0.034575,-0.002425,0.0014));
#11959=CARTESIAN_POINT('',(-0.022575,-0.002425,0.0002));
#11960=CARTESIAN_POINT('',(-0.028575,-0.002425,0.0014));
#11961=CARTESIAN_POINT('',(-0.034575,-0.003525,-0.0234));
#11962=CARTESIAN_POINT('',(-0.035675,-0.003525,-0.0234));
#11963=CARTESIAN_POINT('',(-0.035675,-0.003525,0.0002));
#11964=CARTESIAN_POINT('',(-0.035675,-0.003525,0.0014));
#11965=CARTESIAN_POINT('',(-0.034575,-0.003525,0.0002));
#11966=CARTESIAN_POINT('',(-0.034575,-0.003525,0.0014));
#11967=CARTESIAN_POINT('',(-0.035675,-0.009525,-0.0234));
#11968=CARTESIAN_POINT('',(-0.035675,-0.003525,0.0002));
#11969=CARTESIAN_POINT('',(-0.035675,-0.009525,0.0014));
#11970=CARTESIAN_POINT('',(0.022575,-0.034575,-0.0234));
#11971=CARTESIAN_POINT('',(0.022575,-0.035675,-0.0234));
#11972=CARTESIAN_POINT('',(0.022575,-0.035675,0.0002));
#11973=CARTESIAN_POINT('',(0.022575,-0.035675,0.0014));
#11974=CARTESIAN_POINT('',(0.022575,-0.034575,0.0002));
#11975=CARTESIAN_POINT('',(0.021475,-0.034575,0.0002));
#11976=CARTESIAN_POINT('',(0.021475,-0.034575,-0.0234));
#11977=CARTESIAN_POINT('',(0.021475,-0.034575,0.0014));
#11978=CARTESIAN_POINT('',(0.022575,-0.034575,0.0014));
#11979=CARTESIAN_POINT('',(0.028575,-0.035675,-0.0234));
#11980=CARTESIAN_POINT('',(0.034575,-0.035675,-0.0234));
#11981=CARTESIAN_POINT('',(0.034575,-0.035675,0.0002));
#11982=CARTESIAN_POINT('',(0.034575,-0.035675,0.0014));
#11983=CARTESIAN_POINT('',(0.028575,-0.035675,0.0002));
#11984=CARTESIAN_POINT('',(0.034575,-0.035675,0.0014));
#11985=CARTESIAN_POINT('',(0.034575,-0.034575,-0.0234));
#11986=CARTESIAN_POINT('',(0.035675,-0.034575,-0.0234));
#11987=CARTESIAN_POINT('',(0.035675,-0.034575,0.0002));
#11988=CARTESIAN_POINT('',(0.035675,-0.034575,0.0014));
#11989=CARTESIAN_POINT('',(0.034575,-0.034575,0.0002));
#11990=CARTESIAN_POINT('',(0.034575,-0.034575,0.0014));
#11991=CARTESIAN_POINT('',(0.035675,-0.028575,-0.0234));
#11992=CARTESIAN_POINT('',(0.035675,-0.022575,-0.0234));
#11993=CARTESIAN_POINT('',(0.035675,-0.022575,0.0002));
#11994=CARTESIAN_POINT('',(0.035675,-0.022575,0.0014));
#11995=CARTESIAN_POINT('',(0.035675,-0.028575,0.0002));
#11996=CARTESIAN_POINT('',(0.035675,-0.022575,0.0014));
#11997=CARTESIAN_POINT('',(0.034575,-0.022575,-0.0234));
#11998=CARTESIAN_POINT('',(0.034575,-0.021475,-0.0234));
#11999=CARTESIAN_POINT('',(0.034575,-0.021475,0.0002));
#12000=CARTESIAN_POINT('',(0.034575,-0.021475,0.0014));
#12001=CARTESIAN_POINT('',(0.034575,-0.022575,0.0002));
#12002=CARTESIAN_POINT('',(0.034575,-0.022575,0.0014));
#12003=CARTESIAN_POINT('',(0.028575,-0.021475,-0.0234));
#12004=CARTESIAN_POINT('',(0.022575,-0.021475,-0.0234));
#12005=CARTESIAN_POINT('',(0.022575,-0.021475,0.0002));
#12006=CARTESIAN_POINT('',(0.022575,-0.021475,0.0014));
#12007=CARTESIAN_POINT('',(0.034575,-0.021475,0.0002));
#12008=CARTESIAN_POINT('',(0.028575,-0.021475,0.0014));
#12009=CARTESIAN_POINT('',(0.022575,-0.022575,-0.0234));
#12010=CARTESIAN_POINT('',(0.021475,-0.022575,-0.0234));
#12011=CARTESIAN_POINT('',(0.021475,-0.022575,0.0002));
#12012=CARTESIAN_POINT('',(0.021475,-0.022575,0.0014));
#12013=CARTESIAN_POINT('',(0.022575,-0.022575,0.0002));
#12014=CARTESIAN_POINT('',(0.022575,-0.022575,0.0014));
#12015=CARTESIAN_POINT('',(0.021475,-0.028575,-0.0234));
#12016=CARTESIAN_POINT('',(0.021475,-0.022575,0.0002));
#12017=CARTESIAN_POINT('',(0.021475,-0.028575,0.0014));
#12018=CARTESIAN_POINT('',(0.003525,-0.034575,-0.0234));
#12019=CARTESIAN_POINT('',(0.003525,-0.035675,-0.0234));
#12020=CARTESIAN_POINT('',(0.003525,-0.035675,0.0002));
#12021=CARTESIAN_POINT('',(0.003525,-0.035675,0.0014));
#12022=CARTESIAN_POINT('',(0.003525,-0.034575,0.0002));
#12023=CARTESIAN_POINT('',(0.002425,-0.034575,0.0002));
#12024=CARTESIAN_POINT('',(0.002425,-0.034575,-0.0234));
#12025=CARTESIAN_POINT('',(0.002425,-0.034575,0.0014));
#12026=CARTESIAN_POINT('',(0.003525,-0.034575,0.0014));
#12027=CARTESIAN_POINT('',(0.009525,-0.035675,-0.0234));
#12028=CARTESIAN_POINT('',(0.015525,-0.035675,-0.0234));
#12029=CARTESIAN_POINT('',(0.015525,-0.035675,0.0002));
#12030=CARTESIAN_POINT('',(0.015525,-0.035675,0.0014));
#12031=CARTESIAN_POINT('',(0.009525,-0.035675,0.0002));
#12032=CARTESIAN_POINT('',(0.015525,-0.035675,0.0014));
#12033=CARTESIAN_POINT('',(0.015525,-0.034575,-0.0234));
#12034=CARTESIAN_POINT('',(0.016625,-0.034575,-0.0234));
#12035=CARTESIAN_POINT('',(0.016625,-0.034575,0.0002));
#12036=CARTESIAN_POINT('',(0.016625,-0.034575,0.0014));
#12037=CARTESIAN_POINT('',(0.015525,-0.034575,0.0002));
#12038=CARTESIAN_POINT('',(0.015525,-0.034575,0.0014));
#12039=CARTESIAN_POINT('',(0.016625,-0.028575,-0.0234));
#12040=CARTESIAN_POINT('',(0.016625,-0.022575,-0.0234));
#12041=CARTESIAN_POINT('',(0.016625,-0.022575,0.0002));
#12042=CARTESIAN_POINT('',(0.016625,-0.022575,0.0014));
#12043=CARTESIAN_POINT('',(0.016625,-0.028575,0.0002));
#12044=CARTESIAN_POINT('',(0.016625,-0.022575,0.0014));
#12045=CARTESIAN_POINT('',(0.015525,-0.022575,-0.0234));
#12046=CARTESIAN_POINT('',(0.015525,-0.021475,-0.0234));
#12047=CARTESIAN_POINT('',(0.015525,-0.021475,0.0002));
#12048=CARTESIAN_POINT('',(0.015525,-0.021475,0.0014));
#12049=CARTESIAN_POINT('',(0.015525,-0.022575,0.0002));
#12050=CARTESIAN_POINT('',(0.015525,-0.022575,0.0014));
#12051=CARTESIAN_POINT('',(0.009525,-0.021475,-0.0234));
#12052=CARTESIAN_POINT('',(0.003525,-0.021475,-0.0234));
#12053=CARTESIAN_POINT('',(0.003525,-0.021475,0.0002));
#12054=CARTESIAN_POINT('',(0.003525,-0.021475,0.0014));
#12055=CARTESIAN_POINT('',(0.015525,-0.021475,0.0002));
#12056=CARTESIAN_POINT('',(0.009525,-0.021475,0.0014));
#12057=CARTESIAN_POINT('',(0.003525,-0.022575,-0.0234));
#12058=CARTESIAN_POINT('',(0.002425,-0.022575,-0.0234));
#12059=CARTESIAN_POINT('',(0.002425,-0.022575,0.0002));
#12060=CARTESIAN_POINT('',(0.002425,-0.022575,0.0014));
#12061=CARTESIAN_POINT('',(0.003525,-0.022575,0.0002));
#12062=CARTESIAN_POINT('',(0.003525,-0.022575,0.0014));
#12063=CARTESIAN_POINT('',(0.002425,-0.028575,-0.0234));
#12064=CARTESIAN_POINT('',(0.002425,-0.022575,0.0002));
#12065=CARTESIAN_POINT('',(0.002425,-0.028575,0.0014));
#12066=CARTESIAN_POINT('',(-0.015525,-0.034575,-0.0234));
#12067=CARTESIAN_POINT('',(-0.015525,-0.035675,-0.0234));
#12068=CARTESIAN_POINT('',(-0.015525,-0.035675,0.0002));
#12069=CARTESIAN_POINT('',(-0.015525,-0.035675,0.0014));
#12070=CARTESIAN_POINT('',(-0.015525,-0.034575,0.0002));
#12071=CARTESIAN_POINT('',(-0.016625,-0.034575,0.0002));
#12072=CARTESIAN_POINT('',(-0.016625,-0.034575,-0.0234));
#12073=CARTESIAN_POINT('',(-0.016625,-0.034575,0.0014));
#12074=CARTESIAN_POINT('',(-0.015525,-0.034575,0.0014));
#12075=CARTESIAN_POINT('',(-0.009525,-0.035675,-0.0234));
#12076=CARTESIAN_POINT('',(-0.003525,-0.035675,-0.0234));
#12077=CARTESIAN_POINT('',(-0.003525,-0.035675,0.0002));
#12078=CARTESIAN_POINT('',(-0.003525,-0.035675,0.0014));
#12079=CARTESIAN_POINT('',(-0.009525,-0.035675,0.0002));
#12080=CARTESIAN_POINT('',(-0.003525,-0.035675,0.0014));
#12081=CARTESIAN_POINT('',(-0.003525,-0.034575,-0.0234));
#12082=CARTESIAN_POINT('',(-0.002425,-0.034575,-0.0234));
#12083=CARTESIAN_POINT('',(-0.002425,-0.034575,0.0002));
#12084=CARTESIAN_POINT('',(-0.002425,-0.034575,0.0014));
#12085=CARTESIAN_POINT('',(-0.003525,-0.034575,0.0002));
#12086=CARTESIAN_POINT('',(-0.003525,-0.034575,0.0014));
#12087=CARTESIAN_POINT('',(-0.002425,-0.028575,-0.0234));
#12088=CARTESIAN_POINT('',(-0.002425,-0.022575,-0.0234));
#12089=CARTESIAN_POINT('',(-0.002425,-0.022575,0.0002));
#12090=CARTESIAN_POINT('',(-0.002425,-0.022575,0.0014));
#12091=CARTESIAN_POINT('',(-0.002425,-0.028575,0.0002));
#12092=CARTESIAN_POINT('',(-0.002425,-0.022575,0.0014));
#12093=CARTESIAN_POINT('',(-0.003525,-0.022575,-0.0234));
#12094=CARTESIAN_POINT('',(-0.003525,-0.021475,-0.0234));
#12095=CARTESIAN_POINT('',(-0.003525,-0.021475,0.0002));
#12096=CARTESIAN_POINT('',(-0.003525,-0.021475,0.0014));
#12097=CARTESIAN_POINT('',(-0.003525,-0.022575,0.0002));
#12098=CARTESIAN_POINT('',(-0.003525,-0.022575,0.0014));
#12099=CARTESIAN_POINT('',(-0.009525,-0.021475,-0.0234));
#12100=CARTESIAN_POINT('',(-0.015525,-0.021475,-0.0234));
#12101=CARTESIAN_POINT('',(-0.015525,-0.021475,0.0002));
#12102=CARTESIAN_POINT('',(-0.015525,-0.021475,0.0014));
#12103=CARTESIAN_POINT('',(-0.003525,-0.021475,0.0002));
#12104=CARTESIAN_POINT('',(-0.009525,-0.021475,0.0014));
#12105=CARTESIAN_POINT('',(-0.015525,-0.022575,-0.0234));
#12106=CARTESIAN_POINT('',(-0.016625,-0.022575,-0.0234));
#12107=CARTESIAN_POINT('',(-0.016625,-0.022575,0.0002));
#12108=CARTESIAN_POINT('',(-0.016625,-0.022575,0.0014));
#12109=CARTESIAN_POINT('',(-0.015525,-0.022575,0.0002));
#12110=CARTESIAN_POINT('',(-0.015525,-0.022575,0.0014));
#12111=CARTESIAN_POINT('',(-0.016625,-0.028575,-0.0234));
#12112=CARTESIAN_POINT('',(-0.016625,-0.022575,0.0002));
#12113=CARTESIAN_POINT('',(-0.016625,-0.028575,0.0014));
#12114=CARTESIAN_POINT('',(-0.034575,0.003525,-0.0234));
#12115=CARTESIAN_POINT('',(-0.034575,0.002425,-0.0234));
#12116=CARTESIAN_POINT('',(-0.034575,0.002425,0.0002));
#12117=CARTESIAN_POINT('',(-0.034575,0.002425,0.0014));
#12118=CARTESIAN_POINT('',(-0.034575,0.003525,0.0002));
#12119=CARTESIAN_POINT('',(-0.035675,0.003525,0.0002));
#12120=CARTESIAN_POINT('',(-0.035675,0.003525,-0.0234));
#12121=CARTESIAN_POINT('',(-0.035675,0.003525,0.0014));
#12122=CARTESIAN_POINT('',(-0.034575,0.003525,0.0014));
#12123=CARTESIAN_POINT('',(-0.028575,0.002425,-0.0234));
#12124=CARTESIAN_POINT('',(-0.022575,0.002425,-0.0234));
#12125=CARTESIAN_POINT('',(-0.022575,0.002425,0.0002));
#12126=CARTESIAN_POINT('',(-0.022575,0.002425,0.0014));
#12127=CARTESIAN_POINT('',(-0.028575,0.002425,0.0002));
#12128=CARTESIAN_POINT('',(-0.022575,0.002425,0.0014));
#12129=CARTESIAN_POINT('',(-0.022575,0.003525,-0.0234));
#12130=CARTESIAN_POINT('',(-0.021475,0.003525,-0.0234));
#12131=CARTESIAN_POINT('',(-0.021475,0.003525,0.0002));
#12132=CARTESIAN_POINT('',(-0.021475,0.003525,0.0014));
#12133=CARTESIAN_POINT('',(-0.022575,0.003525,0.0002));
#12134=CARTESIAN_POINT('',(-0.022575,0.003525,0.0014));
#12135=CARTESIAN_POINT('',(-0.021475,0.009525,-0.0234));
#12136=CARTESIAN_POINT('',(-0.021475,0.015525,-0.0234));
#12137=CARTESIAN_POINT('',(-0.021475,0.015525,0.0002));
#12138=CARTESIAN_POINT('',(-0.021475,0.015525,0.0014));
#12139=CARTESIAN_POINT('',(-0.021475,0.009525,0.0002));
#12140=CARTESIAN_POINT('',(-0.021475,0.015525,0.0014));
#12141=CARTESIAN_POINT('',(-0.022575,0.015525,-0.0234));
#12142=CARTESIAN_POINT('',(-0.022575,0.016625,-0.0234));
#12143=CARTESIAN_POINT('',(-0.022575,0.016625,0.0002));
#12144=CARTESIAN_POINT('',(-0.022575,0.016625,0.0014));
#12145=CARTESIAN_POINT('',(-0.022575,0.015525,0.0002));
#12146=CARTESIAN_POINT('',(-0.022575,0.015525,0.0014));
#12147=CARTESIAN_POINT('',(-0.028575,0.016625,-0.0234));
#12148=CARTESIAN_POINT('',(-0.034575,0.016625,-0.0234));
#12149=CARTESIAN_POINT('',(-0.034575,0.016625,0.0002));
#12150=CARTESIAN_POINT('',(-0.034575,0.016625,0.0014));
#12151=CARTESIAN_POINT('',(-0.022575,0.016625,0.0002));
#12152=CARTESIAN_POINT('',(-0.028575,0.016625,0.0014));
#12153=CARTESIAN_POINT('',(-0.034575,0.015525,-0.0234));
#12154=CARTESIAN_POINT('',(-0.035675,0.015525,-0.0234));
#12155=CARTESIAN_POINT('',(-0.035675,0.015525,0.0002));
#12156=CARTESIAN_POINT('',(-0.035675,0.015525,0.0014));
#12157=CARTESIAN_POINT('',(-0.034575,0.015525,0.0002));
#12158=CARTESIAN_POINT('',(-0.034575,0.015525,0.0014));
#12159=CARTESIAN_POINT('',(-0.035675,0.009525,-0.0234));
#12160=CARTESIAN_POINT('',(-0.035675,0.015525,0.0002));
#12161=CARTESIAN_POINT('',(-0.035675,0.009525,0.0014));
#12162=CARTESIAN_POINT('',(0.022575,-0.015525,-0.0234));
#12163=CARTESIAN_POINT('',(0.022575,-0.016625,-0.0234));
#12164=CARTESIAN_POINT('',(0.022575,-0.016625,0.0002));
#12165=CARTESIAN_POINT('',(0.022575,-0.016625,0.0014));
#12166=CARTESIAN_POINT('',(0.022575,-0.015525,0.0002));
#12167=CARTESIAN_POINT('',(0.021475,-0.015525,0.0002));
#12168=CARTESIAN_POINT('',(0.021475,-0.015525,-0.0234));
#12169=CARTESIAN_POINT('',(0.021475,-0.015525,0.0014));
#12170=CARTESIAN_POINT('',(0.022575,-0.015525,0.0014));
#12171=CARTESIAN_POINT('',(0.028575,-0.016625,-0.0234));
#12172=CARTESIAN_POINT('',(0.034575,-0.016625,-0.0234));
#12173=CARTESIAN_POINT('',(0.034575,-0.016625,0.0002));
#12174=CARTESIAN_POINT('',(0.034575,-0.016625,0.0014));
#12175=CARTESIAN_POINT('',(0.028575,-0.016625,0.0002));
#12176=CARTESIAN_POINT('',(0.034575,-0.016625,0.0014));
#12177=CARTESIAN_POINT('',(0.034575,-0.015525,-0.0234));
#12178=CARTESIAN_POINT('',(0.035675,-0.015525,-0.0234));
#12179=CARTESIAN_POINT('',(0.035675,-0.015525,0.0002));
#12180=CARTESIAN_POINT('',(0.035675,-0.015525,0.0014));
#12181=CARTESIAN_POINT('',(0.034575,-0.015525,0.0002));
#12182=CARTESIAN_POINT('',(0.034575,-0.015525,0.0014));
#12183=CARTESIAN_POINT('',(0.035675,-0.009525,-0.0234));
#12184=CARTESIAN_POINT('',(0.035675,-0.003525,-0.0234));
#12185=CARTESIAN_POINT('',(0.035675,-0.003525,0.0002));
#12186=CARTESIAN_POINT('',(0.035675,-0.003525,0.0014));
#12187=CARTESIAN_POINT('',(0.035675,-0.009525,0.0002));
#12188=CARTESIAN_POINT('',(0.035675,-0.003525,0.0014));
#12189=CARTESIAN_POINT('',(0.034575,-0.003525,-0.0234));
#12190=CARTESIAN_POINT('',(0.034575,-0.002425,-0.0234));
#12191=CARTESIAN_POINT('',(0.034575,-0.002425,0.0002));
#12192=CARTESIAN_POINT('',(0.034575,-0.002425,0.0014));
#12193=CARTESIAN_POINT('',(0.034575,-0.003525,0.0002));
#12194=CARTESIAN_POINT('',(0.034575,-0.003525,0.0014));
#12195=CARTESIAN_POINT('',(0.028575,-0.002425,-0.0234));
#12196=CARTESIAN_POINT('',(0.022575,-0.002425,-0.0234));
#12197=CARTESIAN_POINT('',(0.022575,-0.002425,0.0002));
#12198=CARTESIAN_POINT('',(0.022575,-0.002425,0.0014));
#12199=CARTESIAN_POINT('',(0.034575,-0.002425,0.0002));
#12200=CARTESIAN_POINT('',(0.028575,-0.002425,0.0014));
#12201=CARTESIAN_POINT('',(0.022575,-0.003525,-0.0234));
#12202=CARTESIAN_POINT('',(0.021475,-0.003525,-0.0234));
#12203=CARTESIAN_POINT('',(0.021475,-0.003525,0.0002));
#12204=CARTESIAN_POINT('',(0.021475,-0.003525,0.0014));
#12205=CARTESIAN_POINT('',(0.022575,-0.003525,0.0002));
#12206=CARTESIAN_POINT('',(0.022575,-0.003525,0.0014));
#12207=CARTESIAN_POINT('',(0.021475,-0.009525,-0.0234));
#12208=CARTESIAN_POINT('',(0.021475,-0.003525,0.0002));
#12209=CARTESIAN_POINT('',(0.021475,-0.009525,0.0014));
#12210=CARTESIAN_POINT('',(0.003525,-0.015525,-0.0234));
#12211=CARTESIAN_POINT('',(0.003525,-0.016625,-0.0234));
#12212=CARTESIAN_POINT('',(0.003525,-0.016625,0.0002));
#12213=CARTESIAN_POINT('',(0.003525,-0.016625,0.0014));
#12214=CARTESIAN_POINT('',(0.003525,-0.015525,0.0002));
#12215=CARTESIAN_POINT('',(0.002425,-0.015525,0.0002));
#12216=CARTESIAN_POINT('',(0.002425,-0.015525,-0.0234));
#12217=CARTESIAN_POINT('',(0.002425,-0.015525,0.0014));
#12218=CARTESIAN_POINT('',(0.003525,-0.015525,0.0014));
#12219=CARTESIAN_POINT('',(0.009525,-0.016625,-0.0234));
#12220=CARTESIAN_POINT('',(0.015525,-0.016625,-0.0234));
#12221=CARTESIAN_POINT('',(0.015525,-0.016625,0.0002));
#12222=CARTESIAN_POINT('',(0.015525,-0.016625,0.0014));
#12223=CARTESIAN_POINT('',(0.009525,-0.016625,0.0002));
#12224=CARTESIAN_POINT('',(0.015525,-0.016625,0.0014));
#12225=CARTESIAN_POINT('',(0.015525,-0.015525,-0.0234));
#12226=CARTESIAN_POINT('',(0.016625,-0.015525,-0.0234));
#12227=CARTESIAN_POINT('',(0.016625,-0.015525,0.0002));
#12228=CARTESIAN_POINT('',(0.016625,-0.015525,0.0014));
#12229=CARTESIAN_POINT('',(0.015525,-0.015525,0.0002));
#12230=CARTESIAN_POINT('',(0.015525,-0.015525,0.0014));
#12231=CARTESIAN_POINT('',(0.016625,-0.009525,-0.0234));
#12232=CARTESIAN_POINT('',(0.016625,-0.003525,-0.0234));
#12233=CARTESIAN_POINT('',(0.016625,-0.003525,0.0002));
#12234=CARTESIAN_POINT('',(0.016625,-0.003525,0.0014));
#12235=CARTESIAN_POINT('',(0.016625,-0.009525,0.0002));
#12236=CARTESIAN_POINT('',(0.016625,-0.003525,0.0014));
#12237=CARTESIAN_POINT('',(0.015525,-0.003525,-0.0234));
#12238=CARTESIAN_POINT('',(0.015525,-0.002425,-0.0234));
#12239=CARTESIAN_POINT('',(0.015525,-0.002425,0.0002));
#12240=CARTESIAN_POINT('',(0.015525,-0.002425,0.0014));
#12241=CARTESIAN_POINT('',(0.015525,-0.003525,0.0002));
#12242=CARTESIAN_POINT('',(0.015525,-0.003525,0.0014));
#12243=CARTESIAN_POINT('',(0.009525,-0.002425,-0.0234));
#12244=CARTESIAN_POINT('',(0.003525,-0.002425,-0.0234));
#12245=CARTESIAN_POINT('',(0.003525,-0.002425,0.0002));
#12246=CARTESIAN_POINT('',(0.003525,-0.002425,0.0014));
#12247=CARTESIAN_POINT('',(0.015525,-0.002425,0.0002));
#12248=CARTESIAN_POINT('',(0.009525,-0.002425,0.0014));
#12249=CARTESIAN_POINT('',(0.003525,-0.003525,-0.0234));
#12250=CARTESIAN_POINT('',(0.002425,-0.003525,-0.0234));
#12251=CARTESIAN_POINT('',(0.002425,-0.003525,0.0002));
#12252=CARTESIAN_POINT('',(0.002425,-0.003525,0.0014));
#12253=CARTESIAN_POINT('',(0.003525,-0.003525,0.0002));
#12254=CARTESIAN_POINT('',(0.003525,-0.003525,0.0014));
#12255=CARTESIAN_POINT('',(0.002425,-0.009525,-0.0234));
#12256=CARTESIAN_POINT('',(0.002425,-0.003525,0.0002));
#12257=CARTESIAN_POINT('',(0.002425,-0.009525,0.0014));
#12258=CARTESIAN_POINT('',(-0.015525,-0.015525,-0.0234));
#12259=CARTESIAN_POINT('',(-0.015525,-0.016625,-0.0234));
#12260=CARTESIAN_POINT('',(-0.015525,-0.016625,0.0002));
#12261=CARTESIAN_POINT('',(-0.015525,-0.016625,0.0014));
#12262=CARTESIAN_POINT('',(-0.015525,-0.015525,0.0002));
#12263=CARTESIAN_POINT('',(-0.016625,-0.015525,0.0002));
#12264=CARTESIAN_POINT('',(-0.016625,-0.015525,-0.0234));
#12265=CARTESIAN_POINT('',(-0.016625,-0.015525,0.0014));
#12266=CARTESIAN_POINT('',(-0.015525,-0.015525,0.0014));
#12267=CARTESIAN_POINT('',(-0.009525,-0.016625,-0.0234));
#12268=CARTESIAN_POINT('',(-0.003525,-0.016625,-0.0234));
#12269=CARTESIAN_POINT('',(-0.003525,-0.016625,0.0002));
#12270=CARTESIAN_POINT('',(-0.003525,-0.016625,0.0014));
#12271=CARTESIAN_POINT('',(-0.009525,-0.016625,0.0002));
#12272=CARTESIAN_POINT('',(-0.003525,-0.016625,0.0014));
#12273=CARTESIAN_POINT('',(-0.003525,-0.015525,-0.0234));
#12274=CARTESIAN_POINT('',(-0.002425,-0.015525,-0.0234));
#12275=CARTESIAN_POINT('',(-0.002425,-0.015525,0.0002));
#12276=CARTESIAN_POINT('',(-0.002425,-0.015525,0.0014));
#12277=CARTESIAN_POINT('',(-0.003525,-0.015525,0.0002));
#12278=CARTESIAN_POINT('',(-0.003525,-0.015525,0.0014));
#12279=CARTESIAN_POINT('',(-0.002425,-0.009525,-0.0234));
#12280=CARTESIAN_POINT('',(-0.002425,-0.003525,-0.0234));
#12281=CARTESIAN_POINT('',(-0.002425,-0.003525,0.0002));
#12282=CARTESIAN_POINT('',(-0.002425,-0.003525,0.0014));
#12283=CARTESIAN_POINT('',(-0.002425,-0.009525,0.0002));
#12284=CARTESIAN_POINT('',(-0.002425,-0.003525,0.0014));
#12285=CARTESIAN_POINT('',(-0.003525,-0.003525,-0.0234));
#12286=CARTESIAN_POINT('',(-0.003525,-0.002425,-0.0234));
#12287=CARTESIAN_POINT('',(-0.003525,-0.002425,0.0002));
#12288=CARTESIAN_POINT('',(-0.003525,-0.002425,0.0014));
#12289=CARTESIAN_POINT('',(-0.003525,-0.003525,0.0002));
#12290=CARTESIAN_POINT('',(-0.003525,-0.003525,0.0014));
#12291=CARTESIAN_POINT('',(-0.009525,-0.002425,-0.0234));
#12292=CARTESIAN_POINT('',(-0.015525,-0.002425,-0.0234));
#12293=CARTESIAN_POINT('',(-0.015525,-0.002425,0.0002));
#12294=CARTESIAN_POINT('',(-0.015525,-0.002425,0.0014));
#12295=CARTESIAN_POINT('',(-0.003525,-0.002425,0.0002));
#12296=CARTESIAN_POINT('',(-0.009525,-0.002425,0.0014));
#12297=CARTESIAN_POINT('',(-0.015525,-0.003525,-0.0234));
#12298=CARTESIAN_POINT('',(-0.016625,-0.003525,-0.0234));
#12299=CARTESIAN_POINT('',(-0.016625,-0.003525,0.0002));
#12300=CARTESIAN_POINT('',(-0.016625,-0.003525,0.0014));
#12301=CARTESIAN_POINT('',(-0.015525,-0.003525,0.0002));
#12302=CARTESIAN_POINT('',(-0.015525,-0.003525,0.0014));
#12303=CARTESIAN_POINT('',(-0.016625,-0.009525,-0.0234));
#12304=CARTESIAN_POINT('',(-0.016625,-0.003525,0.0002));
#12305=CARTESIAN_POINT('',(-0.016625,-0.009525,0.0014));
#12306=CARTESIAN_POINT('',(0.034575,0.053625,0.0016));
#12307=CARTESIAN_POINT('',(0.034575,0.053625,0.0002));
#12308=CARTESIAN_POINT('',(0.034575,0.053625,0.0014));
#12309=CARTESIAN_POINT('',(0.034575,0.041625,0.0016));
#12310=CARTESIAN_POINT('',(0.034575,0.041625,0.0002));
#12311=CARTESIAN_POINT('',(0.034575,0.041625,0.0014));
#12312=CARTESIAN_POINT('',(0.022575,0.041625,0.0016));
#12313=CARTESIAN_POINT('',(0.022575,0.041625,0.0002));
#12314=CARTESIAN_POINT('',(0.022575,0.041625,0.0014));
#12315=CARTESIAN_POINT('',(0.022575,0.053625,0.0016));
#12316=CARTESIAN_POINT('',(0.022575,0.053625,0.0002));
#12317=CARTESIAN_POINT('',(0.022575,0.053625,0.0014));
#12318=CARTESIAN_POINT('',(0.035275,0.011425,0.0016));
#12319=CARTESIAN_POINT('',(0.035275,0.041625,0.0016));
#12320=CARTESIAN_POINT('',(0.035075,0.053625,0.0014));
#12321=CARTESIAN_POINT('',(0.034575,0.053625,0.0016));
#12322=CARTESIAN_POINT('',(0.034575,0.054125,0.0014));
#12323=CARTESIAN_POINT('',(0.034575,0.041625,0.0016));
#12324=CARTESIAN_POINT('',(0.034575,0.040925,0.0016));
#12325=CARTESIAN_POINT('',(0.028575,0.054125,0.0014));
#12326=CARTESIAN_POINT('',(0.022575,0.054125,0.0014));
#12327=CARTESIAN_POINT('',(6.93889390390723E-18,0.040925,0.0016));
#12328=CARTESIAN_POINT('',(0.022575,0.040925,0.0016));
#12329=CARTESIAN_POINT('',(0.022575,0.053625,0.0016));
#12330=CARTESIAN_POINT('',(0.022075,0.053625,0.0014));
#12331=CARTESIAN_POINT('',(0.022575,0.041625,0.0016));
#12332=CARTESIAN_POINT('',(0.021875,0.041625,0.0016));
#12333=CARTESIAN_POINT('',(0.022075,0.047625,0.0014));
#12334=CARTESIAN_POINT('',(0.034575,0.034575,0.0014));
#12335=CARTESIAN_POINT('',(0.035875,0.034575,0.0016));
#12336=CARTESIAN_POINT('',(0.034575,0.035675,0.0014));
#12337=CARTESIAN_POINT('',(6.93889390390723E-18,0.035875,0.0016));
#12338=CARTESIAN_POINT('',(0.022575,0.035675,0.0014));
#12339=CARTESIAN_POINT('',(0.035675,0.028575,0.0014));
#12340=CARTESIAN_POINT('',(0.035875,0.022575,0.0016));
#12341=CARTESIAN_POINT('',(0.022575,0.034575,0.0014));
#12342=CARTESIAN_POINT('',(0.021475,0.034575,0.0014));
#12343=CARTESIAN_POINT('',(0.034575,0.022575,0.0014));
#12344=CARTESIAN_POINT('',(0.034575,0.021275,0.0016));
#12345=CARTESIAN_POINT('',(0.021275,0.011425,0.0016));
#12346=CARTESIAN_POINT('',(0.021475,0.022575,0.0014));
#12347=CARTESIAN_POINT('',(0.028575,0.021475,0.0014));
#12348=CARTESIAN_POINT('',(0.022575,0.021275,0.0016));
#12349=CARTESIAN_POINT('',(0.022575,0.022575,0.0014));
#12350=CARTESIAN_POINT('',(0.015525,0.034575,0.0014));
#12351=CARTESIAN_POINT('',(0.016825,0.034575,0.0016));
#12352=CARTESIAN_POINT('',(0.015525,0.035675,0.0014));
#12353=CARTESIAN_POINT('',(6.93889390390723E-18,0.035875,0.0016));
#12354=CARTESIAN_POINT('',(0.003525,0.035675,0.0014));
#12355=CARTESIAN_POINT('',(0.016625,0.028575,0.0014));
#12356=CARTESIAN_POINT('',(0.016825,0.022575,0.0016));
#12357=CARTESIAN_POINT('',(0.003525,0.034575,0.0014));
#12358=CARTESIAN_POINT('',(0.002425,0.034575,0.0014));
#12359=CARTESIAN_POINT('',(0.015525,0.022575,0.0014));
#12360=CARTESIAN_POINT('',(0.015525,0.021275,0.0016));
#12361=CARTESIAN_POINT('',(0.002225,0.011425,0.0016));
#12362=CARTESIAN_POINT('',(0.002425,0.022575,0.0014));
#12363=CARTESIAN_POINT('',(0.009525,0.021475,0.0014));
#12364=CARTESIAN_POINT('',(0.003525,0.021275,0.0016));
#12365=CARTESIAN_POINT('',(0.003525,0.022575,0.0014));
#12366=CARTESIAN_POINT('',(-0.003525,0.034575,0.0014));
#12367=CARTESIAN_POINT('',(-0.002225,0.034575,0.0016));
#12368=CARTESIAN_POINT('',(-0.003525,0.035675,0.0014));
#12369=CARTESIAN_POINT('',(6.93889390390723E-18,0.035875,0.0016));
#12370=CARTESIAN_POINT('',(-0.015525,0.035675,0.0014));
#12371=CARTESIAN_POINT('',(-0.002425,0.028575,0.0014));
#12372=CARTESIAN_POINT('',(-0.002225,0.022575,0.0016));
#12373=CARTESIAN_POINT('',(-0.015525,0.034575,0.0014));
#12374=CARTESIAN_POINT('',(-0.016625,0.034575,0.0014));
#12375=CARTESIAN_POINT('',(-0.003525,0.022575,0.0014));
#12376=CARTESIAN_POINT('',(-0.003525,0.021275,0.0016));
#12377=CARTESIAN_POINT('',(-0.016825,0.011425,0.0016));
#12378=CARTESIAN_POINT('',(-0.016625,0.022575,0.0014));
#12379=CARTESIAN_POINT('',(-0.009525,0.021475,0.0014));
#12380=CARTESIAN_POINT('',(-0.015525,0.021275,0.0016));
#12381=CARTESIAN_POINT('',(-0.015525,0.022575,0.0014));
#12382=CARTESIAN_POINT('',(-0.022575,0.034575,0.0014));
#12383=CARTESIAN_POINT('',(-0.021275,0.034575,0.0016));
#12384=CARTESIAN_POINT('',(-0.022575,0.035675,0.0014));
#12385=CARTESIAN_POINT('',(6.93889390390723E-18,0.035875,0.0016));
#12386=CARTESIAN_POINT('',(-0.034575,0.035675,0.0014));
#12387=CARTESIAN_POINT('',(-0.021475,0.028575,0.0014));
#12388=CARTESIAN_POINT('',(-0.021275,0.022575,0.0016));
#12389=CARTESIAN_POINT('',(-0.034575,0.034575,0.0014));
#12390=CARTESIAN_POINT('',(-0.035675,0.034575,0.0014));
#12391=CARTESIAN_POINT('',(-0.022575,0.022575,0.0014));
#12392=CARTESIAN_POINT('',(-0.022575,0.021275,0.0016));
#12393=CARTESIAN_POINT('',(-0.035875,0.011425,0.0016));
#12394=CARTESIAN_POINT('',(-0.035675,0.022575,0.0014));
#12395=CARTESIAN_POINT('',(-0.028575,0.021475,0.0014));
#12396=CARTESIAN_POINT('',(-0.034575,0.021275,0.0016));
#12397=CARTESIAN_POINT('',(-0.034575,0.022575,0.0014));
#12398=CARTESIAN_POINT('',(0.034575,0.015525,0.0014));
#12399=CARTESIAN_POINT('',(0.035875,0.015525,0.0016));
#12400=CARTESIAN_POINT('',(0.034575,0.016625,0.0014));
#12401=CARTESIAN_POINT('',(6.93889390390723E-18,0.016825,0.0016));
#12402=CARTESIAN_POINT('',(0.022575,0.016625,0.0014));
#12403=CARTESIAN_POINT('',(0.035675,0.009525,0.0014));
#12404=CARTESIAN_POINT('',(0.035875,0.003525,0.0016));
#12405=CARTESIAN_POINT('',(0.022575,0.015525,0.0014));
#12406=CARTESIAN_POINT('',(0.021475,0.015525,0.0014));
#12407=CARTESIAN_POINT('',(0.034575,0.003525,0.0014));
#12408=CARTESIAN_POINT('',(0.034575,0.002225,0.0016));
#12409=CARTESIAN_POINT('',(0.021275,0.011425,0.0016));
#12410=CARTESIAN_POINT('',(0.021475,0.003525,0.0014));
#12411=CARTESIAN_POINT('',(0.028575,0.002425,0.0014));
#12412=CARTESIAN_POINT('',(0.022575,0.002225,0.0016));
#12413=CARTESIAN_POINT('',(0.022575,0.003525,0.0014));
#12414=CARTESIAN_POINT('',(0.015525,0.015525,0.0014));
#12415=CARTESIAN_POINT('',(0.016825,0.015525,0.0016));
#12416=CARTESIAN_POINT('',(0.015525,0.016625,0.0014));
#12417=CARTESIAN_POINT('',(6.93889390390723E-18,0.016825,0.0016));
#12418=CARTESIAN_POINT('',(0.003525,0.016625,0.0014));
#12419=CARTESIAN_POINT('',(0.016625,0.009525,0.0014));
#12420=CARTESIAN_POINT('',(0.016825,0.003525,0.0016));
#12421=CARTESIAN_POINT('',(0.003525,0.015525,0.0014));
#12422=CARTESIAN_POINT('',(0.002425,0.015525,0.0014));
#12423=CARTESIAN_POINT('',(0.015525,0.003525,0.0014));
#12424=CARTESIAN_POINT('',(0.015525,0.002225,0.0016));
#12425=CARTESIAN_POINT('',(0.002225,0.011425,0.0016));
#12426=CARTESIAN_POINT('',(0.002425,0.003525,0.0014));
#12427=CARTESIAN_POINT('',(0.009525,0.002425,0.0014));
#12428=CARTESIAN_POINT('',(0.003525,0.002225,0.0016));
#12429=CARTESIAN_POINT('',(0.003525,0.003525,0.0014));
#12430=CARTESIAN_POINT('',(-0.003525,0.015525,0.0014));
#12431=CARTESIAN_POINT('',(-0.002225,0.015525,0.0016));
#12432=CARTESIAN_POINT('',(-0.003525,0.016625,0.0014));
#12433=CARTESIAN_POINT('',(6.93889390390723E-18,0.016825,0.0016));
#12434=CARTESIAN_POINT('',(-0.015525,0.016625,0.0014));
#12435=CARTESIAN_POINT('',(-0.002425,0.009525,0.0014));
#12436=CARTESIAN_POINT('',(-0.002225,0.003525,0.0016));
#12437=CARTESIAN_POINT('',(-0.015525,0.015525,0.0014));
#12438=CARTESIAN_POINT('',(-0.016625,0.015525,0.0014));
#12439=CARTESIAN_POINT('',(-0.003525,0.003525,0.0014));
#12440=CARTESIAN_POINT('',(-0.003525,0.002225,0.0016));
#12441=CARTESIAN_POINT('',(-0.016825,0.011425,0.0016));
#12442=CARTESIAN_POINT('',(-0.016625,0.003525,0.0014));
#12443=CARTESIAN_POINT('',(-0.009525,0.002425,0.0014));
#12444=CARTESIAN_POINT('',(-0.015525,0.002225,0.0016));
#12445=CARTESIAN_POINT('',(-0.015525,0.003525,0.0014));
#12446=CARTESIAN_POINT('',(-0.022575,0.015525,0.0014));
#12447=CARTESIAN_POINT('',(-0.021275,0.015525,0.0016));
#12448=CARTESIAN_POINT('',(-0.022575,0.016625,0.0014));
#12449=CARTESIAN_POINT('',(6.93889390390723E-18,0.016825,0.0016));
#12450=CARTESIAN_POINT('',(-0.034575,0.016625,0.0014));
#12451=CARTESIAN_POINT('',(-0.021475,0.009525,0.0014));
#12452=CARTESIAN_POINT('',(-0.021275,0.003525,0.0016));
#12453=CARTESIAN_POINT('',(-0.034575,0.015525,0.0014));
#12454=CARTESIAN_POINT('',(-0.035675,0.015525,0.0014));
#12455=CARTESIAN_POINT('',(-0.022575,0.003525,0.0014));
#12456=CARTESIAN_POINT('',(-0.022575,0.002225,0.0016));
#12457=CARTESIAN_POINT('',(-0.035875,0.011425,0.0016));
#12458=CARTESIAN_POINT('',(-0.035675,0.003525,0.0014));
#12459=CARTESIAN_POINT('',(-0.028575,0.002425,0.0014));
#12460=CARTESIAN_POINT('',(-0.034575,0.002225,0.0016));
#12461=CARTESIAN_POINT('',(-0.034575,0.003525,0.0014));
#12462=CARTESIAN_POINT('',(0.034575,-0.003525,0.0014));
#12463=CARTESIAN_POINT('',(0.035875,-0.003525,0.0016));
#12464=CARTESIAN_POINT('',(0.034575,-0.002425,0.0014));
#12465=CARTESIAN_POINT('',(6.93889390390723E-18,-0.002225,0.0016));
#12466=CARTESIAN_POINT('',(0.022575,-0.002425,0.0014));
#12467=CARTESIAN_POINT('',(0.035675,-0.009525,0.0014));
#12468=CARTESIAN_POINT('',(0.035875,-0.015525,0.0016));
#12469=CARTESIAN_POINT('',(0.022575,-0.003525,0.0014));
#12470=CARTESIAN_POINT('',(0.021475,-0.003525,0.0014));
#12471=CARTESIAN_POINT('',(0.034575,-0.015525,0.0014));
#12472=CARTESIAN_POINT('',(0.034575,-0.016825,0.0016));
#12473=CARTESIAN_POINT('',(0.021275,0.011425,0.0016));
#12474=CARTESIAN_POINT('',(0.021475,-0.015525,0.0014));
#12475=CARTESIAN_POINT('',(0.028575,-0.016625,0.0014));
#12476=CARTESIAN_POINT('',(0.022575,-0.016825,0.0016));
#12477=CARTESIAN_POINT('',(0.022575,-0.015525,0.0014));
#12478=CARTESIAN_POINT('',(0.015525,-0.003525,0.0014));
#12479=CARTESIAN_POINT('',(0.016825,-0.003525,0.0016));
#12480=CARTESIAN_POINT('',(0.015525,-0.002425,0.0014));
#12481=CARTESIAN_POINT('',(6.93889390390723E-18,-0.002225,0.0016));
#12482=CARTESIAN_POINT('',(0.003525,-0.002425,0.0014));
#12483=CARTESIAN_POINT('',(0.016625,-0.009525,0.0014));
#12484=CARTESIAN_POINT('',(0.016825,-0.015525,0.0016));
#12485=CARTESIAN_POINT('',(0.003525,-0.003525,0.0014));
#12486=CARTESIAN_POINT('',(0.002425,-0.003525,0.0014));
#12487=CARTESIAN_POINT('',(0.015525,-0.015525,0.0014));
#12488=CARTESIAN_POINT('',(0.015525,-0.016825,0.0016));
#12489=CARTESIAN_POINT('',(0.002225,0.011425,0.0016));
#12490=CARTESIAN_POINT('',(0.002425,-0.015525,0.0014));
#12491=CARTESIAN_POINT('',(0.009525,-0.016625,0.0014));
#12492=CARTESIAN_POINT('',(0.003525,-0.016825,0.0016));
#12493=CARTESIAN_POINT('',(0.003525,-0.015525,0.0014));
#12494=CARTESIAN_POINT('',(-0.003525,-0.003525,0.0014));
#12495=CARTESIAN_POINT('',(-0.002225,-0.003525,0.0016));
#12496=CARTESIAN_POINT('',(-0.003525,-0.002425,0.0014));
#12497=CARTESIAN_POINT('',(6.93889390390723E-18,-0.002225,0.0016));
#12498=CARTESIAN_POINT('',(-0.015525,-0.002425,0.0014));
#12499=CARTESIAN_POINT('',(-0.002425,-0.009525,0.0014));
#12500=CARTESIAN_POINT('',(-0.002225,-0.015525,0.0016));
#12501=CARTESIAN_POINT('',(-0.015525,-0.003525,0.0014));
#12502=CARTESIAN_POINT('',(-0.016625,-0.003525,0.0014));
#12503=CARTESIAN_POINT('',(-0.003525,-0.015525,0.0014));
#12504=CARTESIAN_POINT('',(-0.003525,-0.016825,0.0016));
#12505=CARTESIAN_POINT('',(-0.016825,0.011425,0.0016));
#12506=CARTESIAN_POINT('',(-0.016625,-0.015525,0.0014));
#12507=CARTESIAN_POINT('',(-0.009525,-0.016625,0.0014));
#12508=CARTESIAN_POINT('',(-0.015525,-0.016825,0.0016));
#12509=CARTESIAN_POINT('',(-0.015525,-0.015525,0.0014));
#12510=CARTESIAN_POINT('',(-0.022575,-0.003525,0.0014));
#12511=CARTESIAN_POINT('',(-0.021275,-0.003525,0.0016));
#12512=CARTESIAN_POINT('',(-0.022575,-0.002425,0.0014));
#12513=CARTESIAN_POINT('',(6.93889390390723E-18,-0.002225,0.0016));
#12514=CARTESIAN_POINT('',(-0.034575,-0.002425,0.0014));
#12515=CARTESIAN_POINT('',(-0.021475,-0.009525,0.0014));
#12516=CARTESIAN_POINT('',(-0.021275,-0.015525,0.0016));
#12517=CARTESIAN_POINT('',(-0.034575,-0.003525,0.0014));
#12518=CARTESIAN_POINT('',(-0.035675,-0.003525,0.0014));
#12519=CARTESIAN_POINT('',(-0.022575,-0.015525,0.0014));
#12520=CARTESIAN_POINT('',(-0.022575,-0.016825,0.0016));
#12521=CARTESIAN_POINT('',(-0.035875,0.011425,0.0016));
#12522=CARTESIAN_POINT('',(-0.035675,-0.015525,0.0014));
#12523=CARTESIAN_POINT('',(-0.028575,-0.016625,0.0014));
#12524=CARTESIAN_POINT('',(-0.034575,-0.016825,0.0016));
#12525=CARTESIAN_POINT('',(-0.034575,-0.015525,0.0014));
#12526=CARTESIAN_POINT('',(0.034575,-0.022575,0.0014));
#12527=CARTESIAN_POINT('',(0.035875,-0.022575,0.0016));
#12528=CARTESIAN_POINT('',(0.034575,-0.021475,0.0014));
#12529=CARTESIAN_POINT('',(6.93889390390723E-18,-0.021275,0.0016));
#12530=CARTESIAN_POINT('',(0.022575,-0.021475,0.0014));
#12531=CARTESIAN_POINT('',(0.035675,-0.028575,0.0014));
#12532=CARTESIAN_POINT('',(0.035875,-0.034575,0.0016));
#12533=CARTESIAN_POINT('',(0.022575,-0.022575,0.0014));
#12534=CARTESIAN_POINT('',(0.021475,-0.022575,0.0014));
#12535=CARTESIAN_POINT('',(0.034575,-0.034575,0.0014));
#12536=CARTESIAN_POINT('',(0.034575,-0.035875,0.0016));
#12537=CARTESIAN_POINT('',(0.021275,0.011425,0.0016));
#12538=CARTESIAN_POINT('',(0.021475,-0.034575,0.0014));
#12539=CARTESIAN_POINT('',(0.028575,-0.035675,0.0014));
#12540=CARTESIAN_POINT('',(0.022575,-0.035875,0.0016));
#12541=CARTESIAN_POINT('',(0.022575,-0.034575,0.0014));
#12542=CARTESIAN_POINT('',(0.015525,-0.022575,0.0014));
#12543=CARTESIAN_POINT('',(0.016825,-0.022575,0.0016));
#12544=CARTESIAN_POINT('',(0.015525,-0.021475,0.0014));
#12545=CARTESIAN_POINT('',(6.93889390390723E-18,-0.021275,0.0016));
#12546=CARTESIAN_POINT('',(0.003525,-0.021475,0.0014));
#12547=CARTESIAN_POINT('',(0.016625,-0.028575,0.0014));
#12548=CARTESIAN_POINT('',(0.016825,-0.034575,0.0016));
#12549=CARTESIAN_POINT('',(0.003525,-0.022575,0.0014));
#12550=CARTESIAN_POINT('',(0.002425,-0.022575,0.0014));
#12551=CARTESIAN_POINT('',(0.015525,-0.034575,0.0014));
#12552=CARTESIAN_POINT('',(0.015525,-0.035875,0.0016));
#12553=CARTESIAN_POINT('',(0.002225,0.011425,0.0016));
#12554=CARTESIAN_POINT('',(0.002425,-0.034575,0.0014));
#12555=CARTESIAN_POINT('',(0.009525,-0.035675,0.0014));
#12556=CARTESIAN_POINT('',(0.003525,-0.035875,0.0016));
#12557=CARTESIAN_POINT('',(0.003525,-0.034575,0.0014));
#12558=CARTESIAN_POINT('',(-0.003525,-0.022575,0.0014));
#12559=CARTESIAN_POINT('',(-0.002225,-0.022575,0.0016));
#12560=CARTESIAN_POINT('',(-0.003525,-0.021475,0.0014));
#12561=CARTESIAN_POINT('',(6.93889390390723E-18,-0.021275,0.0016));
#12562=CARTESIAN_POINT('',(-0.015525,-0.021475,0.0014));
#12563=CARTESIAN_POINT('',(-0.002425,-0.028575,0.0014));
#12564=CARTESIAN_POINT('',(-0.002225,-0.034575,0.0016));
#12565=CARTESIAN_POINT('',(-0.015525,-0.022575,0.0014));
#12566=CARTESIAN_POINT('',(-0.016625,-0.022575,0.0014));
#12567=CARTESIAN_POINT('',(-0.003525,-0.034575,0.0014));
#12568=CARTESIAN_POINT('',(-0.003525,-0.035875,0.0016));
#12569=CARTESIAN_POINT('',(-0.016825,0.011425,0.0016));
#12570=CARTESIAN_POINT('',(-0.016625,-0.034575,0.0014));
#12571=CARTESIAN_POINT('',(-0.009525,-0.035675,0.0014));
#12572=CARTESIAN_POINT('',(-0.015525,-0.035875,0.0016));
#12573=CARTESIAN_POINT('',(-0.015525,-0.034575,0.0014));
#12574=CARTESIAN_POINT('',(6.93889390390723E-18,-0.040375,0.0016));
#12575=CARTESIAN_POINT('',(0.041,-0.040375,0.0016));
#12576=CARTESIAN_POINT('',(-0.041,-0.040575,0.0014));
#12577=CARTESIAN_POINT('',(-0.041,-0.034575,0.0016));
#12578=CARTESIAN_POINT('',(-0.047,-0.034575,0.0014));
#12579=CARTESIAN_POINT('',(0.041,-0.034575,0.0016));
#12580=CARTESIAN_POINT('',(0.0468,-0.034575,0.0016));
#12581=CARTESIAN_POINT('',(-0.047,0.011425,0.0014));
#12582=CARTESIAN_POINT('',(-0.047,0.057425,0.0014));
#12583=CARTESIAN_POINT('',(0.0468,0.011425,0.0016));
#12584=CARTESIAN_POINT('',(0.0468,0.057425,0.0016));
#12585=CARTESIAN_POINT('',(-0.041,0.057425,0.0016));
#12586=CARTESIAN_POINT('',(-0.041,0.063425,0.0014));
#12587=CARTESIAN_POINT('',(0.041,0.057425,0.0016));
#12588=CARTESIAN_POINT('',(0.041,0.063225,0.0016));
#12589=CARTESIAN_POINT('',(0.,0.063425,0.0014));
#12590=CARTESIAN_POINT('',(-0.043,-0.034575,0.0016));
#12591=CARTESIAN_POINT('',(-0.043,0.057425,0.0016));
#12592=CARTESIAN_POINT('',(-0.043,0.011425,0.0016));
#12593=CARTESIAN_POINT('',(0.043,0.011425,0.0014));
#12594=CARTESIAN_POINT('',(0.043,0.057425,0.0014));
#12595=CARTESIAN_POINT('',(0.043,-0.034575,0.0014));
#12596=CARTESIAN_POINT('',(-0.022575,-0.022575,0.0014));
#12597=CARTESIAN_POINT('',(-0.021275,-0.022575,0.0016));
#12598=CARTESIAN_POINT('',(-0.022575,-0.021475,0.0014));
#12599=CARTESIAN_POINT('',(6.93889390390723E-18,-0.021275,0.0016));
#12600=CARTESIAN_POINT('',(-0.034575,-0.021475,0.0014));
#12601=CARTESIAN_POINT('',(-0.021475,-0.028575,0.0014));
#12602=CARTESIAN_POINT('',(-0.021275,-0.034575,0.0016));
#12603=CARTESIAN_POINT('',(-0.034575,-0.022575,0.0014));
#12604=CARTESIAN_POINT('',(-0.035675,-0.022575,0.0014));
#12605=CARTESIAN_POINT('',(-0.022575,-0.034575,0.0014));
#12606=CARTESIAN_POINT('',(-0.022575,-0.035875,0.0016));
#12607=CARTESIAN_POINT('',(-0.035875,0.011425,0.0016));
#12608=CARTESIAN_POINT('',(-0.035675,-0.034575,0.0014));
#12609=CARTESIAN_POINT('',(-0.028575,-0.035675,0.0014));
#12610=CARTESIAN_POINT('',(-0.034575,-0.035875,0.0016));
#12611=CARTESIAN_POINT('',(-0.034575,-0.034575,0.0014));
#12612=CARTESIAN_POINT('',(-0.0120249999999993,0.038425,-0.00949));
#12613=CARTESIAN_POINT('',(-0.0120249999999993,0.060925,-0.00949));
#12614=CARTESIAN_POINT('',(-0.013925,0.060925,-0.00716836264675179));
#12615=CARTESIAN_POINT('',(-0.0120249999999993,0.060925,-0.00649));
#12616=CARTESIAN_POINT('',(-0.013925,0.060925,-0.00716836264675179));
#12617=CARTESIAN_POINT('',(-0.0141571456012807,0.060925,-0.00735834780606894));
#12618=CARTESIAN_POINT('',(-0.0145469958563575,0.0610801143926217,-0.00779388720410657));
#12619=CARTESIAN_POINT('',(-0.0147767884960511,0.0613619629783373,-0.00827323322379768));
#12620=CARTESIAN_POINT('',(-0.0148534271247454,0.0615534854322683,-0.00849));
#12621=CARTESIAN_POINT('',(-0.0148534271247454,0.0615534854322683,-0.00849));
#12622=CARTESIAN_POINT('',(-0.0148534271247454,0.038425,-0.00849));
#12623=CARTESIAN_POINT('',(-0.0120249999999993,0.038425,-0.00649));
#12624=CARTESIAN_POINT('',(-0.00964999999999926,0.038425,-0.00649));
#12625=CARTESIAN_POINT('',(-0.00965,0.060925,-0.00649));
#12626=CARTESIAN_POINT('',(-0.00727499999999926,0.060925,-0.00649));
#12627=CARTESIAN_POINT('',(-0.00727499999999926,0.038425,-0.00649));
#12628=CARTESIAN_POINT('',(-0.00727499999999926,0.038425,-0.00949));
#12629=CARTESIAN_POINT('',(-0.00444657287525308,0.038425,-0.00849));
#12630=CARTESIAN_POINT('',(-0.00444657287525307,0.0615534854322719,-0.00849));
#12631=CARTESIAN_POINT('',(-0.00444657287525307,0.0615534854322719,-0.00849));
#12632=CARTESIAN_POINT('',(-0.00452341029840964,0.0613614661844387,-0.00827267094814836));
#12633=CARTESIAN_POINT('',(-0.00475299339324353,0.0610803989552924,-0.00779412886709994));
#12634=CARTESIAN_POINT('',(-0.00514257603972399,0.060925,-0.00735857561171095));
#12635=CARTESIAN_POINT('',(-0.005375,0.060925,-0.00716836264675061));
#12636=CARTESIAN_POINT('',(-0.005375,0.060925,-0.00716836264675061));
#12637=CARTESIAN_POINT('',(-0.00727499999999926,0.060925,-0.00949));
#12638=CARTESIAN_POINT('',(-0.00436078643762653,0.038425,-0.00849));
#12639=CARTESIAN_POINT('',(-0.004375,0.062175,-0.00849));
#12640=CARTESIAN_POINT('',(-0.004375,0.061925,-0.00849));
#12641=CARTESIAN_POINT('',(-0.005375,0.061925,-0.00849));
#12642=CARTESIAN_POINT('',(-0.0149392135623724,0.038425,-0.00849));
#12643=CARTESIAN_POINT('',(-0.013925,0.061925,-0.00849));
#12644=CARTESIAN_POINT('',(-0.014925,0.061925,-0.00849));
#12645=CARTESIAN_POINT('',(-0.014925,0.038425,-0.00849));
#12646=CARTESIAN_POINT('',(-0.00965,0.060925,-0.01));
#12647=CARTESIAN_POINT('',(-0.00965,0.060925,-0.00229289321881346));
#12648=CARTESIAN_POINT('',(-0.005375,0.060925,-0.00229289321881346));
#12649=CARTESIAN_POINT('',(-0.013925,0.060925,-0.00229289321881346));
#12650=CARTESIAN_POINT('',(-0.013925,0.060925,-0.00849));
#12651=CARTESIAN_POINT('',(-0.005375,0.060925,-0.00229289321881346));
#12652=CARTESIAN_POINT('',(-0.00965,0.0612785533905933,-0.00264644660940672));
#12653=CARTESIAN_POINT('',(-0.005375,0.0586321067811865,1.79823456880557E-18));
#12654=CARTESIAN_POINT('',(-0.013925,0.060925,-0.00229289321881346));
#12655=CARTESIAN_POINT('',(-0.014925,0.062175,-0.01));
#12656=CARTESIAN_POINT('',(-0.014925,0.061925,-0.00229289321881346));
#12657=CARTESIAN_POINT('',(-0.014925,0.061925,-0.00187867965644037));
#12658=CARTESIAN_POINT('',(-0.014925,0.0593392135623731,0.000707106781186548));
#12659=CARTESIAN_POINT('',(-0.014925,0.063225,0.));
#12660=CARTESIAN_POINT('',(-0.004375,0.062175,-0.01));
#12661=CARTESIAN_POINT('',(-0.004375,0.0616321067811865,-0.00158578643762691));
#12662=CARTESIAN_POINT('',(-0.004375,0.061925,-0.00187867965644037));
#12663=CARTESIAN_POINT('',(-0.004375,0.061925,-0.00849));
#12664=CARTESIAN_POINT('',(-0.004375,0.063225,0.));
#12665=CARTESIAN_POINT('',(0.035075,0.047625,0.0002));
#12666=CARTESIAN_POINT('',(0.035075,0.041625,0.0002));
#12667=CARTESIAN_POINT('',(0.035275,0.053625,0.));
#12668=CARTESIAN_POINT('',(0.034575,0.053625,0.));
#12669=CARTESIAN_POINT('',(0.034575,0.054325,0.));
#12670=CARTESIAN_POINT('',(0.034575,0.041625,0.));
#12671=CARTESIAN_POINT('',(0.034575,0.041125,0.0002));
#12672=CARTESIAN_POINT('',(6.93889390390723E-18,0.054325,0.));
#12673=CARTESIAN_POINT('',(0.022575,0.054325,0.));
#12674=CARTESIAN_POINT('',(0.028575,0.041125,0.0002));
#12675=CARTESIAN_POINT('',(0.022575,0.041125,0.0002));
#12676=CARTESIAN_POINT('',(0.022575,0.053625,0.));
#12677=CARTESIAN_POINT('',(0.021875,0.053625,0.));
#12678=CARTESIAN_POINT('',(0.022575,0.041625,0.));
#12679=CARTESIAN_POINT('',(0.022075,0.041625,0.0002));
#12680=CARTESIAN_POINT('',(0.021875,0.011425,0.));
#12681=CARTESIAN_POINT('',(0.034575,0.034575,0.));
#12682=CARTESIAN_POINT('',(0.035675,0.034575,0.0002));
#12683=CARTESIAN_POINT('',(0.034575,0.035875,0.));
#12684=CARTESIAN_POINT('',(0.028575,0.035675,0.0002));
#12685=CARTESIAN_POINT('',(0.022575,0.035875,0.));
#12686=CARTESIAN_POINT('',(0.035875,0.011425,0.));
#12687=CARTESIAN_POINT('',(0.035675,0.022575,0.0002));
#12688=CARTESIAN_POINT('',(0.022575,0.034575,0.));
#12689=CARTESIAN_POINT('',(0.021275,0.034575,0.));
#12690=CARTESIAN_POINT('',(0.034575,0.022575,0.));
#12691=CARTESIAN_POINT('',(0.034575,0.021475,0.0002));
#12692=CARTESIAN_POINT('',(0.021475,0.028575,0.0002));
#12693=CARTESIAN_POINT('',(0.021275,0.022575,0.));
#12694=CARTESIAN_POINT('',(6.93889390390723E-18,0.021275,0.));
#12695=CARTESIAN_POINT('',(0.022575,0.021475,0.0002));
#12696=CARTESIAN_POINT('',(0.022575,0.022575,0.));
#12697=CARTESIAN_POINT('',(0.015525,0.034575,0.));
#12698=CARTESIAN_POINT('',(0.016625,0.034575,0.0002));
#12699=CARTESIAN_POINT('',(0.015525,0.035875,0.));
#12700=CARTESIAN_POINT('',(0.009525,0.035675,0.0002));
#12701=CARTESIAN_POINT('',(0.003525,0.035875,0.));
#12702=CARTESIAN_POINT('',(0.016825,0.011425,0.));
#12703=CARTESIAN_POINT('',(0.016625,0.022575,0.0002));
#12704=CARTESIAN_POINT('',(0.003525,0.034575,0.));
#12705=CARTESIAN_POINT('',(0.002225,0.034575,0.));
#12706=CARTESIAN_POINT('',(0.015525,0.022575,0.));
#12707=CARTESIAN_POINT('',(0.015525,0.021475,0.0002));
#12708=CARTESIAN_POINT('',(0.002425,0.028575,0.0002));
#12709=CARTESIAN_POINT('',(0.002225,0.022575,0.));
#12710=CARTESIAN_POINT('',(6.93889390390723E-18,0.021275,0.));
#12711=CARTESIAN_POINT('',(0.003525,0.021475,0.0002));
#12712=CARTESIAN_POINT('',(0.003525,0.022575,0.));
#12713=CARTESIAN_POINT('',(-0.003525,0.034575,0.));
#12714=CARTESIAN_POINT('',(-0.002425,0.034575,0.0002));
#12715=CARTESIAN_POINT('',(-0.003525,0.035875,0.));
#12716=CARTESIAN_POINT('',(-0.009525,0.035675,0.0002));
#12717=CARTESIAN_POINT('',(-0.015525,0.035875,0.));
#12718=CARTESIAN_POINT('',(-0.002225,0.011425,0.));
#12719=CARTESIAN_POINT('',(-0.002425,0.022575,0.0002));
#12720=CARTESIAN_POINT('',(-0.015525,0.034575,0.));
#12721=CARTESIAN_POINT('',(-0.016825,0.034575,0.));
#12722=CARTESIAN_POINT('',(-0.003525,0.022575,0.));
#12723=CARTESIAN_POINT('',(-0.003525,0.021475,0.0002));
#12724=CARTESIAN_POINT('',(-0.016625,0.028575,0.0002));
#12725=CARTESIAN_POINT('',(-0.016825,0.022575,0.));
#12726=CARTESIAN_POINT('',(6.93889390390723E-18,0.021275,0.));
#12727=CARTESIAN_POINT('',(-0.015525,0.021475,0.0002));
#12728=CARTESIAN_POINT('',(-0.015525,0.022575,0.));
#12729=CARTESIAN_POINT('',(-0.022575,0.034575,0.));
#12730=CARTESIAN_POINT('',(-0.021475,0.034575,0.0002));
#12731=CARTESIAN_POINT('',(-0.022575,0.035875,0.));
#12732=CARTESIAN_POINT('',(-0.028575,0.035675,0.0002));
#12733=CARTESIAN_POINT('',(-0.034575,0.035875,0.));
#12734=CARTESIAN_POINT('',(-0.021275,0.011425,0.));
#12735=CARTESIAN_POINT('',(-0.021475,0.022575,0.0002));
#12736=CARTESIAN_POINT('',(-0.034575,0.034575,0.));
#12737=CARTESIAN_POINT('',(-0.035875,0.034575,0.));
#12738=CARTESIAN_POINT('',(-0.022575,0.022575,0.));
#12739=CARTESIAN_POINT('',(-0.022575,0.021475,0.0002));
#12740=CARTESIAN_POINT('',(-0.035675,0.028575,0.0002));
#12741=CARTESIAN_POINT('',(-0.035875,0.022575,0.));
#12742=CARTESIAN_POINT('',(6.93889390390723E-18,0.021275,0.));
#12743=CARTESIAN_POINT('',(-0.034575,0.021475,0.0002));
#12744=CARTESIAN_POINT('',(-0.034575,0.022575,0.));
#12745=CARTESIAN_POINT('',(0.034575,0.015525,0.));
#12746=CARTESIAN_POINT('',(0.035675,0.015525,0.0002));
#12747=CARTESIAN_POINT('',(0.034575,0.016825,0.));
#12748=CARTESIAN_POINT('',(0.028575,0.016625,0.0002));
#12749=CARTESIAN_POINT('',(0.022575,0.016825,0.));
#12750=CARTESIAN_POINT('',(0.035875,0.011425,0.));
#12751=CARTESIAN_POINT('',(0.035675,0.003525,0.0002));
#12752=CARTESIAN_POINT('',(0.022575,0.015525,0.));
#12753=CARTESIAN_POINT('',(0.021275,0.015525,0.));
#12754=CARTESIAN_POINT('',(0.034575,0.003525,0.));
#12755=CARTESIAN_POINT('',(0.034575,0.002425,0.0002));
#12756=CARTESIAN_POINT('',(0.021475,0.009525,0.0002));
#12757=CARTESIAN_POINT('',(0.021275,0.003525,0.));
#12758=CARTESIAN_POINT('',(6.93889390390723E-18,0.002225,0.));
#12759=CARTESIAN_POINT('',(0.022575,0.002425,0.0002));
#12760=CARTESIAN_POINT('',(0.022575,0.003525,0.));
#12761=CARTESIAN_POINT('',(0.015525,0.015525,0.));
#12762=CARTESIAN_POINT('',(0.016625,0.015525,0.0002));
#12763=CARTESIAN_POINT('',(0.015525,0.016825,0.));
#12764=CARTESIAN_POINT('',(0.009525,0.016625,0.0002));
#12765=CARTESIAN_POINT('',(0.003525,0.016825,0.));
#12766=CARTESIAN_POINT('',(0.016825,0.011425,0.));
#12767=CARTESIAN_POINT('',(0.016625,0.003525,0.0002));
#12768=CARTESIAN_POINT('',(0.003525,0.015525,0.));
#12769=CARTESIAN_POINT('',(0.002225,0.015525,0.));
#12770=CARTESIAN_POINT('',(0.015525,0.003525,0.));
#12771=CARTESIAN_POINT('',(0.015525,0.002425,0.0002));
#12772=CARTESIAN_POINT('',(0.002425,0.009525,0.0002));
#12773=CARTESIAN_POINT('',(0.002225,0.003525,0.));
#12774=CARTESIAN_POINT('',(6.93889390390723E-18,0.002225,0.));
#12775=CARTESIAN_POINT('',(0.003525,0.002425,0.0002));
#12776=CARTESIAN_POINT('',(0.003525,0.003525,0.));
#12777=CARTESIAN_POINT('',(-0.003525,0.015525,0.));
#12778=CARTESIAN_POINT('',(-0.002425,0.015525,0.0002));
#12779=CARTESIAN_POINT('',(-0.003525,0.016825,0.));
#12780=CARTESIAN_POINT('',(-0.009525,0.016625,0.0002));
#12781=CARTESIAN_POINT('',(-0.015525,0.016825,0.));
#12782=CARTESIAN_POINT('',(-0.002225,0.011425,0.));
#12783=CARTESIAN_POINT('',(-0.002425,0.003525,0.0002));
#12784=CARTESIAN_POINT('',(-0.015525,0.015525,0.));
#12785=CARTESIAN_POINT('',(-0.016825,0.015525,0.));
#12786=CARTESIAN_POINT('',(-0.003525,0.003525,0.));
#12787=CARTESIAN_POINT('',(-0.003525,0.002425,0.0002));
#12788=CARTESIAN_POINT('',(-0.016625,0.009525,0.0002));
#12789=CARTESIAN_POINT('',(-0.016825,0.003525,0.));
#12790=CARTESIAN_POINT('',(6.93889390390723E-18,0.002225,0.));
#12791=CARTESIAN_POINT('',(-0.015525,0.002425,0.0002));
#12792=CARTESIAN_POINT('',(-0.015525,0.003525,0.));
#12793=CARTESIAN_POINT('',(-0.022575,0.015525,0.));
#12794=CARTESIAN_POINT('',(-0.021475,0.015525,0.0002));
#12795=CARTESIAN_POINT('',(-0.022575,0.016825,0.));
#12796=CARTESIAN_POINT('',(-0.028575,0.016625,0.0002));
#12797=CARTESIAN_POINT('',(-0.034575,0.016825,0.));
#12798=CARTESIAN_POINT('',(-0.021275,0.011425,0.));
#12799=CARTESIAN_POINT('',(-0.021475,0.003525,0.0002));
#12800=CARTESIAN_POINT('',(-0.034575,0.015525,0.));
#12801=CARTESIAN_POINT('',(-0.035875,0.015525,0.));
#12802=CARTESIAN_POINT('',(-0.022575,0.003525,0.));
#12803=CARTESIAN_POINT('',(-0.022575,0.002425,0.0002));
#12804=CARTESIAN_POINT('',(-0.035675,0.009525,0.0002));
#12805=CARTESIAN_POINT('',(-0.035875,0.003525,0.));
#12806=CARTESIAN_POINT('',(6.93889390390723E-18,0.002225,0.));
#12807=CARTESIAN_POINT('',(-0.034575,0.002425,0.0002));
#12808=CARTESIAN_POINT('',(-0.034575,0.003525,0.));
#12809=CARTESIAN_POINT('',(0.034575,-0.003525,0.));
#12810=CARTESIAN_POINT('',(0.035675,-0.003525,0.0002));
#12811=CARTESIAN_POINT('',(0.034575,-0.002225,0.));
#12812=CARTESIAN_POINT('',(0.028575,-0.002425,0.0002));
#12813=CARTESIAN_POINT('',(0.022575,-0.002225,0.));
#12814=CARTESIAN_POINT('',(0.035875,0.011425,0.));
#12815=CARTESIAN_POINT('',(0.035675,-0.015525,0.0002));
#12816=CARTESIAN_POINT('',(0.022575,-0.003525,0.));
#12817=CARTESIAN_POINT('',(0.021275,-0.003525,0.));
#12818=CARTESIAN_POINT('',(0.034575,-0.015525,0.));
#12819=CARTESIAN_POINT('',(0.034575,-0.016625,0.0002));
#12820=CARTESIAN_POINT('',(0.021475,-0.009525,0.0002));
#12821=CARTESIAN_POINT('',(0.021275,-0.015525,0.));
#12822=CARTESIAN_POINT('',(6.93889390390723E-18,-0.016825,0.));
#12823=CARTESIAN_POINT('',(0.022575,-0.016625,0.0002));
#12824=CARTESIAN_POINT('',(0.022575,-0.015525,0.));
#12825=CARTESIAN_POINT('',(0.015525,-0.003525,0.));
#12826=CARTESIAN_POINT('',(0.016625,-0.003525,0.0002));
#12827=CARTESIAN_POINT('',(0.015525,-0.002225,0.));
#12828=CARTESIAN_POINT('',(0.009525,-0.002425,0.0002));
#12829=CARTESIAN_POINT('',(0.003525,-0.002225,0.));
#12830=CARTESIAN_POINT('',(0.016825,0.011425,0.));
#12831=CARTESIAN_POINT('',(0.016625,-0.015525,0.0002));
#12832=CARTESIAN_POINT('',(0.003525,-0.003525,0.));
#12833=CARTESIAN_POINT('',(0.002225,-0.003525,0.));
#12834=CARTESIAN_POINT('',(0.015525,-0.015525,0.));
#12835=CARTESIAN_POINT('',(0.015525,-0.016625,0.0002));
#12836=CARTESIAN_POINT('',(0.002425,-0.009525,0.0002));
#12837=CARTESIAN_POINT('',(0.002225,-0.015525,0.));
#12838=CARTESIAN_POINT('',(6.93889390390723E-18,-0.016825,0.));
#12839=CARTESIAN_POINT('',(0.003525,-0.016625,0.0002));
#12840=CARTESIAN_POINT('',(0.003525,-0.015525,0.));
#12841=CARTESIAN_POINT('',(-0.003525,-0.003525,0.));
#12842=CARTESIAN_POINT('',(-0.002425,-0.003525,0.0002));
#12843=CARTESIAN_POINT('',(-0.003525,-0.002225,0.));
#12844=CARTESIAN_POINT('',(-0.009525,-0.002425,0.0002));
#12845=CARTESIAN_POINT('',(-0.015525,-0.002225,0.));
#12846=CARTESIAN_POINT('',(-0.002225,0.011425,0.));
#12847=CARTESIAN_POINT('',(-0.002425,-0.015525,0.0002));
#12848=CARTESIAN_POINT('',(-0.015525,-0.003525,0.));
#12849=CARTESIAN_POINT('',(-0.016825,-0.003525,0.));
#12850=CARTESIAN_POINT('',(-0.003525,-0.015525,0.));
#12851=CARTESIAN_POINT('',(-0.003525,-0.016625,0.0002));
#12852=CARTESIAN_POINT('',(-0.016625,-0.009525,0.0002));
#12853=CARTESIAN_POINT('',(-0.016825,-0.015525,0.));
#12854=CARTESIAN_POINT('',(6.93889390390723E-18,-0.016825,0.));
#12855=CARTESIAN_POINT('',(-0.015525,-0.016625,0.0002));
#12856=CARTESIAN_POINT('',(-0.015525,-0.015525,0.));
#12857=CARTESIAN_POINT('',(-0.022575,-0.003525,0.));
#12858=CARTESIAN_POINT('',(-0.021475,-0.003525,0.0002));
#12859=CARTESIAN_POINT('',(-0.022575,-0.002225,0.));
#12860=CARTESIAN_POINT('',(-0.028575,-0.002425,0.0002));
#12861=CARTESIAN_POINT('',(-0.034575,-0.002225,0.));
#12862=CARTESIAN_POINT('',(-0.021275,0.011425,0.));
#12863=CARTESIAN_POINT('',(-0.021475,-0.015525,0.0002));
#12864=CARTESIAN_POINT('',(-0.034575,-0.003525,0.));
#12865=CARTESIAN_POINT('',(-0.035875,-0.003525,0.));
#12866=CARTESIAN_POINT('',(-0.022575,-0.015525,0.));
#12867=CARTESIAN_POINT('',(-0.022575,-0.016625,0.0002));
#12868=CARTESIAN_POINT('',(-0.035675,-0.009525,0.0002));
#12869=CARTESIAN_POINT('',(-0.035875,-0.015525,0.));
#12870=CARTESIAN_POINT('',(6.93889390390723E-18,-0.016825,0.));
#12871=CARTESIAN_POINT('',(-0.034575,-0.016625,0.0002));
#12872=CARTESIAN_POINT('',(-0.034575,-0.015525,0.));
#12873=CARTESIAN_POINT('',(0.034575,-0.022575,0.));
#12874=CARTESIAN_POINT('',(0.035675,-0.022575,0.0002));
#12875=CARTESIAN_POINT('',(0.034575,-0.021275,0.));
#12876=CARTESIAN_POINT('',(0.028575,-0.021475,0.0002));
#12877=CARTESIAN_POINT('',(0.022575,-0.021275,0.));
#12878=CARTESIAN_POINT('',(0.035875,0.011425,0.));
#12879=CARTESIAN_POINT('',(0.035675,-0.034575,0.0002));
#12880=CARTESIAN_POINT('',(0.022575,-0.022575,0.));
#12881=CARTESIAN_POINT('',(0.021275,-0.022575,0.));
#12882=CARTESIAN_POINT('',(0.034575,-0.034575,0.));
#12883=CARTESIAN_POINT('',(0.034575,-0.035675,0.0002));
#12884=CARTESIAN_POINT('',(0.021475,-0.028575,0.0002));
#12885=CARTESIAN_POINT('',(0.021275,-0.034575,0.));
#12886=CARTESIAN_POINT('',(6.93889390390723E-18,-0.035875,0.));
#12887=CARTESIAN_POINT('',(0.022575,-0.035675,0.0002));
#12888=CARTESIAN_POINT('',(0.022575,-0.034575,0.));
#12889=CARTESIAN_POINT('',(0.015525,-0.022575,0.));
#12890=CARTESIAN_POINT('',(0.016625,-0.022575,0.0002));
#12891=CARTESIAN_POINT('',(0.015525,-0.021275,0.));
#12892=CARTESIAN_POINT('',(0.009525,-0.021475,0.0002));
#12893=CARTESIAN_POINT('',(0.003525,-0.021275,0.));
#12894=CARTESIAN_POINT('',(0.016825,0.011425,0.));
#12895=CARTESIAN_POINT('',(0.016625,-0.034575,0.0002));
#12896=CARTESIAN_POINT('',(0.003525,-0.022575,0.));
#12897=CARTESIAN_POINT('',(0.002225,-0.022575,0.));
#12898=CARTESIAN_POINT('',(0.015525,-0.034575,0.));
#12899=CARTESIAN_POINT('',(0.015525,-0.035675,0.0002));
#12900=CARTESIAN_POINT('',(0.002425,-0.028575,0.0002));
#12901=CARTESIAN_POINT('',(0.002225,-0.034575,0.));
#12902=CARTESIAN_POINT('',(6.93889390390723E-18,-0.035875,0.));
#12903=CARTESIAN_POINT('',(0.003525,-0.035675,0.0002));
#12904=CARTESIAN_POINT('',(0.003525,-0.034575,0.));
#12905=CARTESIAN_POINT('',(-0.003525,-0.022575,0.));
#12906=CARTESIAN_POINT('',(-0.002425,-0.022575,0.0002));
#12907=CARTESIAN_POINT('',(-0.003525,-0.021275,0.));
#12908=CARTESIAN_POINT('',(-0.009525,-0.021475,0.0002));
#12909=CARTESIAN_POINT('',(-0.015525,-0.021275,0.));
#12910=CARTESIAN_POINT('',(-0.002225,0.011425,0.));
#12911=CARTESIAN_POINT('',(-0.002425,-0.034575,0.0002));
#12912=CARTESIAN_POINT('',(-0.015525,-0.022575,0.));
#12913=CARTESIAN_POINT('',(-0.016825,-0.022575,0.));
#12914=CARTESIAN_POINT('',(-0.003525,-0.034575,0.));
#12915=CARTESIAN_POINT('',(-0.003525,-0.035675,0.0002));
#12916=CARTESIAN_POINT('',(-0.016625,-0.028575,0.0002));
#12917=CARTESIAN_POINT('',(-0.016825,-0.034575,0.));
#12918=CARTESIAN_POINT('',(6.93889390390723E-18,-0.035875,0.));
#12919=CARTESIAN_POINT('',(-0.015525,-0.035675,0.0002));
#12920=CARTESIAN_POINT('',(-0.015525,-0.034575,0.));
#12921=CARTESIAN_POINT('',(-0.043,-0.034575,0.));
#12922=CARTESIAN_POINT('',(-0.043,0.057425,0.));
#12923=CARTESIAN_POINT('',(-0.043,0.011425,0.));
#12924=CARTESIAN_POINT('',(0.043,0.011425,0.0002));
#12925=CARTESIAN_POINT('',(0.043,0.057425,0.0002));
#12926=CARTESIAN_POINT('',(0.043,-0.034575,0.0002));
#12927=CARTESIAN_POINT('',(-0.022575,-0.022575,0.));
#12928=CARTESIAN_POINT('',(-0.021475,-0.022575,0.0002));
#12929=CARTESIAN_POINT('',(-0.022575,-0.021275,0.));
#12930=CARTESIAN_POINT('',(-0.028575,-0.021475,0.0002));
#12931=CARTESIAN_POINT('',(-0.034575,-0.021275,0.));
#12932=CARTESIAN_POINT('',(-0.021275,0.011425,0.));
#12933=CARTESIAN_POINT('',(-0.021475,-0.034575,0.0002));
#12934=CARTESIAN_POINT('',(-0.034575,-0.022575,0.));
#12935=CARTESIAN_POINT('',(-0.035875,-0.022575,0.));
#12936=CARTESIAN_POINT('',(-0.022575,-0.034575,0.));
#12937=CARTESIAN_POINT('',(-0.022575,-0.035675,0.0002));
#12938=CARTESIAN_POINT('',(-0.035675,-0.028575,0.0002));
#12939=CARTESIAN_POINT('',(-0.035875,-0.034575,0.));
#12940=CARTESIAN_POINT('',(6.93889390390723E-18,-0.035875,0.));
#12941=CARTESIAN_POINT('',(-0.034575,-0.035675,0.0002));
#12942=CARTESIAN_POINT('',(-0.034575,-0.034575,0.));
#12943=CARTESIAN_POINT('',(6.93889390390723E-18,0.063225,0.));
#12944=CARTESIAN_POINT('',(0.041,0.063225,0.));
#12945=CARTESIAN_POINT('',(0.041,0.057425,0.));
#12946=CARTESIAN_POINT('',(0.0468,0.057425,0.));
#12947=CARTESIAN_POINT('',(0.0468,0.011425,0.));
#12948=CARTESIAN_POINT('',(0.0468,-0.034575,0.));
#12949=CARTESIAN_POINT('',(0.041,-0.034575,0.));
#12950=CARTESIAN_POINT('',(0.041,-0.040375,0.));
#12951=CARTESIAN_POINT('',(1.38777878078145E-17,-0.040575,0.0002));
#12952=CARTESIAN_POINT('',(-0.041,-0.040375,0.));
#12953=CARTESIAN_POINT('',(-0.041,-0.034575,0.));
#12954=CARTESIAN_POINT('',(-0.0468,-0.034575,0.));
#12955=CARTESIAN_POINT('',(-0.047,0.011425,0.0002));
#12956=CARTESIAN_POINT('',(-0.0468,0.057425,0.));
#12957=CARTESIAN_POINT('',(-0.041,0.057425,0.));
#12958=CARTESIAN_POINT('',(-0.041,0.063225,0.));
#12959=CARTESIAN_POINT('',(6.93889390390723E-18,0.063225,0.));
#12960=CARTESIAN_POINT('',(-0.005375,0.061925,-0.01));
#12961=CARTESIAN_POINT('',(-0.005375,0.061925,-0.00187867965644036));
#12962=CARTESIAN_POINT('',(-0.005375,0.0661106601717798,-0.00606433982822018));
#12963=CARTESIAN_POINT('',(-0.013925,0.061925,-0.01));
#12964=CARTESIAN_POINT('',(-0.013925,0.061925,-0.00187867965644036));
#12965=CARTESIAN_POINT('',(-0.013925,0.0661106601717798,-0.00606433982822018));
#12966=MECHANICAL_DESIGN_GEOMETRIC_PRESENTATION_REPRESENTATION('',(#7667),
#12967);
#12967=(
GEOMETRIC_REPRESENTATION_CONTEXT(3)
GLOBAL_UNCERTAINTY_ASSIGNED_CONTEXT((#12968))
GLOBAL_UNIT_ASSIGNED_CONTEXT((#12971,#12970,#12969))
REPRESENTATION_CONTEXT('Plate','TOP_LEVEL_ASSEMBLY_PART')
);
#12968=UNCERTAINTY_MEASURE_WITH_UNIT(LENGTH_MEASURE(2.E-5),#12971,
'DISTANCE_ACCURACY_VALUE','Maximum Tolerance applied to model');
#12969=(
NAMED_UNIT(*)
SI_UNIT($,.STERADIAN.)
SOLID_ANGLE_UNIT()
);
#12970=(
NAMED_UNIT(*)
PLANE_ANGLE_UNIT()
SI_UNIT($,.RADIAN.)
);
#12971=(
LENGTH_UNIT()
NAMED_UNIT(*)
SI_UNIT($,.METRE.)
);
#12972=PRODUCT_DEFINITION_SHAPE('','',#12973);
#12973=PRODUCT_DEFINITION('','',#12975,#12974);
#12974=PRODUCT_DEFINITION_CONTEXT('',#12981,'design');
#12975=PRODUCT_DEFINITION_FORMATION_WITH_SPECIFIED_SOURCE('','',#12977,
 .NOT_KNOWN.);
#12976=PRODUCT_RELATED_PRODUCT_CATEGORY('','',(#12977));
#12977=PRODUCT('Plate','Plate','Plate',(#12979));
#12978=PRODUCT_CATEGORY('','');
#12979=PRODUCT_CONTEXT('',#12981,'mechanical');
#12980=APPLICATION_PROTOCOL_DEFINITION('international standard',
'ap242_managed_model_based_3d_engineering',2020,#12981);
#12981=APPLICATION_CONTEXT('managed model based 3d engineering');
ENDSEC;
END-ISO-10303-21;
