ISO-10303-21;
HEADER;
/* Generated by software containing ST-Developer
 * from STEP Tools, Inc. (www.steptools.com) 
 */
/* OPTION: using custom renumber hook */

FILE_DESCRIPTION(
/* description */ ('STEP AP242 Edition 2',
'CAx-IF Rec.Pracs.---Representation and Presentation of Product Manufa
cturing Information (PMI)---4.0---2014-10-13',
'CAx-IF Rec.Pracs.---3D Tessellated Geometry---0.4---2014-09-14','2;1',
'CAx-IF Rec.Pracs.---User Defined Attributes---1.5---2016-08-15'),
/* implementation_level */ '2;1');

FILE_NAME(
/* name */ 'Base - Base',
/* time_stamp */ '2026-08-29T20:13:13Z',
/* author */ (''),
/* organization */ (''),
/* preprocessor_version */ 'ST-DEVELOPER v20',
/* originating_system */ 'ONSHAPE BY PTC INC, 1.220',
/* authorisation */ '  ');

FILE_SCHEMA (('AP242_MANAGED_MODEL_BASED_3D_ENGINEERING_MIM_LF { 1 0 10303 442 3 1 4 }'));
ENDSEC;

DATA;
#10=SHAPE_REPRESENTATION_RELATIONSHIP('','',#3155,#11);
#11=ADVANCED_BREP_SHAPE_REPRESENTATION('',(#3153),#5986);
#12=CONICAL_SURFACE('',#3363,0.00445,0.785398163397448);
#13=CONICAL_SURFACE('',#3364,0.0014,0.785398163397449);
#14=CONICAL_SURFACE('',#3365,0.0014,0.785398163397446);
#15=CONICAL_SURFACE('',#3368,0.0014,0.785398163397446);
#16=CONICAL_SURFACE('',#3369,0.0014,0.785398163397445);
#17=CONICAL_SURFACE('',#3370,0.00485,0.785398163397448);
#18=CONICAL_SURFACE('',#3371,0.00445,0.785398163397452);
#19=CONICAL_SURFACE('',#3372,0.0014,0.78539816339745);
#20=CONICAL_SURFACE('',#3373,0.0014,0.785398163397446);
#21=CONICAL_SURFACE('',#3377,0.0014,0.78539816339745);
#22=CONICAL_SURFACE('',#3379,0.00485,0.785398163397448);
#23=CONICAL_SURFACE('',#3380,0.0056,0.785398163397448);
#24=CONICAL_SURFACE('',#3381,0.0014,0.785398163397446);
#25=CONICAL_SURFACE('',#3384,0.0056,0.785398163397448);
#26=CONICAL_SURFACE('',#3385,0.0014,0.785398163397449);
#27=CONICAL_SURFACE('',#3387,0.00485,0.785398163397448);
#28=CONICAL_SURFACE('',#3388,0.0056,0.785398163397448);
#29=CONICAL_SURFACE('',#3389,0.0014,0.785398163397446);
#30=CONICAL_SURFACE('',#3392,0.0056,0.785398163397448);
#31=CONICAL_SURFACE('',#3393,0.0014,0.785398163397445);
#32=CONICAL_SURFACE('',#3395,0.00445,0.785398163397452);
#33=CONICAL_SURFACE('',#3397,0.0014,0.785398163397446);
#34=CONICAL_SURFACE('',#3399,0.00275,0.785398163397445);
#35=CONICAL_SURFACE('',#3400,0.00275,0.785398163397445);
#36=CONICAL_SURFACE('',#3401,0.00235,0.785398163397445);
#37=CONICAL_SURFACE('',#3402,0.00275,0.785398163397445);
#38=CONICAL_SURFACE('',#3403,0.00235,0.785398163397445);
#39=CONICAL_SURFACE('',#3404,0.00235,0.785398163397445);
#40=CONICAL_SURFACE('',#3424,0.0031,0.785398163397429);
#41=CONICAL_SURFACE('',#3426,0.0031,0.785398163397435);
#42=CONICAL_SURFACE('',#3428,0.00145,0.785398163397445);
#43=CONICAL_SURFACE('',#3429,0.00145,0.785398163397445);
#44=CONICAL_SURFACE('',#3430,0.00145,0.785398163397445);
#45=CONICAL_SURFACE('',#3431,0.00145,0.785398163397445);
#46=CONICAL_SURFACE('',#3432,0.00145,0.785398163397445);
#47=CONICAL_SURFACE('',#3433,0.00145,0.785398163397445);
#48=CONICAL_SURFACE('',#3434,0.00165,0.785398163397445);
#49=CONICAL_SURFACE('',#3435,0.00165,0.785398163397445);
#50=CONICAL_SURFACE('',#3436,0.00165,0.785398163397445);
#51=CONICAL_SURFACE('',#3437,0.00165,0.785398163397445);
#52=CONICAL_SURFACE('',#3438,0.00165,0.785398163397445);
#53=CONICAL_SURFACE('',#3439,0.00165,0.785398163397445);
#54=B_SPLINE_SURFACE_WITH_KNOTS('',1,3,((#4856,#4857,#4858,#4859,#4860,
#4861),(#4862,#4863,#4864,#4865,#4866,#4867)),.RULED_SURF.,.F.,.F.,.F.,
(2,2),(4,2,4),(0.,1.),(1.5707963267949,2.35619449019234,3.1415926535898),
 .UNSPECIFIED.);
#55=B_SPLINE_SURFACE_WITH_KNOTS('',1,3,((#4872,#4873,#4874,#4875,#4876,
#4877),(#4878,#4879,#4880,#4881,#4882,#4883)),.RULED_SURF.,.F.,.F.,.F.,
(2,2),(4,2,4),(0.,1.),(3.1415926535898,3.92699081698724,4.71238898038469),
 .UNSPECIFIED.);
#56=B_SPLINE_SURFACE_WITH_KNOTS('',1,3,((#4898,#4899,#4900,#4901,#4902,
#4903),(#4904,#4905,#4906,#4907,#4908,#4909)),.RULED_SURF.,.F.,.F.,.F.,
(2,2),(4,2,4),(0.,1.),(1.33440267382831E-16,0.785398163397449,1.5707963267949),
 .UNSPECIFIED.);
#57=B_SPLINE_SURFACE_WITH_KNOTS('',1,3,((#4914,#4915,#4916,#4917,#4918,
#4919),(#4920,#4921,#4922,#4923,#4924,#4925)),.RULED_SURF.,.F.,.F.,.F.,
(2,2),(4,2,4),(0.,1.),(-1.5707963267949,-0.785398163397448,1.33440267382831E-16),
 .UNSPECIFIED.);
#58=B_SPLINE_SURFACE_WITH_KNOTS('',1,3,((#5555,#5556,#5557,#5558,#5559,
#5560),(#5561,#5562,#5563,#5564,#5565,#5566)),.RULED_SURF.,.F.,.F.,.F.,
(2,2),(4,2,4),(0.,1.),(1.33440267382831E-16,1.00617820130606,2.01235640261211),
 .UNSPECIFIED.);
#59=B_SPLINE_SURFACE_WITH_KNOTS('',1,3,((#5571,#5572,#5573,#5574,#5575,
#5576,#5577,#5578,#5579,#5580),(#5581,#5582,#5583,#5584,#5585,#5586,#5587,
#5588,#5589,#5590)),.RULED_SURF.,.F.,.F.,.F.,(2,2),(4,2,2,2,4),(0.,1.),
(3.05601816278202,3.580500886137,4.10498360949198,4.62946633284695,5.15394905620193),
 .UNSPECIFIED.);
#60=B_SPLINE_SURFACE_WITH_KNOTS('',1,3,((#5595,#5596,#5597,#5598),(#5599,
#5600,#5601,#5602)),.RULED_SURF.,.F.,.F.,.F.,(2,2),(4,4),(0.,1.),(-0.0855744908077583,
1.5707963267949),.PIECEWISE_BEZIER_KNOTS.);
#61=B_SPLINE_SURFACE_WITH_KNOTS('',1,3,((#5612,#5613,#5614,#5615),(#5616,
#5617,#5618,#5619)),.RULED_SURF.,.F.,.F.,.F.,(2,2),(4,4),(0.,1.),(1.5707963267949,
3.22716714439754),.PIECEWISE_BEZIER_KNOTS.);
#62=B_SPLINE_SURFACE_WITH_KNOTS('',1,3,((#5624,#5625,#5626,#5627,#5628,
#5629,#5630,#5631,#5632,#5633,#5634,#5635,#5636,#5637),(#5638,#5639,#5640,
#5641,#5642,#5643,#5644,#5645,#5646,#5647,#5648,#5649,#5650,#5651)),
 .RULED_SURF.,.F.,.F.,.F.,(2,2),(4,2,2,2,2,2,4),(0.,1.),(-3.22716714439757,
-2.39898173559623,-1.98488903119556,-1.5707963267949,-1.15670362239423,
-0.742610917993566,0.0855744908077665),.UNSPECIFIED.);
#63=B_SPLINE_SURFACE_WITH_KNOTS('',1,3,((#5656,#5657,#5658,#5659),(#5660,
#5661,#5662,#5663)),.RULED_SURF.,.F.,.F.,.F.,(2,2),(4,4),(0.,1.),(-0.0855744908077485,
1.5707963267949),.PIECEWISE_BEZIER_KNOTS.);
#64=B_SPLINE_SURFACE_WITH_KNOTS('',1,3,((#5673,#5674,#5675,#5676),(#5677,
#5678,#5679,#5680)),.RULED_SURF.,.F.,.F.,.F.,(2,2),(4,4),(0.,1.),(1.5707963267949,
3.22716714439755),.PIECEWISE_BEZIER_KNOTS.);
#65=B_SPLINE_SURFACE_WITH_KNOTS('',1,3,((#5685,#5686,#5687,#5688,#5689,
#5690,#5691,#5692,#5693,#5694),(#5695,#5696,#5697,#5698,#5699,#5700,#5701,
#5702,#5703,#5704)),.RULED_SURF.,.F.,.F.,.F.,(2,2),(4,2,2,2,4),(0.,1.),
(-2.01235640261214,-1.48787367925716,-0.963390955902186,-0.438908232547209,
0.0855744908077676),.UNSPECIFIED.);
#66=B_SPLINE_SURFACE_WITH_KNOTS('',1,3,((#5709,#5710,#5711,#5712,#5713,
#5714),(#5715,#5716,#5717,#5718,#5719,#5720)),.RULED_SURF.,.F.,.F.,.F.,
(2,2),(4,2,4),(0.,1.),(1.12923625097768,2.13541445228373,3.1415926535898),
 .UNSPECIFIED.);
#67=B_SPLINE_SURFACE_WITH_KNOTS('',1,3,((#5730,#5731,#5732,#5733,#5734,
#5735),(#5736,#5737,#5738,#5739,#5740,#5741)),.RULED_SURF.,.F.,.F.,.F.,
(2,2),(4,2,4),(0.,1.),(3.1415926535898,4.14777085489587,5.15394905620195),
 .UNSPECIFIED.);
#68=B_SPLINE_SURFACE_WITH_KNOTS('',1,3,((#5746,#5747,#5748,#5749,#5750,
#5751,#5752,#5753,#5754,#5755),(#5756,#5757,#5758,#5759,#5760,#5761,#5762,
#5763,#5764,#5765)),.RULED_SURF.,.F.,.F.,.F.,(2,2),(4,2,2,2,4),(0.,1.),
(6.19761081637182,6.72209353972679,7.24657626308177,7.77105898643675,8.29554170979172),
 .UNSPECIFIED.);
#69=B_SPLINE_SURFACE_WITH_KNOTS('',1,3,((#5770,#5771,#5772,#5773),(#5774,
#5775,#5776,#5777)),.RULED_SURF.,.F.,.F.,.F.,(2,2),(4,4),(0.,1.),(3.05601816278203,
4.71238898038469),.PIECEWISE_BEZIER_KNOTS.);
#70=B_SPLINE_SURFACE_WITH_KNOTS('',1,3,((#5787,#5788,#5789,#5790),(#5791,
#5792,#5793,#5794)),.RULED_SURF.,.F.,.F.,.F.,(2,2),(4,4),(0.,1.),(4.71238898038469,
6.36875979798734),.PIECEWISE_BEZIER_KNOTS.);
#71=B_SPLINE_SURFACE_WITH_KNOTS('',1,3,((#5799,#5800,#5801,#5802,#5803,
#5804,#5805,#5806,#5807,#5808,#5809,#5810,#5811,#5812),(#5813,#5814,#5815,
#5816,#5817,#5818,#5819,#5820,#5821,#5822,#5823,#5824,#5825,#5826)),
 .RULED_SURF.,.F.,.F.,.F.,(2,2),(4,2,2,2,2,2,4),(0.,1.),(6.19761081637182,
7.02579622517315,7.43988892957381,7.85398163397448,8.26807433837515,8.68216704277581,
9.51035245157714),.UNSPECIFIED.);
#72=B_SPLINE_SURFACE_WITH_KNOTS('',1,3,((#5831,#5832,#5833,#5834),(#5835,
#5836,#5837,#5838)),.RULED_SURF.,.F.,.F.,.F.,(2,2),(4,4),(0.,1.),(3.05601816278204,
4.71238898038469),.PIECEWISE_BEZIER_KNOTS.);
#73=B_SPLINE_SURFACE_WITH_KNOTS('',1,3,((#5848,#5849,#5850,#5851),(#5852,
#5853,#5854,#5855)),.RULED_SURF.,.F.,.F.,.F.,(2,2),(4,4),(0.,1.),(4.71238898038469,
6.36875979798734),.PIECEWISE_BEZIER_KNOTS.);
#74=B_SPLINE_SURFACE_WITH_KNOTS('',1,3,((#5860,#5861,#5862,#5863,#5864,
#5865,#5866,#5867,#5868,#5869),(#5870,#5871,#5872,#5873,#5874,#5875,#5876,
#5877,#5878,#5879)),.RULED_SURF.,.F.,.F.,.F.,(2,2),(4,2,2,2,4),(0.,1.),
(1.12923625097765,1.65371897433263,2.17820169768761,2.70268442104259,3.22716714439756),
 .UNSPECIFIED.);
#75=B_SPLINE_SURFACE_WITH_KNOTS('',1,3,((#5884,#5885,#5886,#5887,#5888,
#5889),(#5890,#5891,#5892,#5893,#5894,#5895)),.RULED_SURF.,.F.,.F.,.F.,
(2,2),(4,2,4),(0.,1.),(4.27082890456747,5.27700710587353,6.28318530717959),
 .UNSPECIFIED.);
#76=CIRCLE('',#3163,0.00485);
#77=CIRCLE('',#3165,0.00485);
#78=CIRCLE('',#3167,0.0031);
#79=CIRCLE('',#3168,0.0031);
#80=CIRCLE('',#3170,0.0014);
#81=CIRCLE('',#3171,0.0056);
#82=CIRCLE('',#3172,0.0056);
#83=CIRCLE('',#3173,0.0056);
#84=CIRCLE('',#3174,0.0056);
#85=CIRCLE('',#3175,0.0014);
#86=CIRCLE('',#3176,0.00445);
#87=CIRCLE('',#3177,0.0014);
#88=CIRCLE('',#3178,0.0014);
#89=CIRCLE('',#3179,0.00445);
#90=CIRCLE('',#3180,0.0014);
#91=CIRCLE('',#3181,0.0014);
#92=CIRCLE('',#3182,0.00445);
#93=CIRCLE('',#3183,0.0014);
#94=CIRCLE('',#3184,0.0014);
#95=CIRCLE('',#3185,0.00445);
#96=CIRCLE('',#3186,0.0014);
#97=CIRCLE('',#3187,0.0014);
#98=CIRCLE('',#3188,0.00445);
#99=CIRCLE('',#3189,0.0014);
#100=CIRCLE('',#3190,0.0014);
#101=CIRCLE('',#3191,0.00445);
#102=CIRCLE('',#3192,0.00275);
#103=CIRCLE('',#3193,0.00275);
#104=CIRCLE('',#3194,0.00275);
#105=CIRCLE('',#3195,0.00275);
#106=CIRCLE('',#3196,0.00275);
#107=CIRCLE('',#3197,0.00275);
#108=CIRCLE('',#3199,0.003);
#109=CIRCLE('',#3200,0.003);
#110=CIRCLE('',#3202,0.003);
#111=CIRCLE('',#3206,0.00235);
#112=CIRCLE('',#3207,0.00235);
#113=CIRCLE('',#3209,0.00235);
#114=CIRCLE('',#3210,0.00235);
#115=CIRCLE('',#3212,0.00235);
#116=CIRCLE('',#3213,0.00235);
#117=CIRCLE('',#3215,0.00235);
#118=CIRCLE('',#3216,0.00235);
#119=CIRCLE('',#3218,0.00235);
#120=CIRCLE('',#3219,0.00235);
#121=CIRCLE('',#3222,0.00235);
#122=CIRCLE('',#3223,0.00235);
#123=CIRCLE('',#3225,0.006);
#124=CIRCLE('',#3227,0.006);
#125=CIRCLE('',#3229,0.006);
#126=CIRCLE('',#3231,0.006);
#127=CIRCLE('',#3233,0.00185);
#128=CIRCLE('',#3235,0.00185);
#129=CIRCLE('',#3237,0.00185);
#130=CIRCLE('',#3239,0.00185);
#131=CIRCLE('',#3241,0.00185);
#132=CIRCLE('',#3243,0.00185);
#133=CIRCLE('',#3254,0.00485);
#134=CIRCLE('',#3256,0.00485);
#135=CIRCLE('',#3258,0.00485);
#136=CIRCLE('',#3260,0.00485);
#137=CIRCLE('',#3263,0.00165);
#138=CIRCLE('',#3264,0.00165);
#139=CIRCLE('',#3266,0.00145);
#140=CIRCLE('',#3268,0.00165);
#141=CIRCLE('',#3269,0.00165);
#142=CIRCLE('',#3271,0.00145);
#143=CIRCLE('',#3273,0.00165);
#144=CIRCLE('',#3274,0.00165);
#145=CIRCLE('',#3276,0.00145);
#146=CIRCLE('',#3278,0.00165);
#147=CIRCLE('',#3279,0.00165);
#148=CIRCLE('',#3281,0.00145);
#149=CIRCLE('',#3283,0.00165);
#150=CIRCLE('',#3284,0.00165);
#151=CIRCLE('',#3286,0.00145);
#152=CIRCLE('',#3288,0.00165);
#153=CIRCLE('',#3289,0.00165);
#154=CIRCLE('',#3291,0.00145);
#155=CIRCLE('',#3294,0.003);
#156=CIRCLE('',#3340,0.001);
#157=CIRCLE('',#3342,0.001);
#158=CIRCLE('',#3344,0.001);
#159=CIRCLE('',#3346,0.001);
#160=CIRCLE('',#3348,0.001);
#161=CIRCLE('',#3350,0.001);
#162=CIRCLE('',#3352,0.001);
#163=CIRCLE('',#3354,0.001);
#164=CIRCLE('',#3356,0.001);
#165=CIRCLE('',#3358,0.001);
#166=CIRCLE('',#3360,0.001);
#167=CIRCLE('',#3362,0.001);
#168=CYLINDRICAL_SURFACE('',#3162,0.00485);
#169=CYLINDRICAL_SURFACE('',#3164,0.00485);
#170=CYLINDRICAL_SURFACE('',#3198,0.003);
#171=CYLINDRICAL_SURFACE('',#3205,0.00235);
#172=CYLINDRICAL_SURFACE('',#3208,0.00235);
#173=CYLINDRICAL_SURFACE('',#3211,0.00235);
#174=CYLINDRICAL_SURFACE('',#3214,0.00235);
#175=CYLINDRICAL_SURFACE('',#3217,0.00235);
#176=CYLINDRICAL_SURFACE('',#3221,0.00235);
#177=CYLINDRICAL_SURFACE('',#3224,0.006);
#178=CYLINDRICAL_SURFACE('',#3226,0.006);
#179=CYLINDRICAL_SURFACE('',#3228,0.006);
#180=CYLINDRICAL_SURFACE('',#3230,0.006);
#181=CYLINDRICAL_SURFACE('',#3253,0.00485);
#182=CYLINDRICAL_SURFACE('',#3255,0.00485);
#183=CYLINDRICAL_SURFACE('',#3257,0.00485);
#184=CYLINDRICAL_SURFACE('',#3259,0.00485);
#185=CYLINDRICAL_SURFACE('',#3262,0.00165);
#186=CYLINDRICAL_SURFACE('',#3267,0.00165);
#187=CYLINDRICAL_SURFACE('',#3272,0.00165);
#188=CYLINDRICAL_SURFACE('',#3277,0.00165);
#189=CYLINDRICAL_SURFACE('',#3282,0.00165);
#190=CYLINDRICAL_SURFACE('',#3287,0.00165);
#191=CYLINDRICAL_SURFACE('',#3293,0.003);
#192=CYLINDRICAL_SURFACE('',#3339,0.001);
#193=CYLINDRICAL_SURFACE('',#3341,0.001);
#194=CYLINDRICAL_SURFACE('',#3343,0.001);
#195=CYLINDRICAL_SURFACE('',#3345,0.001);
#196=CYLINDRICAL_SURFACE('',#3347,0.001);
#197=CYLINDRICAL_SURFACE('',#3349,0.001);
#198=CYLINDRICAL_SURFACE('',#3351,0.001);
#199=CYLINDRICAL_SURFACE('',#3353,0.001);
#200=CYLINDRICAL_SURFACE('',#3355,0.001);
#201=CYLINDRICAL_SURFACE('',#3357,0.001);
#202=CYLINDRICAL_SURFACE('',#3359,0.001);
#203=CYLINDRICAL_SURFACE('',#3361,0.001);
#204=CYLINDRICAL_SURFACE('',#3447,0.0006);
#205=CYLINDRICAL_SURFACE('',#3448,0.0006);
#206=CYLINDRICAL_SURFACE('',#3449,0.0006);
#207=CYLINDRICAL_SURFACE('',#3451,0.0006);
#208=CYLINDRICAL_SURFACE('',#3452,0.0006);
#209=CYLINDRICAL_SURFACE('',#3454,0.0006);
#210=CYLINDRICAL_SURFACE('',#3455,0.0006);
#211=CYLINDRICAL_SURFACE('',#3456,0.0006);
#212=CYLINDRICAL_SURFACE('',#3458,0.0006);
#213=CYLINDRICAL_SURFACE('',#3459,0.0006);
#214=CYLINDRICAL_SURFACE('',#3460,0.0006);
#215=CYLINDRICAL_SURFACE('',#3462,0.0006);
#216=CYLINDRICAL_SURFACE('',#3463,0.0004);
#217=CYLINDRICAL_SURFACE('',#3464,0.0004);
#218=CYLINDRICAL_SURFACE('',#3465,0.0004);
#219=CYLINDRICAL_SURFACE('',#3466,0.0004);
#220=CYLINDRICAL_SURFACE('',#3467,0.0004);
#221=CYLINDRICAL_SURFACE('',#3468,0.0004);
#222=CYLINDRICAL_SURFACE('',#3469,0.0004);
#223=CYLINDRICAL_SURFACE('',#3470,0.0004);
#224=ELLIPSE('',#3158,0.00103923048454133,0.0006);
#225=ELLIPSE('',#3159,0.00103923048454132,0.0006);
#226=ELLIPSE('',#3160,0.00103923048454133,0.0006);
#227=ELLIPSE('',#3161,0.00103923048454132,0.0006);
#228=ELLIPSE('',#3298,0.00103923048454133,0.0006);
#229=ELLIPSE('',#3299,0.00103923048454133,0.0006);
#230=ELLIPSE('',#3300,0.00103923048454133,0.0006);
#231=ELLIPSE('',#3302,0.00103923048454133,0.0006);
#232=ELLIPSE('',#3303,0.00103923048454132,0.0006);
#233=ELLIPSE('',#3304,0.00103923048454132,0.0006);
#234=ELLIPSE('',#3305,0.00103923048454133,0.0006);
#235=ELLIPSE('',#3307,0.00103923048454132,0.0006);
#236=ELLIPSE('',#3308,0.00103923048454133,0.0006);
#237=ELLIPSE('',#3309,0.00103923048454133,0.0006);
#238=ELLIPSE('',#3311,0.00103923048454132,0.0006);
#239=ELLIPSE('',#3312,0.00103923048454132,0.0006);
#240=ELLIPSE('',#3314,0.00103923048454132,0.0006);
#241=ELLIPSE('',#3315,0.00103923048454132,0.0006);
#242=ELLIPSE('',#3316,0.00103923048454133,0.0006);
#243=ELLIPSE('',#3317,0.00103923048454133,0.0006);
#244=ELLIPSE('',#3319,0.00103923048454132,0.0006);
#245=ELLIPSE('',#3320,0.00103923048454133,0.0006);
#246=ELLIPSE('',#3321,0.00103923048454133,0.0006);
#247=ELLIPSE('',#3322,0.00103923048454131,0.0006);
#248=ELLIPSE('',#3324,0.00103923048454133,0.0006);
#249=ELLIPSE('',#3325,0.00103923048454133,0.0006);
#250=ELLIPSE('',#3326,0.00103923048454132,0.0006);
#251=ELLIPSE('',#3328,0.00103923048454132,0.0006);
#252=ELLIPSE('',#3329,0.00103923048454132,0.0006);
#253=ELLIPSE('',#3331,0.00103923048454133,0.0006);
#254=ELLIPSE('',#3332,0.00103923048454134,0.0006);
#255=ELLIPSE('',#3333,0.00103923048454133,0.0006);
#256=ELLIPSE('',#3335,0.00103923048454132,0.0006);
#257=ELLIPSE('',#3336,0.00103923048454132,0.0006);
#258=ELLIPSE('',#3337,0.00103923048454133,0.0006);
#259=ELLIPSE('',#3338,0.00103923048454133,0.0006);
#260=ELLIPSE('',#3414,0.000565685424949241,0.0004);
#261=ELLIPSE('',#3417,0.000565685424949238,0.0004);
#262=ELLIPSE('',#3419,0.000565685424949235,0.0004);
#263=ELLIPSE('',#3422,0.000565685424949242,0.0004);
#264=ELLIPSE('',#3450,0.00103923048454133,0.0006);
#265=ELLIPSE('',#3453,0.00103923048454133,0.0006);
#266=ELLIPSE('',#3457,0.00103923048454132,0.0006);
#267=ELLIPSE('',#3461,0.00103923048454133,0.0006);
#268=LINE('',#4323,#482);
#269=LINE('',#4325,#483);
#270=LINE('',#4329,#484);
#271=LINE('',#4333,#485);
#272=LINE('',#4335,#486);
#273=LINE('',#4337,#487);
#274=LINE('',#4341,#488);
#275=LINE('',#4345,#489);
#276=LINE('',#4347,#490);
#277=LINE('',#4367,#491);
#278=LINE('',#4393,#492);
#279=LINE('',#4413,#493);
#280=LINE('',#4433,#494);
#281=LINE('',#4459,#495);
#282=LINE('',#4474,#496);
#283=LINE('',#4497,#497);
#284=LINE('',#4501,#498);
#285=LINE('',#4522,#499);
#286=LINE('',#4526,#500);
#287=LINE('',#4529,#501);
#288=LINE('',#4531,#502);
#289=LINE('',#4533,#503);
#290=LINE('',#4535,#504);
#291=LINE('',#4539,#505);
#292=LINE('',#4543,#506);
#293=LINE('',#4545,#507);
#294=LINE('',#4547,#508);
#295=LINE('',#4549,#509);
#296=LINE('',#4551,#510);
#297=LINE('',#4553,#511);
#298=LINE('',#4554,#512);
#299=LINE('',#4559,#513);
#300=LINE('',#4561,#514);
#301=LINE('',#4563,#515);
#302=LINE('',#4567,#516);
#303=LINE('',#4571,#517);
#304=LINE('',#4575,#518);
#305=LINE('',#4579,#519);
#306=LINE('',#4581,#520);
#307=LINE('',#4583,#521);
#308=LINE('',#4591,#522);
#309=LINE('',#4599,#523);
#310=LINE('',#4607,#524);
#311=LINE('',#4615,#525);
#312=LINE('',#4623,#526);
#313=LINE('',#4641,#527);
#314=LINE('',#4646,#528);
#315=LINE('',#4650,#529);
#316=LINE('',#4652,#530);
#317=LINE('',#4654,#531);
#318=LINE('',#4656,#532);
#319=LINE('',#4658,#533);
#320=LINE('',#4660,#534);
#321=LINE('',#4662,#535);
#322=LINE('',#4666,#536);
#323=LINE('',#4668,#537);
#324=LINE('',#4671,#538);
#325=LINE('',#4673,#539);
#326=LINE('',#4675,#540);
#327=LINE('',#4677,#541);
#328=LINE('',#4680,#542);
#329=LINE('',#4682,#543);
#330=LINE('',#4684,#544);
#331=LINE('',#4711,#545);
#332=LINE('',#4714,#546);
#333=LINE('',#4716,#547);
#334=LINE('',#4718,#548);
#335=LINE('',#4822,#549);
#336=LINE('',#4830,#550);
#337=LINE('',#4838,#551);
#338=LINE('',#4846,#552);
#339=LINE('',#4932,#553);
#340=LINE('',#4935,#554);
#341=LINE('',#4937,#555);
#342=LINE('',#4939,#556);
#343=LINE('',#4941,#557);
#344=LINE('',#4944,#558);
#345=LINE('',#4946,#559);
#346=LINE('',#4948,#560);
#347=LINE('',#4950,#561);
#348=LINE('',#4953,#562);
#349=LINE('',#4955,#563);
#350=LINE('',#4957,#564);
#351=LINE('',#4959,#565);
#352=LINE('',#4962,#566);
#353=LINE('',#4964,#567);
#354=LINE('',#4966,#568);
#355=LINE('',#4968,#569);
#356=LINE('',#4991,#570);
#357=LINE('',#4995,#571);
#358=LINE('',#5026,#572);
#359=LINE('',#5030,#573);
#360=LINE('',#5054,#574);
#361=LINE('',#5058,#575);
#362=LINE('',#5089,#576);
#363=LINE('',#5093,#577);
#364=LINE('',#5096,#578);
#365=LINE('',#5098,#579);
#366=LINE('',#5100,#580);
#367=LINE('',#5150,#581);
#368=LINE('',#5152,#582);
#369=LINE('',#5154,#583);
#370=LINE('',#5158,#584);
#371=LINE('',#5160,#585);
#372=LINE('',#5162,#586);
#373=LINE('',#5164,#587);
#374=LINE('',#5169,#588);
#375=LINE('',#5173,#589);
#376=LINE('',#5177,#590);
#377=LINE('',#5179,#591);
#378=LINE('',#5184,#592);
#379=LINE('',#5188,#593);
#380=LINE('',#5192,#594);
#381=LINE('',#5196,#595);
#382=LINE('',#5201,#596);
#383=LINE('',#5205,#597);
#384=LINE('',#5207,#598);
#385=LINE('',#5211,#599);
#386=LINE('',#5213,#600);
#387=LINE('',#5215,#601);
#388=LINE('',#5219,#602);
#389=LINE('',#5223,#603);
#390=LINE('',#5225,#604);
#391=LINE('',#5227,#605);
#392=LINE('',#5234,#606);
#393=LINE('',#5243,#607);
#394=LINE('',#5247,#608);
#395=LINE('',#5251,#609);
#396=LINE('',#5255,#610);
#397=LINE('',#5257,#611);
#398=LINE('',#5260,#612);
#399=LINE('',#5264,#613);
#400=LINE('',#5268,#614);
#401=LINE('',#5275,#615);
#402=LINE('',#5277,#616);
#403=LINE('',#5278,#617);
#404=LINE('',#5280,#618);
#405=LINE('',#5284,#619);
#406=LINE('',#5289,#620);
#407=LINE('',#5291,#621);
#408=LINE('',#5295,#622);
#409=LINE('',#5299,#623);
#410=LINE('',#5301,#624);
#411=LINE('',#5308,#625);
#412=LINE('',#5398,#626);
#413=LINE('',#5399,#627);
#414=LINE('',#5401,#628);
#415=LINE('',#5403,#629);
#416=LINE('',#5405,#630);
#417=LINE('',#5407,#631);
#418=LINE('',#5409,#632);
#419=LINE('',#5411,#633);
#420=LINE('',#5413,#634);
#421=LINE('',#5415,#635);
#422=LINE('',#5417,#636);
#423=LINE('',#5419,#637);
#424=LINE('',#5421,#638);
#425=LINE('',#5423,#639);
#426=LINE('',#5425,#640);
#427=LINE('',#5427,#641);
#428=LINE('',#5428,#642);
#429=LINE('',#5430,#643);
#430=LINE('',#5432,#644);
#431=LINE('',#5434,#645);
#432=LINE('',#5436,#646);
#433=LINE('',#5438,#647);
#434=LINE('',#5440,#648);
#435=LINE('',#5442,#649);
#436=LINE('',#5444,#650);
#437=LINE('',#5446,#651);
#438=LINE('',#5448,#652);
#439=LINE('',#5450,#653);
#440=LINE('',#5452,#654);
#441=LINE('',#5454,#655);
#442=LINE('',#5456,#656);
#443=LINE('',#5458,#657);
#444=LINE('',#5460,#658);
#445=LINE('',#5462,#659);
#446=LINE('',#5464,#660);
#447=LINE('',#5466,#661);
#448=LINE('',#5468,#662);
#449=LINE('',#5470,#663);
#450=LINE('',#5472,#664);
#451=LINE('',#5474,#665);
#452=LINE('',#5482,#666);
#453=LINE('',#5483,#667);
#454=LINE('',#5485,#668);
#455=LINE('',#5487,#669);
#456=LINE('',#5489,#670);
#457=LINE('',#5491,#671);
#458=LINE('',#5493,#672);
#459=LINE('',#5494,#673);
#460=LINE('',#5496,#674);
#461=LINE('',#5497,#675);
#462=LINE('',#5499,#676);
#463=LINE('',#5501,#677);
#464=LINE('',#5503,#678);
#465=LINE('',#5505,#679);
#466=LINE('',#5507,#680);
#467=LINE('',#5508,#681);
#468=LINE('',#5510,#682);
#469=LINE('',#5513,#683);
#470=LINE('',#5514,#684);
#471=LINE('',#5516,#685);
#472=LINE('',#5517,#686);
#473=LINE('',#5520,#687);
#474=LINE('',#5523,#688);
#475=LINE('',#5524,#689);
#476=LINE('',#5526,#690);
#477=LINE('',#5528,#691);
#478=LINE('',#5530,#692);
#479=LINE('',#5532,#693);
#480=LINE('',#5534,#694);
#481=LINE('',#5536,#695);
#482=VECTOR('',#3475,1.);
#483=VECTOR('',#3476,1.);
#484=VECTOR('',#3479,1.);
#485=VECTOR('',#3482,1.);
#486=VECTOR('',#3483,1.);
#487=VECTOR('',#3484,1.);
#488=VECTOR('',#3487,1.);
#489=VECTOR('',#3490,1.);
#490=VECTOR('',#3491,1.);
#491=VECTOR('',#3492,1.);
#492=VECTOR('',#3493,1.);
#493=VECTOR('',#3494,1.);
#494=VECTOR('',#3495,1.);
#495=VECTOR('',#3496,1.);
#496=VECTOR('',#3499,1.);
#497=VECTOR('',#3500,1.);
#498=VECTOR('',#3505,1.);
#499=VECTOR('',#3506,1.);
#500=VECTOR('',#3511,1.);
#501=VECTOR('',#3512,1.);
#502=VECTOR('',#3513,1.);
#503=VECTOR('',#3514,1.);
#504=VECTOR('',#3515,1.);
#505=VECTOR('',#3518,1.);
#506=VECTOR('',#3521,1.);
#507=VECTOR('',#3522,1.);
#508=VECTOR('',#3523,1.);
#509=VECTOR('',#3524,1.);
#510=VECTOR('',#3525,1.);
#511=VECTOR('',#3526,1.);
#512=VECTOR('',#3527,1.);
#513=VECTOR('',#3532,1.);
#514=VECTOR('',#3533,1.);
#515=VECTOR('',#3534,1.);
#516=VECTOR('',#3537,1.);
#517=VECTOR('',#3540,1.);
#518=VECTOR('',#3543,1.);
#519=VECTOR('',#3546,1.);
#520=VECTOR('',#3547,1.);
#521=VECTOR('',#3548,1.);
#522=VECTOR('',#3555,1.);
#523=VECTOR('',#3562,1.);
#524=VECTOR('',#3569,1.);
#525=VECTOR('',#3576,1.);
#526=VECTOR('',#3583,1.);
#527=VECTOR('',#3602,1.);
#528=VECTOR('',#3605,1.);
#529=VECTOR('',#3610,1.);
#530=VECTOR('',#3611,1.);
#531=VECTOR('',#3612,1.);
#532=VECTOR('',#3613,1.);
#533=VECTOR('',#3614,1.);
#534=VECTOR('',#3615,1.);
#535=VECTOR('',#3616,1.);
#536=VECTOR('',#3619,1.);
#537=VECTOR('',#3622,1.);
#538=VECTOR('',#3623,1.);
#539=VECTOR('',#3624,1.);
#540=VECTOR('',#3625,1.);
#541=VECTOR('',#3628,1.);
#542=VECTOR('',#3629,1.);
#543=VECTOR('',#3630,1.);
#544=VECTOR('',#3631,1.);
#545=VECTOR('',#3664,1.);
#546=VECTOR('',#3665,1.);
#547=VECTOR('',#3666,1.);
#548=VECTOR('',#3667,1.);
#549=VECTOR('',#3716,1.);
#550=VECTOR('',#3717,1.);
#551=VECTOR('',#3718,1.);
#552=VECTOR('',#3719,1.);
#553=VECTOR('',#3730,1.);
#554=VECTOR('',#3731,1.);
#555=VECTOR('',#3732,1.);
#556=VECTOR('',#3733,1.);
#557=VECTOR('',#3736,1.);
#558=VECTOR('',#3737,1.);
#559=VECTOR('',#3738,1.);
#560=VECTOR('',#3739,1.);
#561=VECTOR('',#3742,1.);
#562=VECTOR('',#3743,1.);
#563=VECTOR('',#3744,1.);
#564=VECTOR('',#3745,1.);
#565=VECTOR('',#3748,1.);
#566=VECTOR('',#3749,1.);
#567=VECTOR('',#3750,1.);
#568=VECTOR('',#3751,1.);
#569=VECTOR('',#3754,1.);
#570=VECTOR('',#3755,1.);
#571=VECTOR('',#3760,1.);
#572=VECTOR('',#3761,1.);
#573=VECTOR('',#3766,1.);
#574=VECTOR('',#3767,1.);
#575=VECTOR('',#3772,1.);
#576=VECTOR('',#3773,1.);
#577=VECTOR('',#3778,1.);
#578=VECTOR('',#3779,1.);
#579=VECTOR('',#3780,1.);
#580=VECTOR('',#3781,1.);
#581=VECTOR('',#3844,1.);
#582=VECTOR('',#3845,1.);
#583=VECTOR('',#3848,1.);
#584=VECTOR('',#3853,1.);
#585=VECTOR('',#3854,1.);
#586=VECTOR('',#3857,1.);
#587=VECTOR('',#3858,1.);
#588=VECTOR('',#3863,1.);
#589=VECTOR('',#3866,1.);
#590=VECTOR('',#3869,1.);
#591=VECTOR('',#3870,1.);
#592=VECTOR('',#3875,1.);
#593=VECTOR('',#3878,1.);
#594=VECTOR('',#3881,1.);
#595=VECTOR('',#3884,1.);
#596=VECTOR('',#3889,1.);
#597=VECTOR('',#3892,1.);
#598=VECTOR('',#3893,1.);
#599=VECTOR('',#3896,1.);
#600=VECTOR('',#3899,1.);
#601=VECTOR('',#3900,1.);
#602=VECTOR('',#3903,1.);
#603=VECTOR('',#3906,1.);
#604=VECTOR('',#3907,1.);
#605=VECTOR('',#3910,1.);
#606=VECTOR('',#3915,1.);
#607=VECTOR('',#3924,1.);
#608=VECTOR('',#3927,1.);
#609=VECTOR('',#3930,1.);
#610=VECTOR('',#3933,1.);
#611=VECTOR('',#3936,1.);
#612=VECTOR('',#3937,1.);
#613=VECTOR('',#3940,1.);
#614=VECTOR('',#3943,1.);
#615=VECTOR('',#3950,1.);
#616=VECTOR('',#3951,1.);
#617=VECTOR('',#3952,1.);
#618=VECTOR('',#3953,1.);
#619=VECTOR('',#3956,1.);
#620=VECTOR('',#3961,1.);
#621=VECTOR('',#3962,1.);
#622=VECTOR('',#3965,1.);
#623=VECTOR('',#3968,1.);
#624=VECTOR('',#3971,1.);
#625=VECTOR('',#3976,1.);
#626=VECTOR('',#4031,1.);
#627=VECTOR('',#4032,1.);
#628=VECTOR('',#4035,1.);
#629=VECTOR('',#4038,1.);
#630=VECTOR('',#4041,1.);
#631=VECTOR('',#4044,1.);
#632=VECTOR('',#4047,1.);
#633=VECTOR('',#4050,1.);
#634=VECTOR('',#4053,1.);
#635=VECTOR('',#4056,1.);
#636=VECTOR('',#4059,1.);
#637=VECTOR('',#4062,1.);
#638=VECTOR('',#4065,1.);
#639=VECTOR('',#4066,1.);
#640=VECTOR('',#4069,1.);
#641=VECTOR('',#4072,1.);
#642=VECTOR('',#4073,1.);
#643=VECTOR('',#4076,1.);
#644=VECTOR('',#4079,1.);
#645=VECTOR('',#4082,1.);
#646=VECTOR('',#4085,1.);
#647=VECTOR('',#4088,1.);
#648=VECTOR('',#4091,1.);
#649=VECTOR('',#4094,1.);
#650=VECTOR('',#4097,1.);
#651=VECTOR('',#4100,1.);
#652=VECTOR('',#4103,1.);
#653=VECTOR('',#4106,1.);
#654=VECTOR('',#4109,1.);
#655=VECTOR('',#4112,1.);
#656=VECTOR('',#4115,1.);
#657=VECTOR('',#4118,1.);
#658=VECTOR('',#4121,1.);
#659=VECTOR('',#4124,1.);
#660=VECTOR('',#4127,1.);
#661=VECTOR('',#4130,1.);
#662=VECTOR('',#4133,1.);
#663=VECTOR('',#4134,1.);
#664=VECTOR('',#4137,1.);
#665=VECTOR('',#4140,1.);
#666=VECTOR('',#4155,1.);
#667=VECTOR('',#4156,1.);
#668=VECTOR('',#4159,1.);
#669=VECTOR('',#4160,1.);
#670=VECTOR('',#4163,1.);
#671=VECTOR('',#4164,1.);
#672=VECTOR('',#4167,1.);
#673=VECTOR('',#4168,1.);
#674=VECTOR('',#4171,1.);
#675=VECTOR('',#4172,1.);
#676=VECTOR('',#4175,1.);
#677=VECTOR('',#4176,1.);
#678=VECTOR('',#4179,1.);
#679=VECTOR('',#4180,1.);
#680=VECTOR('',#4183,1.);
#681=VECTOR('',#4184,1.);
#682=VECTOR('',#4187,1.);
#683=VECTOR('',#4192,1.);
#684=VECTOR('',#4193,1.);
#685=VECTOR('',#4196,1.);
#686=VECTOR('',#4197,1.);
#687=VECTOR('',#4202,1.);
#688=VECTOR('',#4207,1.);
#689=VECTOR('',#4208,1.);
#690=VECTOR('',#4211,1.);
#691=VECTOR('',#4214,1.);
#692=VECTOR('',#4217,1.);
#693=VECTOR('',#4220,1.);
#694=VECTOR('',#4223,1.);
#695=VECTOR('',#4226,1.);
#696=ORIENTED_EDGE('',*,*,#1572,.T.);
#697=ORIENTED_EDGE('',*,*,#1573,.T.);
#698=ORIENTED_EDGE('',*,*,#1574,.T.);
#699=ORIENTED_EDGE('',*,*,#1575,.T.);
#700=ORIENTED_EDGE('',*,*,#1576,.T.);
#701=ORIENTED_EDGE('',*,*,#1577,.T.);
#702=ORIENTED_EDGE('',*,*,#1578,.T.);
#703=ORIENTED_EDGE('',*,*,#1579,.F.);
#704=ORIENTED_EDGE('',*,*,#1580,.T.);
#705=ORIENTED_EDGE('',*,*,#1581,.T.);
#706=ORIENTED_EDGE('',*,*,#1582,.T.);
#707=ORIENTED_EDGE('',*,*,#1583,.T.);
#708=ORIENTED_EDGE('',*,*,#1584,.T.);
#709=ORIENTED_EDGE('',*,*,#1585,.T.);
#710=ORIENTED_EDGE('',*,*,#1586,.T.);
#711=ORIENTED_EDGE('',*,*,#1587,.T.);
#712=ORIENTED_EDGE('',*,*,#1588,.T.);
#713=ORIENTED_EDGE('',*,*,#1589,.T.);
#714=ORIENTED_EDGE('',*,*,#1590,.T.);
#715=ORIENTED_EDGE('',*,*,#1591,.T.);
#716=ORIENTED_EDGE('',*,*,#1592,.T.);
#717=ORIENTED_EDGE('',*,*,#1593,.T.);
#718=ORIENTED_EDGE('',*,*,#1594,.T.);
#719=ORIENTED_EDGE('',*,*,#1595,.T.);
#720=ORIENTED_EDGE('',*,*,#1596,.T.);
#721=ORIENTED_EDGE('',*,*,#1597,.T.);
#722=ORIENTED_EDGE('',*,*,#1598,.T.);
#723=ORIENTED_EDGE('',*,*,#1599,.T.);
#724=ORIENTED_EDGE('',*,*,#1600,.T.);
#725=ORIENTED_EDGE('',*,*,#1601,.T.);
#726=ORIENTED_EDGE('',*,*,#1602,.T.);
#727=ORIENTED_EDGE('',*,*,#1603,.T.);
#728=ORIENTED_EDGE('',*,*,#1604,.T.);
#729=ORIENTED_EDGE('',*,*,#1605,.T.);
#730=ORIENTED_EDGE('',*,*,#1606,.T.);
#731=ORIENTED_EDGE('',*,*,#1607,.T.);
#732=ORIENTED_EDGE('',*,*,#1608,.T.);
#733=ORIENTED_EDGE('',*,*,#1609,.T.);
#734=ORIENTED_EDGE('',*,*,#1610,.T.);
#735=ORIENTED_EDGE('',*,*,#1611,.T.);
#736=ORIENTED_EDGE('',*,*,#1612,.T.);
#737=ORIENTED_EDGE('',*,*,#1613,.T.);
#738=ORIENTED_EDGE('',*,*,#1614,.T.);
#739=ORIENTED_EDGE('',*,*,#1615,.T.);
#740=ORIENTED_EDGE('',*,*,#1616,.T.);
#741=ORIENTED_EDGE('',*,*,#1617,.T.);
#742=ORIENTED_EDGE('',*,*,#1618,.T.);
#743=ORIENTED_EDGE('',*,*,#1619,.T.);
#744=ORIENTED_EDGE('',*,*,#1620,.T.);
#745=ORIENTED_EDGE('',*,*,#1621,.T.);
#746=ORIENTED_EDGE('',*,*,#1622,.T.);
#747=ORIENTED_EDGE('',*,*,#1623,.T.);
#748=ORIENTED_EDGE('',*,*,#1624,.T.);
#749=ORIENTED_EDGE('',*,*,#1625,.T.);
#750=ORIENTED_EDGE('',*,*,#1626,.T.);
#751=ORIENTED_EDGE('',*,*,#1627,.T.);
#752=ORIENTED_EDGE('',*,*,#1628,.T.);
#753=ORIENTED_EDGE('',*,*,#1629,.F.);
#754=ORIENTED_EDGE('',*,*,#1579,.T.);
#755=ORIENTED_EDGE('',*,*,#1630,.T.);
#756=ORIENTED_EDGE('',*,*,#1631,.T.);
#757=ORIENTED_EDGE('',*,*,#1632,.T.);
#758=ORIENTED_EDGE('',*,*,#1633,.T.);
#759=ORIENTED_EDGE('',*,*,#1634,.T.);
#760=ORIENTED_EDGE('',*,*,#1635,.T.);
#761=ORIENTED_EDGE('',*,*,#1636,.T.);
#762=ORIENTED_EDGE('',*,*,#1637,.T.);
#763=ORIENTED_EDGE('',*,*,#1638,.T.);
#764=ORIENTED_EDGE('',*,*,#1639,.T.);
#765=ORIENTED_EDGE('',*,*,#1640,.T.);
#766=ORIENTED_EDGE('',*,*,#1641,.T.);
#767=ORIENTED_EDGE('',*,*,#1642,.T.);
#768=ORIENTED_EDGE('',*,*,#1643,.T.);
#769=ORIENTED_EDGE('',*,*,#1644,.T.);
#770=ORIENTED_EDGE('',*,*,#1645,.T.);
#771=ORIENTED_EDGE('',*,*,#1646,.T.);
#772=ORIENTED_EDGE('',*,*,#1647,.T.);
#773=ORIENTED_EDGE('',*,*,#1648,.T.);
#774=ORIENTED_EDGE('',*,*,#1649,.T.);
#775=ORIENTED_EDGE('',*,*,#1650,.T.);
#776=ORIENTED_EDGE('',*,*,#1651,.T.);
#777=ORIENTED_EDGE('',*,*,#1652,.T.);
#778=ORIENTED_EDGE('',*,*,#1653,.T.);
#779=ORIENTED_EDGE('',*,*,#1654,.T.);
#780=ORIENTED_EDGE('',*,*,#1655,.T.);
#781=ORIENTED_EDGE('',*,*,#1656,.T.);
#782=ORIENTED_EDGE('',*,*,#1657,.T.);
#783=ORIENTED_EDGE('',*,*,#1658,.T.);
#784=ORIENTED_EDGE('',*,*,#1659,.T.);
#785=ORIENTED_EDGE('',*,*,#1660,.T.);
#786=ORIENTED_EDGE('',*,*,#1661,.T.);
#787=ORIENTED_EDGE('',*,*,#1662,.T.);
#788=ORIENTED_EDGE('',*,*,#1663,.T.);
#789=ORIENTED_EDGE('',*,*,#1664,.T.);
#790=ORIENTED_EDGE('',*,*,#1665,.T.);
#791=ORIENTED_EDGE('',*,*,#1666,.T.);
#792=ORIENTED_EDGE('',*,*,#1667,.T.);
#793=ORIENTED_EDGE('',*,*,#1668,.T.);
#794=ORIENTED_EDGE('',*,*,#1669,.T.);
#795=ORIENTED_EDGE('',*,*,#1670,.T.);
#796=ORIENTED_EDGE('',*,*,#1671,.T.);
#797=ORIENTED_EDGE('',*,*,#1672,.T.);
#798=ORIENTED_EDGE('',*,*,#1673,.F.);
#799=ORIENTED_EDGE('',*,*,#1674,.T.);
#800=ORIENTED_EDGE('',*,*,#1675,.T.);
#801=ORIENTED_EDGE('',*,*,#1676,.F.);
#802=ORIENTED_EDGE('',*,*,#1677,.T.);
#803=ORIENTED_EDGE('',*,*,#1678,.T.);
#804=ORIENTED_EDGE('',*,*,#1679,.T.);
#805=ORIENTED_EDGE('',*,*,#1680,.T.);
#806=ORIENTED_EDGE('',*,*,#1681,.T.);
#807=ORIENTED_EDGE('',*,*,#1682,.T.);
#808=ORIENTED_EDGE('',*,*,#1683,.T.);
#809=ORIENTED_EDGE('',*,*,#1684,.T.);
#810=ORIENTED_EDGE('',*,*,#1685,.T.);
#811=ORIENTED_EDGE('',*,*,#1676,.T.);
#812=ORIENTED_EDGE('',*,*,#1686,.T.);
#813=ORIENTED_EDGE('',*,*,#1687,.T.);
#814=ORIENTED_EDGE('',*,*,#1688,.T.);
#815=ORIENTED_EDGE('',*,*,#1689,.T.);
#816=ORIENTED_EDGE('',*,*,#1690,.T.);
#817=ORIENTED_EDGE('',*,*,#1691,.T.);
#818=ORIENTED_EDGE('',*,*,#1692,.T.);
#819=ORIENTED_EDGE('',*,*,#1693,.T.);
#820=ORIENTED_EDGE('',*,*,#1694,.T.);
#821=ORIENTED_EDGE('',*,*,#1695,.F.);
#822=ORIENTED_EDGE('',*,*,#1696,.T.);
#823=ORIENTED_EDGE('',*,*,#1697,.T.);
#824=ORIENTED_EDGE('',*,*,#1698,.T.);
#825=ORIENTED_EDGE('',*,*,#1699,.T.);
#826=ORIENTED_EDGE('',*,*,#1700,.T.);
#827=ORIENTED_EDGE('',*,*,#1701,.F.);
#828=ORIENTED_EDGE('',*,*,#1702,.T.);
#829=ORIENTED_EDGE('',*,*,#1703,.F.);
#830=ORIENTED_EDGE('',*,*,#1704,.T.);
#831=ORIENTED_EDGE('',*,*,#1705,.T.);
#832=ORIENTED_EDGE('',*,*,#1706,.T.);
#833=ORIENTED_EDGE('',*,*,#1707,.T.);
#834=ORIENTED_EDGE('',*,*,#1708,.T.);
#835=ORIENTED_EDGE('',*,*,#1709,.T.);
#836=ORIENTED_EDGE('',*,*,#1706,.F.);
#837=ORIENTED_EDGE('',*,*,#1710,.T.);
#838=ORIENTED_EDGE('',*,*,#1690,.F.);
#839=ORIENTED_EDGE('',*,*,#1711,.T.);
#840=ORIENTED_EDGE('',*,*,#1688,.F.);
#841=ORIENTED_EDGE('',*,*,#1712,.T.);
#842=ORIENTED_EDGE('',*,*,#1704,.F.);
#843=ORIENTED_EDGE('',*,*,#1713,.T.);
#844=ORIENTED_EDGE('',*,*,#1692,.F.);
#845=ORIENTED_EDGE('',*,*,#1714,.T.);
#846=ORIENTED_EDGE('',*,*,#1681,.F.);
#847=ORIENTED_EDGE('',*,*,#1715,.T.);
#848=ORIENTED_EDGE('',*,*,#1679,.F.);
#849=ORIENTED_EDGE('',*,*,#1716,.T.);
#850=ORIENTED_EDGE('',*,*,#1686,.F.);
#851=ORIENTED_EDGE('',*,*,#1717,.T.);
#852=ORIENTED_EDGE('',*,*,#1718,.T.);
#853=ORIENTED_EDGE('',*,*,#1709,.F.);
#854=ORIENTED_EDGE('',*,*,#1719,.T.);
#855=ORIENTED_EDGE('',*,*,#1695,.T.);
#856=ORIENTED_EDGE('',*,*,#1720,.T.);
#857=ORIENTED_EDGE('',*,*,#1697,.F.);
#858=ORIENTED_EDGE('',*,*,#1721,.T.);
#859=ORIENTED_EDGE('',*,*,#1699,.F.);
#860=ORIENTED_EDGE('',*,*,#1722,.T.);
#861=ORIENTED_EDGE('',*,*,#1701,.T.);
#862=ORIENTED_EDGE('',*,*,#1723,.T.);
#863=ORIENTED_EDGE('',*,*,#1703,.T.);
#864=ORIENTED_EDGE('',*,*,#1724,.T.);
#865=ORIENTED_EDGE('',*,*,#1725,.T.);
#866=ORIENTED_EDGE('',*,*,#1726,.T.);
#867=ORIENTED_EDGE('',*,*,#1727,.T.);
#868=ORIENTED_EDGE('',*,*,#1728,.T.);
#869=ORIENTED_EDGE('',*,*,#1729,.T.);
#870=ORIENTED_EDGE('',*,*,#1730,.T.);
#871=ORIENTED_EDGE('',*,*,#1731,.T.);
#872=ORIENTED_EDGE('',*,*,#1732,.F.);
#873=ORIENTED_EDGE('',*,*,#1729,.F.);
#874=ORIENTED_EDGE('',*,*,#1733,.F.);
#875=ORIENTED_EDGE('',*,*,#1689,.F.);
#876=ORIENTED_EDGE('',*,*,#1733,.T.);
#877=ORIENTED_EDGE('',*,*,#1728,.F.);
#878=ORIENTED_EDGE('',*,*,#1734,.F.);
#879=ORIENTED_EDGE('',*,*,#1717,.F.);
#880=ORIENTED_EDGE('',*,*,#1732,.T.);
#881=ORIENTED_EDGE('',*,*,#1713,.F.);
#882=ORIENTED_EDGE('',*,*,#1735,.F.);
#883=ORIENTED_EDGE('',*,*,#1730,.F.);
#884=ORIENTED_EDGE('',*,*,#1734,.T.);
#885=ORIENTED_EDGE('',*,*,#1727,.F.);
#886=ORIENTED_EDGE('',*,*,#1736,.F.);
#887=ORIENTED_EDGE('',*,*,#1680,.F.);
#888=ORIENTED_EDGE('',*,*,#1735,.T.);
#889=ORIENTED_EDGE('',*,*,#1707,.F.);
#890=ORIENTED_EDGE('',*,*,#1737,.F.);
#891=ORIENTED_EDGE('',*,*,#1731,.F.);
#892=ORIENTED_EDGE('',*,*,#1736,.T.);
#893=ORIENTED_EDGE('',*,*,#1726,.F.);
#894=ORIENTED_EDGE('',*,*,#1738,.F.);
#895=ORIENTED_EDGE('',*,*,#1715,.F.);
#896=ORIENTED_EDGE('',*,*,#1737,.T.);
#897=ORIENTED_EDGE('',*,*,#1711,.F.);
#898=ORIENTED_EDGE('',*,*,#1739,.F.);
#899=ORIENTED_EDGE('',*,*,#1724,.F.);
#900=ORIENTED_EDGE('',*,*,#1738,.T.);
#901=ORIENTED_EDGE('',*,*,#1725,.F.);
#902=ORIENTED_EDGE('',*,*,#1739,.T.);
#903=ORIENTED_EDGE('',*,*,#1693,.F.);
#904=ORIENTED_EDGE('',*,*,#1740,.T.);
#905=ORIENTED_EDGE('',*,*,#1741,.T.);
#906=ORIENTED_EDGE('',*,*,#1742,.T.);
#907=ORIENTED_EDGE('',*,*,#1743,.T.);
#908=ORIENTED_EDGE('',*,*,#1744,.T.);
#909=ORIENTED_EDGE('',*,*,#1745,.T.);
#910=ORIENTED_EDGE('',*,*,#1746,.T.);
#911=ORIENTED_EDGE('',*,*,#1747,.T.);
#912=ORIENTED_EDGE('',*,*,#1748,.T.);
#913=ORIENTED_EDGE('',*,*,#1749,.T.);
#914=ORIENTED_EDGE('',*,*,#1750,.T.);
#915=ORIENTED_EDGE('',*,*,#1751,.T.);
#916=ORIENTED_EDGE('',*,*,#1752,.T.);
#917=ORIENTED_EDGE('',*,*,#1753,.T.);
#918=ORIENTED_EDGE('',*,*,#1754,.T.);
#919=ORIENTED_EDGE('',*,*,#1755,.T.);
#920=ORIENTED_EDGE('',*,*,#1756,.T.);
#921=ORIENTED_EDGE('',*,*,#1757,.T.);
#922=ORIENTED_EDGE('',*,*,#1758,.T.);
#923=ORIENTED_EDGE('',*,*,#1759,.T.);
#924=ORIENTED_EDGE('',*,*,#1760,.T.);
#925=ORIENTED_EDGE('',*,*,#1761,.T.);
#926=ORIENTED_EDGE('',*,*,#1762,.T.);
#927=ORIENTED_EDGE('',*,*,#1763,.T.);
#928=ORIENTED_EDGE('',*,*,#1764,.T.);
#929=ORIENTED_EDGE('',*,*,#1765,.T.);
#930=ORIENTED_EDGE('',*,*,#1766,.T.);
#931=ORIENTED_EDGE('',*,*,#1767,.T.);
#932=ORIENTED_EDGE('',*,*,#1768,.T.);
#933=ORIENTED_EDGE('',*,*,#1769,.T.);
#934=ORIENTED_EDGE('',*,*,#1770,.T.);
#935=ORIENTED_EDGE('',*,*,#1771,.T.);
#936=ORIENTED_EDGE('',*,*,#1772,.T.);
#937=ORIENTED_EDGE('',*,*,#1773,.T.);
#938=ORIENTED_EDGE('',*,*,#1774,.T.);
#939=ORIENTED_EDGE('',*,*,#1775,.T.);
#940=ORIENTED_EDGE('',*,*,#1776,.T.);
#941=ORIENTED_EDGE('',*,*,#1777,.T.);
#942=ORIENTED_EDGE('',*,*,#1778,.T.);
#943=ORIENTED_EDGE('',*,*,#1779,.T.);
#944=ORIENTED_EDGE('',*,*,#1780,.T.);
#945=ORIENTED_EDGE('',*,*,#1781,.T.);
#946=ORIENTED_EDGE('',*,*,#1782,.T.);
#947=ORIENTED_EDGE('',*,*,#1783,.T.);
#948=ORIENTED_EDGE('',*,*,#1784,.T.);
#949=ORIENTED_EDGE('',*,*,#1785,.T.);
#950=ORIENTED_EDGE('',*,*,#1786,.T.);
#951=ORIENTED_EDGE('',*,*,#1787,.T.);
#952=ORIENTED_EDGE('',*,*,#1788,.T.);
#953=ORIENTED_EDGE('',*,*,#1789,.T.);
#954=ORIENTED_EDGE('',*,*,#1790,.T.);
#955=ORIENTED_EDGE('',*,*,#1791,.T.);
#956=ORIENTED_EDGE('',*,*,#1792,.T.);
#957=ORIENTED_EDGE('',*,*,#1793,.T.);
#958=ORIENTED_EDGE('',*,*,#1794,.T.);
#959=ORIENTED_EDGE('',*,*,#1795,.T.);
#960=ORIENTED_EDGE('',*,*,#1673,.T.);
#961=ORIENTED_EDGE('',*,*,#1685,.F.);
#962=ORIENTED_EDGE('',*,*,#1796,.F.);
#963=ORIENTED_EDGE('',*,*,#1797,.T.);
#964=ORIENTED_EDGE('',*,*,#1794,.F.);
#965=ORIENTED_EDGE('',*,*,#1684,.F.);
#966=ORIENTED_EDGE('',*,*,#1798,.T.);
#967=ORIENTED_EDGE('',*,*,#1799,.T.);
#968=ORIENTED_EDGE('',*,*,#1796,.T.);
#969=ORIENTED_EDGE('',*,*,#1683,.F.);
#970=ORIENTED_EDGE('',*,*,#1675,.F.);
#971=ORIENTED_EDGE('',*,*,#1800,.T.);
#972=ORIENTED_EDGE('',*,*,#1801,.T.);
#973=ORIENTED_EDGE('',*,*,#1677,.F.);
#974=ORIENTED_EDGE('',*,*,#1802,.T.);
#975=ORIENTED_EDGE('',*,*,#1803,.T.);
#976=ORIENTED_EDGE('',*,*,#1804,.T.);
#977=ORIENTED_EDGE('',*,*,#1805,.T.);
#978=ORIENTED_EDGE('',*,*,#1806,.T.);
#979=ORIENTED_EDGE('',*,*,#1807,.T.);
#980=ORIENTED_EDGE('',*,*,#1808,.T.);
#981=ORIENTED_EDGE('',*,*,#1809,.T.);
#982=ORIENTED_EDGE('',*,*,#1810,.T.);
#983=ORIENTED_EDGE('',*,*,#1811,.T.);
#984=ORIENTED_EDGE('',*,*,#1812,.T.);
#985=ORIENTED_EDGE('',*,*,#1813,.T.);
#986=ORIENTED_EDGE('',*,*,#1814,.T.);
#987=ORIENTED_EDGE('',*,*,#1815,.T.);
#988=ORIENTED_EDGE('',*,*,#1816,.T.);
#989=ORIENTED_EDGE('',*,*,#1817,.T.);
#990=ORIENTED_EDGE('',*,*,#1818,.T.);
#991=ORIENTED_EDGE('',*,*,#1819,.T.);
#992=ORIENTED_EDGE('',*,*,#1820,.T.);
#993=ORIENTED_EDGE('',*,*,#1821,.T.);
#994=ORIENTED_EDGE('',*,*,#1822,.T.);
#995=ORIENTED_EDGE('',*,*,#1823,.T.);
#996=ORIENTED_EDGE('',*,*,#1824,.T.);
#997=ORIENTED_EDGE('',*,*,#1825,.T.);
#998=ORIENTED_EDGE('',*,*,#1826,.T.);
#999=ORIENTED_EDGE('',*,*,#1827,.T.);
#1000=ORIENTED_EDGE('',*,*,#1828,.T.);
#1001=ORIENTED_EDGE('',*,*,#1829,.T.);
#1002=ORIENTED_EDGE('',*,*,#1830,.T.);
#1003=ORIENTED_EDGE('',*,*,#1630,.F.);
#1004=ORIENTED_EDGE('',*,*,#1831,.T.);
#1005=ORIENTED_EDGE('',*,*,#1832,.T.);
#1006=ORIENTED_EDGE('',*,*,#1833,.T.);
#1007=ORIENTED_EDGE('',*,*,#1834,.T.);
#1008=ORIENTED_EDGE('',*,*,#1835,.T.);
#1009=ORIENTED_EDGE('',*,*,#1836,.T.);
#1010=ORIENTED_EDGE('',*,*,#1837,.T.);
#1011=ORIENTED_EDGE('',*,*,#1838,.T.);
#1012=ORIENTED_EDGE('',*,*,#1839,.T.);
#1013=ORIENTED_EDGE('',*,*,#1840,.T.);
#1014=ORIENTED_EDGE('',*,*,#1841,.T.);
#1015=ORIENTED_EDGE('',*,*,#1842,.T.);
#1016=ORIENTED_EDGE('',*,*,#1843,.T.);
#1017=ORIENTED_EDGE('',*,*,#1844,.T.);
#1018=ORIENTED_EDGE('',*,*,#1845,.T.);
#1019=ORIENTED_EDGE('',*,*,#1846,.T.);
#1020=ORIENTED_EDGE('',*,*,#1847,.T.);
#1021=ORIENTED_EDGE('',*,*,#1848,.T.);
#1022=ORIENTED_EDGE('',*,*,#1849,.T.);
#1023=ORIENTED_EDGE('',*,*,#1850,.T.);
#1024=ORIENTED_EDGE('',*,*,#1851,.T.);
#1025=ORIENTED_EDGE('',*,*,#1852,.T.);
#1026=ORIENTED_EDGE('',*,*,#1853,.T.);
#1027=ORIENTED_EDGE('',*,*,#1854,.T.);
#1028=ORIENTED_EDGE('',*,*,#1629,.T.);
#1029=ORIENTED_EDGE('',*,*,#1855,.T.);
#1030=ORIENTED_EDGE('',*,*,#1856,.T.);
#1031=ORIENTED_EDGE('',*,*,#1857,.T.);
#1032=ORIENTED_EDGE('',*,*,#1858,.T.);
#1033=ORIENTED_EDGE('',*,*,#1859,.T.);
#1034=ORIENTED_EDGE('',*,*,#1860,.T.);
#1035=ORIENTED_EDGE('',*,*,#1861,.T.);
#1036=ORIENTED_EDGE('',*,*,#1862,.T.);
#1037=ORIENTED_EDGE('',*,*,#1863,.T.);
#1038=ORIENTED_EDGE('',*,*,#1864,.T.);
#1039=ORIENTED_EDGE('',*,*,#1865,.T.);
#1040=ORIENTED_EDGE('',*,*,#1866,.T.);
#1041=ORIENTED_EDGE('',*,*,#1867,.T.);
#1042=ORIENTED_EDGE('',*,*,#1868,.T.);
#1043=ORIENTED_EDGE('',*,*,#1869,.T.);
#1044=ORIENTED_EDGE('',*,*,#1870,.T.);
#1045=ORIENTED_EDGE('',*,*,#1871,.T.);
#1046=ORIENTED_EDGE('',*,*,#1614,.F.);
#1047=ORIENTED_EDGE('',*,*,#1872,.T.);
#1048=ORIENTED_EDGE('',*,*,#1744,.F.);
#1049=ORIENTED_EDGE('',*,*,#1873,.T.);
#1050=ORIENTED_EDGE('',*,*,#1618,.F.);
#1051=ORIENTED_EDGE('',*,*,#1874,.T.);
#1052=ORIENTED_EDGE('',*,*,#1612,.F.);
#1053=ORIENTED_EDGE('',*,*,#1875,.T.);
#1054=ORIENTED_EDGE('',*,*,#1770,.F.);
#1055=ORIENTED_EDGE('',*,*,#1876,.T.);
#1056=ORIENTED_EDGE('',*,*,#1748,.F.);
#1057=ORIENTED_EDGE('',*,*,#1877,.T.);
#1058=ORIENTED_EDGE('',*,*,#1746,.F.);
#1059=ORIENTED_EDGE('',*,*,#1878,.T.);
#1060=ORIENTED_EDGE('',*,*,#1768,.F.);
#1061=ORIENTED_EDGE('',*,*,#1879,.T.);
#1062=ORIENTED_EDGE('',*,*,#1750,.F.);
#1063=ORIENTED_EDGE('',*,*,#1880,.T.);
#1064=ORIENTED_EDGE('',*,*,#1764,.F.);
#1065=ORIENTED_EDGE('',*,*,#1881,.T.);
#1066=ORIENTED_EDGE('',*,*,#1766,.F.);
#1067=ORIENTED_EDGE('',*,*,#1882,.T.);
#1068=ORIENTED_EDGE('',*,*,#1772,.F.);
#1069=ORIENTED_EDGE('',*,*,#1883,.T.);
#1070=ORIENTED_EDGE('',*,*,#1774,.F.);
#1071=ORIENTED_EDGE('',*,*,#1884,.T.);
#1072=ORIENTED_EDGE('',*,*,#1756,.F.);
#1073=ORIENTED_EDGE('',*,*,#1885,.T.);
#1074=ORIENTED_EDGE('',*,*,#1758,.F.);
#1075=ORIENTED_EDGE('',*,*,#1886,.T.);
#1076=ORIENTED_EDGE('',*,*,#1752,.F.);
#1077=ORIENTED_EDGE('',*,*,#1887,.T.);
#1078=ORIENTED_EDGE('',*,*,#1762,.F.);
#1079=ORIENTED_EDGE('',*,*,#1888,.T.);
#1080=ORIENTED_EDGE('',*,*,#1740,.F.);
#1081=ORIENTED_EDGE('',*,*,#1889,.T.);
#1082=ORIENTED_EDGE('',*,*,#1754,.F.);
#1083=ORIENTED_EDGE('',*,*,#1890,.T.);
#1084=ORIENTED_EDGE('',*,*,#1760,.F.);
#1085=ORIENTED_EDGE('',*,*,#1891,.T.);
#1086=ORIENTED_EDGE('',*,*,#1610,.F.);
#1087=ORIENTED_EDGE('',*,*,#1892,.T.);
#1088=ORIENTED_EDGE('',*,*,#1626,.F.);
#1089=ORIENTED_EDGE('',*,*,#1893,.T.);
#1090=ORIENTED_EDGE('',*,*,#1742,.F.);
#1091=ORIENTED_EDGE('',*,*,#1894,.T.);
#1092=ORIENTED_EDGE('',*,*,#1608,.F.);
#1093=ORIENTED_EDGE('',*,*,#1895,.T.);
#1094=ORIENTED_EDGE('',*,*,#1896,.F.);
#1095=ORIENTED_EDGE('',*,*,#1650,.F.);
#1096=ORIENTED_EDGE('',*,*,#1897,.F.);
#1097=ORIENTED_EDGE('',*,*,#1771,.F.);
#1098=ORIENTED_EDGE('',*,*,#1897,.T.);
#1099=ORIENTED_EDGE('',*,*,#1649,.F.);
#1100=ORIENTED_EDGE('',*,*,#1898,.F.);
#1101=ORIENTED_EDGE('',*,*,#1879,.F.);
#1102=ORIENTED_EDGE('',*,*,#1896,.T.);
#1103=ORIENTED_EDGE('',*,*,#1877,.F.);
#1104=ORIENTED_EDGE('',*,*,#1899,.F.);
#1105=ORIENTED_EDGE('',*,*,#1651,.F.);
#1106=ORIENTED_EDGE('',*,*,#1898,.T.);
#1107=ORIENTED_EDGE('',*,*,#1648,.F.);
#1108=ORIENTED_EDGE('',*,*,#1900,.F.);
#1109=ORIENTED_EDGE('',*,*,#1747,.F.);
#1110=ORIENTED_EDGE('',*,*,#1899,.T.);
#1111=ORIENTED_EDGE('',*,*,#1751,.F.);
#1112=ORIENTED_EDGE('',*,*,#1901,.F.);
#1113=ORIENTED_EDGE('',*,*,#1652,.F.);
#1114=ORIENTED_EDGE('',*,*,#1900,.T.);
#1115=ORIENTED_EDGE('',*,*,#1647,.F.);
#1116=ORIENTED_EDGE('',*,*,#1902,.F.);
#1117=ORIENTED_EDGE('',*,*,#1873,.F.);
#1118=ORIENTED_EDGE('',*,*,#1901,.T.);
#1119=ORIENTED_EDGE('',*,*,#1881,.F.);
#1120=ORIENTED_EDGE('',*,*,#1903,.F.);
#1121=ORIENTED_EDGE('',*,*,#1653,.F.);
#1122=ORIENTED_EDGE('',*,*,#1902,.T.);
#1123=ORIENTED_EDGE('',*,*,#1646,.F.);
#1124=ORIENTED_EDGE('',*,*,#1904,.F.);
#1125=ORIENTED_EDGE('',*,*,#1615,.F.);
#1126=ORIENTED_EDGE('',*,*,#1903,.T.);
#1127=ORIENTED_EDGE('',*,*,#1767,.F.);
#1128=ORIENTED_EDGE('',*,*,#1905,.F.);
#1129=ORIENTED_EDGE('',*,*,#1654,.F.);
#1130=ORIENTED_EDGE('',*,*,#1904,.T.);
#1131=ORIENTED_EDGE('',*,*,#1645,.F.);
#1132=ORIENTED_EDGE('',*,*,#1906,.F.);
#1133=ORIENTED_EDGE('',*,*,#1875,.F.);
#1134=ORIENTED_EDGE('',*,*,#1905,.T.);
#1135=ORIENTED_EDGE('',*,*,#1883,.F.);
#1136=ORIENTED_EDGE('',*,*,#1907,.F.);
#1137=ORIENTED_EDGE('',*,*,#1655,.F.);
#1138=ORIENTED_EDGE('',*,*,#1908,.F.);
#1139=ORIENTED_EDGE('',*,*,#1909,.T.);
#1140=ORIENTED_EDGE('',*,*,#1619,.F.);
#1141=ORIENTED_EDGE('',*,*,#1906,.T.);
#1142=ORIENTED_EDGE('',*,*,#1644,.F.);
#1143=ORIENTED_EDGE('',*,*,#1907,.T.);
#1144=ORIENTED_EDGE('',*,*,#1775,.F.);
#1145=ORIENTED_EDGE('',*,*,#1910,.F.);
#1146=ORIENTED_EDGE('',*,*,#1656,.F.);
#1147=ORIENTED_EDGE('',*,*,#1801,.F.);
#1148=ORIENTED_EDGE('',*,*,#1911,.T.);
#1149=ORIENTED_EDGE('',*,*,#1908,.T.);
#1150=ORIENTED_EDGE('',*,*,#1643,.F.);
#1151=ORIENTED_EDGE('',*,*,#1912,.F.);
#1152=ORIENTED_EDGE('',*,*,#1910,.T.);
#1153=ORIENTED_EDGE('',*,*,#1885,.F.);
#1154=ORIENTED_EDGE('',*,*,#1913,.F.);
#1155=ORIENTED_EDGE('',*,*,#1657,.F.);
#1156=ORIENTED_EDGE('',*,*,#1912,.T.);
#1157=ORIENTED_EDGE('',*,*,#1642,.F.);
#1158=ORIENTED_EDGE('',*,*,#1914,.F.);
#1159=ORIENTED_EDGE('',*,*,#1678,.F.);
#1160=ORIENTED_EDGE('',*,*,#1913,.T.);
#1161=ORIENTED_EDGE('',*,*,#1759,.F.);
#1162=ORIENTED_EDGE('',*,*,#1915,.F.);
#1163=ORIENTED_EDGE('',*,*,#1658,.F.);
#1164=ORIENTED_EDGE('',*,*,#1914,.T.);
#1165=ORIENTED_EDGE('',*,*,#1641,.F.);
#1166=ORIENTED_EDGE('',*,*,#1916,.F.);
#1167=ORIENTED_EDGE('',*,*,#1716,.F.);
#1168=ORIENTED_EDGE('',*,*,#1915,.T.);
#1169=ORIENTED_EDGE('',*,*,#1887,.F.);
#1170=ORIENTED_EDGE('',*,*,#1917,.F.);
#1171=ORIENTED_EDGE('',*,*,#1659,.F.);
#1172=ORIENTED_EDGE('',*,*,#1916,.T.);
#1173=ORIENTED_EDGE('',*,*,#1640,.F.);
#1174=ORIENTED_EDGE('',*,*,#1918,.F.);
#1175=ORIENTED_EDGE('',*,*,#1687,.F.);
#1176=ORIENTED_EDGE('',*,*,#1917,.T.);
#1177=ORIENTED_EDGE('',*,*,#1755,.F.);
#1178=ORIENTED_EDGE('',*,*,#1919,.F.);
#1179=ORIENTED_EDGE('',*,*,#1660,.F.);
#1180=ORIENTED_EDGE('',*,*,#1918,.T.);
#1181=ORIENTED_EDGE('',*,*,#1639,.F.);
#1182=ORIENTED_EDGE('',*,*,#1920,.F.);
#1183=ORIENTED_EDGE('',*,*,#1712,.F.);
#1184=ORIENTED_EDGE('',*,*,#1919,.T.);
#1185=ORIENTED_EDGE('',*,*,#1891,.F.);
#1186=ORIENTED_EDGE('',*,*,#1921,.F.);
#1187=ORIENTED_EDGE('',*,*,#1661,.F.);
#1188=ORIENTED_EDGE('',*,*,#1920,.T.);
#1189=ORIENTED_EDGE('',*,*,#1638,.F.);
#1190=ORIENTED_EDGE('',*,*,#1922,.F.);
#1191=ORIENTED_EDGE('',*,*,#1705,.F.);
#1192=ORIENTED_EDGE('',*,*,#1921,.T.);
#1193=ORIENTED_EDGE('',*,*,#1763,.F.);
#1194=ORIENTED_EDGE('',*,*,#1923,.F.);
#1195=ORIENTED_EDGE('',*,*,#1662,.F.);
#1196=ORIENTED_EDGE('',*,*,#1922,.T.);
#1197=ORIENTED_EDGE('',*,*,#1637,.F.);
#1198=ORIENTED_EDGE('',*,*,#1924,.F.);
#1199=ORIENTED_EDGE('',*,*,#1710,.F.);
#1200=ORIENTED_EDGE('',*,*,#1923,.T.);
#1201=ORIENTED_EDGE('',*,*,#1889,.F.);
#1202=ORIENTED_EDGE('',*,*,#1925,.F.);
#1203=ORIENTED_EDGE('',*,*,#1663,.F.);
#1204=ORIENTED_EDGE('',*,*,#1924,.T.);
#1205=ORIENTED_EDGE('',*,*,#1636,.F.);
#1206=ORIENTED_EDGE('',*,*,#1926,.F.);
#1207=ORIENTED_EDGE('',*,*,#1691,.F.);
#1208=ORIENTED_EDGE('',*,*,#1925,.T.);
#1209=ORIENTED_EDGE('',*,*,#1743,.F.);
#1210=ORIENTED_EDGE('',*,*,#1927,.F.);
#1211=ORIENTED_EDGE('',*,*,#1664,.F.);
#1212=ORIENTED_EDGE('',*,*,#1926,.T.);
#1213=ORIENTED_EDGE('',*,*,#1635,.F.);
#1214=ORIENTED_EDGE('',*,*,#1928,.F.);
#1215=ORIENTED_EDGE('',*,*,#1714,.F.);
#1216=ORIENTED_EDGE('',*,*,#1927,.T.);
#1217=ORIENTED_EDGE('',*,*,#1895,.F.);
#1218=ORIENTED_EDGE('',*,*,#1929,.F.);
#1219=ORIENTED_EDGE('',*,*,#1665,.F.);
#1220=ORIENTED_EDGE('',*,*,#1928,.T.);
#1221=ORIENTED_EDGE('',*,*,#1634,.F.);
#1222=ORIENTED_EDGE('',*,*,#1930,.F.);
#1223=ORIENTED_EDGE('',*,*,#1682,.F.);
#1224=ORIENTED_EDGE('',*,*,#1929,.T.);
#1225=ORIENTED_EDGE('',*,*,#1611,.F.);
#1226=ORIENTED_EDGE('',*,*,#1931,.F.);
#1227=ORIENTED_EDGE('',*,*,#1666,.F.);
#1228=ORIENTED_EDGE('',*,*,#1932,.F.);
#1229=ORIENTED_EDGE('',*,*,#1933,.T.);
#1230=ORIENTED_EDGE('',*,*,#1798,.F.);
#1231=ORIENTED_EDGE('',*,*,#1930,.T.);
#1232=ORIENTED_EDGE('',*,*,#1633,.F.);
#1233=ORIENTED_EDGE('',*,*,#1931,.T.);
#1234=ORIENTED_EDGE('',*,*,#1893,.F.);
#1235=ORIENTED_EDGE('',*,*,#1934,.F.);
#1236=ORIENTED_EDGE('',*,*,#1631,.F.);
#1237=ORIENTED_EDGE('',*,*,#1625,.F.);
#1238=ORIENTED_EDGE('',*,*,#1935,.T.);
#1239=ORIENTED_EDGE('',*,*,#1932,.T.);
#1240=ORIENTED_EDGE('',*,*,#1632,.F.);
#1241=ORIENTED_EDGE('',*,*,#1934,.T.);
#1242=ORIENTED_EDGE('',*,*,#1696,.F.);
#1243=ORIENTED_EDGE('',*,*,#1667,.F.);
#1244=ORIENTED_EDGE('',*,*,#1698,.F.);
#1245=ORIENTED_EDGE('',*,*,#1668,.F.);
#1246=ORIENTED_EDGE('',*,*,#1669,.F.);
#1247=ORIENTED_EDGE('',*,*,#1694,.F.);
#1248=ORIENTED_EDGE('',*,*,#1708,.F.);
#1249=ORIENTED_EDGE('',*,*,#1670,.F.);
#1250=ORIENTED_EDGE('',*,*,#1671,.F.);
#1251=ORIENTED_EDGE('',*,*,#1700,.F.);
#1252=ORIENTED_EDGE('',*,*,#1672,.F.);
#1253=ORIENTED_EDGE('',*,*,#1702,.F.);
#1254=ORIENTED_EDGE('',*,*,#1834,.F.);
#1255=ORIENTED_EDGE('',*,*,#1936,.T.);
#1256=ORIENTED_EDGE('',*,*,#1823,.F.);
#1257=ORIENTED_EDGE('',*,*,#1937,.T.);
#1258=ORIENTED_EDGE('',*,*,#1938,.T.);
#1259=ORIENTED_EDGE('',*,*,#1939,.T.);
#1260=ORIENTED_EDGE('',*,*,#1816,.F.);
#1261=ORIENTED_EDGE('',*,*,#1827,.F.);
#1262=ORIENTED_EDGE('',*,*,#1940,.T.);
#1263=ORIENTED_EDGE('',*,*,#1941,.T.);
#1264=ORIENTED_EDGE('',*,*,#1805,.F.);
#1265=ORIENTED_EDGE('',*,*,#1942,.T.);
#1266=ORIENTED_EDGE('',*,*,#1831,.F.);
#1267=ORIENTED_EDGE('',*,*,#1943,.T.);
#1268=ORIENTED_EDGE('',*,*,#1869,.F.);
#1269=ORIENTED_EDGE('',*,*,#1944,.T.);
#1270=ORIENTED_EDGE('',*,*,#1848,.F.);
#1271=ORIENTED_EDGE('',*,*,#1945,.T.);
#1272=ORIENTED_EDGE('',*,*,#1946,.T.);
#1273=ORIENTED_EDGE('',*,*,#1947,.T.);
#1274=ORIENTED_EDGE('',*,*,#1840,.F.);
#1275=ORIENTED_EDGE('',*,*,#1948,.T.);
#1276=ORIENTED_EDGE('',*,*,#1949,.T.);
#1277=ORIENTED_EDGE('',*,*,#1858,.F.);
#1278=ORIENTED_EDGE('',*,*,#1865,.F.);
#1279=ORIENTED_EDGE('',*,*,#1950,.T.);
#1280=ORIENTED_EDGE('',*,*,#1866,.F.);
#1281=ORIENTED_EDGE('',*,*,#1951,.T.);
#1282=ORIENTED_EDGE('',*,*,#1578,.F.);
#1283=ORIENTED_EDGE('',*,*,#1952,.T.);
#1284=ORIENTED_EDGE('',*,*,#1808,.F.);
#1285=ORIENTED_EDGE('',*,*,#1953,.T.);
#1286=ORIENTED_EDGE('',*,*,#1824,.F.);
#1287=ORIENTED_EDGE('',*,*,#1812,.F.);
#1288=ORIENTED_EDGE('',*,*,#1954,.T.);
#1289=ORIENTED_EDGE('',*,*,#1576,.F.);
#1290=ORIENTED_EDGE('',*,*,#1955,.T.);
#1291=ORIENTED_EDGE('',*,*,#1820,.F.);
#1292=ORIENTED_EDGE('',*,*,#1956,.T.);
#1293=ORIENTED_EDGE('',*,*,#1574,.F.);
#1294=ORIENTED_EDGE('',*,*,#1957,.T.);
#1295=ORIENTED_EDGE('',*,*,#1616,.F.);
#1296=ORIENTED_EDGE('',*,*,#1830,.F.);
#1297=ORIENTED_EDGE('',*,*,#1958,.T.);
#1298=ORIENTED_EDGE('',*,*,#1845,.F.);
#1299=ORIENTED_EDGE('',*,*,#1959,.T.);
#1300=ORIENTED_EDGE('',*,*,#1580,.F.);
#1301=ORIENTED_EDGE('',*,*,#1854,.F.);
#1302=ORIENTED_EDGE('',*,*,#1960,.T.);
#1303=ORIENTED_EDGE('',*,*,#1582,.F.);
#1304=ORIENTED_EDGE('',*,*,#1961,.T.);
#1305=ORIENTED_EDGE('',*,*,#1844,.F.);
#1306=ORIENTED_EDGE('',*,*,#1962,.T.);
#1307=ORIENTED_EDGE('',*,*,#1584,.F.);
#1308=ORIENTED_EDGE('',*,*,#1963,.T.);
#1309=ORIENTED_EDGE('',*,*,#1861,.F.);
#1310=ORIENTED_EDGE('',*,*,#1964,.T.);
#1311=ORIENTED_EDGE('',*,*,#1855,.F.);
#1312=ORIENTED_EDGE('',*,*,#1628,.F.);
#1313=ORIENTED_EDGE('',*,*,#1965,.T.);
#1314=ORIENTED_EDGE('',*,*,#1911,.F.);
#1315=ORIENTED_EDGE('',*,*,#1800,.F.);
#1316=ORIENTED_EDGE('',*,*,#1966,.F.);
#1317=ORIENTED_EDGE('',*,*,#1620,.F.);
#1318=ORIENTED_EDGE('',*,*,#1909,.F.);
#1319=ORIENTED_EDGE('',*,*,#1966,.T.);
#1320=ORIENTED_EDGE('',*,*,#1674,.F.);
#1321=ORIENTED_EDGE('',*,*,#1967,.F.);
#1322=ORIENTED_EDGE('',*,*,#1621,.F.);
#1323=ORIENTED_EDGE('',*,*,#1967,.T.);
#1324=ORIENTED_EDGE('',*,*,#1795,.F.);
#1325=ORIENTED_EDGE('',*,*,#1968,.F.);
#1326=ORIENTED_EDGE('',*,*,#1622,.F.);
#1327=ORIENTED_EDGE('',*,*,#1968,.T.);
#1328=ORIENTED_EDGE('',*,*,#1797,.F.);
#1329=ORIENTED_EDGE('',*,*,#1969,.F.);
#1330=ORIENTED_EDGE('',*,*,#1623,.F.);
#1331=ORIENTED_EDGE('',*,*,#1969,.T.);
#1332=ORIENTED_EDGE('',*,*,#1799,.F.);
#1333=ORIENTED_EDGE('',*,*,#1933,.F.);
#1334=ORIENTED_EDGE('',*,*,#1935,.F.);
#1335=ORIENTED_EDGE('',*,*,#1624,.F.);
#1336=ORIENTED_EDGE('',*,*,#1791,.F.);
#1337=ORIENTED_EDGE('',*,*,#1793,.F.);
#1338=ORIENTED_EDGE('',*,*,#1776,.F.);
#1339=ORIENTED_EDGE('',*,*,#1778,.F.);
#1340=ORIENTED_EDGE('',*,*,#1779,.F.);
#1341=ORIENTED_EDGE('',*,*,#1781,.F.);
#1342=ORIENTED_EDGE('',*,*,#1785,.F.);
#1343=ORIENTED_EDGE('',*,*,#1787,.F.);
#1344=ORIENTED_EDGE('',*,*,#1782,.F.);
#1345=ORIENTED_EDGE('',*,*,#1784,.F.);
#1346=ORIENTED_EDGE('',*,*,#1788,.F.);
#1347=ORIENTED_EDGE('',*,*,#1790,.F.);
#1348=ORIENTED_EDGE('',*,*,#1720,.F.);
#1349=ORIENTED_EDGE('',*,*,#1786,.F.);
#1350=ORIENTED_EDGE('',*,*,#1721,.F.);
#1351=ORIENTED_EDGE('',*,*,#1783,.F.);
#1352=ORIENTED_EDGE('',*,*,#1719,.F.);
#1353=ORIENTED_EDGE('',*,*,#1789,.F.);
#1354=ORIENTED_EDGE('',*,*,#1718,.F.);
#1355=ORIENTED_EDGE('',*,*,#1792,.F.);
#1356=ORIENTED_EDGE('',*,*,#1722,.F.);
#1357=ORIENTED_EDGE('',*,*,#1780,.F.);
#1358=ORIENTED_EDGE('',*,*,#1723,.F.);
#1359=ORIENTED_EDGE('',*,*,#1777,.F.);
#1360=ORIENTED_EDGE('',*,*,#1965,.F.);
#1361=ORIENTED_EDGE('',*,*,#1627,.F.);
#1362=ORIENTED_EDGE('',*,*,#1970,.F.);
#1363=ORIENTED_EDGE('',*,*,#1585,.F.);
#1364=ORIENTED_EDGE('',*,*,#1970,.T.);
#1365=ORIENTED_EDGE('',*,*,#1892,.F.);
#1366=ORIENTED_EDGE('',*,*,#1971,.F.);
#1367=ORIENTED_EDGE('',*,*,#1586,.F.);
#1368=ORIENTED_EDGE('',*,*,#1971,.T.);
#1369=ORIENTED_EDGE('',*,*,#1609,.F.);
#1370=ORIENTED_EDGE('',*,*,#1972,.F.);
#1371=ORIENTED_EDGE('',*,*,#1587,.F.);
#1372=ORIENTED_EDGE('',*,*,#1972,.T.);
#1373=ORIENTED_EDGE('',*,*,#1894,.F.);
#1374=ORIENTED_EDGE('',*,*,#1973,.F.);
#1375=ORIENTED_EDGE('',*,*,#1588,.F.);
#1376=ORIENTED_EDGE('',*,*,#1973,.T.);
#1377=ORIENTED_EDGE('',*,*,#1741,.F.);
#1378=ORIENTED_EDGE('',*,*,#1974,.F.);
#1379=ORIENTED_EDGE('',*,*,#1589,.F.);
#1380=ORIENTED_EDGE('',*,*,#1974,.T.);
#1381=ORIENTED_EDGE('',*,*,#1888,.F.);
#1382=ORIENTED_EDGE('',*,*,#1975,.F.);
#1383=ORIENTED_EDGE('',*,*,#1590,.F.);
#1384=ORIENTED_EDGE('',*,*,#1975,.T.);
#1385=ORIENTED_EDGE('',*,*,#1761,.F.);
#1386=ORIENTED_EDGE('',*,*,#1976,.F.);
#1387=ORIENTED_EDGE('',*,*,#1591,.F.);
#1388=ORIENTED_EDGE('',*,*,#1976,.T.);
#1389=ORIENTED_EDGE('',*,*,#1890,.F.);
#1390=ORIENTED_EDGE('',*,*,#1977,.F.);
#1391=ORIENTED_EDGE('',*,*,#1592,.F.);
#1392=ORIENTED_EDGE('',*,*,#1977,.T.);
#1393=ORIENTED_EDGE('',*,*,#1753,.F.);
#1394=ORIENTED_EDGE('',*,*,#1978,.F.);
#1395=ORIENTED_EDGE('',*,*,#1593,.F.);
#1396=ORIENTED_EDGE('',*,*,#1978,.T.);
#1397=ORIENTED_EDGE('',*,*,#1886,.F.);
#1398=ORIENTED_EDGE('',*,*,#1979,.F.);
#1399=ORIENTED_EDGE('',*,*,#1594,.F.);
#1400=ORIENTED_EDGE('',*,*,#1979,.T.);
#1401=ORIENTED_EDGE('',*,*,#1757,.F.);
#1402=ORIENTED_EDGE('',*,*,#1980,.F.);
#1403=ORIENTED_EDGE('',*,*,#1595,.F.);
#1404=ORIENTED_EDGE('',*,*,#1980,.T.);
#1405=ORIENTED_EDGE('',*,*,#1884,.F.);
#1406=ORIENTED_EDGE('',*,*,#1981,.F.);
#1407=ORIENTED_EDGE('',*,*,#1596,.F.);
#1408=ORIENTED_EDGE('',*,*,#1981,.T.);
#1409=ORIENTED_EDGE('',*,*,#1773,.F.);
#1410=ORIENTED_EDGE('',*,*,#1982,.F.);
#1411=ORIENTED_EDGE('',*,*,#1597,.F.);
#1412=ORIENTED_EDGE('',*,*,#1982,.T.);
#1413=ORIENTED_EDGE('',*,*,#1882,.F.);
#1414=ORIENTED_EDGE('',*,*,#1983,.F.);
#1415=ORIENTED_EDGE('',*,*,#1598,.F.);
#1416=ORIENTED_EDGE('',*,*,#1983,.T.);
#1417=ORIENTED_EDGE('',*,*,#1765,.F.);
#1418=ORIENTED_EDGE('',*,*,#1984,.F.);
#1419=ORIENTED_EDGE('',*,*,#1599,.F.);
#1420=ORIENTED_EDGE('',*,*,#1984,.T.);
#1421=ORIENTED_EDGE('',*,*,#1880,.F.);
#1422=ORIENTED_EDGE('',*,*,#1985,.F.);
#1423=ORIENTED_EDGE('',*,*,#1600,.F.);
#1424=ORIENTED_EDGE('',*,*,#1985,.T.);
#1425=ORIENTED_EDGE('',*,*,#1749,.F.);
#1426=ORIENTED_EDGE('',*,*,#1986,.F.);
#1427=ORIENTED_EDGE('',*,*,#1601,.F.);
#1428=ORIENTED_EDGE('',*,*,#1986,.T.);
#1429=ORIENTED_EDGE('',*,*,#1876,.F.);
#1430=ORIENTED_EDGE('',*,*,#1987,.F.);
#1431=ORIENTED_EDGE('',*,*,#1602,.F.);
#1432=ORIENTED_EDGE('',*,*,#1987,.T.);
#1433=ORIENTED_EDGE('',*,*,#1769,.F.);
#1434=ORIENTED_EDGE('',*,*,#1988,.F.);
#1435=ORIENTED_EDGE('',*,*,#1603,.F.);
#1436=ORIENTED_EDGE('',*,*,#1988,.T.);
#1437=ORIENTED_EDGE('',*,*,#1878,.F.);
#1438=ORIENTED_EDGE('',*,*,#1989,.F.);
#1439=ORIENTED_EDGE('',*,*,#1604,.F.);
#1440=ORIENTED_EDGE('',*,*,#1989,.T.);
#1441=ORIENTED_EDGE('',*,*,#1745,.F.);
#1442=ORIENTED_EDGE('',*,*,#1990,.F.);
#1443=ORIENTED_EDGE('',*,*,#1605,.F.);
#1444=ORIENTED_EDGE('',*,*,#1990,.T.);
#1445=ORIENTED_EDGE('',*,*,#1872,.F.);
#1446=ORIENTED_EDGE('',*,*,#1991,.F.);
#1447=ORIENTED_EDGE('',*,*,#1606,.F.);
#1448=ORIENTED_EDGE('',*,*,#1991,.T.);
#1449=ORIENTED_EDGE('',*,*,#1613,.F.);
#1450=ORIENTED_EDGE('',*,*,#1992,.F.);
#1451=ORIENTED_EDGE('',*,*,#1607,.F.);
#1452=ORIENTED_EDGE('',*,*,#1992,.T.);
#1453=ORIENTED_EDGE('',*,*,#1874,.F.);
#1454=ORIENTED_EDGE('',*,*,#1993,.F.);
#1455=ORIENTED_EDGE('',*,*,#1572,.F.);
#1456=ORIENTED_EDGE('',*,*,#1957,.F.);
#1457=ORIENTED_EDGE('',*,*,#1573,.F.);
#1458=ORIENTED_EDGE('',*,*,#1993,.T.);
#1459=ORIENTED_EDGE('',*,*,#1617,.F.);
#1460=ORIENTED_EDGE('',*,*,#1581,.F.);
#1461=ORIENTED_EDGE('',*,*,#1959,.F.);
#1462=ORIENTED_EDGE('',*,*,#1851,.F.);
#1463=ORIENTED_EDGE('',*,*,#1994,.T.);
#1464=ORIENTED_EDGE('',*,*,#1837,.F.);
#1465=ORIENTED_EDGE('',*,*,#1961,.F.);
#1466=ORIENTED_EDGE('',*,*,#1583,.F.);
#1467=ORIENTED_EDGE('',*,*,#1962,.F.);
#1468=ORIENTED_EDGE('',*,*,#1843,.F.);
#1469=ORIENTED_EDGE('',*,*,#1995,.T.);
#1470=ORIENTED_EDGE('',*,*,#1862,.F.);
#1471=ORIENTED_EDGE('',*,*,#1963,.F.);
#1472=ORIENTED_EDGE('',*,*,#1839,.F.);
#1473=ORIENTED_EDGE('',*,*,#1996,.T.);
#1474=ORIENTED_EDGE('',*,*,#1849,.F.);
#1475=ORIENTED_EDGE('',*,*,#1944,.F.);
#1476=ORIENTED_EDGE('',*,*,#1868,.F.);
#1477=ORIENTED_EDGE('',*,*,#1997,.F.);
#1478=ORIENTED_EDGE('',*,*,#1946,.F.);
#1479=ORIENTED_EDGE('',*,*,#1864,.F.);
#1480=ORIENTED_EDGE('',*,*,#1998,.T.);
#1481=ORIENTED_EDGE('',*,*,#1841,.F.);
#1482=ORIENTED_EDGE('',*,*,#1947,.F.);
#1483=ORIENTED_EDGE('',*,*,#1997,.T.);
#1484=ORIENTED_EDGE('',*,*,#1867,.F.);
#1485=ORIENTED_EDGE('',*,*,#1950,.F.);
#1486=ORIENTED_EDGE('',*,*,#1857,.F.);
#1487=ORIENTED_EDGE('',*,*,#1999,.T.);
#1488=ORIENTED_EDGE('',*,*,#1859,.F.);
#1489=ORIENTED_EDGE('',*,*,#1951,.F.);
#1490=ORIENTED_EDGE('',*,*,#1871,.F.);
#1491=ORIENTED_EDGE('',*,*,#2000,.F.);
#1492=ORIENTED_EDGE('',*,*,#1948,.F.);
#1493=ORIENTED_EDGE('',*,*,#1847,.F.);
#1494=ORIENTED_EDGE('',*,*,#2001,.T.);
#1495=ORIENTED_EDGE('',*,*,#1852,.F.);
#1496=ORIENTED_EDGE('',*,*,#1949,.F.);
#1497=ORIENTED_EDGE('',*,*,#2000,.T.);
#1498=ORIENTED_EDGE('',*,*,#1870,.F.);
#1499=ORIENTED_EDGE('',*,*,#1945,.F.);
#1500=ORIENTED_EDGE('',*,*,#1802,.F.);
#1501=ORIENTED_EDGE('',*,*,#1952,.F.);
#1502=ORIENTED_EDGE('',*,*,#1577,.F.);
#1503=ORIENTED_EDGE('',*,*,#1954,.F.);
#1504=ORIENTED_EDGE('',*,*,#1811,.F.);
#1505=ORIENTED_EDGE('',*,*,#2002,.T.);
#1506=ORIENTED_EDGE('',*,*,#1815,.F.);
#1507=ORIENTED_EDGE('',*,*,#2003,.T.);
#1508=ORIENTED_EDGE('',*,*,#1817,.F.);
#1509=ORIENTED_EDGE('',*,*,#1936,.F.);
#1510=ORIENTED_EDGE('',*,*,#1833,.F.);
#1511=ORIENTED_EDGE('',*,*,#2004,.F.);
#1512=ORIENTED_EDGE('',*,*,#1938,.F.);
#1513=ORIENTED_EDGE('',*,*,#1804,.F.);
#1514=ORIENTED_EDGE('',*,*,#2005,.T.);
#1515=ORIENTED_EDGE('',*,*,#1809,.F.);
#1516=ORIENTED_EDGE('',*,*,#1939,.F.);
#1517=ORIENTED_EDGE('',*,*,#2004,.T.);
#1518=ORIENTED_EDGE('',*,*,#1832,.F.);
#1519=ORIENTED_EDGE('',*,*,#1942,.F.);
#1520=ORIENTED_EDGE('',*,*,#1813,.F.);
#1521=ORIENTED_EDGE('',*,*,#1955,.F.);
#1522=ORIENTED_EDGE('',*,*,#1575,.F.);
#1523=ORIENTED_EDGE('',*,*,#1956,.F.);
#1524=ORIENTED_EDGE('',*,*,#1819,.F.);
#1525=ORIENTED_EDGE('',*,*,#2006,.T.);
#1526=ORIENTED_EDGE('',*,*,#1822,.F.);
#1527=ORIENTED_EDGE('',*,*,#2007,.T.);
#1528=ORIENTED_EDGE('',*,*,#1828,.F.);
#1529=ORIENTED_EDGE('',*,*,#1941,.F.);
#1530=ORIENTED_EDGE('',*,*,#2008,.F.);
#1531=ORIENTED_EDGE('',*,*,#1835,.F.);
#1532=ORIENTED_EDGE('',*,*,#1937,.F.);
#1533=ORIENTED_EDGE('',*,*,#1826,.F.);
#1534=ORIENTED_EDGE('',*,*,#2009,.T.);
#1535=ORIENTED_EDGE('',*,*,#1806,.F.);
#1536=ORIENTED_EDGE('',*,*,#1943,.F.);
#1537=ORIENTED_EDGE('',*,*,#1836,.F.);
#1538=ORIENTED_EDGE('',*,*,#2008,.T.);
#1539=ORIENTED_EDGE('',*,*,#1940,.F.);
#1540=ORIENTED_EDGE('',*,*,#2005,.F.);
#1541=ORIENTED_EDGE('',*,*,#1803,.F.);
#1542=ORIENTED_EDGE('',*,*,#2002,.F.);
#1543=ORIENTED_EDGE('',*,*,#1810,.F.);
#1544=ORIENTED_EDGE('',*,*,#2003,.F.);
#1545=ORIENTED_EDGE('',*,*,#1814,.F.);
#1546=ORIENTED_EDGE('',*,*,#2006,.F.);
#1547=ORIENTED_EDGE('',*,*,#1818,.F.);
#1548=ORIENTED_EDGE('',*,*,#2009,.F.);
#1549=ORIENTED_EDGE('',*,*,#1825,.F.);
#1550=ORIENTED_EDGE('',*,*,#1953,.F.);
#1551=ORIENTED_EDGE('',*,*,#1807,.F.);
#1552=ORIENTED_EDGE('',*,*,#2007,.F.);
#1553=ORIENTED_EDGE('',*,*,#1821,.F.);
#1554=ORIENTED_EDGE('',*,*,#1958,.F.);
#1555=ORIENTED_EDGE('',*,*,#1829,.F.);
#1556=ORIENTED_EDGE('',*,*,#2001,.F.);
#1557=ORIENTED_EDGE('',*,*,#1846,.F.);
#1558=ORIENTED_EDGE('',*,*,#1960,.F.);
#1559=ORIENTED_EDGE('',*,*,#1853,.F.);
#1560=ORIENTED_EDGE('',*,*,#1999,.F.);
#1561=ORIENTED_EDGE('',*,*,#1856,.F.);
#1562=ORIENTED_EDGE('',*,*,#1964,.F.);
#1563=ORIENTED_EDGE('',*,*,#1860,.F.);
#1564=ORIENTED_EDGE('',*,*,#1996,.F.);
#1565=ORIENTED_EDGE('',*,*,#1838,.F.);
#1566=ORIENTED_EDGE('',*,*,#1994,.F.);
#1567=ORIENTED_EDGE('',*,*,#1850,.F.);
#1568=ORIENTED_EDGE('',*,*,#1998,.F.);
#1569=ORIENTED_EDGE('',*,*,#1863,.F.);
#1570=ORIENTED_EDGE('',*,*,#1995,.F.);
#1571=ORIENTED_EDGE('',*,*,#1842,.F.);
#1572=EDGE_CURVE('',#2010,#2011,#2292,.T.);
#1573=EDGE_CURVE('',#2011,#2012,#268,.T.);
#1574=EDGE_CURVE('',#2012,#2013,#269,.T.);
#1575=EDGE_CURVE('',#2013,#2014,#224,.F.);
#1576=EDGE_CURVE('',#2014,#2015,#270,.T.);
#1577=EDGE_CURVE('',#2015,#2016,#225,.F.);
#1578=EDGE_CURVE('',#2016,#2017,#271,.T.);
#1579=EDGE_CURVE('',#2018,#2017,#272,.T.);
#1580=EDGE_CURVE('',#2018,#2019,#273,.T.);
#1581=EDGE_CURVE('',#2019,#2020,#226,.F.);
#1582=EDGE_CURVE('',#2020,#2021,#274,.T.);
#1583=EDGE_CURVE('',#2021,#2022,#227,.F.);
#1584=EDGE_CURVE('',#2022,#2023,#275,.T.);
#1585=EDGE_CURVE('',#2023,#2024,#276,.T.);
#1586=EDGE_CURVE('',#2024,#2025,#2293,.T.);
#1587=EDGE_CURVE('',#2025,#2026,#2294,.T.);
#1588=EDGE_CURVE('',#2026,#2027,#2295,.T.);
#1589=EDGE_CURVE('',#2027,#2028,#277,.T.);
#1590=EDGE_CURVE('',#2028,#2029,#2296,.T.);
#1591=EDGE_CURVE('',#2029,#2030,#2297,.T.);
#1592=EDGE_CURVE('',#2030,#2031,#2298,.T.);
#1593=EDGE_CURVE('',#2031,#2032,#278,.T.);
#1594=EDGE_CURVE('',#2032,#2033,#2299,.T.);
#1595=EDGE_CURVE('',#2033,#2034,#2300,.T.);
#1596=EDGE_CURVE('',#2034,#2035,#2301,.T.);
#1597=EDGE_CURVE('',#2035,#2036,#279,.T.);
#1598=EDGE_CURVE('',#2036,#2037,#2302,.T.);
#1599=EDGE_CURVE('',#2037,#2038,#2303,.T.);
#1600=EDGE_CURVE('',#2038,#2039,#2304,.T.);
#1601=EDGE_CURVE('',#2039,#2040,#280,.T.);
#1602=EDGE_CURVE('',#2040,#2041,#2305,.T.);
#1603=EDGE_CURVE('',#2041,#2042,#2306,.T.);
#1604=EDGE_CURVE('',#2042,#2043,#2307,.T.);
#1605=EDGE_CURVE('',#2043,#2044,#281,.T.);
#1606=EDGE_CURVE('',#2044,#2045,#2308,.T.);
#1607=EDGE_CURVE('',#2045,#2010,#2309,.T.);
#1608=EDGE_CURVE('',#2046,#2047,#282,.T.);
#1609=EDGE_CURVE('',#2047,#2048,#2310,.T.);
#1610=EDGE_CURVE('',#2048,#2049,#283,.F.);
#1611=EDGE_CURVE('',#2049,#2046,#76,.F.);
#1612=EDGE_CURVE('',#2050,#2051,#284,.T.);
#1613=EDGE_CURVE('',#2051,#2052,#2311,.T.);
#1614=EDGE_CURVE('',#2052,#2053,#285,.F.);
#1615=EDGE_CURVE('',#2053,#2050,#77,.F.);
#1616=EDGE_CURVE('',#2054,#2055,#286,.T.);
#1617=EDGE_CURVE('',#2055,#2056,#287,.T.);
#1618=EDGE_CURVE('',#2056,#2057,#288,.T.);
#1619=EDGE_CURVE('',#2057,#2058,#289,.T.);
#1620=EDGE_CURVE('',#2058,#2059,#290,.T.);
#1621=EDGE_CURVE('',#2059,#2060,#78,.F.);
#1622=EDGE_CURVE('',#2060,#2061,#291,.T.);
#1623=EDGE_CURVE('',#2061,#2062,#79,.F.);
#1624=EDGE_CURVE('',#2062,#2063,#292,.T.);
#1625=EDGE_CURVE('',#2063,#2064,#293,.T.);
#1626=EDGE_CURVE('',#2064,#2065,#294,.T.);
#1627=EDGE_CURVE('',#2065,#2066,#295,.T.);
#1628=EDGE_CURVE('',#2066,#2067,#296,.F.);
#1629=EDGE_CURVE('',#2018,#2067,#297,.T.);
#1630=EDGE_CURVE('',#2017,#2054,#298,.T.);
#1631=EDGE_CURVE('',#2068,#2069,#80,.F.);
#1632=EDGE_CURVE('',#2069,#2070,#299,.T.);
#1633=EDGE_CURVE('',#2070,#2071,#300,.T.);
#1634=EDGE_CURVE('',#2071,#2072,#301,.T.);
#1635=EDGE_CURVE('',#2072,#2073,#81,.T.);
#1636=EDGE_CURVE('',#2073,#2074,#302,.T.);
#1637=EDGE_CURVE('',#2074,#2075,#82,.T.);
#1638=EDGE_CURVE('',#2075,#2076,#303,.T.);
#1639=EDGE_CURVE('',#2076,#2077,#83,.T.);
#1640=EDGE_CURVE('',#2077,#2078,#304,.T.);
#1641=EDGE_CURVE('',#2078,#2079,#84,.T.);
#1642=EDGE_CURVE('',#2079,#2080,#305,.T.);
#1643=EDGE_CURVE('',#2080,#2081,#306,.T.);
#1644=EDGE_CURVE('',#2081,#2082,#307,.T.);
#1645=EDGE_CURVE('',#2082,#2083,#85,.F.);
#1646=EDGE_CURVE('',#2083,#2084,#86,.T.);
#1647=EDGE_CURVE('',#2084,#2085,#87,.F.);
#1648=EDGE_CURVE('',#2085,#2086,#308,.T.);
#1649=EDGE_CURVE('',#2086,#2087,#88,.F.);
#1650=EDGE_CURVE('',#2087,#2088,#89,.T.);
#1651=EDGE_CURVE('',#2088,#2089,#90,.F.);
#1652=EDGE_CURVE('',#2089,#2090,#309,.T.);
#1653=EDGE_CURVE('',#2090,#2091,#91,.F.);
#1654=EDGE_CURVE('',#2091,#2092,#92,.T.);
#1655=EDGE_CURVE('',#2092,#2093,#93,.F.);
#1656=EDGE_CURVE('',#2093,#2094,#310,.T.);
#1657=EDGE_CURVE('',#2094,#2095,#94,.F.);
#1658=EDGE_CURVE('',#2095,#2096,#95,.T.);
#1659=EDGE_CURVE('',#2096,#2097,#96,.F.);
#1660=EDGE_CURVE('',#2097,#2098,#311,.T.);
#1661=EDGE_CURVE('',#2098,#2099,#97,.F.);
#1662=EDGE_CURVE('',#2099,#2100,#98,.T.);
#1663=EDGE_CURVE('',#2100,#2101,#99,.F.);
#1664=EDGE_CURVE('',#2101,#2102,#312,.T.);
#1665=EDGE_CURVE('',#2102,#2103,#100,.F.);
#1666=EDGE_CURVE('',#2103,#2068,#101,.T.);
#1667=EDGE_CURVE('',#2104,#2104,#102,.F.);
#1668=EDGE_CURVE('',#2105,#2105,#103,.F.);
#1669=EDGE_CURVE('',#2106,#2106,#104,.F.);
#1670=EDGE_CURVE('',#2107,#2107,#105,.F.);
#1671=EDGE_CURVE('',#2108,#2108,#106,.F.);
#1672=EDGE_CURVE('',#2109,#2109,#107,.F.);
#1673=EDGE_CURVE('',#2110,#2111,#313,.T.);
#1674=EDGE_CURVE('',#2110,#2112,#108,.T.);
#1675=EDGE_CURVE('',#2112,#2113,#314,.T.);
#1676=EDGE_CURVE('',#2111,#2113,#109,.T.);
#1677=EDGE_CURVE('',#2113,#2114,#315,.T.);
#1678=EDGE_CURVE('',#2114,#2115,#316,.T.);
#1679=EDGE_CURVE('',#2115,#2116,#317,.T.);
#1680=EDGE_CURVE('',#2116,#2117,#318,.T.);
#1681=EDGE_CURVE('',#2117,#2118,#319,.F.);
#1682=EDGE_CURVE('',#2118,#2119,#320,.T.);
#1683=EDGE_CURVE('',#2119,#2120,#321,.T.);
#1684=EDGE_CURVE('',#2120,#2121,#110,.T.);
#1685=EDGE_CURVE('',#2121,#2111,#322,.T.);
#1686=EDGE_CURVE('',#2122,#2123,#323,.F.);
#1687=EDGE_CURVE('',#2123,#2124,#324,.T.);
#1688=EDGE_CURVE('',#2124,#2125,#325,.T.);
#1689=EDGE_CURVE('',#2125,#2122,#326,.T.);
#1690=EDGE_CURVE('',#2126,#2127,#327,.F.);
#1691=EDGE_CURVE('',#2127,#2128,#328,.T.);
#1692=EDGE_CURVE('',#2128,#2129,#329,.T.);
#1693=EDGE_CURVE('',#2129,#2126,#330,.T.);
#1694=EDGE_CURVE('',#2130,#2130,#111,.T.);
#1695=EDGE_CURVE('',#2131,#2131,#112,.F.);
#1696=EDGE_CURVE('',#2132,#2132,#113,.T.);
#1697=EDGE_CURVE('',#2133,#2133,#114,.T.);
#1698=EDGE_CURVE('',#2134,#2134,#115,.T.);
#1699=EDGE_CURVE('',#2135,#2135,#116,.T.);
#1700=EDGE_CURVE('',#2136,#2136,#117,.T.);
#1701=EDGE_CURVE('',#2137,#2137,#118,.F.);
#1702=EDGE_CURVE('',#2138,#2138,#119,.T.);
#1703=EDGE_CURVE('',#2139,#2139,#120,.F.);
#1704=EDGE_CURVE('',#2140,#2141,#331,.F.);
#1705=EDGE_CURVE('',#2141,#2142,#332,.T.);
#1706=EDGE_CURVE('',#2142,#2143,#333,.T.);
#1707=EDGE_CURVE('',#2143,#2140,#334,.T.);
#1708=EDGE_CURVE('',#2144,#2144,#121,.T.);
#1709=EDGE_CURVE('',#2145,#2145,#122,.T.);
#1710=EDGE_CURVE('',#2142,#2127,#123,.F.);
#1711=EDGE_CURVE('',#2126,#2143,#2312,.T.);
#1712=EDGE_CURVE('',#2124,#2141,#124,.F.);
#1713=EDGE_CURVE('',#2140,#2125,#2313,.T.);
#1714=EDGE_CURVE('',#2128,#2118,#125,.F.);
#1715=EDGE_CURVE('',#2117,#2129,#2314,.T.);
#1716=EDGE_CURVE('',#2115,#2123,#126,.F.);
#1717=EDGE_CURVE('',#2122,#2116,#2315,.T.);
#1718=EDGE_CURVE('',#2146,#2146,#127,.T.);
#1719=EDGE_CURVE('',#2147,#2147,#128,.T.);
#1720=EDGE_CURVE('',#2148,#2148,#129,.T.);
#1721=EDGE_CURVE('',#2149,#2149,#130,.T.);
#1722=EDGE_CURVE('',#2150,#2150,#131,.T.);
#1723=EDGE_CURVE('',#2151,#2151,#132,.T.);
#1724=EDGE_CURVE('',#2152,#2153,#2316,.T.);
#1725=EDGE_CURVE('',#2153,#2154,#335,.T.);
#1726=EDGE_CURVE('',#2154,#2155,#2317,.T.);
#1727=EDGE_CURVE('',#2155,#2156,#336,.T.);
#1728=EDGE_CURVE('',#2156,#2157,#2318,.T.);
#1729=EDGE_CURVE('',#2157,#2158,#337,.T.);
#1730=EDGE_CURVE('',#2158,#2159,#2319,.T.);
#1731=EDGE_CURVE('',#2159,#2152,#338,.T.);
#1732=EDGE_CURVE('',#2158,#2125,#2320,.F.);
#1733=EDGE_CURVE('',#2122,#2157,#2321,.F.);
#1734=EDGE_CURVE('',#2116,#2156,#2322,.T.);
#1735=EDGE_CURVE('',#2159,#2140,#2323,.T.);
#1736=EDGE_CURVE('',#2117,#2155,#2324,.F.);
#1737=EDGE_CURVE('',#2152,#2143,#2325,.F.);
#1738=EDGE_CURVE('',#2129,#2154,#2326,.T.);
#1739=EDGE_CURVE('',#2153,#2126,#2327,.T.);
#1740=EDGE_CURVE('',#2160,#2161,#339,.F.);
#1741=EDGE_CURVE('',#2161,#2162,#340,.T.);
#1742=EDGE_CURVE('',#2162,#2163,#341,.F.);
#1743=EDGE_CURVE('',#2163,#2160,#342,.T.);
#1744=EDGE_CURVE('',#2164,#2165,#343,.T.);
#1745=EDGE_CURVE('',#2165,#2166,#344,.T.);
#1746=EDGE_CURVE('',#2166,#2167,#345,.T.);
#1747=EDGE_CURVE('',#2167,#2164,#346,.T.);
#1748=EDGE_CURVE('',#2168,#2169,#347,.F.);
#1749=EDGE_CURVE('',#2169,#2170,#348,.T.);
#1750=EDGE_CURVE('',#2170,#2171,#349,.T.);
#1751=EDGE_CURVE('',#2171,#2168,#350,.T.);
#1752=EDGE_CURVE('',#2172,#2173,#351,.F.);
#1753=EDGE_CURVE('',#2173,#2174,#352,.T.);
#1754=EDGE_CURVE('',#2174,#2175,#353,.T.);
#1755=EDGE_CURVE('',#2175,#2172,#354,.T.);
#1756=EDGE_CURVE('',#2176,#2177,#355,.T.);
#1757=EDGE_CURVE('',#2177,#2178,#2328,.T.);
#1758=EDGE_CURVE('',#2178,#2179,#356,.F.);
#1759=EDGE_CURVE('',#2179,#2176,#133,.F.);
#1760=EDGE_CURVE('',#2180,#2181,#357,.T.);
#1761=EDGE_CURVE('',#2181,#2182,#2329,.T.);
#1762=EDGE_CURVE('',#2182,#2183,#358,.F.);
#1763=EDGE_CURVE('',#2183,#2180,#134,.F.);
#1764=EDGE_CURVE('',#2184,#2185,#359,.T.);
#1765=EDGE_CURVE('',#2185,#2186,#2330,.T.);
#1766=EDGE_CURVE('',#2186,#2187,#360,.F.);
#1767=EDGE_CURVE('',#2187,#2184,#135,.F.);
#1768=EDGE_CURVE('',#2188,#2189,#361,.T.);
#1769=EDGE_CURVE('',#2189,#2190,#2331,.T.);
#1770=EDGE_CURVE('',#2190,#2191,#362,.F.);
#1771=EDGE_CURVE('',#2191,#2188,#136,.F.);
#1772=EDGE_CURVE('',#2192,#2193,#363,.F.);
#1773=EDGE_CURVE('',#2193,#2194,#364,.T.);
#1774=EDGE_CURVE('',#2194,#2195,#365,.F.);
#1775=EDGE_CURVE('',#2195,#2192,#366,.T.);
#1776=EDGE_CURVE('',#2196,#2196,#137,.F.);
#1777=EDGE_CURVE('',#2197,#2197,#138,.F.);
#1778=EDGE_CURVE('',#2198,#2198,#139,.T.);
#1779=EDGE_CURVE('',#2199,#2199,#140,.F.);
#1780=EDGE_CURVE('',#2200,#2200,#141,.F.);
#1781=EDGE_CURVE('',#2201,#2201,#142,.T.);
#1782=EDGE_CURVE('',#2202,#2202,#143,.F.);
#1783=EDGE_CURVE('',#2203,#2203,#144,.F.);
#1784=EDGE_CURVE('',#2204,#2204,#145,.T.);
#1785=EDGE_CURVE('',#2205,#2205,#146,.F.);
#1786=EDGE_CURVE('',#2206,#2206,#147,.F.);
#1787=EDGE_CURVE('',#2207,#2207,#148,.T.);
#1788=EDGE_CURVE('',#2208,#2208,#149,.F.);
#1789=EDGE_CURVE('',#2209,#2209,#150,.F.);
#1790=EDGE_CURVE('',#2210,#2210,#151,.T.);
#1791=EDGE_CURVE('',#2211,#2211,#152,.F.);
#1792=EDGE_CURVE('',#2212,#2212,#153,.F.);
#1793=EDGE_CURVE('',#2213,#2213,#154,.T.);
#1794=EDGE_CURVE('',#2121,#2214,#367,.F.);
#1795=EDGE_CURVE('',#2214,#2110,#368,.T.);
#1796=EDGE_CURVE('',#2215,#2120,#369,.T.);
#1797=EDGE_CURVE('',#2215,#2214,#155,.T.);
#1798=EDGE_CURVE('',#2119,#2216,#370,.T.);
#1799=EDGE_CURVE('',#2216,#2215,#371,.T.);
#1800=EDGE_CURVE('',#2112,#2217,#372,.T.);
#1801=EDGE_CURVE('',#2217,#2114,#373,.T.);
#1802=EDGE_CURVE('',#2218,#2219,#228,.F.);
#1803=EDGE_CURVE('',#2219,#2220,#374,.F.);
#1804=EDGE_CURVE('',#2220,#2221,#229,.T.);
#1805=EDGE_CURVE('',#2221,#2222,#375,.T.);
#1806=EDGE_CURVE('',#2222,#2223,#230,.T.);
#1807=EDGE_CURVE('',#2223,#2224,#376,.T.);
#1808=EDGE_CURVE('',#2224,#2218,#377,.T.);
#1809=EDGE_CURVE('',#2225,#2226,#231,.F.);
#1810=EDGE_CURVE('',#2226,#2227,#378,.T.);
#1811=EDGE_CURVE('',#2227,#2228,#232,.T.);
#1812=EDGE_CURVE('',#2228,#2229,#379,.T.);
#1813=EDGE_CURVE('',#2229,#2230,#233,.T.);
#1814=EDGE_CURVE('',#2230,#2231,#380,.F.);
#1815=EDGE_CURVE('',#2231,#2232,#234,.F.);
#1816=EDGE_CURVE('',#2232,#2225,#381,.T.);
#1817=EDGE_CURVE('',#2233,#2234,#235,.F.);
#1818=EDGE_CURVE('',#2234,#2235,#382,.T.);
#1819=EDGE_CURVE('',#2235,#2236,#236,.T.);
#1820=EDGE_CURVE('',#2236,#2237,#383,.T.);
#1821=EDGE_CURVE('',#2237,#2238,#384,.F.);
#1822=EDGE_CURVE('',#2238,#2239,#237,.F.);
#1823=EDGE_CURVE('',#2239,#2233,#385,.T.);
#1824=EDGE_CURVE('',#2017,#2240,#386,.F.);
#1825=EDGE_CURVE('',#2240,#2241,#387,.F.);
#1826=EDGE_CURVE('',#2241,#2242,#238,.T.);
#1827=EDGE_CURVE('',#2242,#2243,#388,.T.);
#1828=EDGE_CURVE('',#2243,#2244,#239,.T.);
#1829=EDGE_CURVE('',#2244,#2245,#389,.T.);
#1830=EDGE_CURVE('',#2245,#2054,#390,.T.);
#1831=EDGE_CURVE('',#2246,#2247,#391,.T.);
#1832=EDGE_CURVE('',#2247,#2248,#240,.T.);
#1833=EDGE_CURVE('',#2248,#2249,#241,.T.);
#1834=EDGE_CURVE('',#2249,#2250,#392,.T.);
#1835=EDGE_CURVE('',#2250,#2251,#242,.T.);
#1836=EDGE_CURVE('',#2251,#2246,#243,.T.);
#1837=EDGE_CURVE('',#2252,#2253,#244,.F.);
#1838=EDGE_CURVE('',#2253,#2254,#393,.F.);
#1839=EDGE_CURVE('',#2254,#2255,#245,.T.);
#1840=EDGE_CURVE('',#2255,#2256,#394,.T.);
#1841=EDGE_CURVE('',#2256,#2257,#246,.T.);
#1842=EDGE_CURVE('',#2257,#2258,#395,.T.);
#1843=EDGE_CURVE('',#2258,#2259,#247,.F.);
#1844=EDGE_CURVE('',#2259,#2252,#396,.T.);
#1845=EDGE_CURVE('',#2260,#2261,#397,.T.);
#1846=EDGE_CURVE('',#2261,#2262,#398,.F.);
#1847=EDGE_CURVE('',#2262,#2263,#248,.F.);
#1848=EDGE_CURVE('',#2263,#2264,#399,.T.);
#1849=EDGE_CURVE('',#2264,#2265,#249,.F.);
#1850=EDGE_CURVE('',#2265,#2266,#400,.T.);
#1851=EDGE_CURVE('',#2266,#2260,#250,.T.);
#1852=EDGE_CURVE('',#2267,#2268,#251,.F.);
#1853=EDGE_CURVE('',#2268,#2269,#401,.T.);
#1854=EDGE_CURVE('',#2269,#2018,#402,.T.);
#1855=EDGE_CURVE('',#2067,#2270,#403,.F.);
#1856=EDGE_CURVE('',#2270,#2271,#404,.F.);
#1857=EDGE_CURVE('',#2271,#2272,#252,.F.);
#1858=EDGE_CURVE('',#2272,#2267,#405,.T.);
#1859=EDGE_CURVE('',#2273,#2274,#253,.T.);
#1860=EDGE_CURVE('',#2274,#2275,#406,.T.);
#1861=EDGE_CURVE('',#2275,#2276,#407,.T.);
#1862=EDGE_CURVE('',#2276,#2277,#254,.F.);
#1863=EDGE_CURVE('',#2277,#2278,#408,.F.);
#1864=EDGE_CURVE('',#2278,#2279,#255,.T.);
#1865=EDGE_CURVE('',#2279,#2273,#409,.T.);
#1866=EDGE_CURVE('',#2280,#2281,#410,.T.);
#1867=EDGE_CURVE('',#2281,#2282,#256,.T.);
#1868=EDGE_CURVE('',#2282,#2283,#257,.T.);
#1869=EDGE_CURVE('',#2283,#2284,#411,.T.);
#1870=EDGE_CURVE('',#2284,#2285,#258,.T.);
#1871=EDGE_CURVE('',#2285,#2280,#259,.T.);
#1872=EDGE_CURVE('',#2052,#2165,#2332,.T.);
#1873=EDGE_CURVE('',#2164,#2053,#156,.T.);
#1874=EDGE_CURVE('',#2056,#2051,#2333,.T.);
#1875=EDGE_CURVE('',#2050,#2057,#157,.T.);
#1876=EDGE_CURVE('',#2190,#2169,#2334,.T.);
#1877=EDGE_CURVE('',#2168,#2191,#158,.T.);
#1878=EDGE_CURVE('',#2166,#2189,#2335,.T.);
#1879=EDGE_CURVE('',#2188,#2167,#159,.T.);
#1880=EDGE_CURVE('',#2170,#2185,#2336,.T.);
#1881=EDGE_CURVE('',#2184,#2171,#160,.T.);
#1882=EDGE_CURVE('',#2186,#2193,#2337,.T.);
#1883=EDGE_CURVE('',#2192,#2187,#161,.T.);
#1884=EDGE_CURVE('',#2194,#2177,#2338,.T.);
#1885=EDGE_CURVE('',#2176,#2195,#162,.T.);
#1886=EDGE_CURVE('',#2178,#2173,#2339,.T.);
#1887=EDGE_CURVE('',#2172,#2179,#163,.T.);
#1888=EDGE_CURVE('',#2182,#2161,#2340,.T.);
#1889=EDGE_CURVE('',#2160,#2183,#164,.T.);
#1890=EDGE_CURVE('',#2174,#2181,#2341,.T.);
#1891=EDGE_CURVE('',#2180,#2175,#165,.T.);
#1892=EDGE_CURVE('',#2048,#2065,#2342,.T.);
#1893=EDGE_CURVE('',#2064,#2049,#166,.T.);
#1894=EDGE_CURVE('',#2162,#2047,#2343,.T.);
#1895=EDGE_CURVE('',#2046,#2163,#167,.T.);
#1896=EDGE_CURVE('',#2088,#2191,#412,.T.);
#1897=EDGE_CURVE('',#2188,#2087,#413,.T.);
#1898=EDGE_CURVE('',#2167,#2086,#414,.T.);
#1899=EDGE_CURVE('',#2089,#2168,#415,.T.);
#1900=EDGE_CURVE('',#2164,#2085,#416,.T.);
#1901=EDGE_CURVE('',#2090,#2171,#417,.T.);
#1902=EDGE_CURVE('',#2053,#2084,#418,.T.);
#1903=EDGE_CURVE('',#2091,#2184,#419,.T.);
#1904=EDGE_CURVE('',#2050,#2083,#420,.T.);
#1905=EDGE_CURVE('',#2092,#2187,#421,.T.);
#1906=EDGE_CURVE('',#2057,#2082,#422,.T.);
#1907=EDGE_CURVE('',#2093,#2192,#423,.T.);
#1908=EDGE_CURVE('',#2286,#2081,#424,.T.);
#1909=EDGE_CURVE('',#2286,#2058,#425,.T.);
#1910=EDGE_CURVE('',#2094,#2195,#426,.T.);
#1911=EDGE_CURVE('',#2217,#2286,#427,.T.);
#1912=EDGE_CURVE('',#2114,#2080,#428,.F.);
#1913=EDGE_CURVE('',#2095,#2176,#429,.T.);
#1914=EDGE_CURVE('',#2115,#2079,#430,.T.);
#1915=EDGE_CURVE('',#2096,#2179,#431,.T.);
#1916=EDGE_CURVE('',#2123,#2078,#432,.T.);
#1917=EDGE_CURVE('',#2097,#2172,#433,.T.);
#1918=EDGE_CURVE('',#2124,#2077,#434,.T.);
#1919=EDGE_CURVE('',#2098,#2175,#435,.T.);
#1920=EDGE_CURVE('',#2141,#2076,#436,.T.);
#1921=EDGE_CURVE('',#2099,#2180,#437,.T.);
#1922=EDGE_CURVE('',#2142,#2075,#438,.T.);
#1923=EDGE_CURVE('',#2100,#2183,#439,.T.);
#1924=EDGE_CURVE('',#2127,#2074,#440,.T.);
#1925=EDGE_CURVE('',#2101,#2160,#441,.T.);
#1926=EDGE_CURVE('',#2128,#2073,#442,.T.);
#1927=EDGE_CURVE('',#2102,#2163,#443,.T.);
#1928=EDGE_CURVE('',#2118,#2072,#444,.T.);
#1929=EDGE_CURVE('',#2103,#2046,#445,.T.);
#1930=EDGE_CURVE('',#2119,#2071,#446,.F.);
#1931=EDGE_CURVE('',#2068,#2049,#447,.T.);
#1932=EDGE_CURVE('',#2287,#2070,#448,.F.);
#1933=EDGE_CURVE('',#2287,#2216,#449,.T.);
#1934=EDGE_CURVE('',#2069,#2064,#450,.T.);
#1935=EDGE_CURVE('',#2063,#2287,#451,.T.);
#1936=EDGE_CURVE('',#2249,#2233,#452,.F.);
#1937=EDGE_CURVE('',#2239,#2250,#453,.T.);
#1938=EDGE_CURVE('',#2232,#2288,#454,.T.);
#1939=EDGE_CURVE('',#2288,#2225,#455,.T.);
#1940=EDGE_CURVE('',#2242,#2289,#456,.T.);
#1941=EDGE_CURVE('',#2289,#2243,#457,.T.);
#1942=EDGE_CURVE('',#2221,#2247,#458,.T.);
#1943=EDGE_CURVE('',#2246,#2222,#459,.F.);
#1944=EDGE_CURVE('',#2283,#2264,#460,.T.);
#1945=EDGE_CURVE('',#2263,#2284,#461,.F.);
#1946=EDGE_CURVE('',#2255,#2290,#462,.T.);
#1947=EDGE_CURVE('',#2290,#2256,#463,.T.);
#1948=EDGE_CURVE('',#2272,#2291,#464,.T.);
#1949=EDGE_CURVE('',#2291,#2267,#465,.T.);
#1950=EDGE_CURVE('',#2279,#2281,#466,.F.);
#1951=EDGE_CURVE('',#2280,#2273,#467,.T.);
#1952=EDGE_CURVE('',#2016,#2218,#468,.F.);
#1953=EDGE_CURVE('',#2224,#2240,#260,.T.);
#1954=EDGE_CURVE('',#2228,#2015,#469,.F.);
#1955=EDGE_CURVE('',#2014,#2229,#470,.F.);
#1956=EDGE_CURVE('',#2236,#2013,#471,.T.);
#1957=EDGE_CURVE('',#2012,#2055,#472,.F.);
#1958=EDGE_CURVE('',#2245,#2237,#261,.F.);
#1959=EDGE_CURVE('',#2260,#2019,#473,.T.);
#1960=EDGE_CURVE('',#2269,#2261,#262,.F.);
#1961=EDGE_CURVE('',#2020,#2252,#474,.T.);
#1962=EDGE_CURVE('',#2259,#2021,#475,.T.);
#1963=EDGE_CURVE('',#2022,#2276,#476,.F.);
#1964=EDGE_CURVE('',#2275,#2270,#263,.T.);
#1965=EDGE_CURVE('',#2066,#2023,#477,.T.);
#1966=EDGE_CURVE('',#2059,#2112,#478,.T.);
#1967=EDGE_CURVE('',#2060,#2110,#479,.T.);
#1968=EDGE_CURVE('',#2061,#2214,#480,.T.);
#1969=EDGE_CURVE('',#2062,#2215,#481,.T.);
#1970=EDGE_CURVE('',#2024,#2065,#2344,.F.);
#1971=EDGE_CURVE('',#2025,#2048,#2345,.F.);
#1972=EDGE_CURVE('',#2026,#2047,#2346,.F.);
#1973=EDGE_CURVE('',#2027,#2162,#2347,.T.);
#1974=EDGE_CURVE('',#2028,#2161,#2348,.F.);
#1975=EDGE_CURVE('',#2029,#2182,#2349,.F.);
#1976=EDGE_CURVE('',#2030,#2181,#2350,.F.);
#1977=EDGE_CURVE('',#2031,#2174,#2351,.T.);
#1978=EDGE_CURVE('',#2032,#2173,#2352,.F.);
#1979=EDGE_CURVE('',#2033,#2178,#2353,.F.);
#1980=EDGE_CURVE('',#2034,#2177,#2354,.F.);
#1981=EDGE_CURVE('',#2035,#2194,#2355,.T.);
#1982=EDGE_CURVE('',#2036,#2193,#2356,.F.);
#1983=EDGE_CURVE('',#2037,#2186,#2357,.F.);
#1984=EDGE_CURVE('',#2038,#2185,#2358,.F.);
#1985=EDGE_CURVE('',#2039,#2170,#2359,.T.);
#1986=EDGE_CURVE('',#2040,#2169,#2360,.F.);
#1987=EDGE_CURVE('',#2041,#2190,#2361,.F.);
#1988=EDGE_CURVE('',#2042,#2189,#2362,.F.);
#1989=EDGE_CURVE('',#2043,#2166,#2363,.T.);
#1990=EDGE_CURVE('',#2044,#2165,#2364,.F.);
#1991=EDGE_CURVE('',#2045,#2052,#2365,.F.);
#1992=EDGE_CURVE('',#2010,#2051,#2366,.F.);
#1993=EDGE_CURVE('',#2011,#2056,#2367,.T.);
#1994=EDGE_CURVE('',#2266,#2253,#2368,.T.);
#1995=EDGE_CURVE('',#2258,#2277,#2369,.T.);
#1996=EDGE_CURVE('',#2254,#2265,#2370,.T.);
#1997=EDGE_CURVE('',#2290,#2282,#264,.F.);
#1998=EDGE_CURVE('',#2278,#2257,#2371,.T.);
#1999=EDGE_CURVE('',#2271,#2274,#2372,.T.);
#2000=EDGE_CURVE('',#2291,#2285,#265,.T.);
#2001=EDGE_CURVE('',#2262,#2268,#2373,.T.);
#2002=EDGE_CURVE('',#2227,#2219,#2374,.T.);
#2003=EDGE_CURVE('',#2231,#2234,#2375,.T.);
#2004=EDGE_CURVE('',#2288,#2248,#266,.T.);
#2005=EDGE_CURVE('',#2220,#2226,#2376,.T.);
#2006=EDGE_CURVE('',#2235,#2230,#2377,.T.);
#2007=EDGE_CURVE('',#2238,#2244,#2378,.T.);
#2008=EDGE_CURVE('',#2251,#2289,#267,.T.);
#2009=EDGE_CURVE('',#2241,#2223,#2379,.T.);
#2010=VERTEX_POINT('',#4321);
#2011=VERTEX_POINT('',#4322);
#2012=VERTEX_POINT('',#4324);
#2013=VERTEX_POINT('',#4326);
#2014=VERTEX_POINT('',#4328);
#2015=VERTEX_POINT('',#4330);
#2016=VERTEX_POINT('',#4332);
#2017=VERTEX_POINT('',#4334);
#2018=VERTEX_POINT('',#4336);
#2019=VERTEX_POINT('',#4338);
#2020=VERTEX_POINT('',#4340);
#2021=VERTEX_POINT('',#4342);
#2022=VERTEX_POINT('',#4344);
#2023=VERTEX_POINT('',#4346);
#2024=VERTEX_POINT('',#4348);
#2025=VERTEX_POINT('',#4353);
#2026=VERTEX_POINT('',#4361);
#2027=VERTEX_POINT('',#4366);
#2028=VERTEX_POINT('',#4368);
#2029=VERTEX_POINT('',#4373);
#2030=VERTEX_POINT('',#4387);
#2031=VERTEX_POINT('',#4392);
#2032=VERTEX_POINT('',#4394);
#2033=VERTEX_POINT('',#4399);
#2034=VERTEX_POINT('',#4407);
#2035=VERTEX_POINT('',#4412);
#2036=VERTEX_POINT('',#4414);
#2037=VERTEX_POINT('',#4419);
#2038=VERTEX_POINT('',#4427);
#2039=VERTEX_POINT('',#4432);
#2040=VERTEX_POINT('',#4434);
#2041=VERTEX_POINT('',#4439);
#2042=VERTEX_POINT('',#4453);
#2043=VERTEX_POINT('',#4458);
#2044=VERTEX_POINT('',#4460);
#2045=VERTEX_POINT('',#4465);
#2046=VERTEX_POINT('',#4475);
#2047=VERTEX_POINT('',#4476);
#2048=VERTEX_POINT('',#4496);
#2049=VERTEX_POINT('',#4498);
#2050=VERTEX_POINT('',#4502);
#2051=VERTEX_POINT('',#4503);
#2052=VERTEX_POINT('',#4521);
#2053=VERTEX_POINT('',#4523);
#2054=VERTEX_POINT('',#4527);
#2055=VERTEX_POINT('',#4528);
#2056=VERTEX_POINT('',#4530);
#2057=VERTEX_POINT('',#4532);
#2058=VERTEX_POINT('',#4534);
#2059=VERTEX_POINT('',#4536);
#2060=VERTEX_POINT('',#4538);
#2061=VERTEX_POINT('',#4540);
#2062=VERTEX_POINT('',#4542);
#2063=VERTEX_POINT('',#4544);
#2064=VERTEX_POINT('',#4546);
#2065=VERTEX_POINT('',#4548);
#2066=VERTEX_POINT('',#4550);
#2067=VERTEX_POINT('',#4552);
#2068=VERTEX_POINT('',#4557);
#2069=VERTEX_POINT('',#4558);
#2070=VERTEX_POINT('',#4560);
#2071=VERTEX_POINT('',#4562);
#2072=VERTEX_POINT('',#4564);
#2073=VERTEX_POINT('',#4566);
#2074=VERTEX_POINT('',#4568);
#2075=VERTEX_POINT('',#4570);
#2076=VERTEX_POINT('',#4572);
#2077=VERTEX_POINT('',#4574);
#2078=VERTEX_POINT('',#4576);
#2079=VERTEX_POINT('',#4578);
#2080=VERTEX_POINT('',#4580);
#2081=VERTEX_POINT('',#4582);
#2082=VERTEX_POINT('',#4584);
#2083=VERTEX_POINT('',#4586);
#2084=VERTEX_POINT('',#4588);
#2085=VERTEX_POINT('',#4590);
#2086=VERTEX_POINT('',#4592);
#2087=VERTEX_POINT('',#4594);
#2088=VERTEX_POINT('',#4596);
#2089=VERTEX_POINT('',#4598);
#2090=VERTEX_POINT('',#4600);
#2091=VERTEX_POINT('',#4602);
#2092=VERTEX_POINT('',#4604);
#2093=VERTEX_POINT('',#4606);
#2094=VERTEX_POINT('',#4608);
#2095=VERTEX_POINT('',#4610);
#2096=VERTEX_POINT('',#4612);
#2097=VERTEX_POINT('',#4614);
#2098=VERTEX_POINT('',#4616);
#2099=VERTEX_POINT('',#4618);
#2100=VERTEX_POINT('',#4620);
#2101=VERTEX_POINT('',#4622);
#2102=VERTEX_POINT('',#4624);
#2103=VERTEX_POINT('',#4626);
#2104=VERTEX_POINT('',#4629);
#2105=VERTEX_POINT('',#4631);
#2106=VERTEX_POINT('',#4633);
#2107=VERTEX_POINT('',#4635);
#2108=VERTEX_POINT('',#4637);
#2109=VERTEX_POINT('',#4639);
#2110=VERTEX_POINT('',#4642);
#2111=VERTEX_POINT('',#4643);
#2112=VERTEX_POINT('',#4645);
#2113=VERTEX_POINT('',#4647);
#2114=VERTEX_POINT('',#4651);
#2115=VERTEX_POINT('',#4653);
#2116=VERTEX_POINT('',#4655);
#2117=VERTEX_POINT('',#4657);
#2118=VERTEX_POINT('',#4659);
#2119=VERTEX_POINT('',#4661);
#2120=VERTEX_POINT('',#4663);
#2121=VERTEX_POINT('',#4665);
#2122=VERTEX_POINT('',#4669);
#2123=VERTEX_POINT('',#4670);
#2124=VERTEX_POINT('',#4672);
#2125=VERTEX_POINT('',#4674);
#2126=VERTEX_POINT('',#4678);
#2127=VERTEX_POINT('',#4679);
#2128=VERTEX_POINT('',#4681);
#2129=VERTEX_POINT('',#4683);
#2130=VERTEX_POINT('',#4687);
#2131=VERTEX_POINT('',#4689);
#2132=VERTEX_POINT('',#4692);
#2133=VERTEX_POINT('',#4694);
#2134=VERTEX_POINT('',#4697);
#2135=VERTEX_POINT('',#4699);
#2136=VERTEX_POINT('',#4702);
#2137=VERTEX_POINT('',#4704);
#2138=VERTEX_POINT('',#4707);
#2139=VERTEX_POINT('',#4709);
#2140=VERTEX_POINT('',#4712);
#2141=VERTEX_POINT('',#4713);
#2142=VERTEX_POINT('',#4715);
#2143=VERTEX_POINT('',#4717);
#2144=VERTEX_POINT('',#4721);
#2145=VERTEX_POINT('',#4723);
#2146=VERTEX_POINT('',#4798);
#2147=VERTEX_POINT('',#4801);
#2148=VERTEX_POINT('',#4804);
#2149=VERTEX_POINT('',#4807);
#2150=VERTEX_POINT('',#4810);
#2151=VERTEX_POINT('',#4813);
#2152=VERTEX_POINT('',#4820);
#2153=VERTEX_POINT('',#4821);
#2154=VERTEX_POINT('',#4823);
#2155=VERTEX_POINT('',#4829);
#2156=VERTEX_POINT('',#4831);
#2157=VERTEX_POINT('',#4837);
#2158=VERTEX_POINT('',#4839);
#2159=VERTEX_POINT('',#4845);
#2160=VERTEX_POINT('',#4933);
#2161=VERTEX_POINT('',#4934);
#2162=VERTEX_POINT('',#4936);
#2163=VERTEX_POINT('',#4938);
#2164=VERTEX_POINT('',#4942);
#2165=VERTEX_POINT('',#4943);
#2166=VERTEX_POINT('',#4945);
#2167=VERTEX_POINT('',#4947);
#2168=VERTEX_POINT('',#4951);
#2169=VERTEX_POINT('',#4952);
#2170=VERTEX_POINT('',#4954);
#2171=VERTEX_POINT('',#4956);
#2172=VERTEX_POINT('',#4960);
#2173=VERTEX_POINT('',#4961);
#2174=VERTEX_POINT('',#4963);
#2175=VERTEX_POINT('',#4965);
#2176=VERTEX_POINT('',#4969);
#2177=VERTEX_POINT('',#4970);
#2178=VERTEX_POINT('',#4990);
#2179=VERTEX_POINT('',#4992);
#2180=VERTEX_POINT('',#4996);
#2181=VERTEX_POINT('',#4997);
#2182=VERTEX_POINT('',#5025);
#2183=VERTEX_POINT('',#5027);
#2184=VERTEX_POINT('',#5031);
#2185=VERTEX_POINT('',#5032);
#2186=VERTEX_POINT('',#5053);
#2187=VERTEX_POINT('',#5055);
#2188=VERTEX_POINT('',#5059);
#2189=VERTEX_POINT('',#5060);
#2190=VERTEX_POINT('',#5088);
#2191=VERTEX_POINT('',#5090);
#2192=VERTEX_POINT('',#5094);
#2193=VERTEX_POINT('',#5095);
#2194=VERTEX_POINT('',#5097);
#2195=VERTEX_POINT('',#5099);
#2196=VERTEX_POINT('',#5103);
#2197=VERTEX_POINT('',#5105);
#2198=VERTEX_POINT('',#5108);
#2199=VERTEX_POINT('',#5111);
#2200=VERTEX_POINT('',#5113);
#2201=VERTEX_POINT('',#5116);
#2202=VERTEX_POINT('',#5119);
#2203=VERTEX_POINT('',#5121);
#2204=VERTEX_POINT('',#5124);
#2205=VERTEX_POINT('',#5127);
#2206=VERTEX_POINT('',#5129);
#2207=VERTEX_POINT('',#5132);
#2208=VERTEX_POINT('',#5135);
#2209=VERTEX_POINT('',#5137);
#2210=VERTEX_POINT('',#5140);
#2211=VERTEX_POINT('',#5143);
#2212=VERTEX_POINT('',#5145);
#2213=VERTEX_POINT('',#5148);
#2214=VERTEX_POINT('',#5151);
#2215=VERTEX_POINT('',#5155);
#2216=VERTEX_POINT('',#5159);
#2217=VERTEX_POINT('',#5163);
#2218=VERTEX_POINT('',#5167);
#2219=VERTEX_POINT('',#5168);
#2220=VERTEX_POINT('',#5170);
#2221=VERTEX_POINT('',#5172);
#2222=VERTEX_POINT('',#5174);
#2223=VERTEX_POINT('',#5176);
#2224=VERTEX_POINT('',#5178);
#2225=VERTEX_POINT('',#5182);
#2226=VERTEX_POINT('',#5183);
#2227=VERTEX_POINT('',#5185);
#2228=VERTEX_POINT('',#5187);
#2229=VERTEX_POINT('',#5189);
#2230=VERTEX_POINT('',#5191);
#2231=VERTEX_POINT('',#5193);
#2232=VERTEX_POINT('',#5195);
#2233=VERTEX_POINT('',#5199);
#2234=VERTEX_POINT('',#5200);
#2235=VERTEX_POINT('',#5202);
#2236=VERTEX_POINT('',#5204);
#2237=VERTEX_POINT('',#5206);
#2238=VERTEX_POINT('',#5208);
#2239=VERTEX_POINT('',#5210);
#2240=VERTEX_POINT('',#5214);
#2241=VERTEX_POINT('',#5216);
#2242=VERTEX_POINT('',#5218);
#2243=VERTEX_POINT('',#5220);
#2244=VERTEX_POINT('',#5222);
#2245=VERTEX_POINT('',#5224);
#2246=VERTEX_POINT('',#5228);
#2247=VERTEX_POINT('',#5229);
#2248=VERTEX_POINT('',#5231);
#2249=VERTEX_POINT('',#5233);
#2250=VERTEX_POINT('',#5235);
#2251=VERTEX_POINT('',#5237);
#2252=VERTEX_POINT('',#5241);
#2253=VERTEX_POINT('',#5242);
#2254=VERTEX_POINT('',#5244);
#2255=VERTEX_POINT('',#5246);
#2256=VERTEX_POINT('',#5248);
#2257=VERTEX_POINT('',#5250);
#2258=VERTEX_POINT('',#5252);
#2259=VERTEX_POINT('',#5254);
#2260=VERTEX_POINT('',#5258);
#2261=VERTEX_POINT('',#5259);
#2262=VERTEX_POINT('',#5261);
#2263=VERTEX_POINT('',#5263);
#2264=VERTEX_POINT('',#5265);
#2265=VERTEX_POINT('',#5267);
#2266=VERTEX_POINT('',#5269);
#2267=VERTEX_POINT('',#5273);
#2268=VERTEX_POINT('',#5274);
#2269=VERTEX_POINT('',#5276);
#2270=VERTEX_POINT('',#5279);
#2271=VERTEX_POINT('',#5281);
#2272=VERTEX_POINT('',#5283);
#2273=VERTEX_POINT('',#5287);
#2274=VERTEX_POINT('',#5288);
#2275=VERTEX_POINT('',#5290);
#2276=VERTEX_POINT('',#5292);
#2277=VERTEX_POINT('',#5294);
#2278=VERTEX_POINT('',#5296);
#2279=VERTEX_POINT('',#5298);
#2280=VERTEX_POINT('',#5302);
#2281=VERTEX_POINT('',#5303);
#2282=VERTEX_POINT('',#5305);
#2283=VERTEX_POINT('',#5307);
#2284=VERTEX_POINT('',#5309);
#2285=VERTEX_POINT('',#5311);
#2286=VERTEX_POINT('',#5422);
#2287=VERTEX_POINT('',#5469);
#2288=VERTEX_POINT('',#5486);
#2289=VERTEX_POINT('',#5490);
#2290=VERTEX_POINT('',#5500);
#2291=VERTEX_POINT('',#5504);
#2292=B_SPLINE_CURVE_WITH_KNOTS('',3,(#4317,#4318,#4319,#4320),
 .UNSPECIFIED.,.F.,.F.,(4,4),(0.,1.),.UNSPECIFIED.);
#2293=B_SPLINE_CURVE_WITH_KNOTS('',3,(#4349,#4350,#4351,#4352),
 .UNSPECIFIED.,.F.,.F.,(4,4),(0.,1.),.UNSPECIFIED.);
#2294=B_SPLINE_CURVE_WITH_KNOTS('',3,(#4354,#4355,#4356,#4357,#4358,#4359,
#4360),.UNSPECIFIED.,.F.,.F.,(4,1,1,1,4),(0.,0.25,0.5,0.75,1.),
 .UNSPECIFIED.);
#2295=B_SPLINE_CURVE_WITH_KNOTS('',3,(#4362,#4363,#4364,#4365),
 .UNSPECIFIED.,.F.,.F.,(4,4),(0.,1.),.UNSPECIFIED.);
#2296=B_SPLINE_CURVE_WITH_KNOTS('',3,(#4369,#4370,#4371,#4372),
 .UNSPECIFIED.,.F.,.F.,(4,4),(0.,1.),.UNSPECIFIED.);
#2297=B_SPLINE_CURVE_WITH_KNOTS('',3,(#4374,#4375,#4376,#4377,#4378,#4379,
#4380,#4381,#4382,#4383,#4384,#4385,#4386),.UNSPECIFIED.,.F.,.F.,(4,1,1,
1,1,1,1,1,1,1,4),(0.,0.0625,0.125,0.25,0.375,0.5,0.625,0.75,0.875,0.9375,
1.),.UNSPECIFIED.);
#2298=B_SPLINE_CURVE_WITH_KNOTS('',3,(#4388,#4389,#4390,#4391),
 .UNSPECIFIED.,.F.,.F.,(4,4),(0.,1.),.UNSPECIFIED.);
#2299=B_SPLINE_CURVE_WITH_KNOTS('',3,(#4395,#4396,#4397,#4398),
 .UNSPECIFIED.,.F.,.F.,(4,4),(0.,1.),.UNSPECIFIED.);
#2300=B_SPLINE_CURVE_WITH_KNOTS('',3,(#4400,#4401,#4402,#4403,#4404,#4405,
#4406),.UNSPECIFIED.,.F.,.F.,(4,1,1,1,4),(0.,0.25,0.5,0.75,1.),
 .UNSPECIFIED.);
#2301=B_SPLINE_CURVE_WITH_KNOTS('',3,(#4408,#4409,#4410,#4411),
 .UNSPECIFIED.,.F.,.F.,(4,4),(0.,1.),.UNSPECIFIED.);
#2302=B_SPLINE_CURVE_WITH_KNOTS('',3,(#4415,#4416,#4417,#4418),
 .UNSPECIFIED.,.F.,.F.,(4,4),(0.,1.),.UNSPECIFIED.);
#2303=B_SPLINE_CURVE_WITH_KNOTS('',3,(#4420,#4421,#4422,#4423,#4424,#4425,
#4426),.UNSPECIFIED.,.F.,.F.,(4,1,1,1,4),(0.,0.25,0.5,0.75,1.),
 .UNSPECIFIED.);
#2304=B_SPLINE_CURVE_WITH_KNOTS('',3,(#4428,#4429,#4430,#4431),
 .UNSPECIFIED.,.F.,.F.,(4,4),(0.,1.),.UNSPECIFIED.);
#2305=B_SPLINE_CURVE_WITH_KNOTS('',3,(#4435,#4436,#4437,#4438),
 .UNSPECIFIED.,.F.,.F.,(4,4),(0.,1.),.UNSPECIFIED.);
#2306=B_SPLINE_CURVE_WITH_KNOTS('',3,(#4440,#4441,#4442,#4443,#4444,#4445,
#4446,#4447,#4448,#4449,#4450,#4451,#4452),.UNSPECIFIED.,.F.,.F.,(4,1,1,
1,1,1,1,1,1,1,4),(0.,0.0625,0.125,0.25,0.375,0.5,0.625,0.75,0.875,0.9375,
1.),.UNSPECIFIED.);
#2307=B_SPLINE_CURVE_WITH_KNOTS('',3,(#4454,#4455,#4456,#4457),
 .UNSPECIFIED.,.F.,.F.,(4,4),(0.,1.),.UNSPECIFIED.);
#2308=B_SPLINE_CURVE_WITH_KNOTS('',3,(#4461,#4462,#4463,#4464),
 .UNSPECIFIED.,.F.,.F.,(4,4),(0.,1.),.UNSPECIFIED.);
#2309=B_SPLINE_CURVE_WITH_KNOTS('',3,(#4466,#4467,#4468,#4469,#4470,#4471,
#4472),.UNSPECIFIED.,.F.,.F.,(4,1,1,1,4),(0.,0.25,0.5,0.75,1.),
 .UNSPECIFIED.);
#2310=B_SPLINE_CURVE_WITH_KNOTS('',3,(#4477,#4478,#4479,#4480,#4481,#4482,
#4483,#4484,#4485,#4486,#4487,#4488,#4489,#4490,#4491,#4492,#4493,#4494,
#4495),.UNSPECIFIED.,.F.,.F.,(4,1,1,1,1,1,1,1,1,1,1,1,1,1,1,1,4),(0.,0.25,
0.375,0.4375,0.46875,0.5,0.53125,0.5625,0.625,0.6875,0.71875,0.75,0.78125,
0.8125,0.875,0.9375,1.),.UNSPECIFIED.);
#2311=B_SPLINE_CURVE_WITH_KNOTS('',3,(#4504,#4505,#4506,#4507,#4508,#4509,
#4510,#4511,#4512,#4513,#4514,#4515,#4516,#4517,#4518,#4519,#4520),
 .UNSPECIFIED.,.F.,.F.,(4,1,1,1,1,1,1,1,1,1,1,1,1,1,4),(0.,0.125,0.1875,
0.25,0.375,0.5,0.5625,0.59375,0.609375,0.625,0.65625,0.6875,0.75,0.875,
1.),.UNSPECIFIED.);
#2312=B_SPLINE_CURVE_WITH_KNOTS('',3,(#4726,#4727,#4728,#4729,#4730,#4731,
#4732,#4733,#4734,#4735,#4736,#4737,#4738,#4739,#4740,#4741),
 .UNSPECIFIED.,.F.,.F.,(4,1,1,1,1,1,1,1,1,1,1,1,1,4),(0.,0.125,0.25,0.3125,
0.375,0.4375,0.46875,0.5,0.53125,0.5625,0.625,0.75,0.875,1.),
 .UNSPECIFIED.);
#2313=B_SPLINE_CURVE_WITH_KNOTS('',3,(#4744,#4745,#4746,#4747,#4748,#4749,
#4750,#4751,#4752,#4753,#4754,#4755,#4756,#4757,#4758,#4759),
 .UNSPECIFIED.,.F.,.F.,(4,1,1,1,1,1,1,1,1,1,1,1,1,4),(0.,0.125,0.25,0.375,
0.4375,0.46875,0.5,0.53125,0.5625,0.625,0.6875,0.75,0.875,1.),
 .UNSPECIFIED.);
#2314=B_SPLINE_CURVE_WITH_KNOTS('',3,(#4762,#4763,#4764,#4765,#4766,#4767,
#4768,#4769,#4770,#4771,#4772,#4773,#4774,#4775,#4776,#4777),
 .UNSPECIFIED.,.F.,.F.,(4,1,1,1,1,1,1,1,1,1,1,1,1,4),(0.,0.125,0.25,0.375,
0.4375,0.46875,0.5,0.53125,0.5625,0.625,0.6875,0.75,0.875,1.),
 .UNSPECIFIED.);
#2315=B_SPLINE_CURVE_WITH_KNOTS('',3,(#4780,#4781,#4782,#4783,#4784,#4785,
#4786,#4787,#4788,#4789,#4790,#4791,#4792,#4793,#4794,#4795),
 .UNSPECIFIED.,.F.,.F.,(4,1,1,1,1,1,1,1,1,1,1,1,1,4),(0.,0.125,0.25,0.3125,
0.375,0.4375,0.46875,0.5,0.53125,0.5625,0.625,0.75,0.875,1.),
 .UNSPECIFIED.);
#2316=B_SPLINE_CURVE_WITH_KNOTS('',3,(#4815,#4816,#4817,#4818,#4819),
 .UNSPECIFIED.,.F.,.F.,(4,1,4),(0.,0.5,1.),.UNSPECIFIED.);
#2317=B_SPLINE_CURVE_WITH_KNOTS('',3,(#4824,#4825,#4826,#4827,#4828),
 .UNSPECIFIED.,.F.,.F.,(4,1,4),(0.,0.5,1.),.UNSPECIFIED.);
#2318=B_SPLINE_CURVE_WITH_KNOTS('',3,(#4832,#4833,#4834,#4835,#4836),
 .UNSPECIFIED.,.F.,.F.,(4,1,4),(0.,0.5,1.),.UNSPECIFIED.);
#2319=B_SPLINE_CURVE_WITH_KNOTS('',3,(#4840,#4841,#4842,#4843,#4844),
 .UNSPECIFIED.,.F.,.F.,(4,1,4),(0.,0.5,1.),.UNSPECIFIED.);
#2320=B_SPLINE_CURVE_WITH_KNOTS('',3,(#4848,#4849,#4850,#4851),
 .UNSPECIFIED.,.F.,.F.,(4,4),(0.,1.),.UNSPECIFIED.);
#2321=B_SPLINE_CURVE_WITH_KNOTS('',3,(#4852,#4853,#4854,#4855),
 .UNSPECIFIED.,.F.,.F.,(4,4),(0.,1.),.UNSPECIFIED.);
#2322=B_SPLINE_CURVE_WITH_KNOTS('',3,(#4868,#4869,#4870,#4871),
 .UNSPECIFIED.,.F.,.F.,(4,4),(0.,1.),.UNSPECIFIED.);
#2323=B_SPLINE_CURVE_WITH_KNOTS('',3,(#4884,#4885,#4886,#4887),
 .UNSPECIFIED.,.F.,.F.,(4,4),(0.,1.),.UNSPECIFIED.);
#2324=B_SPLINE_CURVE_WITH_KNOTS('',3,(#4889,#4890,#4891,#4892),
 .UNSPECIFIED.,.F.,.F.,(4,4),(0.,1.),.UNSPECIFIED.);
#2325=B_SPLINE_CURVE_WITH_KNOTS('',3,(#4894,#4895,#4896,#4897),
 .UNSPECIFIED.,.F.,.F.,(4,4),(0.,1.),.UNSPECIFIED.);
#2326=B_SPLINE_CURVE_WITH_KNOTS('',3,(#4910,#4911,#4912,#4913),
 .UNSPECIFIED.,.F.,.F.,(4,4),(0.,1.),.UNSPECIFIED.);
#2327=B_SPLINE_CURVE_WITH_KNOTS('',3,(#4926,#4927,#4928,#4929),
 .UNSPECIFIED.,.F.,.F.,(4,4),(0.,1.),.UNSPECIFIED.);
#2328=B_SPLINE_CURVE_WITH_KNOTS('',3,(#4971,#4972,#4973,#4974,#4975,#4976,
#4977,#4978,#4979,#4980,#4981,#4982,#4983,#4984,#4985,#4986,#4987,#4988,
#4989),.UNSPECIFIED.,.F.,.F.,(4,1,1,1,1,1,1,1,1,1,1,1,1,1,1,1,4),(0.,0.0625,
0.125,0.1875,0.21875,0.25,0.28125,0.3125,0.375,0.4375,0.46875,0.5,0.53125,
0.5625,0.625,0.75,1.),.UNSPECIFIED.);
#2329=B_SPLINE_CURVE_WITH_KNOTS('',3,(#4998,#4999,#5000,#5001,#5002,#5003,
#5004,#5005,#5006,#5007,#5008,#5009,#5010,#5011,#5012,#5013,#5014,#5015,
#5016,#5017,#5018,#5019,#5020,#5021,#5022,#5023,#5024),.UNSPECIFIED.,.F.,
 .F.,(4,1,1,1,1,1,1,1,1,1,1,1,1,1,1,1,1,1,1,1,1,1,1,1,4),(0.,0.0625,0.125,
0.1875,0.21875,0.234375,0.25,0.265625,0.28125,0.3125,0.375,0.4375,0.5,0.5625,
0.625,0.6875,0.71875,0.734375,0.75,0.765625,0.78125,0.8125,0.875,0.9375,
1.),.UNSPECIFIED.);
#2330=B_SPLINE_CURVE_WITH_KNOTS('',3,(#5033,#5034,#5035,#5036,#5037,#5038,
#5039,#5040,#5041,#5042,#5043,#5044,#5045,#5046,#5047,#5048,#5049,#5050,
#5051,#5052),.UNSPECIFIED.,.F.,.F.,(4,1,1,1,1,1,1,1,1,1,1,1,1,1,1,1,1,4),
(0.,0.125,0.25,0.3125,0.375,0.4375,0.46875,0.484375,0.5,0.515625,0.53125,
0.5625,0.625,0.6875,0.75,0.8125,0.875,1.),.UNSPECIFIED.);
#2331=B_SPLINE_CURVE_WITH_KNOTS('',3,(#5061,#5062,#5063,#5064,#5065,#5066,
#5067,#5068,#5069,#5070,#5071,#5072,#5073,#5074,#5075,#5076,#5077,#5078,
#5079,#5080,#5081,#5082,#5083,#5084,#5085,#5086,#5087),.UNSPECIFIED.,.F.,
 .F.,(4,1,1,1,1,1,1,1,1,1,1,1,1,1,1,1,1,1,1,1,1,1,1,1,4),(0.,0.0625,0.125,
0.1875,0.21875,0.234375,0.25,0.265625,0.28125,0.3125,0.375,0.4375,0.5,0.5625,
0.625,0.6875,0.71875,0.734375,0.75,0.765625,0.78125,0.8125,0.875,0.9375,
1.),.UNSPECIFIED.);
#2332=B_SPLINE_CURVE_WITH_KNOTS('',3,(#5314,#5315,#5316,#5317,#5318),
 .UNSPECIFIED.,.F.,.F.,(4,1,4),(0.,0.5,1.),.UNSPECIFIED.);
#2333=B_SPLINE_CURVE_WITH_KNOTS('',3,(#5321,#5322,#5323,#5324,#5325),
 .UNSPECIFIED.,.F.,.F.,(4,1,4),(0.,0.5,1.),.UNSPECIFIED.);
#2334=B_SPLINE_CURVE_WITH_KNOTS('',3,(#5328,#5329,#5330,#5331,#5332),
 .UNSPECIFIED.,.F.,.F.,(4,1,4),(0.,0.5,1.),.UNSPECIFIED.);
#2335=B_SPLINE_CURVE_WITH_KNOTS('',3,(#5335,#5336,#5337,#5338,#5339),
 .UNSPECIFIED.,.F.,.F.,(4,1,4),(0.,0.5,1.),.UNSPECIFIED.);
#2336=B_SPLINE_CURVE_WITH_KNOTS('',3,(#5342,#5343,#5344,#5345,#5346),
 .UNSPECIFIED.,.F.,.F.,(4,1,4),(0.,0.5,1.),.UNSPECIFIED.);
#2337=B_SPLINE_CURVE_WITH_KNOTS('',3,(#5349,#5350,#5351,#5352,#5353),
 .UNSPECIFIED.,.F.,.F.,(4,1,4),(0.,0.5,1.),.UNSPECIFIED.);
#2338=B_SPLINE_CURVE_WITH_KNOTS('',3,(#5356,#5357,#5358,#5359,#5360),
 .UNSPECIFIED.,.F.,.F.,(4,1,4),(0.,0.5,1.),.UNSPECIFIED.);
#2339=B_SPLINE_CURVE_WITH_KNOTS('',3,(#5363,#5364,#5365,#5366,#5367),
 .UNSPECIFIED.,.F.,.F.,(4,1,4),(0.,0.5,1.),.UNSPECIFIED.);
#2340=B_SPLINE_CURVE_WITH_KNOTS('',3,(#5370,#5371,#5372,#5373,#5374),
 .UNSPECIFIED.,.F.,.F.,(4,1,4),(0.,0.5,1.),.UNSPECIFIED.);
#2341=B_SPLINE_CURVE_WITH_KNOTS('',3,(#5377,#5378,#5379,#5380,#5381),
 .UNSPECIFIED.,.F.,.F.,(4,1,4),(0.,0.5,1.),.UNSPECIFIED.);
#2342=B_SPLINE_CURVE_WITH_KNOTS('',3,(#5384,#5385,#5386,#5387,#5388),
 .UNSPECIFIED.,.F.,.F.,(4,1,4),(0.,0.5,1.),.UNSPECIFIED.);
#2343=B_SPLINE_CURVE_WITH_KNOTS('',3,(#5391,#5392,#5393,#5394,#5395),
 .UNSPECIFIED.,.F.,.F.,(4,1,4),(0.,0.5,1.),.UNSPECIFIED.);
#2344=B_SPLINE_CURVE_WITH_KNOTS('',3,(#5551,#5552,#5553,#5554),
 .UNSPECIFIED.,.F.,.F.,(4,4),(0.,1.),.UNSPECIFIED.);
#2345=B_SPLINE_CURVE_WITH_KNOTS('',3,(#5567,#5568,#5569,#5570),
 .UNSPECIFIED.,.F.,.F.,(4,4),(0.,1.),.UNSPECIFIED.);
#2346=B_SPLINE_CURVE_WITH_KNOTS('',3,(#5591,#5592,#5593,#5594),
 .UNSPECIFIED.,.F.,.F.,(4,4),(0.,1.),.UNSPECIFIED.);
#2347=B_SPLINE_CURVE_WITH_KNOTS('',3,(#5603,#5604,#5605,#5606),
 .UNSPECIFIED.,.F.,.F.,(4,4),(0.,1.),.UNSPECIFIED.);
#2348=B_SPLINE_CURVE_WITH_KNOTS('',3,(#5608,#5609,#5610,#5611),
 .UNSPECIFIED.,.F.,.F.,(4,4),(0.,1.),.UNSPECIFIED.);
#2349=B_SPLINE_CURVE_WITH_KNOTS('',3,(#5620,#5621,#5622,#5623),
 .UNSPECIFIED.,.F.,.F.,(4,4),(0.,1.),.UNSPECIFIED.);
#2350=B_SPLINE_CURVE_WITH_KNOTS('',3,(#5652,#5653,#5654,#5655),
 .UNSPECIFIED.,.F.,.F.,(4,4),(0.,1.),.UNSPECIFIED.);
#2351=B_SPLINE_CURVE_WITH_KNOTS('',3,(#5664,#5665,#5666,#5667),
 .UNSPECIFIED.,.F.,.F.,(4,4),(0.,1.),.UNSPECIFIED.);
#2352=B_SPLINE_CURVE_WITH_KNOTS('',3,(#5669,#5670,#5671,#5672),
 .UNSPECIFIED.,.F.,.F.,(4,4),(0.,1.),.UNSPECIFIED.);
#2353=B_SPLINE_CURVE_WITH_KNOTS('',3,(#5681,#5682,#5683,#5684),
 .UNSPECIFIED.,.F.,.F.,(4,4),(0.,1.),.UNSPECIFIED.);
#2354=B_SPLINE_CURVE_WITH_KNOTS('',3,(#5705,#5706,#5707,#5708),
 .UNSPECIFIED.,.F.,.F.,(4,4),(0.,1.),.UNSPECIFIED.);
#2355=B_SPLINE_CURVE_WITH_KNOTS('',3,(#5721,#5722,#5723,#5724),
 .UNSPECIFIED.,.F.,.F.,(4,4),(0.,1.),.UNSPECIFIED.);
#2356=B_SPLINE_CURVE_WITH_KNOTS('',3,(#5726,#5727,#5728,#5729),
 .UNSPECIFIED.,.F.,.F.,(4,4),(0.,1.),.UNSPECIFIED.);
#2357=B_SPLINE_CURVE_WITH_KNOTS('',3,(#5742,#5743,#5744,#5745),
 .UNSPECIFIED.,.F.,.F.,(4,4),(0.,1.),.UNSPECIFIED.);
#2358=B_SPLINE_CURVE_WITH_KNOTS('',3,(#5766,#5767,#5768,#5769),
 .UNSPECIFIED.,.F.,.F.,(4,4),(0.,1.),.UNSPECIFIED.);
#2359=B_SPLINE_CURVE_WITH_KNOTS('',3,(#5778,#5779,#5780,#5781),
 .UNSPECIFIED.,.F.,.F.,(4,4),(0.,1.),.UNSPECIFIED.);
#2360=B_SPLINE_CURVE_WITH_KNOTS('',3,(#5783,#5784,#5785,#5786),
 .UNSPECIFIED.,.F.,.F.,(4,4),(0.,1.),.UNSPECIFIED.);
#2361=B_SPLINE_CURVE_WITH_KNOTS('',3,(#5795,#5796,#5797,#5798),
 .UNSPECIFIED.,.F.,.F.,(4,4),(0.,1.),.UNSPECIFIED.);
#2362=B_SPLINE_CURVE_WITH_KNOTS('',3,(#5827,#5828,#5829,#5830),
 .UNSPECIFIED.,.F.,.F.,(4,4),(0.,1.),.UNSPECIFIED.);
#2363=B_SPLINE_CURVE_WITH_KNOTS('',3,(#5839,#5840,#5841,#5842),
 .UNSPECIFIED.,.F.,.F.,(4,4),(0.,1.),.UNSPECIFIED.);
#2364=B_SPLINE_CURVE_WITH_KNOTS('',3,(#5844,#5845,#5846,#5847),
 .UNSPECIFIED.,.F.,.F.,(4,4),(0.,1.),.UNSPECIFIED.);
#2365=B_SPLINE_CURVE_WITH_KNOTS('',3,(#5856,#5857,#5858,#5859),
 .UNSPECIFIED.,.F.,.F.,(4,4),(0.,1.),.UNSPECIFIED.);
#2366=B_SPLINE_CURVE_WITH_KNOTS('',3,(#5880,#5881,#5882,#5883),
 .UNSPECIFIED.,.F.,.F.,(4,4),(0.,1.),.UNSPECIFIED.);
#2367=B_SPLINE_CURVE_WITH_KNOTS('',3,(#5896,#5897,#5898,#5899),
 .UNSPECIFIED.,.F.,.F.,(4,4),(0.,1.),.UNSPECIFIED.);
#2368=B_SPLINE_CURVE_WITH_KNOTS('',3,(#5902,#5903,#5904,#5905,#5906),
 .UNSPECIFIED.,.F.,.F.,(4,1,4),(0.,0.000312476411482091,0.000624952822964182),
 .UNSPECIFIED.);
#2369=B_SPLINE_CURVE_WITH_KNOTS('',3,(#5908,#5909,#5910,#5911,#5912),
 .UNSPECIFIED.,.F.,.F.,(4,1,4),(0.,0.000312476411482096,0.000624952822964192),
 .UNSPECIFIED.);
#2370=B_SPLINE_CURVE_WITH_KNOTS('',3,(#5914,#5915,#5916,#5917,#5918),
 .UNSPECIFIED.,.F.,.F.,(4,1,4),(0.,0.000312476411482068,0.000624952822964137),
 .UNSPECIFIED.);
#2371=B_SPLINE_CURVE_WITH_KNOTS('',3,(#5921,#5922,#5923,#5924,#5925),
 .UNSPECIFIED.,.F.,.F.,(4,1,4),(0.,0.000312476411482089,0.000624952822964178),
 .UNSPECIFIED.);
#2372=B_SPLINE_CURVE_WITH_KNOTS('',3,(#5927,#5928,#5929,#5930,#5931),
 .UNSPECIFIED.,.F.,.F.,(4,1,4),(0.,0.000312476411482091,0.000624952822964182),
 .UNSPECIFIED.);
#2373=B_SPLINE_CURVE_WITH_KNOTS('',3,(#5934,#5935,#5936,#5937,#5938),
 .UNSPECIFIED.,.F.,.F.,(4,1,4),(0.,0.000312476411482071,0.000624952822964141),
 .UNSPECIFIED.);
#2374=B_SPLINE_CURVE_WITH_KNOTS('',3,(#5940,#5941,#5942,#5943,#5944),
 .UNSPECIFIED.,.F.,.F.,(4,1,4),(4.77048955893622E-18,0.000312476411482078,
0.000624952822964152),.UNSPECIFIED.);
#2375=B_SPLINE_CURVE_WITH_KNOTS('',3,(#5946,#5947,#5948,#5949,#5950),
 .UNSPECIFIED.,.F.,.F.,(4,1,4),(0.,0.000312476411482095,0.00062495282296419),
 .UNSPECIFIED.);
#2376=B_SPLINE_CURVE_WITH_KNOTS('',3,(#5953,#5954,#5955,#5956,#5957),
 .UNSPECIFIED.,.F.,.F.,(4,1,4),(0.,0.000312476411482089,0.000624952822964178),
 .UNSPECIFIED.);
#2377=B_SPLINE_CURVE_WITH_KNOTS('',3,(#5959,#5960,#5961,#5962,#5963),
 .UNSPECIFIED.,.F.,.F.,(4,1,4),(0.,0.00031247641148209,0.00062495282296418),
 .UNSPECIFIED.);
#2378=B_SPLINE_CURVE_WITH_KNOTS('',3,(#5965,#5966,#5967,#5968,#5969),
 .UNSPECIFIED.,.F.,.F.,(4,1,4),(0.,0.000312476411482072,0.000624952822964144),
 .UNSPECIFIED.);
#2379=B_SPLINE_CURVE_WITH_KNOTS('',3,(#5972,#5973,#5974,#5975,#5976),
 .UNSPECIFIED.,.F.,.F.,(4,1,4),(0.,0.000312476411482089,0.000624952822964179),
 .UNSPECIFIED.);
#2380=EDGE_LOOP('',(#696,#697,#698,#699,#700,#701,#702,#703,#704,#705,#706,
#707,#708,#709,#710,#711,#712,#713,#714,#715,#716,#717,#718,#719,#720,#721,
#722,#723,#724,#725,#726,#727,#728,#729,#730,#731));
#2381=EDGE_LOOP('',(#732,#733,#734,#735));
#2382=EDGE_LOOP('',(#736,#737,#738,#739));
#2383=EDGE_LOOP('',(#740,#741,#742,#743,#744,#745,#746,#747,#748,#749,#750,
#751,#752,#753,#754,#755));
#2384=EDGE_LOOP('',(#756,#757,#758,#759,#760,#761,#762,#763,#764,#765,#766,
#767,#768,#769,#770,#771,#772,#773,#774,#775,#776,#777,#778,#779,#780,#781,
#782,#783,#784,#785,#786,#787,#788,#789,#790,#791));
#2385=EDGE_LOOP('',(#792));
#2386=EDGE_LOOP('',(#793));
#2387=EDGE_LOOP('',(#794));
#2388=EDGE_LOOP('',(#795));
#2389=EDGE_LOOP('',(#796));
#2390=EDGE_LOOP('',(#797));
#2391=EDGE_LOOP('',(#798,#799,#800,#801));
#2392=EDGE_LOOP('',(#802,#803,#804,#805,#806,#807,#808,#809,#810,#811));
#2393=EDGE_LOOP('',(#812,#813,#814,#815));
#2394=EDGE_LOOP('',(#816,#817,#818,#819));
#2395=EDGE_LOOP('',(#820));
#2396=EDGE_LOOP('',(#821));
#2397=EDGE_LOOP('',(#822));
#2398=EDGE_LOOP('',(#823));
#2399=EDGE_LOOP('',(#824));
#2400=EDGE_LOOP('',(#825));
#2401=EDGE_LOOP('',(#826));
#2402=EDGE_LOOP('',(#827));
#2403=EDGE_LOOP('',(#828));
#2404=EDGE_LOOP('',(#829));
#2405=EDGE_LOOP('',(#830,#831,#832,#833));
#2406=EDGE_LOOP('',(#834));
#2407=EDGE_LOOP('',(#835));
#2408=EDGE_LOOP('',(#836,#837,#838,#839));
#2409=EDGE_LOOP('',(#840,#841,#842,#843));
#2410=EDGE_LOOP('',(#844,#845,#846,#847));
#2411=EDGE_LOOP('',(#848,#849,#850,#851));
#2412=EDGE_LOOP('',(#852));
#2413=EDGE_LOOP('',(#853));
#2414=EDGE_LOOP('',(#854));
#2415=EDGE_LOOP('',(#855));
#2416=EDGE_LOOP('',(#856));
#2417=EDGE_LOOP('',(#857));
#2418=EDGE_LOOP('',(#858));
#2419=EDGE_LOOP('',(#859));
#2420=EDGE_LOOP('',(#860));
#2421=EDGE_LOOP('',(#861));
#2422=EDGE_LOOP('',(#862));
#2423=EDGE_LOOP('',(#863));
#2424=EDGE_LOOP('',(#864,#865,#866,#867,#868,#869,#870,#871));
#2425=EDGE_LOOP('',(#872,#873,#874,#875));
#2426=EDGE_LOOP('',(#876,#877,#878,#879));
#2427=EDGE_LOOP('',(#880,#881,#882,#883));
#2428=EDGE_LOOP('',(#884,#885,#886,#887));
#2429=EDGE_LOOP('',(#888,#889,#890,#891));
#2430=EDGE_LOOP('',(#892,#893,#894,#895));
#2431=EDGE_LOOP('',(#896,#897,#898,#899));
#2432=EDGE_LOOP('',(#900,#901,#902,#903));
#2433=EDGE_LOOP('',(#904,#905,#906,#907));
#2434=EDGE_LOOP('',(#908,#909,#910,#911));
#2435=EDGE_LOOP('',(#912,#913,#914,#915));
#2436=EDGE_LOOP('',(#916,#917,#918,#919));
#2437=EDGE_LOOP('',(#920,#921,#922,#923));
#2438=EDGE_LOOP('',(#924,#925,#926,#927));
#2439=EDGE_LOOP('',(#928,#929,#930,#931));
#2440=EDGE_LOOP('',(#932,#933,#934,#935));
#2441=EDGE_LOOP('',(#936,#937,#938,#939));
#2442=EDGE_LOOP('',(#940));
#2443=EDGE_LOOP('',(#941));
#2444=EDGE_LOOP('',(#942));
#2445=EDGE_LOOP('',(#943));
#2446=EDGE_LOOP('',(#944));
#2447=EDGE_LOOP('',(#945));
#2448=EDGE_LOOP('',(#946));
#2449=EDGE_LOOP('',(#947));
#2450=EDGE_LOOP('',(#948));
#2451=EDGE_LOOP('',(#949));
#2452=EDGE_LOOP('',(#950));
#2453=EDGE_LOOP('',(#951));
#2454=EDGE_LOOP('',(#952));
#2455=EDGE_LOOP('',(#953));
#2456=EDGE_LOOP('',(#954));
#2457=EDGE_LOOP('',(#955));
#2458=EDGE_LOOP('',(#956));
#2459=EDGE_LOOP('',(#957));
#2460=EDGE_LOOP('',(#958,#959,#960,#961));
#2461=EDGE_LOOP('',(#962,#963,#964,#965));
#2462=EDGE_LOOP('',(#966,#967,#968,#969));
#2463=EDGE_LOOP('',(#970,#971,#972,#973));
#2464=EDGE_LOOP('',(#974,#975,#976,#977,#978,#979,#980));
#2465=EDGE_LOOP('',(#981,#982,#983,#984,#985,#986,#987,#988));
#2466=EDGE_LOOP('',(#989,#990,#991,#992,#993,#994,#995));
#2467=EDGE_LOOP('',(#996,#997,#998,#999,#1000,#1001,#1002,#1003));
#2468=EDGE_LOOP('',(#1004,#1005,#1006,#1007,#1008,#1009));
#2469=EDGE_LOOP('',(#1010,#1011,#1012,#1013,#1014,#1015,#1016,#1017));
#2470=EDGE_LOOP('',(#1018,#1019,#1020,#1021,#1022,#1023,#1024));
#2471=EDGE_LOOP('',(#1025,#1026,#1027,#1028,#1029,#1030,#1031,#1032));
#2472=EDGE_LOOP('',(#1033,#1034,#1035,#1036,#1037,#1038,#1039));
#2473=EDGE_LOOP('',(#1040,#1041,#1042,#1043,#1044,#1045));
#2474=EDGE_LOOP('',(#1046,#1047,#1048,#1049));
#2475=EDGE_LOOP('',(#1050,#1051,#1052,#1053));
#2476=EDGE_LOOP('',(#1054,#1055,#1056,#1057));
#2477=EDGE_LOOP('',(#1058,#1059,#1060,#1061));
#2478=EDGE_LOOP('',(#1062,#1063,#1064,#1065));
#2479=EDGE_LOOP('',(#1066,#1067,#1068,#1069));
#2480=EDGE_LOOP('',(#1070,#1071,#1072,#1073));
#2481=EDGE_LOOP('',(#1074,#1075,#1076,#1077));
#2482=EDGE_LOOP('',(#1078,#1079,#1080,#1081));
#2483=EDGE_LOOP('',(#1082,#1083,#1084,#1085));
#2484=EDGE_LOOP('',(#1086,#1087,#1088,#1089));
#2485=EDGE_LOOP('',(#1090,#1091,#1092,#1093));
#2486=EDGE_LOOP('',(#1094,#1095,#1096,#1097));
#2487=EDGE_LOOP('',(#1098,#1099,#1100,#1101));
#2488=EDGE_LOOP('',(#1102,#1103,#1104,#1105));
#2489=EDGE_LOOP('',(#1106,#1107,#1108,#1109));
#2490=EDGE_LOOP('',(#1110,#1111,#1112,#1113));
#2491=EDGE_LOOP('',(#1114,#1115,#1116,#1117));
#2492=EDGE_LOOP('',(#1118,#1119,#1120,#1121));
#2493=EDGE_LOOP('',(#1122,#1123,#1124,#1125));
#2494=EDGE_LOOP('',(#1126,#1127,#1128,#1129));
#2495=EDGE_LOOP('',(#1130,#1131,#1132,#1133));
#2496=EDGE_LOOP('',(#1134,#1135,#1136,#1137));
#2497=EDGE_LOOP('',(#1138,#1139,#1140,#1141,#1142));
#2498=EDGE_LOOP('',(#1143,#1144,#1145,#1146));
#2499=EDGE_LOOP('',(#1147,#1148,#1149,#1150,#1151));
#2500=EDGE_LOOP('',(#1152,#1153,#1154,#1155));
#2501=EDGE_LOOP('',(#1156,#1157,#1158,#1159));
#2502=EDGE_LOOP('',(#1160,#1161,#1162,#1163));
#2503=EDGE_LOOP('',(#1164,#1165,#1166,#1167));
#2504=EDGE_LOOP('',(#1168,#1169,#1170,#1171));
#2505=EDGE_LOOP('',(#1172,#1173,#1174,#1175));
#2506=EDGE_LOOP('',(#1176,#1177,#1178,#1179));
#2507=EDGE_LOOP('',(#1180,#1181,#1182,#1183));
#2508=EDGE_LOOP('',(#1184,#1185,#1186,#1187));
#2509=EDGE_LOOP('',(#1188,#1189,#1190,#1191));
#2510=EDGE_LOOP('',(#1192,#1193,#1194,#1195));
#2511=EDGE_LOOP('',(#1196,#1197,#1198,#1199));
#2512=EDGE_LOOP('',(#1200,#1201,#1202,#1203));
#2513=EDGE_LOOP('',(#1204,#1205,#1206,#1207));
#2514=EDGE_LOOP('',(#1208,#1209,#1210,#1211));
#2515=EDGE_LOOP('',(#1212,#1213,#1214,#1215));
#2516=EDGE_LOOP('',(#1216,#1217,#1218,#1219));
#2517=EDGE_LOOP('',(#1220,#1221,#1222,#1223));
#2518=EDGE_LOOP('',(#1224,#1225,#1226,#1227));
#2519=EDGE_LOOP('',(#1228,#1229,#1230,#1231,#1232));
#2520=EDGE_LOOP('',(#1233,#1234,#1235,#1236));
#2521=EDGE_LOOP('',(#1237,#1238,#1239,#1240,#1241));
#2522=EDGE_LOOP('',(#1242));
#2523=EDGE_LOOP('',(#1243));
#2524=EDGE_LOOP('',(#1244));
#2525=EDGE_LOOP('',(#1245));
#2526=EDGE_LOOP('',(#1246));
#2527=EDGE_LOOP('',(#1247));
#2528=EDGE_LOOP('',(#1248));
#2529=EDGE_LOOP('',(#1249));
#2530=EDGE_LOOP('',(#1250));
#2531=EDGE_LOOP('',(#1251));
#2532=EDGE_LOOP('',(#1252));
#2533=EDGE_LOOP('',(#1253));
#2534=EDGE_LOOP('',(#1254,#1255,#1256,#1257));
#2535=EDGE_LOOP('',(#1258,#1259,#1260));
#2536=EDGE_LOOP('',(#1261,#1262,#1263));
#2537=EDGE_LOOP('',(#1264,#1265,#1266,#1267));
#2538=EDGE_LOOP('',(#1268,#1269,#1270,#1271));
#2539=EDGE_LOOP('',(#1272,#1273,#1274));
#2540=EDGE_LOOP('',(#1275,#1276,#1277));
#2541=EDGE_LOOP('',(#1278,#1279,#1280,#1281));
#2542=EDGE_LOOP('',(#1282,#1283,#1284,#1285,#1286));
#2543=EDGE_LOOP('',(#1287,#1288,#1289,#1290));
#2544=EDGE_LOOP('',(#1291,#1292,#1293,#1294,#1295,#1296,#1297));
#2545=EDGE_LOOP('',(#1298,#1299,#1300,#1301,#1302));
#2546=EDGE_LOOP('',(#1303,#1304,#1305,#1306));
#2547=EDGE_LOOP('',(#1307,#1308,#1309,#1310,#1311,#1312,#1313));
#2548=EDGE_LOOP('',(#1314,#1315,#1316,#1317,#1318));
#2549=EDGE_LOOP('',(#1319,#1320,#1321,#1322));
#2550=EDGE_LOOP('',(#1323,#1324,#1325,#1326));
#2551=EDGE_LOOP('',(#1327,#1328,#1329,#1330));
#2552=EDGE_LOOP('',(#1331,#1332,#1333,#1334,#1335));
#2553=EDGE_LOOP('',(#1336));
#2554=EDGE_LOOP('',(#1337));
#2555=EDGE_LOOP('',(#1338));
#2556=EDGE_LOOP('',(#1339));
#2557=EDGE_LOOP('',(#1340));
#2558=EDGE_LOOP('',(#1341));
#2559=EDGE_LOOP('',(#1342));
#2560=EDGE_LOOP('',(#1343));
#2561=EDGE_LOOP('',(#1344));
#2562=EDGE_LOOP('',(#1345));
#2563=EDGE_LOOP('',(#1346));
#2564=EDGE_LOOP('',(#1347));
#2565=EDGE_LOOP('',(#1348));
#2566=EDGE_LOOP('',(#1349));
#2567=EDGE_LOOP('',(#1350));
#2568=EDGE_LOOP('',(#1351));
#2569=EDGE_LOOP('',(#1352));
#2570=EDGE_LOOP('',(#1353));
#2571=EDGE_LOOP('',(#1354));
#2572=EDGE_LOOP('',(#1355));
#2573=EDGE_LOOP('',(#1356));
#2574=EDGE_LOOP('',(#1357));
#2575=EDGE_LOOP('',(#1358));
#2576=EDGE_LOOP('',(#1359));
#2577=EDGE_LOOP('',(#1360,#1361,#1362,#1363));
#2578=EDGE_LOOP('',(#1364,#1365,#1366,#1367));
#2579=EDGE_LOOP('',(#1368,#1369,#1370,#1371));
#2580=EDGE_LOOP('',(#1372,#1373,#1374,#1375));
#2581=EDGE_LOOP('',(#1376,#1377,#1378,#1379));
#2582=EDGE_LOOP('',(#1380,#1381,#1382,#1383));
#2583=EDGE_LOOP('',(#1384,#1385,#1386,#1387));
#2584=EDGE_LOOP('',(#1388,#1389,#1390,#1391));
#2585=EDGE_LOOP('',(#1392,#1393,#1394,#1395));
#2586=EDGE_LOOP('',(#1396,#1397,#1398,#1399));
#2587=EDGE_LOOP('',(#1400,#1401,#1402,#1403));
#2588=EDGE_LOOP('',(#1404,#1405,#1406,#1407));
#2589=EDGE_LOOP('',(#1408,#1409,#1410,#1411));
#2590=EDGE_LOOP('',(#1412,#1413,#1414,#1415));
#2591=EDGE_LOOP('',(#1416,#1417,#1418,#1419));
#2592=EDGE_LOOP('',(#1420,#1421,#1422,#1423));
#2593=EDGE_LOOP('',(#1424,#1425,#1426,#1427));
#2594=EDGE_LOOP('',(#1428,#1429,#1430,#1431));
#2595=EDGE_LOOP('',(#1432,#1433,#1434,#1435));
#2596=EDGE_LOOP('',(#1436,#1437,#1438,#1439));
#2597=EDGE_LOOP('',(#1440,#1441,#1442,#1443));
#2598=EDGE_LOOP('',(#1444,#1445,#1446,#1447));
#2599=EDGE_LOOP('',(#1448,#1449,#1450,#1451));
#2600=EDGE_LOOP('',(#1452,#1453,#1454,#1455));
#2601=EDGE_LOOP('',(#1456,#1457,#1458,#1459));
#2602=EDGE_LOOP('',(#1460,#1461,#1462,#1463,#1464,#1465));
#2603=EDGE_LOOP('',(#1466,#1467,#1468,#1469,#1470,#1471));
#2604=EDGE_LOOP('',(#1472,#1473,#1474,#1475,#1476,#1477,#1478));
#2605=EDGE_LOOP('',(#1479,#1480,#1481,#1482,#1483,#1484,#1485));
#2606=EDGE_LOOP('',(#1486,#1487,#1488,#1489,#1490,#1491,#1492));
#2607=EDGE_LOOP('',(#1493,#1494,#1495,#1496,#1497,#1498,#1499));
#2608=EDGE_LOOP('',(#1500,#1501,#1502,#1503,#1504,#1505));
#2609=EDGE_LOOP('',(#1506,#1507,#1508,#1509,#1510,#1511,#1512));
#2610=EDGE_LOOP('',(#1513,#1514,#1515,#1516,#1517,#1518,#1519));
#2611=EDGE_LOOP('',(#1520,#1521,#1522,#1523,#1524,#1525));
#2612=EDGE_LOOP('',(#1526,#1527,#1528,#1529,#1530,#1531,#1532));
#2613=EDGE_LOOP('',(#1533,#1534,#1535,#1536,#1537,#1538,#1539));
#2614=EDGE_LOOP('',(#1540,#1541,#1542,#1543));
#2615=EDGE_LOOP('',(#1544,#1545,#1546,#1547));
#2616=EDGE_LOOP('',(#1548,#1549,#1550,#1551));
#2617=EDGE_LOOP('',(#1552,#1553,#1554,#1555));
#2618=EDGE_LOOP('',(#1556,#1557,#1558,#1559));
#2619=EDGE_LOOP('',(#1560,#1561,#1562,#1563));
#2620=EDGE_LOOP('',(#1564,#1565,#1566,#1567));
#2621=EDGE_LOOP('',(#1568,#1569,#1570,#1571));
#2622=FACE_BOUND('',#2380,.T.);
#2623=FACE_BOUND('',#2381,.T.);
#2624=FACE_BOUND('',#2382,.T.);
#2625=FACE_BOUND('',#2383,.T.);
#2626=FACE_BOUND('',#2384,.T.);
#2627=FACE_BOUND('',#2385,.T.);
#2628=FACE_BOUND('',#2386,.T.);
#2629=FACE_BOUND('',#2387,.T.);
#2630=FACE_BOUND('',#2388,.T.);
#2631=FACE_BOUND('',#2389,.T.);
#2632=FACE_BOUND('',#2390,.T.);
#2633=FACE_BOUND('',#2391,.T.);
#2634=FACE_BOUND('',#2392,.T.);
#2635=FACE_BOUND('',#2393,.T.);
#2636=FACE_BOUND('',#2394,.T.);
#2637=FACE_BOUND('',#2395,.T.);
#2638=FACE_BOUND('',#2396,.T.);
#2639=FACE_BOUND('',#2397,.T.);
#2640=FACE_BOUND('',#2398,.T.);
#2641=FACE_BOUND('',#2399,.T.);
#2642=FACE_BOUND('',#2400,.T.);
#2643=FACE_BOUND('',#2401,.T.);
#2644=FACE_BOUND('',#2402,.T.);
#2645=FACE_BOUND('',#2403,.T.);
#2646=FACE_BOUND('',#2404,.T.);
#2647=FACE_BOUND('',#2405,.T.);
#2648=FACE_BOUND('',#2406,.T.);
#2649=FACE_BOUND('',#2407,.T.);
#2650=FACE_BOUND('',#2408,.T.);
#2651=FACE_BOUND('',#2409,.T.);
#2652=FACE_BOUND('',#2410,.T.);
#2653=FACE_BOUND('',#2411,.T.);
#2654=FACE_BOUND('',#2412,.T.);
#2655=FACE_BOUND('',#2413,.T.);
#2656=FACE_BOUND('',#2414,.T.);
#2657=FACE_BOUND('',#2415,.T.);
#2658=FACE_BOUND('',#2416,.T.);
#2659=FACE_BOUND('',#2417,.T.);
#2660=FACE_BOUND('',#2418,.T.);
#2661=FACE_BOUND('',#2419,.T.);
#2662=FACE_BOUND('',#2420,.T.);
#2663=FACE_BOUND('',#2421,.T.);
#2664=FACE_BOUND('',#2422,.T.);
#2665=FACE_BOUND('',#2423,.T.);
#2666=FACE_BOUND('',#2424,.T.);
#2667=FACE_BOUND('',#2425,.T.);
#2668=FACE_BOUND('',#2426,.T.);
#2669=FACE_BOUND('',#2427,.T.);
#2670=FACE_BOUND('',#2428,.T.);
#2671=FACE_BOUND('',#2429,.T.);
#2672=FACE_BOUND('',#2430,.T.);
#2673=FACE_BOUND('',#2431,.T.);
#2674=FACE_BOUND('',#2432,.T.);
#2675=FACE_BOUND('',#2433,.T.);
#2676=FACE_BOUND('',#2434,.T.);
#2677=FACE_BOUND('',#2435,.T.);
#2678=FACE_BOUND('',#2436,.T.);
#2679=FACE_BOUND('',#2437,.T.);
#2680=FACE_BOUND('',#2438,.T.);
#2681=FACE_BOUND('',#2439,.T.);
#2682=FACE_BOUND('',#2440,.T.);
#2683=FACE_BOUND('',#2441,.T.);
#2684=FACE_BOUND('',#2442,.T.);
#2685=FACE_BOUND('',#2443,.T.);
#2686=FACE_BOUND('',#2444,.T.);
#2687=FACE_BOUND('',#2445,.T.);
#2688=FACE_BOUND('',#2446,.T.);
#2689=FACE_BOUND('',#2447,.T.);
#2690=FACE_BOUND('',#2448,.T.);
#2691=FACE_BOUND('',#2449,.T.);
#2692=FACE_BOUND('',#2450,.T.);
#2693=FACE_BOUND('',#2451,.T.);
#2694=FACE_BOUND('',#2452,.T.);
#2695=FACE_BOUND('',#2453,.T.);
#2696=FACE_BOUND('',#2454,.T.);
#2697=FACE_BOUND('',#2455,.T.);
#2698=FACE_BOUND('',#2456,.T.);
#2699=FACE_BOUND('',#2457,.T.);
#2700=FACE_BOUND('',#2458,.T.);
#2701=FACE_BOUND('',#2459,.T.);
#2702=FACE_BOUND('',#2460,.T.);
#2703=FACE_BOUND('',#2461,.T.);
#2704=FACE_BOUND('',#2462,.T.);
#2705=FACE_BOUND('',#2463,.T.);
#2706=FACE_BOUND('',#2464,.T.);
#2707=FACE_BOUND('',#2465,.T.);
#2708=FACE_BOUND('',#2466,.T.);
#2709=FACE_BOUND('',#2467,.T.);
#2710=FACE_BOUND('',#2468,.T.);
#2711=FACE_BOUND('',#2469,.T.);
#2712=FACE_BOUND('',#2470,.T.);
#2713=FACE_BOUND('',#2471,.T.);
#2714=FACE_BOUND('',#2472,.T.);
#2715=FACE_BOUND('',#2473,.T.);
#2716=FACE_BOUND('',#2474,.T.);
#2717=FACE_BOUND('',#2475,.T.);
#2718=FACE_BOUND('',#2476,.T.);
#2719=FACE_BOUND('',#2477,.T.);
#2720=FACE_BOUND('',#2478,.T.);
#2721=FACE_BOUND('',#2479,.T.);
#2722=FACE_BOUND('',#2480,.T.);
#2723=FACE_BOUND('',#2481,.T.);
#2724=FACE_BOUND('',#2482,.T.);
#2725=FACE_BOUND('',#2483,.T.);
#2726=FACE_BOUND('',#2484,.T.);
#2727=FACE_BOUND('',#2485,.T.);
#2728=FACE_BOUND('',#2486,.T.);
#2729=FACE_BOUND('',#2487,.T.);
#2730=FACE_BOUND('',#2488,.T.);
#2731=FACE_BOUND('',#2489,.T.);
#2732=FACE_BOUND('',#2490,.T.);
#2733=FACE_BOUND('',#2491,.T.);
#2734=FACE_BOUND('',#2492,.T.);
#2735=FACE_BOUND('',#2493,.T.);
#2736=FACE_BOUND('',#2494,.T.);
#2737=FACE_BOUND('',#2495,.T.);
#2738=FACE_BOUND('',#2496,.T.);
#2739=FACE_BOUND('',#2497,.T.);
#2740=FACE_BOUND('',#2498,.T.);
#2741=FACE_BOUND('',#2499,.T.);
#2742=FACE_BOUND('',#2500,.T.);
#2743=FACE_BOUND('',#2501,.T.);
#2744=FACE_BOUND('',#2502,.T.);
#2745=FACE_BOUND('',#2503,.T.);
#2746=FACE_BOUND('',#2504,.T.);
#2747=FACE_BOUND('',#2505,.T.);
#2748=FACE_BOUND('',#2506,.T.);
#2749=FACE_BOUND('',#2507,.T.);
#2750=FACE_BOUND('',#2508,.T.);
#2751=FACE_BOUND('',#2509,.T.);
#2752=FACE_BOUND('',#2510,.T.);
#2753=FACE_BOUND('',#2511,.T.);
#2754=FACE_BOUND('',#2512,.T.);
#2755=FACE_BOUND('',#2513,.T.);
#2756=FACE_BOUND('',#2514,.T.);
#2757=FACE_BOUND('',#2515,.T.);
#2758=FACE_BOUND('',#2516,.T.);
#2759=FACE_BOUND('',#2517,.T.);
#2760=FACE_BOUND('',#2518,.T.);
#2761=FACE_BOUND('',#2519,.T.);
#2762=FACE_BOUND('',#2520,.T.);
#2763=FACE_BOUND('',#2521,.T.);
#2764=FACE_BOUND('',#2522,.T.);
#2765=FACE_BOUND('',#2523,.T.);
#2766=FACE_BOUND('',#2524,.T.);
#2767=FACE_BOUND('',#2525,.T.);
#2768=FACE_BOUND('',#2526,.T.);
#2769=FACE_BOUND('',#2527,.T.);
#2770=FACE_BOUND('',#2528,.T.);
#2771=FACE_BOUND('',#2529,.T.);
#2772=FACE_BOUND('',#2530,.T.);
#2773=FACE_BOUND('',#2531,.T.);
#2774=FACE_BOUND('',#2532,.T.);
#2775=FACE_BOUND('',#2533,.T.);
#2776=FACE_BOUND('',#2534,.T.);
#2777=FACE_BOUND('',#2535,.T.);
#2778=FACE_BOUND('',#2536,.T.);
#2779=FACE_BOUND('',#2537,.T.);
#2780=FACE_BOUND('',#2538,.T.);
#2781=FACE_BOUND('',#2539,.T.);
#2782=FACE_BOUND('',#2540,.T.);
#2783=FACE_BOUND('',#2541,.T.);
#2784=FACE_BOUND('',#2542,.T.);
#2785=FACE_BOUND('',#2543,.T.);
#2786=FACE_BOUND('',#2544,.T.);
#2787=FACE_BOUND('',#2545,.T.);
#2788=FACE_BOUND('',#2546,.T.);
#2789=FACE_BOUND('',#2547,.T.);
#2790=FACE_BOUND('',#2548,.T.);
#2791=FACE_BOUND('',#2549,.T.);
#2792=FACE_BOUND('',#2550,.T.);
#2793=FACE_BOUND('',#2551,.T.);
#2794=FACE_BOUND('',#2552,.T.);
#2795=FACE_BOUND('',#2553,.T.);
#2796=FACE_BOUND('',#2554,.T.);
#2797=FACE_BOUND('',#2555,.T.);
#2798=FACE_BOUND('',#2556,.T.);
#2799=FACE_BOUND('',#2557,.T.);
#2800=FACE_BOUND('',#2558,.T.);
#2801=FACE_BOUND('',#2559,.T.);
#2802=FACE_BOUND('',#2560,.T.);
#2803=FACE_BOUND('',#2561,.T.);
#2804=FACE_BOUND('',#2562,.T.);
#2805=FACE_BOUND('',#2563,.T.);
#2806=FACE_BOUND('',#2564,.T.);
#2807=FACE_BOUND('',#2565,.T.);
#2808=FACE_BOUND('',#2566,.T.);
#2809=FACE_BOUND('',#2567,.T.);
#2810=FACE_BOUND('',#2568,.T.);
#2811=FACE_BOUND('',#2569,.T.);
#2812=FACE_BOUND('',#2570,.T.);
#2813=FACE_BOUND('',#2571,.T.);
#2814=FACE_BOUND('',#2572,.T.);
#2815=FACE_BOUND('',#2573,.T.);
#2816=FACE_BOUND('',#2574,.T.);
#2817=FACE_BOUND('',#2575,.T.);
#2818=FACE_BOUND('',#2576,.T.);
#2819=FACE_BOUND('',#2577,.T.);
#2820=FACE_BOUND('',#2578,.T.);
#2821=FACE_BOUND('',#2579,.T.);
#2822=FACE_BOUND('',#2580,.T.);
#2823=FACE_BOUND('',#2581,.T.);
#2824=FACE_BOUND('',#2582,.T.);
#2825=FACE_BOUND('',#2583,.T.);
#2826=FACE_BOUND('',#2584,.T.);
#2827=FACE_BOUND('',#2585,.T.);
#2828=FACE_BOUND('',#2586,.T.);
#2829=FACE_BOUND('',#2587,.T.);
#2830=FACE_BOUND('',#2588,.T.);
#2831=FACE_BOUND('',#2589,.T.);
#2832=FACE_BOUND('',#2590,.T.);
#2833=FACE_BOUND('',#2591,.T.);
#2834=FACE_BOUND('',#2592,.T.);
#2835=FACE_BOUND('',#2593,.T.);
#2836=FACE_BOUND('',#2594,.T.);
#2837=FACE_BOUND('',#2595,.T.);
#2838=FACE_BOUND('',#2596,.T.);
#2839=FACE_BOUND('',#2597,.T.);
#2840=FACE_BOUND('',#2598,.T.);
#2841=FACE_BOUND('',#2599,.T.);
#2842=FACE_BOUND('',#2600,.T.);
#2843=FACE_BOUND('',#2601,.T.);
#2844=FACE_BOUND('',#2602,.T.);
#2845=FACE_BOUND('',#2603,.T.);
#2846=FACE_BOUND('',#2604,.T.);
#2847=FACE_BOUND('',#2605,.T.);
#2848=FACE_BOUND('',#2606,.T.);
#2849=FACE_BOUND('',#2607,.T.);
#2850=FACE_BOUND('',#2608,.T.);
#2851=FACE_BOUND('',#2609,.T.);
#2852=FACE_BOUND('',#2610,.T.);
#2853=FACE_BOUND('',#2611,.T.);
#2854=FACE_BOUND('',#2612,.T.);
#2855=FACE_BOUND('',#2613,.T.);
#2856=FACE_BOUND('',#2614,.T.);
#2857=FACE_BOUND('',#2615,.T.);
#2858=FACE_BOUND('',#2616,.T.);
#2859=FACE_BOUND('',#2617,.T.);
#2860=FACE_BOUND('',#2618,.T.);
#2861=FACE_BOUND('',#2619,.T.);
#2862=FACE_BOUND('',#2620,.T.);
#2863=FACE_BOUND('',#2621,.T.);
#2864=PLANE('',#3157);
#2865=PLANE('',#3166);
#2866=PLANE('',#3169);
#2867=PLANE('',#3201);
#2868=PLANE('',#3203);
#2869=PLANE('',#3204);
#2870=PLANE('',#3220);
#2871=PLANE('',#3232);
#2872=PLANE('',#3234);
#2873=PLANE('',#3236);
#2874=PLANE('',#3238);
#2875=PLANE('',#3240);
#2876=PLANE('',#3242);
#2877=PLANE('',#3244);
#2878=PLANE('',#3245);
#2879=PLANE('',#3246);
#2880=PLANE('',#3247);
#2881=PLANE('',#3248);
#2882=PLANE('',#3249);
#2883=PLANE('',#3250);
#2884=PLANE('',#3251);
#2885=PLANE('',#3252);
#2886=PLANE('',#3261);
#2887=PLANE('',#3265);
#2888=PLANE('',#3270);
#2889=PLANE('',#3275);
#2890=PLANE('',#3280);
#2891=PLANE('',#3285);
#2892=PLANE('',#3290);
#2893=PLANE('',#3292);
#2894=PLANE('',#3295);
#2895=PLANE('',#3296);
#2896=PLANE('',#3297);
#2897=PLANE('',#3301);
#2898=PLANE('',#3306);
#2899=PLANE('',#3310);
#2900=PLANE('',#3313);
#2901=PLANE('',#3318);
#2902=PLANE('',#3323);
#2903=PLANE('',#3327);
#2904=PLANE('',#3330);
#2905=PLANE('',#3334);
#2906=PLANE('',#3366);
#2907=PLANE('',#3367);
#2908=PLANE('',#3374);
#2909=PLANE('',#3375);
#2910=PLANE('',#3376);
#2911=PLANE('',#3378);
#2912=PLANE('',#3382);
#2913=PLANE('',#3383);
#2914=PLANE('',#3386);
#2915=PLANE('',#3390);
#2916=PLANE('',#3391);
#2917=PLANE('',#3394);
#2918=PLANE('',#3396);
#2919=PLANE('',#3398);
#2920=PLANE('',#3405);
#2921=PLANE('',#3406);
#2922=PLANE('',#3407);
#2923=PLANE('',#3408);
#2924=PLANE('',#3409);
#2925=PLANE('',#3410);
#2926=PLANE('',#3411);
#2927=PLANE('',#3412);
#2928=PLANE('',#3413);
#2929=PLANE('',#3415);
#2930=PLANE('',#3416);
#2931=PLANE('',#3418);
#2932=PLANE('',#3420);
#2933=PLANE('',#3421);
#2934=PLANE('',#3423);
#2935=PLANE('',#3425);
#2936=PLANE('',#3427);
#2937=PLANE('',#3440);
#2938=PLANE('',#3441);
#2939=PLANE('',#3442);
#2940=PLANE('',#3443);
#2941=PLANE('',#3444);
#2942=PLANE('',#3445);
#2943=PLANE('',#3446);
#2944=ADVANCED_FACE('',(#2622),#2864,.T.);
#2945=ADVANCED_FACE('',(#2623),#168,.T.);
#2946=ADVANCED_FACE('',(#2624),#169,.T.);
#2947=ADVANCED_FACE('',(#2625),#2865,.T.);
#2948=ADVANCED_FACE('',(#2626,#2627,#2628,#2629,#2630,#2631,#2632),#2866,
 .T.);
#2949=ADVANCED_FACE('',(#2633),#170,.F.);
#2950=ADVANCED_FACE('',(#2634),#2867,.F.);
#2951=ADVANCED_FACE('',(#2635),#2868,.T.);
#2952=ADVANCED_FACE('',(#2636),#2869,.F.);
#2953=ADVANCED_FACE('',(#2637,#2638),#171,.F.);
#2954=ADVANCED_FACE('',(#2639,#2640),#172,.F.);
#2955=ADVANCED_FACE('',(#2641,#2642),#173,.F.);
#2956=ADVANCED_FACE('',(#2643,#2644),#174,.F.);
#2957=ADVANCED_FACE('',(#2645,#2646),#175,.F.);
#2958=ADVANCED_FACE('',(#2647),#2870,.T.);
#2959=ADVANCED_FACE('',(#2648,#2649),#176,.F.);
#2960=ADVANCED_FACE('',(#2650),#177,.T.);
#2961=ADVANCED_FACE('',(#2651),#178,.T.);
#2962=ADVANCED_FACE('',(#2652),#179,.T.);
#2963=ADVANCED_FACE('',(#2653),#180,.T.);
#2964=ADVANCED_FACE('',(#2654,#2655),#2871,.F.);
#2965=ADVANCED_FACE('',(#2656,#2657),#2872,.F.);
#2966=ADVANCED_FACE('',(#2658,#2659),#2873,.F.);
#2967=ADVANCED_FACE('',(#2660,#2661),#2874,.F.);
#2968=ADVANCED_FACE('',(#2662,#2663),#2875,.F.);
#2969=ADVANCED_FACE('',(#2664,#2665),#2876,.F.);
#2970=ADVANCED_FACE('',(#2666),#2877,.F.);
#2971=ADVANCED_FACE('',(#2667),#2878,.T.);
#2972=ADVANCED_FACE('',(#2668),#54,.T.);
#2973=ADVANCED_FACE('',(#2669),#55,.T.);
#2974=ADVANCED_FACE('',(#2670),#2879,.F.);
#2975=ADVANCED_FACE('',(#2671),#2880,.T.);
#2976=ADVANCED_FACE('',(#2672),#56,.T.);
#2977=ADVANCED_FACE('',(#2673),#57,.T.);
#2978=ADVANCED_FACE('',(#2674),#2881,.F.);
#2979=ADVANCED_FACE('',(#2675),#2882,.T.);
#2980=ADVANCED_FACE('',(#2676),#2883,.F.);
#2981=ADVANCED_FACE('',(#2677),#2884,.F.);
#2982=ADVANCED_FACE('',(#2678),#2885,.T.);
#2983=ADVANCED_FACE('',(#2679),#181,.T.);
#2984=ADVANCED_FACE('',(#2680),#182,.T.);
#2985=ADVANCED_FACE('',(#2681),#183,.T.);
#2986=ADVANCED_FACE('',(#2682),#184,.T.);
#2987=ADVANCED_FACE('',(#2683),#2886,.F.);
#2988=ADVANCED_FACE('',(#2684,#2685),#185,.F.);
#2989=ADVANCED_FACE('',(#2686),#2887,.T.);
#2990=ADVANCED_FACE('',(#2687,#2688),#186,.F.);
#2991=ADVANCED_FACE('',(#2689),#2888,.T.);
#2992=ADVANCED_FACE('',(#2690,#2691),#187,.F.);
#2993=ADVANCED_FACE('',(#2692),#2889,.T.);
#2994=ADVANCED_FACE('',(#2693,#2694),#188,.F.);
#2995=ADVANCED_FACE('',(#2695),#2890,.T.);
#2996=ADVANCED_FACE('',(#2696,#2697),#189,.F.);
#2997=ADVANCED_FACE('',(#2698),#2891,.T.);
#2998=ADVANCED_FACE('',(#2699,#2700),#190,.F.);
#2999=ADVANCED_FACE('',(#2701),#2892,.T.);
#3000=ADVANCED_FACE('',(#2702),#2893,.T.);
#3001=ADVANCED_FACE('',(#2703),#191,.F.);
#3002=ADVANCED_FACE('',(#2704),#2894,.T.);
#3003=ADVANCED_FACE('',(#2705),#2895,.T.);
#3004=ADVANCED_FACE('',(#2706),#2896,.T.);
#3005=ADVANCED_FACE('',(#2707),#2897,.F.);
#3006=ADVANCED_FACE('',(#2708),#2898,.F.);
#3007=ADVANCED_FACE('',(#2709),#2899,.T.);
#3008=ADVANCED_FACE('',(#2710),#2900,.T.);
#3009=ADVANCED_FACE('',(#2711),#2901,.T.);
#3010=ADVANCED_FACE('',(#2712),#2902,.F.);
#3011=ADVANCED_FACE('',(#2713),#2903,.F.);
#3012=ADVANCED_FACE('',(#2714),#2904,.T.);
#3013=ADVANCED_FACE('',(#2715),#2905,.T.);
#3014=ADVANCED_FACE('',(#2716),#192,.F.);
#3015=ADVANCED_FACE('',(#2717),#193,.F.);
#3016=ADVANCED_FACE('',(#2718),#194,.F.);
#3017=ADVANCED_FACE('',(#2719),#195,.F.);
#3018=ADVANCED_FACE('',(#2720),#196,.F.);
#3019=ADVANCED_FACE('',(#2721),#197,.F.);
#3020=ADVANCED_FACE('',(#2722),#198,.F.);
#3021=ADVANCED_FACE('',(#2723),#199,.F.);
#3022=ADVANCED_FACE('',(#2724),#200,.F.);
#3023=ADVANCED_FACE('',(#2725),#201,.F.);
#3024=ADVANCED_FACE('',(#2726),#202,.F.);
#3025=ADVANCED_FACE('',(#2727),#203,.F.);
#3026=ADVANCED_FACE('',(#2728),#12,.T.);
#3027=ADVANCED_FACE('',(#2729),#13,.F.);
#3028=ADVANCED_FACE('',(#2730),#14,.F.);
#3029=ADVANCED_FACE('',(#2731),#2906,.T.);
#3030=ADVANCED_FACE('',(#2732),#2907,.T.);
#3031=ADVANCED_FACE('',(#2733),#15,.F.);
#3032=ADVANCED_FACE('',(#2734),#16,.F.);
#3033=ADVANCED_FACE('',(#2735),#17,.T.);
#3034=ADVANCED_FACE('',(#2736),#18,.T.);
#3035=ADVANCED_FACE('',(#2737),#19,.F.);
#3036=ADVANCED_FACE('',(#2738),#20,.F.);
#3037=ADVANCED_FACE('',(#2739),#2908,.F.);
#3038=ADVANCED_FACE('',(#2740),#2909,.T.);
#3039=ADVANCED_FACE('',(#2741),#2910,.F.);
#3040=ADVANCED_FACE('',(#2742),#21,.F.);
#3041=ADVANCED_FACE('',(#2743),#2911,.T.);
#3042=ADVANCED_FACE('',(#2744),#22,.T.);
#3043=ADVANCED_FACE('',(#2745),#23,.T.);
#3044=ADVANCED_FACE('',(#2746),#24,.F.);
#3045=ADVANCED_FACE('',(#2747),#2912,.F.);
#3046=ADVANCED_FACE('',(#2748),#2913,.F.);
#3047=ADVANCED_FACE('',(#2749),#25,.T.);
#3048=ADVANCED_FACE('',(#2750),#26,.F.);
#3049=ADVANCED_FACE('',(#2751),#2914,.F.);
#3050=ADVANCED_FACE('',(#2752),#27,.T.);
#3051=ADVANCED_FACE('',(#2753),#28,.T.);
#3052=ADVANCED_FACE('',(#2754),#29,.F.);
#3053=ADVANCED_FACE('',(#2755),#2915,.T.);
#3054=ADVANCED_FACE('',(#2756),#2916,.F.);
#3055=ADVANCED_FACE('',(#2757),#30,.T.);
#3056=ADVANCED_FACE('',(#2758),#31,.F.);
#3057=ADVANCED_FACE('',(#2759),#2917,.T.);
#3058=ADVANCED_FACE('',(#2760),#32,.T.);
#3059=ADVANCED_FACE('',(#2761),#2918,.F.);
#3060=ADVANCED_FACE('',(#2762),#33,.F.);
#3061=ADVANCED_FACE('',(#2763),#2919,.F.);
#3062=ADVANCED_FACE('',(#2764,#2765),#34,.F.);
#3063=ADVANCED_FACE('',(#2766,#2767),#35,.F.);
#3064=ADVANCED_FACE('',(#2768,#2769),#36,.F.);
#3065=ADVANCED_FACE('',(#2770,#2771),#37,.F.);
#3066=ADVANCED_FACE('',(#2772,#2773),#38,.F.);
#3067=ADVANCED_FACE('',(#2774,#2775),#39,.F.);
#3068=ADVANCED_FACE('',(#2776),#2920,.F.);
#3069=ADVANCED_FACE('',(#2777),#2921,.F.);
#3070=ADVANCED_FACE('',(#2778),#2922,.T.);
#3071=ADVANCED_FACE('',(#2779),#2923,.T.);
#3072=ADVANCED_FACE('',(#2780),#2924,.F.);
#3073=ADVANCED_FACE('',(#2781),#2925,.T.);
#3074=ADVANCED_FACE('',(#2782),#2926,.F.);
#3075=ADVANCED_FACE('',(#2783),#2927,.T.);
#3076=ADVANCED_FACE('',(#2784),#2928,.F.);
#3077=ADVANCED_FACE('',(#2785),#2929,.T.);
#3078=ADVANCED_FACE('',(#2786),#2930,.T.);
#3079=ADVANCED_FACE('',(#2787),#2931,.T.);
#3080=ADVANCED_FACE('',(#2788),#2932,.F.);
#3081=ADVANCED_FACE('',(#2789),#2933,.F.);
#3082=ADVANCED_FACE('',(#2790),#2934,.F.);
#3083=ADVANCED_FACE('',(#2791),#40,.F.);
#3084=ADVANCED_FACE('',(#2792),#2935,.F.);
#3085=ADVANCED_FACE('',(#2793),#41,.F.);
#3086=ADVANCED_FACE('',(#2794),#2936,.F.);
#3087=ADVANCED_FACE('',(#2795,#2796),#42,.F.);
#3088=ADVANCED_FACE('',(#2797,#2798),#43,.F.);
#3089=ADVANCED_FACE('',(#2799,#2800),#44,.F.);
#3090=ADVANCED_FACE('',(#2801,#2802),#45,.F.);
#3091=ADVANCED_FACE('',(#2803,#2804),#46,.F.);
#3092=ADVANCED_FACE('',(#2805,#2806),#47,.F.);
#3093=ADVANCED_FACE('',(#2807,#2808),#48,.F.);
#3094=ADVANCED_FACE('',(#2809,#2810),#49,.F.);
#3095=ADVANCED_FACE('',(#2811,#2812),#50,.F.);
#3096=ADVANCED_FACE('',(#2813,#2814),#51,.F.);
#3097=ADVANCED_FACE('',(#2815,#2816),#52,.F.);
#3098=ADVANCED_FACE('',(#2817,#2818),#53,.F.);
#3099=ADVANCED_FACE('',(#2819),#2937,.T.);
#3100=ADVANCED_FACE('',(#2820),#58,.T.);
#3101=ADVANCED_FACE('',(#2821),#59,.T.);
#3102=ADVANCED_FACE('',(#2822),#60,.T.);
#3103=ADVANCED_FACE('',(#2823),#2938,.T.);
#3104=ADVANCED_FACE('',(#2824),#61,.T.);
#3105=ADVANCED_FACE('',(#2825),#62,.T.);
#3106=ADVANCED_FACE('',(#2826),#63,.T.);
#3107=ADVANCED_FACE('',(#2827),#2939,.T.);
#3108=ADVANCED_FACE('',(#2828),#64,.T.);
#3109=ADVANCED_FACE('',(#2829),#65,.T.);
#3110=ADVANCED_FACE('',(#2830),#66,.T.);
#3111=ADVANCED_FACE('',(#2831),#2940,.F.);
#3112=ADVANCED_FACE('',(#2832),#67,.T.);
#3113=ADVANCED_FACE('',(#2833),#68,.T.);
#3114=ADVANCED_FACE('',(#2834),#69,.T.);
#3115=ADVANCED_FACE('',(#2835),#2941,.F.);
#3116=ADVANCED_FACE('',(#2836),#70,.T.);
#3117=ADVANCED_FACE('',(#2837),#71,.T.);
#3118=ADVANCED_FACE('',(#2838),#72,.T.);
#3119=ADVANCED_FACE('',(#2839),#2942,.F.);
#3120=ADVANCED_FACE('',(#2840),#73,.T.);
#3121=ADVANCED_FACE('',(#2841),#74,.T.);
#3122=ADVANCED_FACE('',(#2842),#75,.T.);
#3123=ADVANCED_FACE('',(#2843),#2943,.T.);
#3124=ADVANCED_FACE('',(#2844),#204,.F.);
#3125=ADVANCED_FACE('',(#2845),#205,.F.);
#3126=ADVANCED_FACE('',(#2846),#206,.F.);
#3127=ADVANCED_FACE('',(#2847),#207,.F.);
#3128=ADVANCED_FACE('',(#2848),#208,.F.);
#3129=ADVANCED_FACE('',(#2849),#209,.F.);
#3130=ADVANCED_FACE('',(#2850),#210,.F.);
#3131=ADVANCED_FACE('',(#2851),#211,.F.);
#3132=ADVANCED_FACE('',(#2852),#212,.F.);
#3133=ADVANCED_FACE('',(#2853),#213,.F.);
#3134=ADVANCED_FACE('',(#2854),#214,.F.);
#3135=ADVANCED_FACE('',(#2855),#215,.F.);
#3136=ADVANCED_FACE('',(#2856),#216,.F.);
#3137=ADVANCED_FACE('',(#2857),#217,.F.);
#3138=ADVANCED_FACE('',(#2858),#218,.F.);
#3139=ADVANCED_FACE('',(#2859),#219,.F.);
#3140=ADVANCED_FACE('',(#2860),#220,.F.);
#3141=ADVANCED_FACE('',(#2861),#221,.F.);
#3142=ADVANCED_FACE('',(#2862),#222,.F.);
#3143=ADVANCED_FACE('',(#2863),#223,.F.);
#3144=CLOSED_SHELL('',(#2944,#2945,#2946,#2947,#2948,#2949,#2950,#2951,
#2952,#2953,#2954,#2955,#2956,#2957,#2958,#2959,#2960,#2961,#2962,#2963,
#2964,#2965,#2966,#2967,#2968,#2969,#2970,#2971,#2972,#2973,#2974,#2975,
#2976,#2977,#2978,#2979,#2980,#2981,#2982,#2983,#2984,#2985,#2986,#2987,
#2988,#2989,#2990,#2991,#2992,#2993,#2994,#2995,#2996,#2997,#2998,#2999,
#3000,#3001,#3002,#3003,#3004,#3005,#3006,#3007,#3008,#3009,#3010,#3011,
#3012,#3013,#3014,#3015,#3016,#3017,#3018,#3019,#3020,#3021,#3022,#3023,
#3024,#3025,#3026,#3027,#3028,#3029,#3030,#3031,#3032,#3033,#3034,#3035,
#3036,#3037,#3038,#3039,#3040,#3041,#3042,#3043,#3044,#3045,#3046,#3047,
#3048,#3049,#3050,#3051,#3052,#3053,#3054,#3055,#3056,#3057,#3058,#3059,
#3060,#3061,#3062,#3063,#3064,#3065,#3066,#3067,#3068,#3069,#3070,#3071,
#3072,#3073,#3074,#3075,#3076,#3077,#3078,#3079,#3080,#3081,#3082,#3083,
#3084,#3085,#3086,#3087,#3088,#3089,#3090,#3091,#3092,#3093,#3094,#3095,
#3096,#3097,#3098,#3099,#3100,#3101,#3102,#3103,#3104,#3105,#3106,#3107,
#3108,#3109,#3110,#3111,#3112,#3113,#3114,#3115,#3116,#3117,#3118,#3119,
#3120,#3121,#3122,#3123,#3124,#3125,#3126,#3127,#3128,#3129,#3130,#3131,
#3132,#3133,#3134,#3135,#3136,#3137,#3138,#3139,#3140,#3141,#3142,#3143));
#3145=STYLED_ITEM('',(#3146),#3153);
#3146=PRESENTATION_STYLE_ASSIGNMENT((#3147));
#3147=SURFACE_STYLE_USAGE(.BOTH.,#3148);
#3148=SURFACE_SIDE_STYLE('',(#3149));
#3149=SURFACE_STYLE_FILL_AREA(#3150);
#3150=FILL_AREA_STYLE('',(#3151));
#3151=FILL_AREA_STYLE_COLOUR('',#3152);
#3152=COLOUR_RGB('',0.262745098039216,0.282352941176471,0.301960784313725);
#3153=MANIFOLD_SOLID_BREP('Base',#3144);
#3154=SHAPE_DEFINITION_REPRESENTATION(#5991,#3155);
#3155=SHAPE_REPRESENTATION('Base',(#3156),#5986);
#3156=AXIS2_PLACEMENT_3D('',#4315,#3471,#3472);
#3157=AXIS2_PLACEMENT_3D('',#4316,#3473,#3474);
#3158=AXIS2_PLACEMENT_3D('',#4327,#3477,#3478);
#3159=AXIS2_PLACEMENT_3D('',#4331,#3480,#3481);
#3160=AXIS2_PLACEMENT_3D('',#4339,#3485,#3486);
#3161=AXIS2_PLACEMENT_3D('',#4343,#3488,#3489);
#3162=AXIS2_PLACEMENT_3D('',#4473,#3497,#3498);
#3163=AXIS2_PLACEMENT_3D('',#4499,#3501,#3502);
#3164=AXIS2_PLACEMENT_3D('',#4500,#3503,#3504);
#3165=AXIS2_PLACEMENT_3D('',#4524,#3507,#3508);
#3166=AXIS2_PLACEMENT_3D('',#4525,#3509,#3510);
#3167=AXIS2_PLACEMENT_3D('',#4537,#3516,#3517);
#3168=AXIS2_PLACEMENT_3D('',#4541,#3519,#3520);
#3169=AXIS2_PLACEMENT_3D('',#4555,#3528,#3529);
#3170=AXIS2_PLACEMENT_3D('',#4556,#3530,#3531);
#3171=AXIS2_PLACEMENT_3D('',#4565,#3535,#3536);
#3172=AXIS2_PLACEMENT_3D('',#4569,#3538,#3539);
#3173=AXIS2_PLACEMENT_3D('',#4573,#3541,#3542);
#3174=AXIS2_PLACEMENT_3D('',#4577,#3544,#3545);
#3175=AXIS2_PLACEMENT_3D('',#4585,#3549,#3550);
#3176=AXIS2_PLACEMENT_3D('',#4587,#3551,#3552);
#3177=AXIS2_PLACEMENT_3D('',#4589,#3553,#3554);
#3178=AXIS2_PLACEMENT_3D('',#4593,#3556,#3557);
#3179=AXIS2_PLACEMENT_3D('',#4595,#3558,#3559);
#3180=AXIS2_PLACEMENT_3D('',#4597,#3560,#3561);
#3181=AXIS2_PLACEMENT_3D('',#4601,#3563,#3564);
#3182=AXIS2_PLACEMENT_3D('',#4603,#3565,#3566);
#3183=AXIS2_PLACEMENT_3D('',#4605,#3567,#3568);
#3184=AXIS2_PLACEMENT_3D('',#4609,#3570,#3571);
#3185=AXIS2_PLACEMENT_3D('',#4611,#3572,#3573);
#3186=AXIS2_PLACEMENT_3D('',#4613,#3574,#3575);
#3187=AXIS2_PLACEMENT_3D('',#4617,#3577,#3578);
#3188=AXIS2_PLACEMENT_3D('',#4619,#3579,#3580);
#3189=AXIS2_PLACEMENT_3D('',#4621,#3581,#3582);
#3190=AXIS2_PLACEMENT_3D('',#4625,#3584,#3585);
#3191=AXIS2_PLACEMENT_3D('',#4627,#3586,#3587);
#3192=AXIS2_PLACEMENT_3D('',#4628,#3588,#3589);
#3193=AXIS2_PLACEMENT_3D('',#4630,#3590,#3591);
#3194=AXIS2_PLACEMENT_3D('',#4632,#3592,#3593);
#3195=AXIS2_PLACEMENT_3D('',#4634,#3594,#3595);
#3196=AXIS2_PLACEMENT_3D('',#4636,#3596,#3597);
#3197=AXIS2_PLACEMENT_3D('',#4638,#3598,#3599);
#3198=AXIS2_PLACEMENT_3D('',#4640,#3600,#3601);
#3199=AXIS2_PLACEMENT_3D('',#4644,#3603,#3604);
#3200=AXIS2_PLACEMENT_3D('',#4648,#3606,#3607);
#3201=AXIS2_PLACEMENT_3D('',#4649,#3608,#3609);
#3202=AXIS2_PLACEMENT_3D('',#4664,#3617,#3618);
#3203=AXIS2_PLACEMENT_3D('',#4667,#3620,#3621);
#3204=AXIS2_PLACEMENT_3D('',#4676,#3626,#3627);
#3205=AXIS2_PLACEMENT_3D('',#4685,#3632,#3633);
#3206=AXIS2_PLACEMENT_3D('',#4686,#3634,#3635);
#3207=AXIS2_PLACEMENT_3D('',#4688,#3636,#3637);
#3208=AXIS2_PLACEMENT_3D('',#4690,#3638,#3639);
#3209=AXIS2_PLACEMENT_3D('',#4691,#3640,#3641);
#3210=AXIS2_PLACEMENT_3D('',#4693,#3642,#3643);
#3211=AXIS2_PLACEMENT_3D('',#4695,#3644,#3645);
#3212=AXIS2_PLACEMENT_3D('',#4696,#3646,#3647);
#3213=AXIS2_PLACEMENT_3D('',#4698,#3648,#3649);
#3214=AXIS2_PLACEMENT_3D('',#4700,#3650,#3651);
#3215=AXIS2_PLACEMENT_3D('',#4701,#3652,#3653);
#3216=AXIS2_PLACEMENT_3D('',#4703,#3654,#3655);
#3217=AXIS2_PLACEMENT_3D('',#4705,#3656,#3657);
#3218=AXIS2_PLACEMENT_3D('',#4706,#3658,#3659);
#3219=AXIS2_PLACEMENT_3D('',#4708,#3660,#3661);
#3220=AXIS2_PLACEMENT_3D('',#4710,#3662,#3663);
#3221=AXIS2_PLACEMENT_3D('',#4719,#3668,#3669);
#3222=AXIS2_PLACEMENT_3D('',#4720,#3670,#3671);
#3223=AXIS2_PLACEMENT_3D('',#4722,#3672,#3673);
#3224=AXIS2_PLACEMENT_3D('',#4724,#3674,#3675);
#3225=AXIS2_PLACEMENT_3D('',#4725,#3676,#3677);
#3226=AXIS2_PLACEMENT_3D('',#4742,#3678,#3679);
#3227=AXIS2_PLACEMENT_3D('',#4743,#3680,#3681);
#3228=AXIS2_PLACEMENT_3D('',#4760,#3682,#3683);
#3229=AXIS2_PLACEMENT_3D('',#4761,#3684,#3685);
#3230=AXIS2_PLACEMENT_3D('',#4778,#3686,#3687);
#3231=AXIS2_PLACEMENT_3D('',#4779,#3688,#3689);
#3232=AXIS2_PLACEMENT_3D('',#4796,#3690,#3691);
#3233=AXIS2_PLACEMENT_3D('',#4797,#3692,#3693);
#3234=AXIS2_PLACEMENT_3D('',#4799,#3694,#3695);
#3235=AXIS2_PLACEMENT_3D('',#4800,#3696,#3697);
#3236=AXIS2_PLACEMENT_3D('',#4802,#3698,#3699);
#3237=AXIS2_PLACEMENT_3D('',#4803,#3700,#3701);
#3238=AXIS2_PLACEMENT_3D('',#4805,#3702,#3703);
#3239=AXIS2_PLACEMENT_3D('',#4806,#3704,#3705);
#3240=AXIS2_PLACEMENT_3D('',#4808,#3706,#3707);
#3241=AXIS2_PLACEMENT_3D('',#4809,#3708,#3709);
#3242=AXIS2_PLACEMENT_3D('',#4811,#3710,#3711);
#3243=AXIS2_PLACEMENT_3D('',#4812,#3712,#3713);
#3244=AXIS2_PLACEMENT_3D('',#4814,#3714,#3715);
#3245=AXIS2_PLACEMENT_3D('',#4847,#3720,#3721);
#3246=AXIS2_PLACEMENT_3D('',#4888,#3722,#3723);
#3247=AXIS2_PLACEMENT_3D('',#4893,#3724,#3725);
#3248=AXIS2_PLACEMENT_3D('',#4930,#3726,#3727);
#3249=AXIS2_PLACEMENT_3D('',#4931,#3728,#3729);
#3250=AXIS2_PLACEMENT_3D('',#4940,#3734,#3735);
#3251=AXIS2_PLACEMENT_3D('',#4949,#3740,#3741);
#3252=AXIS2_PLACEMENT_3D('',#4958,#3746,#3747);
#3253=AXIS2_PLACEMENT_3D('',#4967,#3752,#3753);
#3254=AXIS2_PLACEMENT_3D('',#4993,#3756,#3757);
#3255=AXIS2_PLACEMENT_3D('',#4994,#3758,#3759);
#3256=AXIS2_PLACEMENT_3D('',#5028,#3762,#3763);
#3257=AXIS2_PLACEMENT_3D('',#5029,#3764,#3765);
#3258=AXIS2_PLACEMENT_3D('',#5056,#3768,#3769);
#3259=AXIS2_PLACEMENT_3D('',#5057,#3770,#3771);
#3260=AXIS2_PLACEMENT_3D('',#5091,#3774,#3775);
#3261=AXIS2_PLACEMENT_3D('',#5092,#3776,#3777);
#3262=AXIS2_PLACEMENT_3D('',#5101,#3782,#3783);
#3263=AXIS2_PLACEMENT_3D('',#5102,#3784,#3785);
#3264=AXIS2_PLACEMENT_3D('',#5104,#3786,#3787);
#3265=AXIS2_PLACEMENT_3D('',#5106,#3788,#3789);
#3266=AXIS2_PLACEMENT_3D('',#5107,#3790,#3791);
#3267=AXIS2_PLACEMENT_3D('',#5109,#3792,#3793);
#3268=AXIS2_PLACEMENT_3D('',#5110,#3794,#3795);
#3269=AXIS2_PLACEMENT_3D('',#5112,#3796,#3797);
#3270=AXIS2_PLACEMENT_3D('',#5114,#3798,#3799);
#3271=AXIS2_PLACEMENT_3D('',#5115,#3800,#3801);
#3272=AXIS2_PLACEMENT_3D('',#5117,#3802,#3803);
#3273=AXIS2_PLACEMENT_3D('',#5118,#3804,#3805);
#3274=AXIS2_PLACEMENT_3D('',#5120,#3806,#3807);
#3275=AXIS2_PLACEMENT_3D('',#5122,#3808,#3809);
#3276=AXIS2_PLACEMENT_3D('',#5123,#3810,#3811);
#3277=AXIS2_PLACEMENT_3D('',#5125,#3812,#3813);
#3278=AXIS2_PLACEMENT_3D('',#5126,#3814,#3815);
#3279=AXIS2_PLACEMENT_3D('',#5128,#3816,#3817);
#3280=AXIS2_PLACEMENT_3D('',#5130,#3818,#3819);
#3281=AXIS2_PLACEMENT_3D('',#5131,#3820,#3821);
#3282=AXIS2_PLACEMENT_3D('',#5133,#3822,#3823);
#3283=AXIS2_PLACEMENT_3D('',#5134,#3824,#3825);
#3284=AXIS2_PLACEMENT_3D('',#5136,#3826,#3827);
#3285=AXIS2_PLACEMENT_3D('',#5138,#3828,#3829);
#3286=AXIS2_PLACEMENT_3D('',#5139,#3830,#3831);
#3287=AXIS2_PLACEMENT_3D('',#5141,#3832,#3833);
#3288=AXIS2_PLACEMENT_3D('',#5142,#3834,#3835);
#3289=AXIS2_PLACEMENT_3D('',#5144,#3836,#3837);
#3290=AXIS2_PLACEMENT_3D('',#5146,#3838,#3839);
#3291=AXIS2_PLACEMENT_3D('',#5147,#3840,#3841);
#3292=AXIS2_PLACEMENT_3D('',#5149,#3842,#3843);
#3293=AXIS2_PLACEMENT_3D('',#5153,#3846,#3847);
#3294=AXIS2_PLACEMENT_3D('',#5156,#3849,#3850);
#3295=AXIS2_PLACEMENT_3D('',#5157,#3851,#3852);
#3296=AXIS2_PLACEMENT_3D('',#5161,#3855,#3856);
#3297=AXIS2_PLACEMENT_3D('',#5165,#3859,#3860);
#3298=AXIS2_PLACEMENT_3D('',#5166,#3861,#3862);
#3299=AXIS2_PLACEMENT_3D('',#5171,#3864,#3865);
#3300=AXIS2_PLACEMENT_3D('',#5175,#3867,#3868);
#3301=AXIS2_PLACEMENT_3D('',#5180,#3871,#3872);
#3302=AXIS2_PLACEMENT_3D('',#5181,#3873,#3874);
#3303=AXIS2_PLACEMENT_3D('',#5186,#3876,#3877);
#3304=AXIS2_PLACEMENT_3D('',#5190,#3879,#3880);
#3305=AXIS2_PLACEMENT_3D('',#5194,#3882,#3883);
#3306=AXIS2_PLACEMENT_3D('',#5197,#3885,#3886);
#3307=AXIS2_PLACEMENT_3D('',#5198,#3887,#3888);
#3308=AXIS2_PLACEMENT_3D('',#5203,#3890,#3891);
#3309=AXIS2_PLACEMENT_3D('',#5209,#3894,#3895);
#3310=AXIS2_PLACEMENT_3D('',#5212,#3897,#3898);
#3311=AXIS2_PLACEMENT_3D('',#5217,#3901,#3902);
#3312=AXIS2_PLACEMENT_3D('',#5221,#3904,#3905);
#3313=AXIS2_PLACEMENT_3D('',#5226,#3908,#3909);
#3314=AXIS2_PLACEMENT_3D('',#5230,#3911,#3912);
#3315=AXIS2_PLACEMENT_3D('',#5232,#3913,#3914);
#3316=AXIS2_PLACEMENT_3D('',#5236,#3916,#3917);
#3317=AXIS2_PLACEMENT_3D('',#5238,#3918,#3919);
#3318=AXIS2_PLACEMENT_3D('',#5239,#3920,#3921);
#3319=AXIS2_PLACEMENT_3D('',#5240,#3922,#3923);
#3320=AXIS2_PLACEMENT_3D('',#5245,#3925,#3926);
#3321=AXIS2_PLACEMENT_3D('',#5249,#3928,#3929);
#3322=AXIS2_PLACEMENT_3D('',#5253,#3931,#3932);
#3323=AXIS2_PLACEMENT_3D('',#5256,#3934,#3935);
#3324=AXIS2_PLACEMENT_3D('',#5262,#3938,#3939);
#3325=AXIS2_PLACEMENT_3D('',#5266,#3941,#3942);
#3326=AXIS2_PLACEMENT_3D('',#5270,#3944,#3945);
#3327=AXIS2_PLACEMENT_3D('',#5271,#3946,#3947);
#3328=AXIS2_PLACEMENT_3D('',#5272,#3948,#3949);
#3329=AXIS2_PLACEMENT_3D('',#5282,#3954,#3955);
#3330=AXIS2_PLACEMENT_3D('',#5285,#3957,#3958);
#3331=AXIS2_PLACEMENT_3D('',#5286,#3959,#3960);
#3332=AXIS2_PLACEMENT_3D('',#5293,#3963,#3964);
#3333=AXIS2_PLACEMENT_3D('',#5297,#3966,#3967);
#3334=AXIS2_PLACEMENT_3D('',#5300,#3969,#3970);
#3335=AXIS2_PLACEMENT_3D('',#5304,#3972,#3973);
#3336=AXIS2_PLACEMENT_3D('',#5306,#3974,#3975);
#3337=AXIS2_PLACEMENT_3D('',#5310,#3977,#3978);
#3338=AXIS2_PLACEMENT_3D('',#5312,#3979,#3980);
#3339=AXIS2_PLACEMENT_3D('',#5313,#3981,#3982);
#3340=AXIS2_PLACEMENT_3D('',#5319,#3983,#3984);
#3341=AXIS2_PLACEMENT_3D('',#5320,#3985,#3986);
#3342=AXIS2_PLACEMENT_3D('',#5326,#3987,#3988);
#3343=AXIS2_PLACEMENT_3D('',#5327,#3989,#3990);
#3344=AXIS2_PLACEMENT_3D('',#5333,#3991,#3992);
#3345=AXIS2_PLACEMENT_3D('',#5334,#3993,#3994);
#3346=AXIS2_PLACEMENT_3D('',#5340,#3995,#3996);
#3347=AXIS2_PLACEMENT_3D('',#5341,#3997,#3998);
#3348=AXIS2_PLACEMENT_3D('',#5347,#3999,#4000);
#3349=AXIS2_PLACEMENT_3D('',#5348,#4001,#4002);
#3350=AXIS2_PLACEMENT_3D('',#5354,#4003,#4004);
#3351=AXIS2_PLACEMENT_3D('',#5355,#4005,#4006);
#3352=AXIS2_PLACEMENT_3D('',#5361,#4007,#4008);
#3353=AXIS2_PLACEMENT_3D('',#5362,#4009,#4010);
#3354=AXIS2_PLACEMENT_3D('',#5368,#4011,#4012);
#3355=AXIS2_PLACEMENT_3D('',#5369,#4013,#4014);
#3356=AXIS2_PLACEMENT_3D('',#5375,#4015,#4016);
#3357=AXIS2_PLACEMENT_3D('',#5376,#4017,#4018);
#3358=AXIS2_PLACEMENT_3D('',#5382,#4019,#4020);
#3359=AXIS2_PLACEMENT_3D('',#5383,#4021,#4022);
#3360=AXIS2_PLACEMENT_3D('',#5389,#4023,#4024);
#3361=AXIS2_PLACEMENT_3D('',#5390,#4025,#4026);
#3362=AXIS2_PLACEMENT_3D('',#5396,#4027,#4028);
#3363=AXIS2_PLACEMENT_3D('',#5397,#4029,#4030);
#3364=AXIS2_PLACEMENT_3D('',#5400,#4033,#4034);
#3365=AXIS2_PLACEMENT_3D('',#5402,#4036,#4037);
#3366=AXIS2_PLACEMENT_3D('',#5404,#4039,#4040);
#3367=AXIS2_PLACEMENT_3D('',#5406,#4042,#4043);
#3368=AXIS2_PLACEMENT_3D('',#5408,#4045,#4046);
#3369=AXIS2_PLACEMENT_3D('',#5410,#4048,#4049);
#3370=AXIS2_PLACEMENT_3D('',#5412,#4051,#4052);
#3371=AXIS2_PLACEMENT_3D('',#5414,#4054,#4055);
#3372=AXIS2_PLACEMENT_3D('',#5416,#4057,#4058);
#3373=AXIS2_PLACEMENT_3D('',#5418,#4060,#4061);
#3374=AXIS2_PLACEMENT_3D('',#5420,#4063,#4064);
#3375=AXIS2_PLACEMENT_3D('',#5424,#4067,#4068);
#3376=AXIS2_PLACEMENT_3D('',#5426,#4070,#4071);
#3377=AXIS2_PLACEMENT_3D('',#5429,#4074,#4075);
#3378=AXIS2_PLACEMENT_3D('',#5431,#4077,#4078);
#3379=AXIS2_PLACEMENT_3D('',#5433,#4080,#4081);
#3380=AXIS2_PLACEMENT_3D('',#5435,#4083,#4084);
#3381=AXIS2_PLACEMENT_3D('',#5437,#4086,#4087);
#3382=AXIS2_PLACEMENT_3D('',#5439,#4089,#4090);
#3383=AXIS2_PLACEMENT_3D('',#5441,#4092,#4093);
#3384=AXIS2_PLACEMENT_3D('',#5443,#4095,#4096);
#3385=AXIS2_PLACEMENT_3D('',#5445,#4098,#4099);
#3386=AXIS2_PLACEMENT_3D('',#5447,#4101,#4102);
#3387=AXIS2_PLACEMENT_3D('',#5449,#4104,#4105);
#3388=AXIS2_PLACEMENT_3D('',#5451,#4107,#4108);
#3389=AXIS2_PLACEMENT_3D('',#5453,#4110,#4111);
#3390=AXIS2_PLACEMENT_3D('',#5455,#4113,#4114);
#3391=AXIS2_PLACEMENT_3D('',#5457,#4116,#4117);
#3392=AXIS2_PLACEMENT_3D('',#5459,#4119,#4120);
#3393=AXIS2_PLACEMENT_3D('',#5461,#4122,#4123);
#3394=AXIS2_PLACEMENT_3D('',#5463,#4125,#4126);
#3395=AXIS2_PLACEMENT_3D('',#5465,#4128,#4129);
#3396=AXIS2_PLACEMENT_3D('',#5467,#4131,#4132);
#3397=AXIS2_PLACEMENT_3D('',#5471,#4135,#4136);
#3398=AXIS2_PLACEMENT_3D('',#5473,#4138,#4139);
#3399=AXIS2_PLACEMENT_3D('',#5475,#4141,#4142);
#3400=AXIS2_PLACEMENT_3D('',#5476,#4143,#4144);
#3401=AXIS2_PLACEMENT_3D('',#5477,#4145,#4146);
#3402=AXIS2_PLACEMENT_3D('',#5478,#4147,#4148);
#3403=AXIS2_PLACEMENT_3D('',#5479,#4149,#4150);
#3404=AXIS2_PLACEMENT_3D('',#5480,#4151,#4152);
#3405=AXIS2_PLACEMENT_3D('',#5481,#4153,#4154);
#3406=AXIS2_PLACEMENT_3D('',#5484,#4157,#4158);
#3407=AXIS2_PLACEMENT_3D('',#5488,#4161,#4162);
#3408=AXIS2_PLACEMENT_3D('',#5492,#4165,#4166);
#3409=AXIS2_PLACEMENT_3D('',#5495,#4169,#4170);
#3410=AXIS2_PLACEMENT_3D('',#5498,#4173,#4174);
#3411=AXIS2_PLACEMENT_3D('',#5502,#4177,#4178);
#3412=AXIS2_PLACEMENT_3D('',#5506,#4181,#4182);
#3413=AXIS2_PLACEMENT_3D('',#5509,#4185,#4186);
#3414=AXIS2_PLACEMENT_3D('',#5511,#4188,#4189);
#3415=AXIS2_PLACEMENT_3D('',#5512,#4190,#4191);
#3416=AXIS2_PLACEMENT_3D('',#5515,#4194,#4195);
#3417=AXIS2_PLACEMENT_3D('',#5518,#4198,#4199);
#3418=AXIS2_PLACEMENT_3D('',#5519,#4200,#4201);
#3419=AXIS2_PLACEMENT_3D('',#5521,#4203,#4204);
#3420=AXIS2_PLACEMENT_3D('',#5522,#4205,#4206);
#3421=AXIS2_PLACEMENT_3D('',#5525,#4209,#4210);
#3422=AXIS2_PLACEMENT_3D('',#5527,#4212,#4213);
#3423=AXIS2_PLACEMENT_3D('',#5529,#4215,#4216);
#3424=AXIS2_PLACEMENT_3D('',#5531,#4218,#4219);
#3425=AXIS2_PLACEMENT_3D('',#5533,#4221,#4222);
#3426=AXIS2_PLACEMENT_3D('',#5535,#4224,#4225);
#3427=AXIS2_PLACEMENT_3D('',#5537,#4227,#4228);
#3428=AXIS2_PLACEMENT_3D('',#5538,#4229,#4230);
#3429=AXIS2_PLACEMENT_3D('',#5539,#4231,#4232);
#3430=AXIS2_PLACEMENT_3D('',#5540,#4233,#4234);
#3431=AXIS2_PLACEMENT_3D('',#5541,#4235,#4236);
#3432=AXIS2_PLACEMENT_3D('',#5542,#4237,#4238);
#3433=AXIS2_PLACEMENT_3D('',#5543,#4239,#4240);
#3434=AXIS2_PLACEMENT_3D('',#5544,#4241,#4242);
#3435=AXIS2_PLACEMENT_3D('',#5545,#4243,#4244);
#3436=AXIS2_PLACEMENT_3D('',#5546,#4245,#4246);
#3437=AXIS2_PLACEMENT_3D('',#5547,#4247,#4248);
#3438=AXIS2_PLACEMENT_3D('',#5548,#4249,#4250);
#3439=AXIS2_PLACEMENT_3D('',#5549,#4251,#4252);
#3440=AXIS2_PLACEMENT_3D('',#5550,#4253,#4254);
#3441=AXIS2_PLACEMENT_3D('',#5607,#4255,#4256);
#3442=AXIS2_PLACEMENT_3D('',#5668,#4257,#4258);
#3443=AXIS2_PLACEMENT_3D('',#5725,#4259,#4260);
#3444=AXIS2_PLACEMENT_3D('',#5782,#4261,#4262);
#3445=AXIS2_PLACEMENT_3D('',#5843,#4263,#4264);
#3446=AXIS2_PLACEMENT_3D('',#5900,#4265,#4266);
#3447=AXIS2_PLACEMENT_3D('',#5901,#4267,#4268);
#3448=AXIS2_PLACEMENT_3D('',#5907,#4269,#4270);
#3449=AXIS2_PLACEMENT_3D('',#5913,#4271,#4272);
#3450=AXIS2_PLACEMENT_3D('',#5919,#4273,#4274);
#3451=AXIS2_PLACEMENT_3D('',#5920,#4275,#4276);
#3452=AXIS2_PLACEMENT_3D('',#5926,#4277,#4278);
#3453=AXIS2_PLACEMENT_3D('',#5932,#4279,#4280);
#3454=AXIS2_PLACEMENT_3D('',#5933,#4281,#4282);
#3455=AXIS2_PLACEMENT_3D('',#5939,#4283,#4284);
#3456=AXIS2_PLACEMENT_3D('',#5945,#4285,#4286);
#3457=AXIS2_PLACEMENT_3D('',#5951,#4287,#4288);
#3458=AXIS2_PLACEMENT_3D('',#5952,#4289,#4290);
#3459=AXIS2_PLACEMENT_3D('',#5958,#4291,#4292);
#3460=AXIS2_PLACEMENT_3D('',#5964,#4293,#4294);
#3461=AXIS2_PLACEMENT_3D('',#5970,#4295,#4296);
#3462=AXIS2_PLACEMENT_3D('',#5971,#4297,#4298);
#3463=AXIS2_PLACEMENT_3D('',#5977,#4299,#4300);
#3464=AXIS2_PLACEMENT_3D('',#5978,#4301,#4302);
#3465=AXIS2_PLACEMENT_3D('',#5979,#4303,#4304);
#3466=AXIS2_PLACEMENT_3D('',#5980,#4305,#4306);
#3467=AXIS2_PLACEMENT_3D('',#5981,#4307,#4308);
#3468=AXIS2_PLACEMENT_3D('',#5982,#4309,#4310);
#3469=AXIS2_PLACEMENT_3D('',#5983,#4311,#4312);
#3470=AXIS2_PLACEMENT_3D('',#5984,#4313,#4314);
#3471=DIRECTION('',(0.,0.,1.));
#3472=DIRECTION('',(1.,0.,0.));
#3473=DIRECTION('',(9.15916360549006E-18,1.04083408558608E-15,1.));
#3474=DIRECTION('',(4.27135211452743E-18,-1.,1.04083408558608E-15));
#3475=DIRECTION('',(-1.,1.43074299240633E-16,9.15916360548991E-18));
#3476=DIRECTION('',(-1.76375734454211E-16,-1.,1.04083408558608E-15));
#3477=DIRECTION('',(9.15916360549006E-18,1.04083408558608E-15,1.));
#3478=DIRECTION('',(-0.707106781186545,0.70710678118655,-7.28583859910259E-16));
#3479=DIRECTION('',(-1.,-4.27135211452742E-18,9.15916360549007E-18));
#3480=DIRECTION('',(9.15916360549006E-18,1.04083408558608E-15,1.));
#3481=DIRECTION('',(-0.707106781186542,-0.707106781186553,7.42461647718073E-16));
#3482=DIRECTION('',(1.76375734454211E-16,1.,-1.04083408558608E-15));
#3483=DIRECTION('',(1.,-1.43074299240633E-16,-9.15916360548991E-18));
#3484=DIRECTION('',(2.93306690624509E-16,-1.,1.04083408558608E-15));
#3485=DIRECTION('',(9.15916360549006E-18,1.04083408558608E-15,1.));
#3486=DIRECTION('',(-0.707106781186548,0.707106781186547,-7.28583859910259E-16));
#3487=DIRECTION('',(-1.,-4.27135211452742E-18,9.15916360549007E-18));
#3488=DIRECTION('',(9.15916360549006E-18,1.04083408558608E-15,1.));
#3489=DIRECTION('',(-0.70710678118654,-0.707106781186556,7.35522753814166E-16));
#3490=DIRECTION('',(-2.93306690624509E-16,1.,-1.04083408558608E-15));
#3491=DIRECTION('',(-1.,1.43074299240633E-16,9.15916360548991E-18));
#3492=DIRECTION('',(-1.28843861483644E-16,-1.,1.04083408558608E-15));
#3493=DIRECTION('',(-1.28843861483644E-16,-1.,1.04083408558608E-15));
#3494=DIRECTION('',(1.,-1.43074299240633E-16,-9.15916360548991E-18));
#3495=DIRECTION('',(1.28843861483644E-16,1.,-1.04083408558608E-15));
#3496=DIRECTION('',(1.28843861483644E-16,1.,-1.04083408558608E-15));
#3497=DIRECTION('',(-1.49158902609499E-19,0.0697564737441245,-0.997564050259824));
#3498=DIRECTION('',(-1.,-4.27135211452743E-18,-1.49158902609499E-19));
#3499=DIRECTION('',(-1.49158902609499E-19,0.0697564737441245,-0.997564050259824));
#3500=DIRECTION('',(-1.49158902609499E-19,0.0697564737441245,-0.997564050259824));
#3501=DIRECTION('',(1.49158902609499E-19,-0.0697564737441245,0.997564050259824));
#3502=DIRECTION('',(1.,4.27135211452743E-18,1.49158902609499E-19));
#3503=DIRECTION('',(-1.49158902609499E-19,0.0697564737441245,-0.997564050259824));
#3504=DIRECTION('',(-1.,-4.27135211452743E-18,-1.49158902609499E-19));
#3505=DIRECTION('',(-1.49158902609499E-19,0.0697564737441245,-0.997564050259824));
#3506=DIRECTION('',(-1.49158902609499E-19,0.0697564737441245,-0.997564050259824));
#3507=DIRECTION('',(1.49158902609499E-19,-0.0697564737441245,0.997564050259824));
#3508=DIRECTION('',(1.,4.27135211452743E-18,1.49158902609499E-19));
#3509=DIRECTION('',(-1.43364688394137E-16,-0.997564050259824,-0.0697564737441245));
#3510=DIRECTION('',(1.,-1.43005054419619E-16,-1.01494106808196E-17));
#3511=DIRECTION('',(0.706243967529309,-0.0493853891036603,0.70624396752931));
#3512=DIRECTION('',(1.,-1.43074299240634E-16,-9.15916360548991E-18));
#3513=DIRECTION('',(1.49158902609499E-19,-0.0697564737441245,0.997564050259824));
#3514=DIRECTION('',(-1.,1.43005054419619E-16,1.01494106808196E-17));
#3515=DIRECTION('',(-1.49158902609499E-19,0.0697564737441245,-0.997564050259824));
#3516=DIRECTION('',(-1.43364688394137E-16,-0.997564050259824,-0.0697564737441245));
#3517=DIRECTION('',(1.,-1.43005054419619E-16,-1.01494106808196E-17));
#3518=DIRECTION('',(-1.,1.31748478363313E-16,1.71125948055352E-16));
#3519=DIRECTION('',(-1.43364688394137E-16,-0.997564050259824,-0.0697564737441245));
#3520=DIRECTION('',(1.,-1.43005054419619E-16,-1.01494106808196E-17));
#3521=DIRECTION('',(1.49158902609499E-19,-0.0697564737441245,0.997564050259824));
#3522=DIRECTION('',(-1.,1.43005054419619E-16,1.01494106808196E-17));
#3523=DIRECTION('',(-1.49158902609499E-19,0.0697564737441245,-0.997564050259824));
#3524=DIRECTION('',(1.,-1.43074299240634E-16,-9.15916360548991E-18));
#3525=DIRECTION('',(-0.706243967529304,-0.0493853891036604,0.706243967529314));
#3526=DIRECTION('',(-1.,-4.27135211452742E-18,9.15916360549007E-18));
#3527=DIRECTION('',(1.,4.27135211452742E-18,-9.15916360549007E-18));
#3528=DIRECTION('',(1.49158902609499E-19,-0.0697564737441245,0.997564050259824));
#3529=DIRECTION('',(1.,4.27135211452743E-18,1.49158902609499E-19));
#3530=DIRECTION('',(1.49158902609499E-19,-0.0697564737441245,0.997564050259824));
#3531=DIRECTION('',(1.,4.27135211452743E-18,1.49158902609499E-19));
#3532=DIRECTION('',(1.,-1.43005054419619E-16,-1.01494106808196E-17));
#3533=DIRECTION('',(1.43364688394137E-16,0.997564050259824,0.0697564737441245));
#3534=DIRECTION('',(-1.,1.43005054419619E-16,1.01494106808196E-17));
#3535=DIRECTION('',(1.49158902609499E-19,-0.0697564737441245,0.997564050259824));
#3536=DIRECTION('',(1.,4.27135211452743E-18,1.49158902609499E-19));
#3537=DIRECTION('',(-1.29168915268304E-16,-0.997564050259824,-0.0697564737441245));
#3538=DIRECTION('',(1.49158902609499E-19,-0.0697564737441245,0.997564050259824));
#3539=DIRECTION('',(1.,4.27135211452743E-18,1.49158902609499E-19));
#3540=DIRECTION('',(1.,-1.43005054419619E-16,-1.01494106808196E-17));
#3541=DIRECTION('',(1.49158902609499E-19,-0.0697564737441245,0.997564050259824));
#3542=DIRECTION('',(1.,4.27135211452743E-18,1.49158902609499E-19));
#3543=DIRECTION('',(1.29168915268304E-16,0.997564050259824,0.0697564737441245));
#3544=DIRECTION('',(1.49158902609499E-19,-0.0697564737441245,0.997564050259824));
#3545=DIRECTION('',(1.,4.27135211452743E-18,1.49158902609499E-19));
#3546=DIRECTION('',(-1.,1.43005054419619E-16,1.01494106808196E-17));
#3547=DIRECTION('',(-1.43364688394137E-16,-0.997564050259824,-0.0697564737441245));
#3548=DIRECTION('',(1.,-1.43005054419619E-16,-1.01494106808196E-17));
#3549=DIRECTION('',(1.49158902609499E-19,-0.0697564737441245,0.997564050259824));
#3550=DIRECTION('',(1.,4.27135211452743E-18,1.49158902609499E-19));
#3551=DIRECTION('',(1.49158902609499E-19,-0.0697564737441245,0.997564050259824));
#3552=DIRECTION('',(1.,4.27135211452743E-18,1.49158902609499E-19));
#3553=DIRECTION('',(1.49158902609499E-19,-0.0697564737441245,0.997564050259824));
#3554=DIRECTION('',(1.,4.27135211452743E-18,1.49158902609499E-19));
#3555=DIRECTION('',(-1.29168915268304E-16,-0.997564050259824,-0.0697564737441245));
#3556=DIRECTION('',(1.49158902609499E-19,-0.0697564737441245,0.997564050259824));
#3557=DIRECTION('',(1.,4.27135211452743E-18,1.49158902609499E-19));
#3558=DIRECTION('',(1.49158902609499E-19,-0.0697564737441245,0.997564050259824));
#3559=DIRECTION('',(1.,4.27135211452743E-18,1.49158902609499E-19));
#3560=DIRECTION('',(1.49158902609499E-19,-0.0697564737441245,0.997564050259824));
#3561=DIRECTION('',(1.,4.27135211452743E-18,1.49158902609499E-19));
#3562=DIRECTION('',(-1.29168915268304E-16,-0.997564050259824,-0.0697564737441245));
#3563=DIRECTION('',(1.49158902609499E-19,-0.0697564737441245,0.997564050259824));
#3564=DIRECTION('',(1.,4.27135211452743E-18,1.49158902609499E-19));
#3565=DIRECTION('',(1.49158902609499E-19,-0.0697564737441245,0.997564050259824));
#3566=DIRECTION('',(1.,4.27135211452743E-18,1.49158902609499E-19));
#3567=DIRECTION('',(1.49158902609499E-19,-0.0697564737441245,0.997564050259824));
#3568=DIRECTION('',(1.,4.27135211452743E-18,1.49158902609499E-19));
#3569=DIRECTION('',(-1.,1.43005054419619E-16,1.01494106808196E-17));
#3570=DIRECTION('',(1.49158902609499E-19,-0.0697564737441245,0.997564050259824));
#3571=DIRECTION('',(1.,4.27135211452743E-18,1.49158902609499E-19));
#3572=DIRECTION('',(1.49158902609499E-19,-0.0697564737441245,0.997564050259824));
#3573=DIRECTION('',(1.,4.27135211452743E-18,1.49158902609499E-19));
#3574=DIRECTION('',(1.49158902609499E-19,-0.0697564737441245,0.997564050259824));
#3575=DIRECTION('',(1.,4.27135211452743E-18,1.49158902609499E-19));
#3576=DIRECTION('',(1.29168915268304E-16,0.997564050259824,0.0697564737441245));
#3577=DIRECTION('',(1.49158902609499E-19,-0.0697564737441245,0.997564050259824));
#3578=DIRECTION('',(1.,4.27135211452743E-18,1.49158902609499E-19));
#3579=DIRECTION('',(1.49158902609499E-19,-0.0697564737441245,0.997564050259824));
#3580=DIRECTION('',(1.,4.27135211452743E-18,1.49158902609499E-19));
#3581=DIRECTION('',(1.49158902609499E-19,-0.0697564737441245,0.997564050259824));
#3582=DIRECTION('',(1.,4.27135211452743E-18,1.49158902609499E-19));
#3583=DIRECTION('',(1.29168915268304E-16,0.997564050259824,0.0697564737441245));
#3584=DIRECTION('',(1.49158902609499E-19,-0.0697564737441245,0.997564050259824));
#3585=DIRECTION('',(1.,4.27135211452743E-18,1.49158902609499E-19));
#3586=DIRECTION('',(1.49158902609499E-19,-0.0697564737441245,0.997564050259824));
#3587=DIRECTION('',(1.,4.27135211452743E-18,1.49158902609499E-19));
#3588=DIRECTION('',(1.49158902609499E-19,-0.0697564737441245,0.997564050259824));
#3589=DIRECTION('',(1.,4.27135211452743E-18,1.49158902609499E-19));
#3590=DIRECTION('',(1.49158902609499E-19,-0.0697564737441245,0.997564050259824));
#3591=DIRECTION('',(1.,4.27135211452743E-18,1.49158902609499E-19));
#3592=DIRECTION('',(1.49158902609499E-19,-0.0697564737441245,0.997564050259824));
#3593=DIRECTION('',(1.,4.27135211452743E-18,1.49158902609499E-19));
#3594=DIRECTION('',(1.49158902609499E-19,-0.0697564737441245,0.997564050259824));
#3595=DIRECTION('',(1.,4.27135211452743E-18,1.49158902609499E-19));
#3596=DIRECTION('',(1.49158902609499E-19,-0.0697564737441245,0.997564050259824));
#3597=DIRECTION('',(1.,4.27135211452743E-18,1.49158902609499E-19));
#3598=DIRECTION('',(1.49158902609499E-19,-0.0697564737441245,0.997564050259824));
#3599=DIRECTION('',(1.,4.27135211452743E-18,1.49158902609499E-19));
#3600=DIRECTION('',(1.43364688394137E-16,0.997564050259824,0.0697564737441245));
#3601=DIRECTION('',(-1.,1.43005054419619E-16,1.01494106808196E-17));
#3602=DIRECTION('',(1.43364688394137E-16,0.997564050259824,0.0697564737441245));
#3603=DIRECTION('',(4.27135211452743E-18,-0.997564050259824,-0.0697564737441245));
#3604=DIRECTION('',(-1.49158902609499E-19,0.0697564737441245,-0.997564050259824));
#3605=DIRECTION('',(1.43364688394137E-16,0.997564050259824,0.0697564737441245));
#3606=DIRECTION('',(-1.43364688394137E-16,-0.997564050259824,-0.0697564737441245));
#3607=DIRECTION('',(1.,-1.43005054419619E-16,-1.01494106808196E-17));
#3608=DIRECTION('',(-1.43364688394137E-16,-0.997564050259824,-0.0697564737441245));
#3609=DIRECTION('',(1.,-1.43005054419619E-16,-1.01494106808196E-17));
#3610=DIRECTION('',(1.49158902609499E-19,-0.0697564737441245,0.997564050259824));
#3611=DIRECTION('',(1.,-1.43005054419619E-16,-1.01494106808196E-17));
#3612=DIRECTION('',(-1.49158902609499E-19,0.0697564737441245,-0.997564050259824));
#3613=DIRECTION('',(-1.,1.43074299240634E-16,9.15916360548991E-18));
#3614=DIRECTION('',(-1.49158902609499E-19,0.0697564737441245,-0.997564050259824));
#3615=DIRECTION('',(1.,-1.43005054419619E-16,-1.01494106808196E-17));
#3616=DIRECTION('',(-1.49158902609499E-19,0.0697564737441245,-0.997564050259824));
#3617=DIRECTION('',(-1.43364688394137E-16,-0.997564050259824,-0.0697564737441245));
#3618=DIRECTION('',(1.,-1.43005054419619E-16,-1.01494106808196E-17));
#3619=DIRECTION('',(1.,-1.31748478363313E-16,-1.71125948055352E-16));
#3620=DIRECTION('',(1.,-1.28843861483644E-16,-9.15916360548993E-18));
#3621=DIRECTION('',(1.29168915268304E-16,0.997564050259824,0.0697564737441245));
#3622=DIRECTION('',(-1.49158902609499E-19,0.0697564737441245,-0.997564050259824));
#3623=DIRECTION('',(-1.29168915268304E-16,-0.997564050259824,-0.0697564737441245));
#3624=DIRECTION('',(-1.49158902609499E-19,0.0697564737441245,-0.997564050259824));
#3625=DIRECTION('',(1.28843861483644E-16,1.,-1.04083408558608E-15));
#3626=DIRECTION('',(1.,-1.28843861483644E-16,-9.15916360548993E-18));
#3627=DIRECTION('',(1.29168915268304E-16,0.997564050259824,0.0697564737441245));
#3628=DIRECTION('',(-1.49158902609499E-19,0.0697564737441245,-0.997564050259824));
#3629=DIRECTION('',(1.29168915268304E-16,0.997564050259824,0.0697564737441245));
#3630=DIRECTION('',(-1.49158902609499E-19,0.0697564737441245,-0.997564050259824));
#3631=DIRECTION('',(-1.28843861483644E-16,-1.,1.04083408558608E-15));
#3632=DIRECTION('',(-1.49158902609499E-19,0.0697564737441245,-0.997564050259824));
#3633=DIRECTION('',(-1.,-4.27135211452743E-18,-1.49158902609499E-19));
#3634=DIRECTION('',(1.49158902609499E-19,-0.0697564737441245,0.997564050259824));
#3635=DIRECTION('',(1.,4.27135211452743E-18,1.49158902609499E-19));
#3636=DIRECTION('',(-1.49158902609499E-19,0.0697564737441245,-0.997564050259824));
#3637=DIRECTION('',(-1.,-4.27135211452743E-18,-1.49158902609499E-19));
#3638=DIRECTION('',(-1.49158902609499E-19,0.0697564737441245,-0.997564050259824));
#3639=DIRECTION('',(-1.,-4.27135211452743E-18,-1.49158902609499E-19));
#3640=DIRECTION('',(1.49158902609499E-19,-0.0697564737441245,0.997564050259824));
#3641=DIRECTION('',(1.,4.27135211452743E-18,1.49158902609499E-19));
#3642=DIRECTION('',(-1.49158902609499E-19,0.0697564737441245,-0.997564050259824));
#3643=DIRECTION('',(-1.,-4.27135211452743E-18,-1.49158902609499E-19));
#3644=DIRECTION('',(-1.49158902609499E-19,0.0697564737441245,-0.997564050259824));
#3645=DIRECTION('',(-1.,-4.27135211452743E-18,-1.49158902609499E-19));
#3646=DIRECTION('',(1.49158902609499E-19,-0.0697564737441245,0.997564050259824));
#3647=DIRECTION('',(1.,4.27135211452743E-18,1.49158902609499E-19));
#3648=DIRECTION('',(-1.49158902609499E-19,0.0697564737441245,-0.997564050259824));
#3649=DIRECTION('',(-1.,-4.27135211452743E-18,-1.49158902609499E-19));
#3650=DIRECTION('',(-1.49158902609499E-19,0.0697564737441245,-0.997564050259824));
#3651=DIRECTION('',(-1.,-4.27135211452743E-18,-1.49158902609499E-19));
#3652=DIRECTION('',(1.49158902609499E-19,-0.0697564737441245,0.997564050259824));
#3653=DIRECTION('',(1.,4.27135211452743E-18,1.49158902609499E-19));
#3654=DIRECTION('',(-1.49158902609499E-19,0.0697564737441245,-0.997564050259824));
#3655=DIRECTION('',(-1.,-4.27135211452743E-18,-1.49158902609499E-19));
#3656=DIRECTION('',(-1.49158902609499E-19,0.0697564737441245,-0.997564050259824));
#3657=DIRECTION('',(-1.,-4.27135211452743E-18,-1.49158902609499E-19));
#3658=DIRECTION('',(1.49158902609499E-19,-0.0697564737441245,0.997564050259824));
#3659=DIRECTION('',(1.,4.27135211452743E-18,1.49158902609499E-19));
#3660=DIRECTION('',(-1.49158902609499E-19,0.0697564737441245,-0.997564050259824));
#3661=DIRECTION('',(-1.,-4.27135211452743E-18,-1.49158902609499E-19));
#3662=DIRECTION('',(-1.43364688394137E-16,-0.997564050259824,-0.0697564737441245));
#3663=DIRECTION('',(1.,-1.43005054419619E-16,-1.01494106808196E-17));
#3664=DIRECTION('',(-1.49158902609499E-19,0.0697564737441245,-0.997564050259824));
#3665=DIRECTION('',(-1.,1.43005054419619E-16,1.01494106808196E-17));
#3666=DIRECTION('',(-1.49158902609499E-19,0.0697564737441245,-0.997564050259824));
#3667=DIRECTION('',(1.,-1.43074299240634E-16,-9.15916360548991E-18));
#3668=DIRECTION('',(-1.49158902609499E-19,0.0697564737441245,-0.997564050259824));
#3669=DIRECTION('',(-1.,-4.27135211452743E-18,-1.49158902609499E-19));
#3670=DIRECTION('',(1.49158902609499E-19,-0.0697564737441245,0.997564050259824));
#3671=DIRECTION('',(1.,4.27135211452743E-18,1.49158902609499E-19));
#3672=DIRECTION('',(-1.49158902609499E-19,0.0697564737441245,-0.997564050259824));
#3673=DIRECTION('',(-1.,-4.27135211452743E-18,-1.49158902609499E-19));
#3674=DIRECTION('',(1.49158902609499E-19,-0.0697564737441245,0.997564050259824));
#3675=DIRECTION('',(1.,4.27135211452743E-18,1.49158902609499E-19));
#3676=DIRECTION('',(1.49158902609499E-19,-0.0697564737441245,0.997564050259824));
#3677=DIRECTION('',(1.,4.27135211452743E-18,1.49158902609499E-19));
#3678=DIRECTION('',(-1.49158902609499E-19,0.0697564737441245,-0.997564050259824));
#3679=DIRECTION('',(-1.,-4.27135211452743E-18,-1.49158902609499E-19));
#3680=DIRECTION('',(1.49158902609499E-19,-0.0697564737441245,0.997564050259824));
#3681=DIRECTION('',(1.,4.27135211452743E-18,1.49158902609499E-19));
#3682=DIRECTION('',(-1.49158902609499E-19,0.0697564737441245,-0.997564050259824));
#3683=DIRECTION('',(-1.,-4.27135211452743E-18,-1.49158902609499E-19));
#3684=DIRECTION('',(1.49158902609499E-19,-0.0697564737441245,0.997564050259824));
#3685=DIRECTION('',(1.,4.27135211452743E-18,1.49158902609499E-19));
#3686=DIRECTION('',(1.49158902609499E-19,-0.0697564737441245,0.997564050259824));
#3687=DIRECTION('',(1.,4.27135211452743E-18,1.49158902609499E-19));
#3688=DIRECTION('',(1.49158902609499E-19,-0.0697564737441245,0.997564050259824));
#3689=DIRECTION('',(1.,4.27135211452743E-18,1.49158902609499E-19));
#3690=DIRECTION('',(-1.49158902609499E-19,0.0697564737441245,-0.997564050259824));
#3691=DIRECTION('',(1.,4.27135211452743E-18,1.49158902609499E-19));
#3692=DIRECTION('',(-1.49158902609499E-19,0.0697564737441245,-0.997564050259824));
#3693=DIRECTION('',(-1.,-4.27135211452743E-18,-1.49158902609499E-19));
#3694=DIRECTION('',(-1.49158902609499E-19,0.0697564737441245,-0.997564050259824));
#3695=DIRECTION('',(1.,4.27135211452743E-18,1.49158902609499E-19));
#3696=DIRECTION('',(-1.49158902609499E-19,0.0697564737441245,-0.997564050259824));
#3697=DIRECTION('',(-1.,-4.27135211452743E-18,-1.49158902609499E-19));
#3698=DIRECTION('',(-1.49158902609499E-19,0.0697564737441245,-0.997564050259824));
#3699=DIRECTION('',(1.,4.27135211452743E-18,1.49158902609499E-19));
#3700=DIRECTION('',(-1.49158902609499E-19,0.0697564737441245,-0.997564050259824));
#3701=DIRECTION('',(-1.,-4.27135211452743E-18,-1.49158902609499E-19));
#3702=DIRECTION('',(-1.49158902609499E-19,0.0697564737441245,-0.997564050259824));
#3703=DIRECTION('',(1.,4.27135211452743E-18,1.49158902609499E-19));
#3704=DIRECTION('',(-1.49158902609499E-19,0.0697564737441245,-0.997564050259824));
#3705=DIRECTION('',(-1.,-4.27135211452743E-18,-1.49158902609499E-19));
#3706=DIRECTION('',(-1.49158902609499E-19,0.0697564737441245,-0.997564050259824));
#3707=DIRECTION('',(1.,4.27135211452743E-18,1.49158902609499E-19));
#3708=DIRECTION('',(-1.49158902609499E-19,0.0697564737441245,-0.997564050259824));
#3709=DIRECTION('',(-1.,-4.27135211452743E-18,-1.49158902609499E-19));
#3710=DIRECTION('',(-1.49158902609499E-19,0.0697564737441245,-0.997564050259824));
#3711=DIRECTION('',(1.,4.27135211452743E-18,1.49158902609499E-19));
#3712=DIRECTION('',(-1.49158902609499E-19,0.0697564737441245,-0.997564050259824));
#3713=DIRECTION('',(-1.,-4.27135211452743E-18,-1.49158902609499E-19));
#3714=DIRECTION('',(9.15916360549006E-18,1.04083408558608E-15,1.));
#3715=DIRECTION('',(4.27135211452743E-18,-1.,1.04083408558608E-15));
#3716=DIRECTION('',(1.28843861483644E-16,1.,-1.04083408558608E-15));
#3717=DIRECTION('',(1.,-1.43074299240633E-16,-9.15916360548991E-18));
#3718=DIRECTION('',(-1.28843861483644E-16,-1.,1.04083408558608E-15));
#3719=DIRECTION('',(-1.,1.43074299240633E-16,9.15916360548991E-18));
#3720=DIRECTION('',(0.707044448459431,-8.32667268468867E-16,-0.707169108419407));
#3721=DIRECTION('',(1.28843861483644E-16,1.,-1.04083408558608E-15));
#3722=DIRECTION('',(-9.83828121364723E-17,-0.731297639395079,0.682058474483812));
#3723=DIRECTION('',(-1.,1.43074299240633E-16,9.15916360548991E-18));
#3724=DIRECTION('',(-1.04265724542393E-16,-0.681929224305416,-0.731418165646857));
#3725=DIRECTION('',(1.,-1.43074299240633E-16,-9.15916360548991E-18));
#3726=DIRECTION('',(0.707044448459433,6.38378239159465E-16,0.707169108419405));
#3727=DIRECTION('',(-1.28843861483644E-16,-1.,1.04083408558608E-15));
#3728=DIRECTION('',(1.,-1.28843861483644E-16,-9.15916360548993E-18));
#3729=DIRECTION('',(1.29168915268304E-16,0.997564050259824,0.0697564737441245));
#3730=DIRECTION('',(1.49158902609499E-19,-0.0697564737441245,0.997564050259824));
#3731=DIRECTION('',(1.28843861483644E-16,1.,-1.04083408558608E-15));
#3732=DIRECTION('',(-1.49158902609499E-19,0.0697564737441245,-0.997564050259824));
#3733=DIRECTION('',(-1.29168915268304E-16,-0.997564050259824,-0.0697564737441245));
#3734=DIRECTION('',(1.,-1.28843861483644E-16,-9.15916360548993E-18));
#3735=DIRECTION('',(1.29168915268304E-16,0.997564050259824,0.0697564737441245));
#3736=DIRECTION('',(-1.49158902609499E-19,0.0697564737441245,-0.997564050259824));
#3737=DIRECTION('',(-1.28843861483644E-16,-1.,1.04083408558608E-15));
#3738=DIRECTION('',(1.49158902609499E-19,-0.0697564737441245,0.997564050259824));
#3739=DIRECTION('',(1.29168915268304E-16,0.997564050259824,0.0697564737441245));
#3740=DIRECTION('',(1.,-1.28843861483644E-16,-9.15916360548993E-18));
#3741=DIRECTION('',(1.29168915268304E-16,0.997564050259824,0.0697564737441245));
#3742=DIRECTION('',(1.49158902609499E-19,-0.0697564737441245,0.997564050259824));
#3743=DIRECTION('',(-1.28843861483644E-16,-1.,1.04083408558608E-15));
#3744=DIRECTION('',(1.49158902609499E-19,-0.0697564737441245,0.997564050259824));
#3745=DIRECTION('',(1.29168915268304E-16,0.997564050259824,0.0697564737441245));
#3746=DIRECTION('',(1.,-1.28843861483644E-16,-9.15916360548993E-18));
#3747=DIRECTION('',(1.29168915268304E-16,0.997564050259824,0.0697564737441245));
#3748=DIRECTION('',(1.49158902609499E-19,-0.0697564737441245,0.997564050259824));
#3749=DIRECTION('',(1.28843861483644E-16,1.,-1.04083408558608E-15));
#3750=DIRECTION('',(1.49158902609499E-19,-0.0697564737441245,0.997564050259824));
#3751=DIRECTION('',(-1.29168915268304E-16,-0.997564050259824,-0.0697564737441245));
#3752=DIRECTION('',(-1.49158902609499E-19,0.0697564737441245,-0.997564050259824));
#3753=DIRECTION('',(-1.,-4.27135211452743E-18,-1.49158902609499E-19));
#3754=DIRECTION('',(-1.49158902609499E-19,0.0697564737441245,-0.997564050259824));
#3755=DIRECTION('',(-1.49158902609499E-19,0.0697564737441245,-0.997564050259824));
#3756=DIRECTION('',(1.49158902609499E-19,-0.0697564737441245,0.997564050259824));
#3757=DIRECTION('',(1.,4.27135211452743E-18,1.49158902609499E-19));
#3758=DIRECTION('',(-1.49158902609499E-19,0.0697564737441245,-0.997564050259824));
#3759=DIRECTION('',(-1.,-4.27135211452743E-18,-1.49158902609499E-19));
#3760=DIRECTION('',(-1.49158902609499E-19,0.0697564737441245,-0.997564050259824));
#3761=DIRECTION('',(-1.49158902609499E-19,0.0697564737441245,-0.997564050259824));
#3762=DIRECTION('',(1.49158902609499E-19,-0.0697564737441245,0.997564050259824));
#3763=DIRECTION('',(1.,4.27135211452743E-18,1.49158902609499E-19));
#3764=DIRECTION('',(-1.49158902609499E-19,0.0697564737441245,-0.997564050259824));
#3765=DIRECTION('',(-1.,-4.27135211452743E-18,-1.49158902609499E-19));
#3766=DIRECTION('',(-1.49158902609499E-19,0.0697564737441245,-0.997564050259824));
#3767=DIRECTION('',(-1.49158902609499E-19,0.0697564737441245,-0.997564050259824));
#3768=DIRECTION('',(1.49158902609499E-19,-0.0697564737441245,0.997564050259824));
#3769=DIRECTION('',(1.,4.27135211452743E-18,1.49158902609499E-19));
#3770=DIRECTION('',(-1.49158902609499E-19,0.0697564737441245,-0.997564050259824));
#3771=DIRECTION('',(-1.,-4.27135211452743E-18,-1.49158902609499E-19));
#3772=DIRECTION('',(-1.49158902609499E-19,0.0697564737441245,-0.997564050259824));
#3773=DIRECTION('',(-1.49158902609499E-19,0.0697564737441245,-0.997564050259824));
#3774=DIRECTION('',(1.49158902609499E-19,-0.0697564737441245,0.997564050259824));
#3775=DIRECTION('',(1.,4.27135211452743E-18,1.49158902609499E-19));
#3776=DIRECTION('',(-1.43364688394137E-16,-0.997564050259824,-0.0697564737441245));
#3777=DIRECTION('',(1.,-1.43005054419619E-16,-1.01494106808196E-17));
#3778=DIRECTION('',(1.49158902609499E-19,-0.0697564737441245,0.997564050259824));
#3779=DIRECTION('',(-1.,1.43074299240634E-16,9.15916360548991E-18));
#3780=DIRECTION('',(-1.49158902609499E-19,0.0697564737441245,-0.997564050259824));
#3781=DIRECTION('',(1.,-1.43005054419619E-16,-1.01494106808196E-17));
#3782=DIRECTION('',(1.49158902609499E-19,-0.0697564737441245,0.997564050259824));
#3783=DIRECTION('',(1.,4.27135211452743E-18,1.49158902609499E-19));
#3784=DIRECTION('',(1.49158902609499E-19,-0.0697564737441245,0.997564050259824));
#3785=DIRECTION('',(1.,4.27135211452743E-18,1.49158902609499E-19));
#3786=DIRECTION('',(-1.49158902609499E-19,0.0697564737441245,-0.997564050259824));
#3787=DIRECTION('',(-1.,-4.27135211452743E-18,-1.49158902609499E-19));
#3788=DIRECTION('',(1.49158902609499E-19,-0.0697564737441245,0.997564050259824));
#3789=DIRECTION('',(1.,4.27135211452743E-18,1.49158902609499E-19));
#3790=DIRECTION('',(1.49158902609499E-19,-0.0697564737441245,0.997564050259824));
#3791=DIRECTION('',(1.,4.27135211452743E-18,1.49158902609499E-19));
#3792=DIRECTION('',(1.49158902609499E-19,-0.0697564737441245,0.997564050259824));
#3793=DIRECTION('',(1.,4.27135211452743E-18,1.49158902609499E-19));
#3794=DIRECTION('',(1.49158902609499E-19,-0.0697564737441245,0.997564050259824));
#3795=DIRECTION('',(1.,4.27135211452743E-18,1.49158902609499E-19));
#3796=DIRECTION('',(-1.49158902609499E-19,0.0697564737441245,-0.997564050259824));
#3797=DIRECTION('',(-1.,-4.27135211452743E-18,-1.49158902609499E-19));
#3798=DIRECTION('',(1.49158902609499E-19,-0.0697564737441245,0.997564050259824));
#3799=DIRECTION('',(1.,4.27135211452743E-18,1.49158902609499E-19));
#3800=DIRECTION('',(1.49158902609499E-19,-0.0697564737441245,0.997564050259824));
#3801=DIRECTION('',(1.,4.27135211452743E-18,1.49158902609499E-19));
#3802=DIRECTION('',(1.49158902609499E-19,-0.0697564737441245,0.997564050259824));
#3803=DIRECTION('',(1.,4.27135211452743E-18,1.49158902609499E-19));
#3804=DIRECTION('',(1.49158902609499E-19,-0.0697564737441245,0.997564050259824));
#3805=DIRECTION('',(1.,4.27135211452743E-18,1.49158902609499E-19));
#3806=DIRECTION('',(-1.49158902609499E-19,0.0697564737441245,-0.997564050259824));
#3807=DIRECTION('',(-1.,-4.27135211452743E-18,-1.49158902609499E-19));
#3808=DIRECTION('',(1.49158902609499E-19,-0.0697564737441245,0.997564050259824));
#3809=DIRECTION('',(1.,4.27135211452743E-18,1.49158902609499E-19));
#3810=DIRECTION('',(1.49158902609499E-19,-0.0697564737441245,0.997564050259824));
#3811=DIRECTION('',(1.,4.27135211452743E-18,1.49158902609499E-19));
#3812=DIRECTION('',(1.49158902609499E-19,-0.0697564737441245,0.997564050259824));
#3813=DIRECTION('',(1.,4.27135211452743E-18,1.49158902609499E-19));
#3814=DIRECTION('',(1.49158902609499E-19,-0.0697564737441245,0.997564050259824));
#3815=DIRECTION('',(1.,4.27135211452743E-18,1.49158902609499E-19));
#3816=DIRECTION('',(-1.49158902609499E-19,0.0697564737441245,-0.997564050259824));
#3817=DIRECTION('',(-1.,-4.27135211452743E-18,-1.49158902609499E-19));
#3818=DIRECTION('',(1.49158902609499E-19,-0.0697564737441245,0.997564050259824));
#3819=DIRECTION('',(1.,4.27135211452743E-18,1.49158902609499E-19));
#3820=DIRECTION('',(1.49158902609499E-19,-0.0697564737441245,0.997564050259824));
#3821=DIRECTION('',(1.,4.27135211452743E-18,1.49158902609499E-19));
#3822=DIRECTION('',(1.49158902609499E-19,-0.0697564737441245,0.997564050259824));
#3823=DIRECTION('',(1.,4.27135211452743E-18,1.49158902609499E-19));
#3824=DIRECTION('',(1.49158902609499E-19,-0.0697564737441245,0.997564050259824));
#3825=DIRECTION('',(1.,4.27135211452743E-18,1.49158902609499E-19));
#3826=DIRECTION('',(-1.49158902609499E-19,0.0697564737441245,-0.997564050259824));
#3827=DIRECTION('',(-1.,-4.27135211452743E-18,-1.49158902609499E-19));
#3828=DIRECTION('',(1.49158902609499E-19,-0.0697564737441245,0.997564050259824));
#3829=DIRECTION('',(1.,4.27135211452743E-18,1.49158902609499E-19));
#3830=DIRECTION('',(1.49158902609499E-19,-0.0697564737441245,0.997564050259824));
#3831=DIRECTION('',(1.,4.27135211452743E-18,1.49158902609499E-19));
#3832=DIRECTION('',(1.49158902609499E-19,-0.0697564737441245,0.997564050259824));
#3833=DIRECTION('',(1.,4.27135211452743E-18,1.49158902609499E-19));
#3834=DIRECTION('',(1.49158902609499E-19,-0.0697564737441245,0.997564050259824));
#3835=DIRECTION('',(1.,4.27135211452743E-18,1.49158902609499E-19));
#3836=DIRECTION('',(-1.49158902609499E-19,0.0697564737441245,-0.997564050259824));
#3837=DIRECTION('',(-1.,-4.27135211452743E-18,-1.49158902609499E-19));
#3838=DIRECTION('',(1.49158902609499E-19,-0.0697564737441245,0.997564050259824));
#3839=DIRECTION('',(1.,4.27135211452743E-18,1.49158902609499E-19));
#3840=DIRECTION('',(1.49158902609499E-19,-0.0697564737441245,0.997564050259824));
#3841=DIRECTION('',(1.,4.27135211452743E-18,1.49158902609499E-19));
#3842=DIRECTION('',(1.6151878457487E-16,-0.0697564737441245,0.997564050259824));
#3843=DIRECTION('',(1.,1.55279281708337E-17,-1.60827378471923E-16));
#3844=DIRECTION('',(1.43364688394137E-16,0.997564050259824,0.0697564737441245));
#3845=DIRECTION('',(1.,-1.31748478363313E-16,-1.71125948055352E-16));
#3846=DIRECTION('',(1.43364688394137E-16,0.997564050259824,0.0697564737441245));
#3847=DIRECTION('',(-1.,1.43005054419619E-16,1.01494106808196E-17));
#3848=DIRECTION('',(1.43364688394137E-16,0.997564050259824,0.0697564737441245));
#3849=DIRECTION('',(4.27135211452743E-18,-0.997564050259824,-0.0697564737441245));
#3850=DIRECTION('',(-1.49158902609499E-19,0.0697564737441245,-0.997564050259824));
#3851=DIRECTION('',(1.,-1.43005054419619E-16,-1.01494106808196E-17));
#3852=DIRECTION('',(1.43364688394137E-16,0.997564050259824,0.0697564737441245));
#3853=DIRECTION('',(-1.43364688394137E-16,-0.997564050259824,-0.0697564737441245));
#3854=DIRECTION('',(-1.49158902609499E-19,0.0697564737441245,-0.997564050259824));
#3855=DIRECTION('',(-1.,1.43005054419619E-16,1.01494106808196E-17));
#3856=DIRECTION('',(-1.43364688394137E-16,-0.997564050259824,-0.0697564737441245));
#3857=DIRECTION('',(1.49158902609499E-19,-0.0697564737441245,0.997564050259824));
#3858=DIRECTION('',(1.43364688394137E-16,0.997564050259824,0.0697564737441245));
#3859=DIRECTION('',(1.,-1.76375734454211E-16,-9.15916360548988E-18));
#3860=DIRECTION('',(1.76585002985259E-16,0.997564050259824,0.0697564737441245));
#3861=DIRECTION('',(1.,-1.76375734454211E-16,-9.15916360548988E-18));
#3862=DIRECTION('',(-1.18239971173892E-16,-0.707106781186549,0.707106781186547));
#3863=DIRECTION('',(9.15916360549006E-18,1.0547118733939E-15,1.));
#3864=DIRECTION('',(1.,-1.76375734454211E-16,-9.15916360548988E-18));
#3865=DIRECTION('',(1.18239971173891E-16,0.707106781186545,-0.707106781186551));
#3866=DIRECTION('',(1.76375734454211E-16,1.,-1.0547118733939E-15));
#3867=DIRECTION('',(1.,-1.76375734454211E-16,-9.15916360548988E-18));
#3868=DIRECTION('',(-1.3119298456477E-16,-0.70710678118655,-0.707106781186545));
#3869=DIRECTION('',(9.15916360549006E-18,1.0547118733939E-15,1.));
#3870=DIRECTION('',(-1.76375734454211E-16,-1.,1.04083408558608E-15));
#3871=DIRECTION('',(4.27135211452743E-18,-1.,1.0547118733939E-15));
#3872=DIRECTION('',(1.49158902609505E-19,-1.0547118733939E-15,-1.));
#3873=DIRECTION('',(4.27135211452743E-18,-1.,1.0547118733939E-15));
#3874=DIRECTION('',(0.707106781186547,-7.42461647718073E-16,-0.707106781186548));
#3875=DIRECTION('',(9.15916360549006E-18,1.0547118733939E-15,1.));
#3876=DIRECTION('',(4.27135211452743E-18,-1.,1.0547118733939E-15));
#3877=DIRECTION('',(-0.707106781186544,7.42461647718073E-16,0.707106781186551));
#3878=DIRECTION('',(1.,4.27135211452742E-18,-9.15916360549006E-18));
#3879=DIRECTION('',(4.27135211452743E-18,-1.,1.0547118733939E-15));
#3880=DIRECTION('',(-0.707106781186547,-7.42461647718073E-16,-0.707106781186548));
#3881=DIRECTION('',(9.15916360549006E-18,1.0547118733939E-15,1.));
#3882=DIRECTION('',(4.27135211452743E-18,-1.,1.0547118733939E-15));
#3883=DIRECTION('',(0.707106781186547,7.42461647718073E-16,0.707106781186548));
#3884=DIRECTION('',(-1.,-4.27135211452742E-18,9.15916360549006E-18));
#3885=DIRECTION('',(1.,-1.76375734454211E-16,-9.15916360548988E-18));
#3886=DIRECTION('',(1.76585002985259E-16,0.997564050259824,0.0697564737441245));
#3887=DIRECTION('',(1.,-1.76375734454211E-16,-9.15916360548988E-18));
#3888=DIRECTION('',(-1.18239971173891E-16,-0.707106781186545,0.707106781186551));
#3889=DIRECTION('',(9.15916360549006E-18,1.0547118733939E-15,1.));
#3890=DIRECTION('',(1.,-1.76375734454211E-16,-9.15916360548988E-18));
#3891=DIRECTION('',(1.18239971173892E-16,0.707106781186549,-0.707106781186547));
#3892=DIRECTION('',(1.76375734454211E-16,1.,-1.04083408558608E-15));
#3893=DIRECTION('',(9.15916360549006E-18,1.0547118733939E-15,1.));
#3894=DIRECTION('',(1.,-1.76375734454211E-16,-9.15916360548988E-18));
#3895=DIRECTION('',(1.3119298456477E-16,0.70710678118655,0.707106781186545));
#3896=DIRECTION('',(-1.76375734454211E-16,-1.,1.0547118733939E-15));
#3897=DIRECTION('',(4.27135211452743E-18,-1.,1.0547118733939E-15));
#3898=DIRECTION('',(1.49158902609505E-19,-1.0547118733939E-15,-1.));
#3899=DIRECTION('',(-0.707106781186544,7.42461647718073E-16,0.707106781186551));
#3900=DIRECTION('',(9.15916360549006E-18,1.0547118733939E-15,1.));
#3901=DIRECTION('',(4.27135211452743E-18,-1.,1.0547118733939E-15));
#3902=DIRECTION('',(0.707106781186547,-7.49400541621981E-16,-0.707106781186549));
#3903=DIRECTION('',(1.,4.27135211452742E-18,-9.15916360549006E-18));
#3904=DIRECTION('',(4.27135211452743E-18,-1.,1.0547118733939E-15));
#3905=DIRECTION('',(0.707106781186548,7.35522753814166E-16,0.707106781186548));
#3906=DIRECTION('',(9.15916360549006E-18,1.0547118733939E-15,1.));
#3907=DIRECTION('',(0.707106781186548,7.42461647718073E-16,0.707106781186548));
#3908=DIRECTION('',(9.15916360549006E-18,1.0547118733939E-15,1.));
#3909=DIRECTION('',(1.,4.27135211452742E-18,-9.15916360549007E-18));
#3910=DIRECTION('',(-1.76375734454211E-16,-1.,1.0547118733939E-15));
#3911=DIRECTION('',(9.15916360549006E-18,1.0547118733939E-15,1.));
#3912=DIRECTION('',(0.707106781186549,0.707106781186546,-7.42461647718073E-16));
#3913=DIRECTION('',(9.15916360549006E-18,1.0547118733939E-15,1.));
#3914=DIRECTION('',(0.70710678118655,-0.707106781186546,7.28583859910259E-16));
#3915=DIRECTION('',(1.76375734454211E-16,1.,-1.0547118733939E-15));
#3916=DIRECTION('',(9.15916360549006E-18,1.0547118733939E-15,1.));
#3917=DIRECTION('',(0.707106781186546,0.707106781186549,-7.42461647718073E-16));
#3918=DIRECTION('',(9.15916360549006E-18,1.0547118733939E-15,1.));
#3919=DIRECTION('',(0.707106781186545,-0.70710678118655,7.35522753814166E-16));
#3920=DIRECTION('',(-4.27135211452743E-18,1.,-1.0547118733939E-15));
#3921=DIRECTION('',(-1.49158902609505E-19,1.0547118733939E-15,1.));
#3922=DIRECTION('',(-4.27135211452743E-18,1.,-1.0547118733939E-15));
#3923=DIRECTION('',(-0.707106781186551,-7.42461647718073E-16,-0.707106781186544));
#3924=DIRECTION('',(9.15916360549006E-18,1.0547118733939E-15,1.));
#3925=DIRECTION('',(-4.27135211452743E-18,1.,-1.0547118733939E-15));
#3926=DIRECTION('',(-0.707106781186547,-7.42461647718073E-16,-0.707106781186548));
#3927=DIRECTION('',(-1.,-4.27135211452742E-18,9.15916360549006E-18));
#3928=DIRECTION('',(-4.27135211452743E-18,1.,-1.0547118733939E-15));
#3929=DIRECTION('',(-0.707106781186547,7.42461647718073E-16,0.707106781186549));
#3930=DIRECTION('',(9.15916360549006E-18,1.0547118733939E-15,1.));
#3931=DIRECTION('',(-4.27135211452743E-18,1.,-1.0547118733939E-15));
#3932=DIRECTION('',(-0.707106781186543,7.35522753814166E-16,0.707106781186553));
#3933=DIRECTION('',(1.,4.27135211452742E-18,-9.15916360549006E-18));
#3934=DIRECTION('',(1.,2.93306690624509E-16,-9.15916360549037E-18));
#3935=DIRECTION('',(-2.91953299312127E-16,0.997564050259824,0.0697564737441245));
#3936=DIRECTION('',(-2.93306690624509E-16,1.,-1.04083408558608E-15));
#3937=DIRECTION('',(9.15916360549006E-18,1.0547118733939E-15,1.));
#3938=DIRECTION('',(1.,2.93306690624509E-16,-9.15916360549037E-18));
#3939=DIRECTION('',(2.00922643212537E-16,-0.70710678118655,-0.707106781186545));
#3940=DIRECTION('',(2.93306690624509E-16,-1.,1.0547118733939E-15));
#3941=DIRECTION('',(1.,2.93306690624509E-16,-9.15916360549037E-18));
#3942=DIRECTION('',(-2.13875656603414E-16,0.707106781186545,-0.707106781186551));
#3943=DIRECTION('',(9.15916360549006E-18,1.0547118733939E-15,1.));
#3944=DIRECTION('',(1.,2.93306690624509E-16,-9.15916360549037E-18));
#3945=DIRECTION('',(-2.13875656603415E-16,0.70710678118655,-0.707106781186545));
#3946=DIRECTION('',(-4.27135211452743E-18,1.,-1.0547118733939E-15));
#3947=DIRECTION('',(-1.49158902609505E-19,1.0547118733939E-15,1.));
#3948=DIRECTION('',(-4.27135211452743E-18,1.,-1.0547118733939E-15));
#3949=DIRECTION('',(-0.707106781186547,-7.42461647718073E-16,-0.707106781186549));
#3950=DIRECTION('',(9.15916360549006E-18,1.0547118733939E-15,1.));
#3951=DIRECTION('',(0.707106781186551,7.42461647718073E-16,0.707106781186544));
#3952=DIRECTION('',(-0.707106781186543,7.35522753814166E-16,0.707106781186553));
#3953=DIRECTION('',(9.15916360549006E-18,1.0547118733939E-15,1.));
#3954=DIRECTION('',(-4.27135211452743E-18,1.,-1.0547118733939E-15));
#3955=DIRECTION('',(-0.707106781186547,7.49400541621981E-16,0.707106781186549));
#3956=DIRECTION('',(1.,4.27135211452742E-18,-9.15916360549006E-18));
#3957=DIRECTION('',(1.,2.93306690624509E-16,-9.15916360549037E-18));
#3958=DIRECTION('',(-2.91953299312127E-16,0.997564050259824,0.0697564737441245));
#3959=DIRECTION('',(1.,2.93306690624509E-16,-9.15916360549037E-18));
#3960=DIRECTION('',(-2.00922643212537E-16,0.70710678118655,0.707106781186545));
#3961=DIRECTION('',(9.15916360549006E-18,1.0547118733939E-15,1.));
#3962=DIRECTION('',(2.93306690624509E-16,-1.,1.04083408558608E-15));
#3963=DIRECTION('',(1.,2.93306690624509E-16,-9.15916360549037E-18));
#3964=DIRECTION('',(2.13875656603415E-16,-0.70710678118655,0.707106781186545));
#3965=DIRECTION('',(9.15916360549006E-18,1.0547118733939E-15,1.));
#3966=DIRECTION('',(1.,2.93306690624509E-16,-9.15916360549037E-18));
#3967=DIRECTION('',(2.13875656603414E-16,-0.707106781186545,0.707106781186551));
#3968=DIRECTION('',(-2.93306690624509E-16,1.,-1.0547118733939E-15));
#3969=DIRECTION('',(9.15916360549006E-18,1.0547118733939E-15,1.));
#3970=DIRECTION('',(1.,4.27135211452742E-18,-9.15916360549007E-18));
#3971=DIRECTION('',(2.93306690624509E-16,-1.,1.0547118733939E-15));
#3972=DIRECTION('',(9.15916360549006E-18,1.0547118733939E-15,1.));
#3973=DIRECTION('',(-0.707106781186549,-0.707106781186546,7.49400541621981E-16));
#3974=DIRECTION('',(9.15916360549006E-18,1.0547118733939E-15,1.));
#3975=DIRECTION('',(-0.707106781186549,0.707106781186546,-7.28583859910259E-16));
#3976=DIRECTION('',(-2.93306690624509E-16,1.,-1.0547118733939E-15));
#3977=DIRECTION('',(9.15916360549006E-18,1.0547118733939E-15,1.));
#3978=DIRECTION('',(-0.707106781186545,-0.707106781186551,7.42461647718073E-16));
#3979=DIRECTION('',(9.15916360549006E-18,1.0547118733939E-15,1.));
#3980=DIRECTION('',(-0.707106781186545,0.707106781186551,-7.21644966006352E-16));
#3981=DIRECTION('',(-1.49158902609499E-19,0.0697564737441245,-0.997564050259824));
#3982=DIRECTION('',(-1.,-4.27135211452743E-18,-1.49158902609499E-19));
#3983=DIRECTION('',(1.49158902609499E-19,-0.0697564737441245,0.997564050259824));
#3984=DIRECTION('',(1.,4.27135211452743E-18,1.49158902609499E-19));
#3985=DIRECTION('',(-1.49158902609499E-19,0.0697564737441245,-0.997564050259824));
#3986=DIRECTION('',(-1.,-4.27135211452743E-18,-1.49158902609499E-19));
#3987=DIRECTION('',(1.49158902609499E-19,-0.0697564737441245,0.997564050259824));
#3988=DIRECTION('',(1.,4.27135211452743E-18,1.49158902609499E-19));
#3989=DIRECTION('',(-1.49158902609499E-19,0.0697564737441245,-0.997564050259824));
#3990=DIRECTION('',(-1.,-4.27135211452743E-18,-1.49158902609499E-19));
#3991=DIRECTION('',(1.49158902609499E-19,-0.0697564737441245,0.997564050259824));
#3992=DIRECTION('',(1.,4.27135211452743E-18,1.49158902609499E-19));
#3993=DIRECTION('',(-1.49158902609499E-19,0.0697564737441245,-0.997564050259824));
#3994=DIRECTION('',(-1.,-4.27135211452743E-18,-1.49158902609499E-19));
#3995=DIRECTION('',(1.49158902609499E-19,-0.0697564737441245,0.997564050259824));
#3996=DIRECTION('',(1.,4.27135211452743E-18,1.49158902609499E-19));
#3997=DIRECTION('',(-1.49158902609499E-19,0.0697564737441245,-0.997564050259824));
#3998=DIRECTION('',(-1.,-4.27135211452743E-18,-1.49158902609499E-19));
#3999=DIRECTION('',(1.49158902609499E-19,-0.0697564737441245,0.997564050259824));
#4000=DIRECTION('',(1.,4.27135211452743E-18,1.49158902609499E-19));
#4001=DIRECTION('',(-1.49158902609499E-19,0.0697564737441245,-0.997564050259824));
#4002=DIRECTION('',(-1.,-4.27135211452743E-18,-1.49158902609499E-19));
#4003=DIRECTION('',(1.49158902609499E-19,-0.0697564737441245,0.997564050259824));
#4004=DIRECTION('',(1.,4.27135211452743E-18,1.49158902609499E-19));
#4005=DIRECTION('',(-1.49158902609499E-19,0.0697564737441245,-0.997564050259824));
#4006=DIRECTION('',(-1.,-4.27135211452743E-18,-1.49158902609499E-19));
#4007=DIRECTION('',(1.49158902609499E-19,-0.0697564737441245,0.997564050259824));
#4008=DIRECTION('',(1.,4.27135211452743E-18,1.49158902609499E-19));
#4009=DIRECTION('',(-1.49158902609499E-19,0.0697564737441245,-0.997564050259824));
#4010=DIRECTION('',(-1.,-4.27135211452743E-18,-1.49158902609499E-19));
#4011=DIRECTION('',(1.49158902609499E-19,-0.0697564737441245,0.997564050259824));
#4012=DIRECTION('',(1.,4.27135211452743E-18,1.49158902609499E-19));
#4013=DIRECTION('',(-1.49158902609499E-19,0.0697564737441245,-0.997564050259824));
#4014=DIRECTION('',(-1.,-4.27135211452743E-18,-1.49158902609499E-19));
#4015=DIRECTION('',(1.49158902609499E-19,-0.0697564737441245,0.997564050259824));
#4016=DIRECTION('',(1.,4.27135211452743E-18,1.49158902609499E-19));
#4017=DIRECTION('',(-1.49158902609499E-19,0.0697564737441245,-0.997564050259824));
#4018=DIRECTION('',(-1.,-4.27135211452743E-18,-1.49158902609499E-19));
#4019=DIRECTION('',(1.49158902609499E-19,-0.0697564737441245,0.997564050259824));
#4020=DIRECTION('',(1.,4.27135211452743E-18,1.49158902609499E-19));
#4021=DIRECTION('',(-1.49158902609499E-19,0.0697564737441245,-0.997564050259824));
#4022=DIRECTION('',(-1.,-4.27135211452743E-18,-1.49158902609499E-19));
#4023=DIRECTION('',(1.49158902609499E-19,-0.0697564737441245,0.997564050259824));
#4024=DIRECTION('',(1.,4.27135211452743E-18,1.49158902609499E-19));
#4025=DIRECTION('',(-1.49158902609499E-19,0.0697564737441245,-0.997564050259824));
#4026=DIRECTION('',(-1.,-4.27135211452743E-18,-1.49158902609499E-19));
#4027=DIRECTION('',(1.49158902609499E-19,-0.0697564737441245,0.997564050259824));
#4028=DIRECTION('',(1.,4.27135211452743E-18,1.49158902609499E-19));
#4029=DIRECTION('',(-1.49158902609499E-19,0.0697564737441245,-0.997564050259824));
#4030=DIRECTION('',(-1.,-4.27135211452743E-18,-1.49158902609499E-19));
#4031=DIRECTION('',(0.0604364770244871,-0.653477842404425,-0.754529086073775));
#4032=DIRECTION('',(-0.0604364770244871,-0.752128393636689,0.656239523139504));
#4033=DIRECTION('',(1.49158902609499E-19,-0.0697564737441245,0.997564050259824));
#4034=DIRECTION('',(1.,4.27135211452743E-18,1.49158902609499E-19));
#4035=DIRECTION('',(0.707106781186545,-0.049325275616132,0.705384304606642));
#4036=DIRECTION('',(1.49158902609499E-19,-0.0697564737441245,0.997564050259824));
#4037=DIRECTION('',(1.,4.27135211452743E-18,1.49158902609499E-19));
#4038=DIRECTION('',(-0.707106781186545,0.049325275616132,-0.705384304606642));
#4039=DIRECTION('',(-0.70710678118655,-0.0493252756161316,0.705384304606637));
#4040=DIRECTION('',(1.29168915268304E-16,0.997564050259824,0.0697564737441245));
#4041=DIRECTION('',(0.707106781186545,-0.049325275616132,0.705384304606642));
#4042=DIRECTION('',(-0.70710678118655,-0.0493252756161316,0.705384304606637));
#4043=DIRECTION('',(1.29168915268304E-16,0.997564050259824,0.0697564737441245));
#4044=DIRECTION('',(-0.707106781186545,0.049325275616132,-0.705384304606642));
#4045=DIRECTION('',(1.49158902609499E-19,-0.0697564737441245,0.997564050259824));
#4046=DIRECTION('',(1.,4.27135211452743E-18,1.49158902609499E-19));
#4047=DIRECTION('',(-0.0604364770244874,0.653477842404421,0.754529086073778));
#4048=DIRECTION('',(1.49158902609499E-19,-0.0697564737441245,0.997564050259824));
#4049=DIRECTION('',(1.,4.27135211452743E-18,1.49158902609499E-19));
#4050=DIRECTION('',(0.0604364770244874,0.752128393636685,-0.656239523139508));
#4051=DIRECTION('',(-1.49158902609499E-19,0.0697564737441245,-0.997564050259824));
#4052=DIRECTION('',(-1.,-4.27135211452743E-18,-1.49158902609499E-19));
#4053=DIRECTION('',(0.639285387070363,-0.350771559636066,0.684305126992906));
#4054=DIRECTION('',(-1.49158902609499E-19,0.0697564737441245,-0.997564050259824));
#4055=DIRECTION('',(-1.,-4.27135211452743E-18,-1.49158902609499E-19));
#4056=DIRECTION('',(-0.639285387070363,-0.252121008403803,-0.72646348222037));
#4057=DIRECTION('',(1.49158902609499E-19,-0.0697564737441245,0.997564050259824));
#4058=DIRECTION('',(1.,4.27135211452743E-18,1.49158902609499E-19));
#4059=DIRECTION('',(-2.91483077350831E-18,0.656059028990505,0.754709580222774));
#4060=DIRECTION('',(1.49158902609499E-19,-0.0697564737441245,0.997564050259824));
#4061=DIRECTION('',(1.,4.27135211452743E-18,1.49158902609499E-19));
#4062=DIRECTION('',(-3.12577331652735E-18,0.754709580222769,-0.65605902899051));
#4063=DIRECTION('',(1.01268672074681E-16,0.754709580222774,-0.656059028990505));
#4064=DIRECTION('',(-1.,1.43005054419619E-16,1.01494106808196E-17));
#4065=DIRECTION('',(0.577350269189628,0.535669954057511,0.616217791845293));
#4066=DIRECTION('',(0.577350269189611,-0.535669954057519,-0.616217791845302));
#4067=DIRECTION('',(1.014796146177E-16,0.65605902899051,0.754709580222769));
#4068=DIRECTION('',(1.,-1.43005054419619E-16,-1.01494106808196E-17));
#4069=DIRECTION('',(-3.12577331652735E-18,0.754709580222769,-0.65605902899051));
#4070=DIRECTION('',(0.707106781186547,0.0493252756161317,-0.70538430460664));
#4071=DIRECTION('',(1.43364688394137E-16,0.997564050259824,0.0697564737441245));
#4072=DIRECTION('',(0.577350269189619,-0.616217791845305,0.535669954057506));
#4073=DIRECTION('',(-0.577350269189628,0.61621779184529,-0.535669954057515));
#4074=DIRECTION('',(1.49158902609499E-19,-0.0697564737441245,0.997564050259824));
#4075=DIRECTION('',(1.,4.27135211452743E-18,1.49158902609499E-19));
#4076=DIRECTION('',(0.639285387070363,-0.252121008403803,-0.72646348222037));
#4077=DIRECTION('',(1.014796146177E-16,0.65605902899051,0.754709580222769));
#4078=DIRECTION('',(1.,-1.43005054419619E-16,-1.01494106808196E-17));
#4079=DIRECTION('',(3.12577331652735E-18,-0.754709580222769,0.65605902899051));
#4080=DIRECTION('',(-1.49158902609499E-19,0.0697564737441245,-0.997564050259824));
#4081=DIRECTION('',(-1.,-4.27135211452743E-18,-1.49158902609499E-19));
#4082=DIRECTION('',(-0.0604364770244869,0.752128393636691,-0.656239523139501));
#4083=DIRECTION('',(-1.49158902609499E-19,0.0697564737441245,-0.997564050259824));
#4084=DIRECTION('',(-1.,-4.27135211452743E-18,-1.49158902609499E-19));
#4085=DIRECTION('',(-0.707106781186545,-0.049325275616132,0.705384304606642));
#4086=DIRECTION('',(1.49158902609499E-19,-0.0697564737441245,0.997564050259824));
#4087=DIRECTION('',(1.,4.27135211452743E-18,1.49158902609499E-19));
#4088=DIRECTION('',(0.707106781186545,0.049325275616132,-0.705384304606642));
#4089=DIRECTION('',(-0.70710678118655,0.0493252756161317,-0.705384304606637));
#4090=DIRECTION('',(-1.29168915268304E-16,-0.997564050259824,-0.0697564737441245));
#4091=DIRECTION('',(-0.707106781186545,-0.049325275616132,0.705384304606642));
#4092=DIRECTION('',(-0.70710678118655,0.0493252756161317,-0.705384304606637));
#4093=DIRECTION('',(-1.29168915268304E-16,-0.997564050259824,-0.0697564737441245));
#4094=DIRECTION('',(0.707106781186545,0.049325275616132,-0.705384304606642));
#4095=DIRECTION('',(-1.49158902609499E-19,0.0697564737441245,-0.997564050259824));
#4096=DIRECTION('',(-1.,-4.27135211452743E-18,-1.49158902609499E-19));
#4097=DIRECTION('',(-2.91483077350831E-18,0.656059028990505,0.754709580222774));
#4098=DIRECTION('',(1.49158902609499E-19,-0.0697564737441245,0.997564050259824));
#4099=DIRECTION('',(1.,4.27135211452743E-18,1.49158902609499E-19));
#4100=DIRECTION('',(-0.0604364770244871,-0.653477842404425,-0.754529086073775));
#4101=DIRECTION('',(1.01268672074681E-16,0.754709580222774,-0.656059028990505));
#4102=DIRECTION('',(-1.,1.43005054419619E-16,1.01494106808196E-17));
#4103=DIRECTION('',(-2.91483077350831E-18,0.656059028990505,0.754709580222774));
#4104=DIRECTION('',(-1.49158902609499E-19,0.0697564737441245,-0.997564050259824));
#4105=DIRECTION('',(-1.,-4.27135211452743E-18,-1.49158902609499E-19));
#4106=DIRECTION('',(-0.0604364770244871,0.752128393636689,-0.656239523139504));
#4107=DIRECTION('',(-1.49158902609499E-19,0.0697564737441245,-0.997564050259824));
#4108=DIRECTION('',(-1.,-4.27135211452743E-18,-1.49158902609499E-19));
#4109=DIRECTION('',(0.707106781186545,-0.049325275616132,0.705384304606642));
#4110=DIRECTION('',(1.49158902609499E-19,-0.0697564737441245,0.997564050259824));
#4111=DIRECTION('',(1.,4.27135211452743E-18,1.49158902609499E-19));
#4112=DIRECTION('',(0.707106781186545,0.049325275616132,-0.705384304606642));
#4113=DIRECTION('',(-0.70710678118655,-0.0493252756161316,0.705384304606637));
#4114=DIRECTION('',(1.29168915268304E-16,0.997564050259824,0.0697564737441245));
#4115=DIRECTION('',(0.707106781186545,-0.049325275616132,0.705384304606642));
#4116=DIRECTION('',(-0.70710678118655,0.0493252756161317,-0.705384304606637));
#4117=DIRECTION('',(-1.29168915268304E-16,-0.997564050259824,-0.0697564737441245));
#4118=DIRECTION('',(0.707106781186545,0.049325275616132,-0.705384304606642));
#4119=DIRECTION('',(-1.49158902609499E-19,0.0697564737441245,-0.997564050259824));
#4120=DIRECTION('',(-1.,-4.27135211452743E-18,-1.49158902609499E-19));
#4121=DIRECTION('',(3.12577331652735E-18,-0.754709580222769,0.65605902899051));
#4122=DIRECTION('',(1.49158902609499E-19,-0.0697564737441245,0.997564050259824));
#4123=DIRECTION('',(1.,4.27135211452743E-18,1.49158902609499E-19));
#4124=DIRECTION('',(-0.0604364770244874,-0.653477842404421,-0.754529086073778));
#4125=DIRECTION('',(1.014796146177E-16,0.65605902899051,0.754709580222769));
#4126=DIRECTION('',(1.,-1.43005054419619E-16,-1.01494106808196E-17));
#4127=DIRECTION('',(0.577350269189628,0.61621779184529,-0.535669954057515));
#4128=DIRECTION('',(-1.49158902609499E-19,0.0697564737441245,-0.997564050259824));
#4129=DIRECTION('',(-1.,-4.27135211452743E-18,-1.49158902609499E-19));
#4130=DIRECTION('',(0.639285387070363,0.350771559636066,-0.684305126992906));
#4131=DIRECTION('',(-0.707106781186547,0.0493252756161319,-0.70538430460664));
#4132=DIRECTION('',(1.43364688394137E-16,0.997564050259824,0.0697564737441245));
#4133=DIRECTION('',(0.577350269189627,-0.535669954057511,-0.616217791845293));
#4134=DIRECTION('',(0.577350269189619,0.616217791845305,-0.535669954057506));
#4135=DIRECTION('',(1.49158902609499E-19,-0.0697564737441245,0.997564050259824));
#4136=DIRECTION('',(1.,4.27135211452743E-18,1.49158902609499E-19));
#4137=DIRECTION('',(2.91483077350831E-18,-0.656059028990505,-0.754709580222774));
#4138=DIRECTION('',(1.01268672074681E-16,0.754709580222774,-0.656059028990505));
#4139=DIRECTION('',(-1.,1.43005054419619E-16,1.01494106808196E-17));
#4140=DIRECTION('',(0.577350269189611,0.535669954057518,0.616217791845302));
#4141=DIRECTION('',(1.49158902609499E-19,-0.0697564737441245,0.997564050259824));
#4142=DIRECTION('',(1.,4.27135211452743E-18,1.49158902609499E-19));
#4143=DIRECTION('',(1.49158902609499E-19,-0.0697564737441245,0.997564050259824));
#4144=DIRECTION('',(1.,4.27135211452743E-18,1.49158902609499E-19));
#4145=DIRECTION('',(1.49158902609499E-19,-0.0697564737441245,0.997564050259824));
#4146=DIRECTION('',(1.,4.27135211452743E-18,1.49158902609499E-19));
#4147=DIRECTION('',(1.49158902609499E-19,-0.0697564737441245,0.997564050259824));
#4148=DIRECTION('',(1.,4.27135211452743E-18,1.49158902609499E-19));
#4149=DIRECTION('',(1.49158902609499E-19,-0.0697564737441245,0.997564050259824));
#4150=DIRECTION('',(1.,4.27135211452743E-18,1.49158902609499E-19));
#4151=DIRECTION('',(1.49158902609499E-19,-0.0697564737441245,0.997564050259824));
#4152=DIRECTION('',(1.,4.27135211452743E-18,1.49158902609499E-19));
#4153=DIRECTION('',(0.707106781186548,-8.67361737988404E-16,-0.707106781186547));
#4154=DIRECTION('',(1.76375734454211E-16,1.,-1.0547118733939E-15));
#4155=DIRECTION('',(-0.577350269189627,0.577350269189623,-0.577350269189628));
#4156=DIRECTION('',(-0.577350269189625,-0.577350269189628,-0.577350269189624));
#4157=DIRECTION('',(-3.45620465042118E-18,-0.707106781186551,-0.707106781186545));
#4158=DIRECTION('',(1.,4.27135211452742E-18,-9.15916360549007E-18));
#4159=DIRECTION('',(-0.577350269189627,0.577350269189623,-0.577350269189628));
#4160=DIRECTION('',(-0.577350269189626,-0.577350269189623,0.577350269189628));
#4161=DIRECTION('',(9.4968087404569E-18,-0.707106781186545,0.70710678118655));
#4162=DIRECTION('',(-1.,-4.27135211452742E-18,9.15916360549007E-18));
#4163=DIRECTION('',(0.577350269189624,-0.577350269189629,-0.577350269189625));
#4164=DIRECTION('',(0.577350269189625,0.577350269189628,0.577350269189625));
#4165=DIRECTION('',(0.707106781186548,6.10622663543836E-16,0.707106781186547));
#4166=DIRECTION('',(-1.76375734454211E-16,-1.,1.0547118733939E-15));
#4167=DIRECTION('',(0.577350269189626,0.577350269189623,-0.577350269189628));
#4168=DIRECTION('',(0.577350269189624,-0.577350269189629,-0.577350269189625));
#4169=DIRECTION('',(0.707106781186549,-5.27355936696949E-16,-0.707106781186547));
#4170=DIRECTION('',(-2.93306690624509E-16,1.,-1.0547118733939E-15));
#4171=DIRECTION('',(0.577350269189626,-0.577350269189623,0.577350269189628));
#4172=DIRECTION('',(0.577350269189624,0.577350269189629,0.577350269189625));
#4173=DIRECTION('',(3.45620465042118E-18,0.707106781186551,0.707106781186545));
#4174=DIRECTION('',(1.,4.27135211452742E-18,-9.15916360549007E-18));
#4175=DIRECTION('',(-0.577350269189626,0.577350269189623,-0.577350269189628));
#4176=DIRECTION('',(-0.577350269189626,-0.577350269189623,0.577350269189628));
#4177=DIRECTION('',(-9.4968087404569E-18,0.707106781186545,-0.70710678118655));
#4178=DIRECTION('',(-1.,-4.27135211452742E-18,9.15916360549007E-18));
#4179=DIRECTION('',(0.577350269189624,-0.577350269189629,-0.577350269189625));
#4180=DIRECTION('',(0.577350269189624,0.577350269189629,0.577350269189625));
#4181=DIRECTION('',(0.707106781186549,9.36750677027476E-16,0.707106781186547));
#4182=DIRECTION('',(2.93306690624509E-16,-1.,1.0547118733939E-15));
#4183=DIRECTION('',(-0.577350269189626,-0.577350269189623,0.577350269189628));
#4184=DIRECTION('',(-0.577350269189624,0.577350269189629,0.577350269189625));
#4185=DIRECTION('',(-0.707106781186551,-5.89805981832114E-16,-0.707106781186544));
#4186=DIRECTION('',(1.76375734454211E-16,1.,-1.04083408558608E-15));
#4187=DIRECTION('',(-0.577350269189621,-0.577350269189629,0.577350269189627));
#4188=DIRECTION('',(-0.707106781186551,-5.89805981832114E-16,-0.707106781186544));
#4189=DIRECTION('',(0.707106781186544,-8.95117313604032E-16,-0.707106781186551));
#4190=DIRECTION('',(3.45620465042123E-18,0.707106781186547,0.707106781186549));
#4191=DIRECTION('',(-1.,-4.27135211452742E-18,9.15916360549007E-18));
#4192=DIRECTION('',(0.577350269189621,0.577350269189629,-0.577350269189627));
#4193=DIRECTION('',(0.577350269189625,-0.577350269189627,0.577350269189626));
#4194=DIRECTION('',(-0.707106781186548,8.67361737988404E-16,0.707106781186548));
#4195=DIRECTION('',(-1.76375734454211E-16,-1.,1.04083408558608E-15));
#4196=DIRECTION('',(0.577350269189625,-0.577350269189627,0.577350269189626));
#4197=DIRECTION('',(-0.59032408103298,-0.550486111273605,-0.590324081032979));
#4198=DIRECTION('',(-0.707106781186548,8.67361737988404E-16,0.707106781186548));
#4199=DIRECTION('',(0.707106781186547,6.17561557447743E-16,0.707106781186548));
#4200=DIRECTION('',(-0.707106781186544,5.34294830600857E-16,0.707106781186551));
#4201=DIRECTION('',(2.93306690624509E-16,-1.,1.04083408558608E-15));
#4202=DIRECTION('',(0.577350269189628,-0.577350269189627,0.577350269189623));
#4203=DIRECTION('',(-0.707106781186544,5.34294830600857E-16,0.707106781186551));
#4204=DIRECTION('',(-0.707106781186551,-9.57567358739197E-16,-0.707106781186544));
#4205=DIRECTION('',(-3.45620465042125E-18,-0.707106781186545,-0.70710678118655));
#4206=DIRECTION('',(-1.,-4.27135211452742E-18,9.15916360549007E-18));
#4207=DIRECTION('',(-0.577350269189628,0.577350269189627,-0.577350269189623));
#4208=DIRECTION('',(-0.577350269189619,-0.577350269189631,0.577350269189627));
#4209=DIRECTION('',(-0.707106781186553,-9.43689570931383E-16,-0.707106781186543));
#4210=DIRECTION('',(-2.93306690624509E-16,1.,-1.04083408558608E-15));
#4211=DIRECTION('',(-0.577350269189619,-0.577350269189631,0.577350269189628));
#4212=DIRECTION('',(-0.707106781186553,-9.43689570931383E-16,-0.707106781186543));
#4213=DIRECTION('',(-0.707106781186543,5.55111512312578E-16,0.707106781186553));
#4214=DIRECTION('',(0.590324081032975,-0.550486111273608,-0.590324081032982));
#4215=DIRECTION('',(0.70710678118656,0.705384304606628,0.0493252756161309));
#4216=DIRECTION('',(-1.49158902609499E-19,0.0697564737441245,-0.997564050259824));
#4217=DIRECTION('',(-0.707106781186532,0.705384304606655,0.0493252756161329));
#4218=DIRECTION('',(4.27135211452743E-18,-0.997564050259824,-0.0697564737441245));
#4219=DIRECTION('',(-1.49158902609499E-19,0.0697564737441245,-0.997564050259824));
#4220=DIRECTION('',(-2.91483077350838E-18,0.656059028990524,0.754709580222757));
#4221=DIRECTION('',(-1.28368845157115E-17,0.754709580222765,-0.656059028990515));
#4222=DIRECTION('',(-1.,1.31748478363313E-16,1.71125948055352E-16));
#4223=DIRECTION('',(-2.91483077350837E-18,0.656059028990521,0.75470958022276));
#4224=DIRECTION('',(4.27135211452743E-18,-0.997564050259824,-0.0697564737441245));
#4225=DIRECTION('',(-1.49158902609499E-19,0.0697564737441245,-0.997564050259824));
#4226=DIRECTION('',(0.707106781186529,0.705384304606658,0.0493252756161331));
#4227=DIRECTION('',(-0.70710678118656,0.705384304606628,0.0493252756161309));
#4228=DIRECTION('',(1.49158902609499E-19,-0.0697564737441245,0.997564050259824));
#4229=DIRECTION('',(1.49158902609499E-19,-0.0697564737441245,0.997564050259824));
#4230=DIRECTION('',(1.,4.27135211452743E-18,1.49158902609499E-19));
#4231=DIRECTION('',(1.49158902609499E-19,-0.0697564737441245,0.997564050259824));
#4232=DIRECTION('',(1.,4.27135211452743E-18,1.49158902609499E-19));
#4233=DIRECTION('',(1.49158902609499E-19,-0.0697564737441245,0.997564050259824));
#4234=DIRECTION('',(1.,4.27135211452743E-18,1.49158902609499E-19));
#4235=DIRECTION('',(1.49158902609499E-19,-0.0697564737441245,0.997564050259824));
#4236=DIRECTION('',(1.,4.27135211452743E-18,1.49158902609499E-19));
#4237=DIRECTION('',(1.49158902609499E-19,-0.0697564737441245,0.997564050259824));
#4238=DIRECTION('',(1.,4.27135211452743E-18,1.49158902609499E-19));
#4239=DIRECTION('',(1.49158902609499E-19,-0.0697564737441245,0.997564050259824));
#4240=DIRECTION('',(1.,4.27135211452743E-18,1.49158902609499E-19));
#4241=DIRECTION('',(1.49158902609499E-19,-0.0697564737441245,0.997564050259824));
#4242=DIRECTION('',(1.,4.27135211452743E-18,1.49158902609499E-19));
#4243=DIRECTION('',(1.49158902609499E-19,-0.0697564737441245,0.997564050259824));
#4244=DIRECTION('',(1.,4.27135211452743E-18,1.49158902609499E-19));
#4245=DIRECTION('',(1.49158902609499E-19,-0.0697564737441245,0.997564050259824));
#4246=DIRECTION('',(1.,4.27135211452743E-18,1.49158902609499E-19));
#4247=DIRECTION('',(1.49158902609499E-19,-0.0697564737441245,0.997564050259824));
#4248=DIRECTION('',(1.,4.27135211452743E-18,1.49158902609499E-19));
#4249=DIRECTION('',(1.49158902609499E-19,-0.0697564737441245,0.997564050259824));
#4250=DIRECTION('',(1.,4.27135211452743E-18,1.49158902609499E-19));
#4251=DIRECTION('',(1.49158902609499E-19,-0.0697564737441245,0.997564050259824));
#4252=DIRECTION('',(1.,4.27135211452743E-18,1.49158902609499E-19));
#4253=DIRECTION('',(-9.8391383797718E-17,-0.731353701619171,0.681998360062498));
#4254=DIRECTION('',(-1.,1.43074299240633E-16,9.15916360548991E-18));
#4255=DIRECTION('',(0.707106781186548,6.31439345255558E-16,0.707106781186547));
#4256=DIRECTION('',(-1.28843861483644E-16,-1.,1.04083408558608E-15));
#4257=DIRECTION('',(0.707106781186548,6.31439345255558E-16,0.707106781186547));
#4258=DIRECTION('',(-1.28843861483644E-16,-1.,1.04083408558608E-15));
#4259=DIRECTION('',(-1.04275025655814E-16,-0.681998360062499,-0.731353701619171));
#4260=DIRECTION('',(1.,-1.43074299240633E-16,-9.15916360548991E-18));
#4261=DIRECTION('',(0.707106781186548,-8.32667268468867E-16,-0.707106781186547));
#4262=DIRECTION('',(1.28843861483644E-16,1.,-1.04083408558608E-15));
#4263=DIRECTION('',(0.707106781186548,-8.32667268468867E-16,-0.707106781186547));
#4264=DIRECTION('',(1.28843861483644E-16,1.,-1.04083408558608E-15));
#4265=DIRECTION('',(-9.83913837977179E-17,-0.73135370161917,0.681998360062499));
#4266=DIRECTION('',(-1.,1.43074299240633E-16,9.15916360548991E-18));
#4267=DIRECTION('',(-0.577350269189628,0.577350269189627,-0.577350269189623));
#4268=DIRECTION('',(-0.729746290957487,-0.047693759128781,0.682052531828712));
#4269=DIRECTION('',(-0.577350269189619,-0.577350269189631,0.577350269189628));
#4270=DIRECTION('',(0.729746290957495,-0.0476937591287804,0.682052531828703));
#4271=DIRECTION('',(-0.577350269189626,0.577350269189623,-0.577350269189628));
#4272=DIRECTION('',(-0.729746290957491,-0.0476937591287807,0.682052531828708));
#4273=DIRECTION('',(-1.,-1.06892229218075E-16,8.90578085865732E-17));
#4274=DIRECTION('',(-2.06875824100086E-16,0.707106781186545,-0.707106781186551));
#4275=DIRECTION('',(-0.577350269189626,-0.577350269189623,0.577350269189628));
#4276=DIRECTION('',(0.729746290957491,-0.0476937591287807,0.682052531828708));
#4277=DIRECTION('',(-0.577350269189624,0.577350269189629,0.577350269189625));
#4278=DIRECTION('',(-0.729746290957493,-0.682052531828706,-0.0476937591287805));
#4279=DIRECTION('',(-1.,-9.34783196037105E-17,-1.02770036006157E-16));
#4280=DIRECTION('',(-1.39099768867579E-16,0.70710678118655,0.707106781186545));
#4281=DIRECTION('',(-0.577350269189624,-0.577350269189629,-0.577350269189625));
#4282=DIRECTION('',(0.729746290957493,-0.682052531828706,-0.0476937591287805));
#4283=DIRECTION('',(-0.577350269189621,-0.577350269189629,0.577350269189627));
#4284=DIRECTION('',(0.729746290957494,-0.0476937591287805,0.682052531828705));
#4285=DIRECTION('',(0.577350269189627,-0.577350269189623,0.577350269189628));
#4286=DIRECTION('',(0.72974629095749,0.0476937591287807,-0.682052531828709));
#4287=DIRECTION('',(1.,2.09513106321622E-16,-1.78264776075755E-16));
#4288=DIRECTION('',(2.06875824100086E-16,-0.707106781186545,0.707106781186551));
#4289=DIRECTION('',(0.577350269189626,0.577350269189623,-0.577350269189628));
#4290=DIRECTION('',(-0.729746290957491,0.0476937591287807,-0.682052531828708));
#4291=DIRECTION('',(-0.577350269189625,0.577350269189627,-0.577350269189626));
#4292=DIRECTION('',(-0.729746290957491,-0.0476937591287807,0.682052531828709));
#4293=DIRECTION('',(0.577350269189625,0.577350269189628,0.577350269189624));
#4294=DIRECTION('',(-0.729746290957492,0.682052531828707,0.0476937591287806));
#4295=DIRECTION('',(1.,-3.52556517842205E-16,-4.10334349511581E-16));
#4296=DIRECTION('',(-4.04796213336628E-16,-0.70710678118655,-0.707106781186545));
#4297=DIRECTION('',(0.577350269189624,-0.577350269189629,-0.577350269189625));
#4298=DIRECTION('',(0.729746290957492,0.682052531828707,0.0476937591287806));
#4299=DIRECTION('',(9.15916360549006E-18,1.0547118733939E-15,1.));
#4300=DIRECTION('',(4.27135211452743E-18,-1.,1.0547118733939E-15));
#4301=DIRECTION('',(-9.15916360549006E-18,-1.0547118733939E-15,-1.));
#4302=DIRECTION('',(-4.27135211452743E-18,1.,-1.0547118733939E-15));
#4303=DIRECTION('',(-9.15916360549006E-18,-1.0547118733939E-15,-1.));
#4304=DIRECTION('',(-4.27135211452743E-18,1.,-1.0547118733939E-15));
#4305=DIRECTION('',(9.15916360549006E-18,1.0547118733939E-15,1.));
#4306=DIRECTION('',(4.27135211452743E-18,-1.,1.0547118733939E-15));
#4307=DIRECTION('',(-9.15916360549006E-18,-1.0547118733939E-15,-1.));
#4308=DIRECTION('',(-4.27135211452743E-18,1.,-1.0547118733939E-15));
#4309=DIRECTION('',(9.15916360549006E-18,1.0547118733939E-15,1.));
#4310=DIRECTION('',(4.27135211452743E-18,-1.,1.0547118733939E-15));
#4311=DIRECTION('',(9.15916360549006E-18,1.0547118733939E-15,1.));
#4312=DIRECTION('',(4.27135211452743E-18,-1.,1.0547118733939E-15));
#4313=DIRECTION('',(-9.15916360549006E-18,-1.0547118733939E-15,-1.));
#4314=DIRECTION('',(-4.27135211452743E-18,1.,-1.0547118733939E-15));
#4315=CARTESIAN_POINT('',(0.,0.,0.));
#4316=CARTESIAN_POINT('',(0.101769169973598,0.000253648086710067,-0.00112733663469453));
#4317=CARTESIAN_POINT('',(0.0377721086921574,0.0486031451763219,-0.00112733663469458));
#4318=CARTESIAN_POINT('',(0.0377928718807659,0.0486475966196228,-0.00112733663469458));
#4319=CARTESIAN_POINT('',(0.0377613882490098,0.048699521365346,-0.00112733663469458));
#4320=CARTESIAN_POINT('',(0.0377110965219623,0.0486997050118694,-0.00112733663469458));
#4321=CARTESIAN_POINT('',(0.0377721086921574,0.0486031451763219,-0.00112733663469458));
#4322=CARTESIAN_POINT('',(0.0377110965219623,0.0486997050118693,-0.00112733663469458));
#4323=CARTESIAN_POINT('',(-0.000599999999999254,0.0486997050118693,-0.00112733663469458));
#4324=CARTESIAN_POINT('',(-0.000599999999999259,0.0486997050118693,-0.00112733663469458));
#4325=CARTESIAN_POINT('',(-0.000599999999999263,0.0256926270549724,-0.00112733663469456));
#4326=CARTESIAN_POINT('',(-0.000599999999999263,0.0257168911236843,-0.00112733663469456));
#4327=CARTESIAN_POINT('',(-0.00144852813742312,0.0261411551923963,-0.00112733663469456));
#4328=CARTESIAN_POINT('',(-0.00102426406871119,0.0252926270549724,-0.00112733663469455));
#4329=CARTESIAN_POINT('',(-0.00299999999999926,0.0252926270549724,-0.00112733663469455));
#4330=CARTESIAN_POINT('',(-0.00297573593128733,0.0252926270549724,-0.00112733663469455));
#4331=CARTESIAN_POINT('',(-0.00255147186257541,0.0261411551923963,-0.00112733663469456));
#4332=CARTESIAN_POINT('',(-0.00339999999999926,0.0257168911236843,-0.00112733663469456));
#4333=CARTESIAN_POINT('',(-0.00339999999999926,0.000253648086710085,-0.00112733663469453));
#4334=CARTESIAN_POINT('',(-0.00339999999999925,0.0496997050118693,-0.00112733663469458));
#4335=CARTESIAN_POINT('',(0.101769169973598,0.0496997050118693,-0.00112733663469458));
#4336=CARTESIAN_POINT('',(-0.0158999999999993,0.0496997050118693,-0.00112733663469458));
#4337=CARTESIAN_POINT('',(-0.0158999999999993,0.0256926270549724,-0.00112733663469456));
#4338=CARTESIAN_POINT('',(-0.0158999999999993,0.0257168911236843,-0.00112733663469456));
#4339=CARTESIAN_POINT('',(-0.0167485281374231,0.0261411551923963,-0.00112733663469455));
#4340=CARTESIAN_POINT('',(-0.0163242640687111,0.0252926270549724,-0.00112733663469455));
#4341=CARTESIAN_POINT('',(0.101769169973598,0.0252926270549724,-0.00112733663469456));
#4342=CARTESIAN_POINT('',(-0.0182757359312873,0.0252926270549724,-0.00112733663469455));
#4343=CARTESIAN_POINT('',(-0.0178514718625754,0.0261411551923963,-0.00112733663469455));
#4344=CARTESIAN_POINT('',(-0.0186999999999993,0.0257168911236843,-0.00112733663469456));
#4345=CARTESIAN_POINT('',(-0.0186999999999993,0.000253648086710032,-0.00112733663469453));
#4346=CARTESIAN_POINT('',(-0.0186999999999993,0.0486997050118694,-0.00112733663469458));
#4347=CARTESIAN_POINT('',(-0.0377110965219623,0.0486997050118693,-0.00112733663469458));
#4348=CARTESIAN_POINT('',(-0.0377110965219623,0.0486997050118693,-0.00112733663469458));
#4349=CARTESIAN_POINT('',(-0.0377110965219622,0.0486997050118694,-0.00112733663469458));
#4350=CARTESIAN_POINT('',(-0.0377600597141497,0.0486995262166575,-0.00112733663469458));
#4351=CARTESIAN_POINT('',(-0.0377934352553875,0.0486488027356734,-0.00112733663469458));
#4352=CARTESIAN_POINT('',(-0.0377721086921574,0.048603145176322,-0.00112733663469458));
#4353=CARTESIAN_POINT('',(-0.0377721086921574,0.0486031451763219,-0.00112733663469458));
#4354=CARTESIAN_POINT('',(-0.0377721086921574,0.048603145176322,-0.00112733663469458));
#4355=CARTESIAN_POINT('',(-0.0373395205257937,0.0476887096855828,-0.00112733663469458));
#4356=CARTESIAN_POINT('',(-0.0369673894976095,0.045622713197365,-0.00112733663469458));
#4357=CARTESIAN_POINT('',(-0.0380289817085748,0.0426624125720731,-0.00112733663469457));
#4358=CARTESIAN_POINT('',(-0.040427447238142,0.0406331497007408,-0.00112733663469457));
#4359=CARTESIAN_POINT('',(-0.0424874830166559,0.040262679298008,-0.00112733663469457));
#4360=CARTESIAN_POINT('',(-0.0434942320586442,0.040350526575504,-0.00112733663469457));
#4361=CARTESIAN_POINT('',(-0.0434942320586442,0.040350526575504,-0.00112733663469457));
#4362=CARTESIAN_POINT('',(-0.0434942320586442,0.040350526575504,-0.00112733663469457));
#4363=CARTESIAN_POINT('',(-0.0435321305293661,0.0403545032560989,-0.00112733663469457));
#4364=CARTESIAN_POINT('',(-0.0435682151221041,0.0403222220610602,-0.00112733663469457));
#4365=CARTESIAN_POINT('',(-0.0435674849138622,0.0402831244184134,-0.00112733663469457));
#4366=CARTESIAN_POINT('',(-0.0435674849138624,0.0402831244184134,-0.00112733663469457));
#4367=CARTESIAN_POINT('',(-0.0435674849138624,0.00592165719996036,-0.00112733663469453));
#4368=CARTESIAN_POINT('',(-0.0435674849138624,0.00585644939289752,-0.00112733663469453));
#4369=CARTESIAN_POINT('',(-0.0435674849138622,0.00585644939289753,-0.00112733663469453));
#4370=CARTESIAN_POINT('',(-0.0435681982056587,0.00581825750985207,-0.00112733663469453));
#4371=CARTESIAN_POINT('',(-0.0435330293303941,0.00578497624416099,-0.00112733663469453));
#4372=CARTESIAN_POINT('',(-0.0434942320586442,0.00578904723580687,-0.00112733663469453));
#4373=CARTESIAN_POINT('',(-0.0434942320586442,0.00578904723580687,-0.00112733663469453));
#4374=CARTESIAN_POINT('',(-0.0434942320586442,0.00578904723580687,-0.00112733663469453));
#4375=CARTESIAN_POINT('',(-0.0430973244996253,0.00582506902695575,-0.00112733663469453));
#4376=CARTESIAN_POINT('',(-0.0423114615472162,0.00581373381183517,-0.00112733663469453));
#4377=CARTESIAN_POINT('',(-0.0407233640109631,0.00544157875642555,-0.00112733663469453));
#4378=CARTESIAN_POINT('',(-0.038978559435174,0.00441092933963214,-0.00112733663469453));
#4379=CARTESIAN_POINT('',(-0.0375521420800977,0.00241279373517055,-0.00112733663469453));
#4380=CARTESIAN_POINT('',(-0.037050149845225,1.36225699610127E-5,-0.00112733663469453));
#4381=CARTESIAN_POINT('',(-0.0375521680221757,-0.00238554451628384,-0.00112733663469453));
#4382=CARTESIAN_POINT('',(-0.0389784556668624,-0.00438369235763947,-0.00112733663469452));
#4383=CARTESIAN_POINT('',(-0.0407236709922184,-0.0054143043839233,-0.00112733663469452));
#4384=CARTESIAN_POINT('',(-0.0423109297346189,-0.00578653558000693,-0.00112733663469452));
#4385=CARTESIAN_POINT('',(-0.0430970892914522,-0.00579784387396062,-0.00112733663469452));
#4386=CARTESIAN_POINT('',(-0.0434942320586442,-0.00576180073622991,-0.00112733663469452));
#4387=CARTESIAN_POINT('',(-0.0434942320586443,-0.00576180073622992,-0.00112733663469452));
#4388=CARTESIAN_POINT('',(-0.0434942320586442,-0.00576180073622991,-0.00112733663469452));
#4389=CARTESIAN_POINT('',(-0.0435321305293671,-0.00575782405563499,-0.00112733663469452));
#4390=CARTESIAN_POINT('',(-0.0435682151221038,-0.00579010525067469,-0.00112733663469452));
#4391=CARTESIAN_POINT('',(-0.0435674849138622,-0.00582920289332057,-0.00112733663469452));
#4392=CARTESIAN_POINT('',(-0.0435674849138624,-0.00582920289332057,-0.00112733663469452));
#4393=CARTESIAN_POINT('',(-0.0435674849138624,-0.0401906701117735,-0.00112733663469449));
#4394=CARTESIAN_POINT('',(-0.0435674849138624,-0.0402558779188364,-0.00112733663469449));
#4395=CARTESIAN_POINT('',(-0.0435674849138622,-0.0402558779188364,-0.00112733663469449));
#4396=CARTESIAN_POINT('',(-0.0435681982056587,-0.040294069801882,-0.00112733663469449));
#4397=CARTESIAN_POINT('',(-0.0435330293303938,-0.0403273510675728,-0.00112733663469449));
#4398=CARTESIAN_POINT('',(-0.0434942320586442,-0.0403232800759271,-0.00112733663469449));
#4399=CARTESIAN_POINT('',(-0.0434942320586442,-0.0403232800759271,-0.00112733663469449));
#4400=CARTESIAN_POINT('',(-0.0434942320586442,-0.0403232800759271,-0.00112733663469449));
#4401=CARTESIAN_POINT('',(-0.0424884532012607,-0.0402355174551555,-0.00112733663469449));
#4402=CARTESIAN_POINT('',(-0.0404270116981087,-0.0406058953988897,-0.00112733663469449));
#4403=CARTESIAN_POINT('',(-0.0380290508217841,-0.0426350663953686,-0.00112733663469448));
#4404=CARTESIAN_POINT('',(-0.0369675485848058,-0.0455958732085723,-0.00112733663469448));
#4405=CARTESIAN_POINT('',(-0.0373391032468627,-0.0476605811122609,-0.00112733663469448));
#4406=CARTESIAN_POINT('',(-0.0377721086921574,-0.048575898676745,-0.00112733663469448));
#4407=CARTESIAN_POINT('',(-0.0377721086921574,-0.048575898676745,-0.00112733663469448));
#4408=CARTESIAN_POINT('',(-0.0377721086921574,-0.0485758986767449,-0.00112733663469448));
#4409=CARTESIAN_POINT('',(-0.0377928718807657,-0.048620350120046,-0.00112733663469448));
#4410=CARTESIAN_POINT('',(-0.0377613882490091,-0.0486722748657699,-0.00112733663469448));
#4411=CARTESIAN_POINT('',(-0.0377110965219622,-0.0486724585122924,-0.00112733663469448));
#4412=CARTESIAN_POINT('',(-0.0377110965219623,-0.0486724585122924,-0.00112733663469448));
#4413=CARTESIAN_POINT('',(0.101769169973598,-0.0486724585122924,-0.00112733663469448));
#4414=CARTESIAN_POINT('',(0.0377110965219623,-0.0486724585122924,-0.00112733663469448));
#4415=CARTESIAN_POINT('',(0.0377110965219623,-0.0486724585122924,-0.00112733663469448));
#4416=CARTESIAN_POINT('',(0.0377600597141488,-0.0486722797170808,-0.00112733663469448));
#4417=CARTESIAN_POINT('',(0.0377934352553877,-0.0486215562360975,-0.00112733663469448));
#4418=CARTESIAN_POINT('',(0.0377721086921574,-0.0485758986767449,-0.00112733663469448));
#4419=CARTESIAN_POINT('',(0.0377721086921574,-0.048575898676745,-0.00112733663469448));
#4420=CARTESIAN_POINT('',(0.0377721086921574,-0.0485758986767449,-0.00112733663469448));
#4421=CARTESIAN_POINT('',(0.0373395205257979,-0.0476614631860149,-0.00112733663469448));
#4422=CARTESIAN_POINT('',(0.0369673894976077,-0.0455954666977838,-0.00112733663469448));
#4423=CARTESIAN_POINT('',(0.0380289817085753,-0.0426351660724974,-0.00112733663469448));
#4424=CARTESIAN_POINT('',(0.040427447238142,-0.0406059032011634,-0.00112733663469449));
#4425=CARTESIAN_POINT('',(0.042487483016656,-0.0402354327984311,-0.00112733663469449));
#4426=CARTESIAN_POINT('',(0.0434942320586443,-0.0403232800759271,-0.00112733663469449));
#4427=CARTESIAN_POINT('',(0.0434942320586442,-0.0403232800759271,-0.00112733663469449));
#4428=CARTESIAN_POINT('',(0.0434942320586443,-0.0403232800759271,-0.00112733663469449));
#4429=CARTESIAN_POINT('',(0.043532130529367,-0.0403272567565219,-0.00112733663469449));
#4430=CARTESIAN_POINT('',(0.0435682151221041,-0.0402949755614824,-0.00112733663469449));
#4431=CARTESIAN_POINT('',(0.0435674849138624,-0.0402558779188364,-0.00112733663469449));
#4432=CARTESIAN_POINT('',(0.0435674849138624,-0.0402558779188364,-0.00112733663469449));
#4433=CARTESIAN_POINT('',(0.0435674849138624,0.000253648086710075,-0.00112733663469453));
#4434=CARTESIAN_POINT('',(0.0435674849138624,-0.00582920289332057,-0.00112733663469452));
#4435=CARTESIAN_POINT('',(0.0435674849138624,-0.00582920289332057,-0.00112733663469452));
#4436=CARTESIAN_POINT('',(0.0435681982056591,-0.00579101101027482,-0.00112733663469452));
#4437=CARTESIAN_POINT('',(0.0435330293303936,-0.0057577297445841,-0.00112733663469452));
#4438=CARTESIAN_POINT('',(0.0434942320586443,-0.00576180073622991,-0.00112733663469452));
#4439=CARTESIAN_POINT('',(0.0434942320586442,-0.00576180073622992,-0.00112733663469452));
#4440=CARTESIAN_POINT('',(0.0434942320586442,-0.00576180073622991,-0.00112733663469452));
#4441=CARTESIAN_POINT('',(0.0430973244996238,-0.00579782252737893,-0.00112733663469452));
#4442=CARTESIAN_POINT('',(0.0423114615472128,-0.00578648731225851,-0.00112733663469452));
#4443=CARTESIAN_POINT('',(0.0407233640109652,-0.00541433225684839,-0.00112733663469452));
#4444=CARTESIAN_POINT('',(0.0389785594351733,-0.00438368284005524,-0.00112733663469452));
#4445=CARTESIAN_POINT('',(0.0375521420800981,-0.00238554723559361,-0.00112733663469453));
#4446=CARTESIAN_POINT('',(0.0370501498452251,1.36239296159569E-5,-0.00112733663469453));
#4447=CARTESIAN_POINT('',(0.0375521680221759,0.00241279101586078,-0.00112733663469453));
#4448=CARTESIAN_POINT('',(0.0389784556668619,0.00441093885721645,-0.00112733663469453));
#4449=CARTESIAN_POINT('',(0.0407236709922197,0.00544155088350015,-0.00112733663469453));
#4450=CARTESIAN_POINT('',(0.0423109297346171,0.00581378207958406,-0.00112733663469453));
#4451=CARTESIAN_POINT('',(0.0430970892914514,0.00582509037353766,-0.00112733663469454));
#4452=CARTESIAN_POINT('',(0.0434942320586443,0.00578904723580687,-0.00112733663469454));
#4453=CARTESIAN_POINT('',(0.0434942320586442,0.00578904723580687,-0.00112733663469453));
#4454=CARTESIAN_POINT('',(0.0434942320586443,0.00578904723580687,-0.00112733663469454));
#4455=CARTESIAN_POINT('',(0.043532130529367,0.00578507055521196,-0.00112733663469454));
#4456=CARTESIAN_POINT('',(0.0435682151221041,0.00581735175025153,-0.00112733663469454));
#4457=CARTESIAN_POINT('',(0.0435674849138624,0.00585644939289753,-0.00112733663469454));
#4458=CARTESIAN_POINT('',(0.0435674849138624,0.00585644939289752,-0.00112733663469453));
#4459=CARTESIAN_POINT('',(0.0435674849138624,0.000253648086710075,-0.00112733663469453));
#4460=CARTESIAN_POINT('',(0.0435674849138624,0.0402831244184133,-0.00112733663469457));
#4461=CARTESIAN_POINT('',(0.0435674849138624,0.0402831244184134,-0.00112733663469457));
#4462=CARTESIAN_POINT('',(0.0435681982056591,0.0403213163014594,-0.00112733663469457));
#4463=CARTESIAN_POINT('',(0.0435330293303931,0.0403545975671499,-0.00112733663469457));
#4464=CARTESIAN_POINT('',(0.0434942320586443,0.040350526575504,-0.00112733663469457));
#4465=CARTESIAN_POINT('',(0.0434942320586442,0.040350526575504,-0.00112733663469457));
#4466=CARTESIAN_POINT('',(0.0434942320586443,0.040350526575504,-0.00112733663469457));
#4467=CARTESIAN_POINT('',(0.0424884532012055,0.0402627639547276,-0.00112733663469457));
#4468=CARTESIAN_POINT('',(0.0404270116981351,0.0406331418984702,-0.00112733663469457));
#4469=CARTESIAN_POINT('',(0.0380290508217751,0.0426623128949408,-0.00112733663469457));
#4470=CARTESIAN_POINT('',(0.0369675485848153,0.045623119708165,-0.00112733663469458));
#4471=CARTESIAN_POINT('',(0.037339103246847,0.0476878276118042,-0.00112733663469458));
#4472=CARTESIAN_POINT('',(0.0377721086921574,0.048603145176322,-0.00112733663469458));
#4473=CARTESIAN_POINT('',(-0.043,0.0453298945219989,0.0111893101943083));
#4474=CARTESIAN_POINT('',(-0.0434145299145299,0.0405094130712625,0.0108522292944255));
#4475=CARTESIAN_POINT('',(-0.0434145299145299,0.0405373156607601,0.0104532036743216));
#4476=CARTESIAN_POINT('',(-0.0434145299145299,0.0412773660961759,-0.000130010615693076));
#4477=CARTESIAN_POINT('',(-0.0434145299145299,0.0412773660961758,-0.000130010615693071));
#4478=CARTESIAN_POINT('',(-0.0426414537205937,0.0412108187653963,-0.000129040625933309));
#4479=CARTESIAN_POINT('',(-0.0413961596108871,0.0413947939669702,-0.000133683710500588));
#4480=CARTESIAN_POINT('',(-0.0400908095383646,0.042186529003975,-0.000143299748061962));
#4481=CARTESIAN_POINT('',(-0.0395149815067669,0.042729545236776,-0.000149803173295971));
#4482=CARTESIAN_POINT('',(-0.0392245419075308,0.0430635520552001,-0.000153955209138352));
#4483=CARTESIAN_POINT('',(-0.0389989150374733,0.0433700124443012,-0.000157952752454044));
#4484=CARTESIAN_POINT('',(-0.0388848673410989,0.0435474680851963,-0.000160407245908749));
#4485=CARTESIAN_POINT('',(-0.0386954175704061,0.0438688692035203,-0.000164891989230327));
#4486=CARTESIAN_POINT('',(-0.038483877222614,0.0443158218697134,-0.000171062763513896));
#4487=CARTESIAN_POINT('',(-0.0383078144401811,0.044851432068288,-0.000178081216116224));
#4488=CARTESIAN_POINT('',(-0.0382095659663009,0.0453391719512679,-0.000184360079995047));
#4489=CARTESIAN_POINT('',(-0.0381618621214031,0.0457017301279646,-0.000189171679070989));
#4490=CARTESIAN_POINT('',(-0.038142976439879,0.046191180131328,-0.000195555378623885));
#4491=CARTESIAN_POINT('',(-0.0381761651326308,0.0467346391001363,-0.000202352726756194));
#4492=CARTESIAN_POINT('',(-0.0382855767152074,0.0473280679430769,-0.00021004964756507));
#4493=CARTESIAN_POINT('',(-0.0384600358258031,0.0478595624375749,-0.000217657873124814));
#4494=CARTESIAN_POINT('',(-0.038568755722529,0.0481070547079168,-0.000221307760161108));
#4495=CARTESIAN_POINT('',(-0.0386151825865841,0.0482056052078365,-0.000222620251173226));
#4496=CARTESIAN_POINT('',(-0.0386151825865841,0.0482056052078365,-0.000222620251173225));
#4497=CARTESIAN_POINT('',(-0.0386151825865841,0.0473974952244605,0.0113338909198036));
#4498=CARTESIAN_POINT('',(-0.0386151825865841,0.0474253978139582,0.0109348652996997));
#4499=CARTESIAN_POINT('',(-0.043,0.0453577971114966,0.0107902845742044));
#4500=CARTESIAN_POINT('',(0.043,0.0453298945219989,0.0111893101943083));
#4501=CARTESIAN_POINT('',(0.0386151825865841,0.0473974952244605,0.0113338909198036));
#4502=CARTESIAN_POINT('',(0.0386151825865841,0.0474253978139582,0.0109348652996997));
#4503=CARTESIAN_POINT('',(0.0386151825865841,0.0482056052078365,-0.000222620251173227));
#4504=CARTESIAN_POINT('',(0.0386151825865841,0.0482056052078365,-0.000222620251173225));
#4505=CARTESIAN_POINT('',(0.0384942860430836,0.0479489776056278,-0.000219202496604394));
#4506=CARTESIAN_POINT('',(0.038289312802093,0.047433555269305,-0.000211805314483497));
#4507=CARTESIAN_POINT('',(0.0381372924908321,0.0464501188553258,-0.000199133065240402));
#4508=CARTESIAN_POINT('',(0.0381626805804077,0.0453047867498086,-0.00018405436436621));
#4509=CARTESIAN_POINT('',(0.0385124357039497,0.0441286437369396,-0.000170677312370699));
#4510=CARTESIAN_POINT('',(0.0390510692310019,0.0432609925806785,-0.000157916530642371));
#4511=CARTESIAN_POINT('',(0.0394445606472839,0.042809548498693,-0.000150819460567122));
#4512=CARTESIAN_POINT('',(0.0396331524406557,0.0426220284080402,-0.000148044758528273));
#4513=CARTESIAN_POINT('',(0.0397444512111853,0.0425177495710388,-0.00014663996886581));
#4514=CARTESIAN_POINT('',(0.0399245712650834,0.0423596607515162,-0.000144562910717985));
#4515=CARTESIAN_POINT('',(0.0401356511568026,0.042194572781878,-0.000142442235626649));
#4516=CARTESIAN_POINT('',(0.0405005885405753,0.0419451887922303,-0.000139285347943113));
#4517=CARTESIAN_POINT('',(0.0411673119040877,0.0415844379510235,-0.000134745552347755));
#4518=CARTESIAN_POINT('',(0.0421886462068657,0.0412731737058208,-0.000130416665425725));
#4519=CARTESIAN_POINT('',(0.0430133004834813,0.0412428277830369,-0.000129507187386155));
#4520=CARTESIAN_POINT('',(0.0434145299145299,0.0412773660961758,-0.000130010615693071));
#4521=CARTESIAN_POINT('',(0.0434145299145299,0.0412773660961759,-0.000130010615693076));
#4522=CARTESIAN_POINT('',(0.0434145299145299,0.0405094130712625,0.0108522292944255));
#4523=CARTESIAN_POINT('',(0.0434145299145299,0.0405373156607601,0.0104532036743216));
#4524=CARTESIAN_POINT('',(0.043,0.0453577971114966,0.0107902845742044));
#4525=CARTESIAN_POINT('',(1.32984590480946E-17,0.0488213686979083,0.0114334578524128));
#4526=CARTESIAN_POINT('',(-0.000580363402712415,0.0496983318872237,-0.00110770003740774));
#4527=CARTESIAN_POINT('',(-0.000599999999999254,0.0496997050118693,-0.00112733663469458));
#4528=CARTESIAN_POINT('',(0.000397564050260563,0.0496299485381252,-0.000129772584434758));
#4529=CARTESIAN_POINT('',(0.0377110965219623,0.0496299485381252,-0.000129772584434759));
#4530=CARTESIAN_POINT('',(0.0377110965219623,0.0496299485381252,-0.000129772584434755));
#4531=CARTESIAN_POINT('',(0.0377110965219623,0.0488213686979083,0.0114334578524128));
#4532=CARTESIAN_POINT('',(0.0377110965219623,0.048849271287406,0.0110344322323088));
#4533=CARTESIAN_POINT('',(1.32983993845335E-17,0.048849271287406,0.0110344322323088));
#4534=CARTESIAN_POINT('',(-0.00417499999999927,0.048849271287406,0.0110344322323088));
#4535=CARTESIAN_POINT('',(-0.00417499999999927,0.0488213686979083,0.0114334578524128));
#4536=CARTESIAN_POINT('',(-0.00417499999999927,0.0494833576337401,0.00196657501544704));
#4537=CARTESIAN_POINT('',(-0.00727499999999926,0.0494833576337401,0.00196657501544704));
#4538=CARTESIAN_POINT('',(-0.00727499999999926,0.0496996027023468,-0.00112587354035841));
#4539=CARTESIAN_POINT('',(1.12649375502969E-17,0.0496996027023468,-0.00112587354035841));
#4540=CARTESIAN_POINT('',(-0.0120249999999993,0.0496996027023468,-0.00112587354035841));
#4541=CARTESIAN_POINT('',(-0.0120249999999993,0.0494833576337401,0.00196657501544704));
#4542=CARTESIAN_POINT('',(-0.0151249999999993,0.0494833576337401,0.00196657501544704));
#4543=CARTESIAN_POINT('',(-0.0151249999999993,0.0488213686979083,0.0114334578524128));
#4544=CARTESIAN_POINT('',(-0.0151249999999993,0.048849271287406,0.0110344322323088));
#4545=CARTESIAN_POINT('',(1.32983993845335E-17,0.048849271287406,0.0110344322323088));
#4546=CARTESIAN_POINT('',(-0.0377110965219623,0.048849271287406,0.0110344322323088));
#4547=CARTESIAN_POINT('',(-0.0377110965219623,0.0488213686979083,0.0114334578524128));
#4548=CARTESIAN_POINT('',(-0.0377110965219623,0.0496299485381252,-0.000129772584434756));
#4549=CARTESIAN_POINT('',(-0.0186999999999993,0.0496299485381252,-0.000129772584434756));
#4550=CARTESIAN_POINT('',(-0.0196975640502591,0.0496299485381252,-0.000129772584434756));
#4551=CARTESIAN_POINT('',(-0.0204245861566112,0.0495791102000156,0.000597249521917371));
#4552=CARTESIAN_POINT('',(-0.0186999999999993,0.0496997050118693,-0.00112733663469458));
#4553=CARTESIAN_POINT('',(-0.0172999999999993,0.0496997050118693,-0.00112733663469458));
#4554=CARTESIAN_POINT('',(-0.00199999999999926,0.0496997050118693,-0.00112733663469458));
#4555=CARTESIAN_POINT('',(1.19327122087599E-21,-0.000558051789952996,0.0079805124020786));
#4556=CARTESIAN_POINT('',(-0.0377110965219623,0.0478238046476485,0.0113637013786686));
#4557=CARTESIAN_POINT('',(-0.0389768170124329,0.0472269714551854,0.0113219667362576));
#4558=CARTESIAN_POINT('',(-0.0377110965219623,0.0492203943180122,0.0114613604419104));
#4559=CARTESIAN_POINT('',(7.15509122208831E-18,0.0492203943180122,0.0114613604419104));
#4560=CARTESIAN_POINT('',(-0.0154249999999993,0.0492203943180122,0.0114613604419104));
#4561=CARTESIAN_POINT('',(-0.0154249999999993,-0.000558051789952994,0.0079805124020786));
#4562=CARTESIAN_POINT('',(-0.0154249999999993,0.0509162532034539,0.0115799464472754));
#4563=CARTESIAN_POINT('',(-0.041,0.050916253203454,0.0115799464472754));
#4564=CARTESIAN_POINT('',(-0.041,0.050916253203454,0.0115799464472754));
#4565=CARTESIAN_POINT('',(-0.041,0.0453298945219989,0.0111893101943083));
#4566=CARTESIAN_POINT('',(-0.0466,0.0453298945219989,0.0111893101943083));
#4567=CARTESIAN_POINT('',(-0.0466,-0.0464459981019049,0.00477171460984887));
#4568=CARTESIAN_POINT('',(-0.0466,-0.0464459981019049,0.00477171460984887));
#4569=CARTESIAN_POINT('',(-0.041,-0.0464459981019049,0.00477171460984887));
#4570=CARTESIAN_POINT('',(-0.041,-0.0520323567833599,0.00438107835688177));
#4571=CARTESIAN_POINT('',(-7.39642464991659E-18,-0.0520323567833599,0.00438107835688177));
#4572=CARTESIAN_POINT('',(0.041,-0.0520323567833599,0.00438107835688177));
#4573=CARTESIAN_POINT('',(0.041,-0.0464459981019049,0.00477171460984887));
#4574=CARTESIAN_POINT('',(0.0466,-0.0464459981019049,0.00477171460984887));
#4575=CARTESIAN_POINT('',(0.0466,-0.000558051789953002,0.0079805124020786));
#4576=CARTESIAN_POINT('',(0.0466,0.0453298945219989,0.0111893101943083));
#4577=CARTESIAN_POINT('',(0.041,0.0453298945219989,0.0111893101943083));
#4578=CARTESIAN_POINT('',(0.041,0.0509162532034539,0.0115799464472754));
#4579=CARTESIAN_POINT('',(-0.00427499999999926,0.0509162532034539,0.0115799464472754));
#4580=CARTESIAN_POINT('',(-0.00387499999999926,0.0509162532034539,0.0115799464472754));
#4581=CARTESIAN_POINT('',(-0.00387499999999927,-0.000558051789952996,0.0079805124020786));
#4582=CARTESIAN_POINT('',(-0.00387499999999926,0.0492203943180122,0.0114613604419104));
#4583=CARTESIAN_POINT('',(7.15509122208831E-18,0.0492203943180122,0.0114613604419104));
#4584=CARTESIAN_POINT('',(0.0377110965219623,0.0492203943180122,0.0114613604419104));
#4585=CARTESIAN_POINT('',(0.0377110965219623,0.0478238046476485,0.0113637013786686));
#4586=CARTESIAN_POINT('',(0.0389768170124329,0.0472269714551853,0.0113219667362576));
#4587=CARTESIAN_POINT('',(0.043,0.0453298945219989,0.0111893101943083));
#4588=CARTESIAN_POINT('',(0.0433803418803419,0.0409069785517356,0.0108800297810138));
#4589=CARTESIAN_POINT('',(0.0435,0.0395154993700797,0.0107827280779548));
#4590=CARTESIAN_POINT('',(0.0449,0.0395154993700797,0.0107827280779548));
#4591=CARTESIAN_POINT('',(0.0449,0.0052563433619662,0.0083870945184321));
#4592=CARTESIAN_POINT('',(0.0449,0.0052563433619662,0.0083870945184321));
#4593=CARTESIAN_POINT('',(0.0435,0.0052563433619662,0.0083870945184321));
#4594=CARTESIAN_POINT('',(0.0433803418803419,0.00386486418031033,0.00828979281537314));
#4595=CARTESIAN_POINT('',(0.043,-0.000558051789952996,0.0079805124020786));
#4596=CARTESIAN_POINT('',(0.0433803418803419,-0.00498096776021632,0.00767123198878405));
#4597=CARTESIAN_POINT('',(0.0435,-0.0063724469418722,0.00757393028572509));
#4598=CARTESIAN_POINT('',(0.0449,-0.0063724469418722,0.00757393028572509));
#4599=CARTESIAN_POINT('',(0.0449,-0.0406316029499857,0.00517829672620238));
#4600=CARTESIAN_POINT('',(0.0449,-0.0406316029499857,0.00517829672620238));
#4601=CARTESIAN_POINT('',(0.0435,-0.0406316029499857,0.00517829672620238));
#4602=CARTESIAN_POINT('',(0.0433803418803419,-0.0420230821316416,0.00508099502314342));
#4603=CARTESIAN_POINT('',(0.043,-0.0464459981019049,0.00477171460984887));
#4604=CARTESIAN_POINT('',(0.0389768170124329,-0.0483430750350913,0.00463905806789957));
#4605=CARTESIAN_POINT('',(0.0377110965219623,-0.0489399082275545,0.00459732342548856));
#4606=CARTESIAN_POINT('',(0.0377110965219623,-0.0503364978979182,0.00449966436224678));
#4607=CARTESIAN_POINT('',(-0.0377110965219623,-0.0503364978979182,0.00449966436224678));
#4608=CARTESIAN_POINT('',(-0.0377110965219623,-0.0503364978979182,0.00449966436224678));
#4609=CARTESIAN_POINT('',(-0.0377110965219623,-0.0489399082275545,0.00459732342548856));
#4610=CARTESIAN_POINT('',(-0.0389768170124329,-0.0483430750350913,0.00463905806789957));
#4611=CARTESIAN_POINT('',(-0.043,-0.0464459981019049,0.00477171460984887));
#4612=CARTESIAN_POINT('',(-0.0433803418803419,-0.0420230821316416,0.00508099502314342));
#4613=CARTESIAN_POINT('',(-0.0435,-0.0406316029499857,0.00517829672620238));
#4614=CARTESIAN_POINT('',(-0.0449,-0.0406316029499857,0.00517829672620238));
#4615=CARTESIAN_POINT('',(-0.0449,-0.00055805178995299,0.0079805124020786));
#4616=CARTESIAN_POINT('',(-0.0449,-0.0063724469418722,0.00757393028572509));
#4617=CARTESIAN_POINT('',(-0.0435,-0.0063724469418722,0.00757393028572509));
#4618=CARTESIAN_POINT('',(-0.0433803418803419,-0.00498096776021632,0.00767123198878405));
#4619=CARTESIAN_POINT('',(-0.043,-0.000558051789952996,0.0079805124020786));
#4620=CARTESIAN_POINT('',(-0.0433803418803419,0.00386486418031033,0.00828979281537314));
#4621=CARTESIAN_POINT('',(-0.0435,0.0052563433619662,0.0083870945184321));
#4622=CARTESIAN_POINT('',(-0.0449,0.0052563433619662,0.0083870945184321));
#4623=CARTESIAN_POINT('',(-0.0449,-0.00055805178995299,0.0079805124020786));
#4624=CARTESIAN_POINT('',(-0.0449,0.0395154993700797,0.0107827280779548));
#4625=CARTESIAN_POINT('',(-0.0435,0.0395154993700797,0.0107827280779548));
#4626=CARTESIAN_POINT('',(-0.0433803418803419,0.0409069785517356,0.0108800297810138));
#4627=CARTESIAN_POINT('',(-0.043,0.0453298945219989,0.0111893101943083));
#4628=CARTESIAN_POINT('',(-0.043,-0.0464459981019049,0.00477171460984887));
#4629=CARTESIAN_POINT('',(-0.04025,-0.0464459981019049,0.00477171460984887));
#4630=CARTESIAN_POINT('',(-0.043,-0.000558051789952996,0.0079805124020786));
#4631=CARTESIAN_POINT('',(-0.04025,-0.000558051789952996,0.0079805124020786));
#4632=CARTESIAN_POINT('',(-0.043,0.0453298945219989,0.0111893101943083));
#4633=CARTESIAN_POINT('',(-0.04025,0.0453298945219989,0.0111893101943083));
#4634=CARTESIAN_POINT('',(0.043,0.0453298945219989,0.0111893101943083));
#4635=CARTESIAN_POINT('',(0.04575,0.0453298945219989,0.0111893101943083));
#4636=CARTESIAN_POINT('',(0.043,-0.0464459981019049,0.00477171460984887));
#4637=CARTESIAN_POINT('',(0.04575,-0.0464459981019049,0.00477171460984887));
#4638=CARTESIAN_POINT('',(0.043,-0.000558051789952996,0.0079805124020786));
#4639=CARTESIAN_POINT('',(0.04575,-0.000558051789952996,0.0079805124020786));
#4640=CARTESIAN_POINT('',(-0.00727499999999926,0.0390089351060119,0.00123413204113373));
#4641=CARTESIAN_POINT('',(-0.00727499999999926,0.0392182045272443,-0.00175856010964574));
#4642=CARTESIAN_POINT('',(-0.00727499999999926,0.0497923834599984,-0.00101914148795802));
#4643=CARTESIAN_POINT('',(-0.00727499999999926,0.052186537180622,-0.00085172595097212));
#4644=CARTESIAN_POINT('',(-0.00727499999999926,0.049583114038766,0.00197355066282145));
#4645=CARTESIAN_POINT('',(-0.00427499999999926,0.049583114038766,0.00197355066282145));
#4646=CARTESIAN_POINT('',(-0.00427499999999927,0.027038166502894,0.00039705435620424));
#4647=CARTESIAN_POINT('',(-0.00427499999999926,0.0519772677593896,0.00214096619980735));
#4648=CARTESIAN_POINT('',(-0.00727499999999926,0.0519772677593896,0.00214096619980735));
#4649=CARTESIAN_POINT('',(1.36568707690799E-17,0.0513152788235579,0.0116078490367731));
#4650=CARTESIAN_POINT('',(-0.00427499999999926,0.0516113950546017,0.00737318964342012));
#4651=CARTESIAN_POINT('',(-0.00427499999999926,0.0513431814130555,0.0112088234166691));
#4652=CARTESIAN_POINT('',(0.041,0.0513431814130555,0.0112088234166691));
#4653=CARTESIAN_POINT('',(0.041,0.0513431814130555,0.0112088234166691));
#4654=CARTESIAN_POINT('',(0.041,0.0518733306135109,0.00362733663469448));
#4655=CARTESIAN_POINT('',(0.041,0.0523094531353075,-0.00260950599655479));
#4656=CARTESIAN_POINT('',(1.36688924812689E-17,0.0523094531353075,-0.00260950599655478));
#4657=CARTESIAN_POINT('',(-0.041,0.0523094531353075,-0.00260950599655478));
#4658=CARTESIAN_POINT('',(-0.041,0.0513152788235579,0.0116078490367731));
#4659=CARTESIAN_POINT('',(-0.041,0.0513431814130555,0.0112088234166691));
#4660=CARTESIAN_POINT('',(-0.0150249999999992,0.0513431814130555,0.0112088234166691));
#4661=CARTESIAN_POINT('',(-0.0150249999999992,0.0513431814130555,0.0112088234166691));
#4662=CARTESIAN_POINT('',(-0.0150249999999992,0.0516113950546017,0.00737318964342012));
#4663=CARTESIAN_POINT('',(-0.0150249999999992,0.0519772677593896,0.00214096619980735));
#4664=CARTESIAN_POINT('',(-0.0120249999999993,0.0519772677593896,0.00214096619980735));
#4665=CARTESIAN_POINT('',(-0.0120249999999993,0.052186537180622,-0.00085172595097212));
#4666=CARTESIAN_POINT('',(-0.00964999999999926,0.052186537180622,-0.00085172595097212));
#4667=CARTESIAN_POINT('',(0.047,-0.000558051789953003,0.0079805124020786));
#4668=CARTESIAN_POINT('',(0.047,0.0453298945219989,0.0111893101943083));
#4669=CARTESIAN_POINT('',(0.047,0.0462994435894715,-0.00267588743912302));
#4670=CARTESIAN_POINT('',(0.047,0.0453577971114966,0.0107902845742044));
#4671=CARTESIAN_POINT('',(0.047,-0.000530149200455353,0.00758148678197466));
#4672=CARTESIAN_POINT('',(0.047,-0.0464180955124073,0.00437268898974493));
#4673=CARTESIAN_POINT('',(0.047,-0.0464459981019049,0.00477171460984887));
#4674=CARTESIAN_POINT('',(0.047,-0.0459252110339964,-0.00267588743912292));
#4675=CARTESIAN_POINT('',(0.047,0.046365975398444,-0.00267588743912302));
#4676=CARTESIAN_POINT('',(-0.047,-0.000558051789952989,0.0079805124020786));
#4677=CARTESIAN_POINT('',(-0.047,-0.0464459981019049,0.00477171460984887));
#4678=CARTESIAN_POINT('',(-0.047,-0.0459252110339964,-0.00267588743912293));
#4679=CARTESIAN_POINT('',(-0.047,-0.0464180955124073,0.00437268898974494));
#4680=CARTESIAN_POINT('',(-0.047,0.0453577971114966,0.0107902845742044));
#4681=CARTESIAN_POINT('',(-0.047,0.0453577971114966,0.0107902845742044));
#4682=CARTESIAN_POINT('',(-0.047,0.0453298945219989,0.0111893101943083));
#4683=CARTESIAN_POINT('',(-0.047,0.0462994435894715,-0.00267588743912304));
#4684=CARTESIAN_POINT('',(-0.047,-0.000558051789953001,-0.00267588743912297));
#4685=CARTESIAN_POINT('',(-0.043,0.0453298945219989,0.0111893101943083));
#4686=CARTESIAN_POINT('',(-0.043,0.0453577971114966,0.0107902845742044));
#4687=CARTESIAN_POINT('',(-0.04065,0.0453577971114966,0.0107902845742044));
#4688=CARTESIAN_POINT('',(-0.043,0.0456089204169754,0.00719905399326903));
#4689=CARTESIAN_POINT('',(-0.04535,0.0456089204169754,0.00719905399326903));
#4690=CARTESIAN_POINT('',(-0.043,-0.0464459981019049,0.00477171460984887));
#4691=CARTESIAN_POINT('',(-0.043,-0.0464180955124073,0.00437268898974494));
#4692=CARTESIAN_POINT('',(-0.04065,-0.0464180955124073,0.00437268898974494));
#4693=CARTESIAN_POINT('',(-0.043,-0.0461669722069284,0.00078145840880957));
#4694=CARTESIAN_POINT('',(-0.04535,-0.0461669722069284,0.00078145840880957));
#4695=CARTESIAN_POINT('',(-0.043,-0.000558051789952996,0.0079805124020786));
#4696=CARTESIAN_POINT('',(-0.043,-0.000530149200455346,0.00758148678197467));
#4697=CARTESIAN_POINT('',(-0.04065,-0.000530149200455346,0.00758148678197467));
#4698=CARTESIAN_POINT('',(-0.043,-0.000279025894976498,0.0039902562010393));
#4699=CARTESIAN_POINT('',(-0.04535,-0.000279025894976498,0.0039902562010393));
#4700=CARTESIAN_POINT('',(0.043,-0.0464459981019049,0.00477171460984887));
#4701=CARTESIAN_POINT('',(0.043,-0.0464180955124073,0.00437268898974494));
#4702=CARTESIAN_POINT('',(0.04535,-0.0464180955124073,0.00437268898974494));
#4703=CARTESIAN_POINT('',(0.043,-0.0461669722069284,0.00078145840880957));
#4704=CARTESIAN_POINT('',(0.04065,-0.0461669722069284,0.00078145840880957));
#4705=CARTESIAN_POINT('',(0.043,-0.000558051789952996,0.0079805124020786));
#4706=CARTESIAN_POINT('',(0.043,-0.000530149200455346,0.00758148678197467));
#4707=CARTESIAN_POINT('',(0.04535,-0.000530149200455346,0.00758148678197467));
#4708=CARTESIAN_POINT('',(0.043,-0.000279025894976497,0.0039902562010393));
#4709=CARTESIAN_POINT('',(0.04065,-0.000279025894976497,0.0039902562010393));
#4710=CARTESIAN_POINT('',(-6.71559032273093E-18,-0.0524313824034639,0.00435317576738412));
#4711=CARTESIAN_POINT('',(0.041,-0.0524313824034639,0.00435317576738412));
#4712=CARTESIAN_POINT('',(0.041,-0.0519352205798324,-0.00274226888169116));
#4713=CARTESIAN_POINT('',(0.041,-0.0524034798139662,0.00395415014728019));
#4714=CARTESIAN_POINT('',(-6.71564998629197E-18,-0.0524034798139662,0.00395415014728019));
#4715=CARTESIAN_POINT('',(-0.041,-0.0524034798139662,0.00395415014728019));
#4716=CARTESIAN_POINT('',(-0.041,-0.0518733306135109,-0.00362733663469448));
#4717=CARTESIAN_POINT('',(-0.041,-0.0519352205798324,-0.00274226888169116));
#4718=CARTESIAN_POINT('',(0.041,-0.0519352205798324,-0.00274226888169116));
#4719=CARTESIAN_POINT('',(0.043,0.0453298945219989,0.0111893101943083));
#4720=CARTESIAN_POINT('',(0.043,0.0453577971114966,0.0107902845742044));
#4721=CARTESIAN_POINT('',(0.04535,0.0453577971114966,0.0107902845742044));
#4722=CARTESIAN_POINT('',(0.043,0.0456089204169754,0.00719905399326903));
#4723=CARTESIAN_POINT('',(0.04065,0.0456089204169754,0.00719905399326903));
#4724=CARTESIAN_POINT('',(-0.041,-0.0464459981019049,0.00477171460984887));
#4725=CARTESIAN_POINT('',(-0.041,-0.0464180955124073,0.00437268898974494));
#4726=CARTESIAN_POINT('',(-0.047,-0.0459252110339964,-0.00267588743912292));
#4727=CARTESIAN_POINT('',(-0.047,-0.0464441440613092,-0.00268161913100903));
#4728=CARTESIAN_POINT('',(-0.046865804606352,-0.0474171015912325,-0.00269339903372752));
#4729=CARTESIAN_POINT('',(-0.0464850288040155,-0.0484146395144543,-0.00270494358081226));
#4730=CARTESIAN_POINT('',(-0.0461194476289706,-0.0490753017811797,-0.002711890896669));
#4731=CARTESIAN_POINT('',(-0.045826214133273,-0.0495068533620645,-0.00271615981826102));
#4732=CARTESIAN_POINT('',(-0.0455840164057984,-0.0498087216576911,-0.00271905643977483));
#4733=CARTESIAN_POINT('',(-0.0453793590278984,-0.0500345237018456,-0.00272132018281795));
#4734=CARTESIAN_POINT('',(-0.0452658966276403,-0.0501543446471056,-0.00272258331452946));
#4735=CARTESIAN_POINT('',(-0.045012898584256,-0.0503976749428493,-0.00272530380291142));
#4736=CARTESIAN_POINT('',(-0.0447086713525204,-0.0506565894266495,-0.00272822935175104));
#4737=CARTESIAN_POINT('',(-0.0441263765280152,-0.0510840126909528,-0.00273311688189591));
#4738=CARTESIAN_POINT('',(-0.0432400758254647,-0.0515418535948903,-0.00273827699753258));
#4739=CARTESIAN_POINT('',(-0.0421190365916142,-0.0518670340811537,-0.00274158505898431));
#4740=CARTESIAN_POINT('',(-0.0413690863366504,-0.0519352267177351,-0.00274218110559238));
#4741=CARTESIAN_POINT('',(-0.041,-0.0519352205798324,-0.00274226888169116));
#4742=CARTESIAN_POINT('',(0.041,-0.0464459981019049,0.00477171460984887));
#4743=CARTESIAN_POINT('',(0.041,-0.0464180955124073,0.00437268898974493));
#4744=CARTESIAN_POINT('',(0.041,-0.0519352205798324,-0.00274226888169116));
#4745=CARTESIAN_POINT('',(0.0413690530990619,-0.0519352267171824,-0.00274218111349694));
#4746=CARTESIAN_POINT('',(0.0421189536301014,-0.0518670465555781,-0.0027415859445082));
#4747=CARTESIAN_POINT('',(0.0432399752030927,-0.0515418933595306,-0.00273827982717058));
#4748=CARTESIAN_POINT('',(0.0441263014652562,-0.051084061251408,-0.0027331202304583));
#4749=CARTESIAN_POINT('',(0.0447086336170521,-0.0506566194028864,-0.0027282315545466));
#4750=CARTESIAN_POINT('',(0.0450128777936657,-0.0503976946332707,-0.00272530501973737));
#4751=CARTESIAN_POINT('',(0.0452659091319308,-0.0501543321282828,-0.00272258307291427));
#4752=CARTESIAN_POINT('',(0.0453793298013268,-0.0500345540867153,-0.00272131993245276));
#4753=CARTESIAN_POINT('',(0.0455839664663955,-0.0498087799033286,-0.00271905593622319));
#4754=CARTESIAN_POINT('',(0.0458261411874421,-0.0495069500445026,-0.00271615947689626));
#4755=CARTESIAN_POINT('',(0.0461193692180231,-0.0490754286976067,-0.00271189099457291));
#4756=CARTESIAN_POINT('',(0.0464849613706439,-0.0484147878906118,-0.00270494440084884));
#4757=CARTESIAN_POINT('',(0.0468657780474976,-0.0474172301372855,-0.00269340038436791));
#4758=CARTESIAN_POINT('',(0.047,-0.0464441959627244,-0.00268161970426782));
#4759=CARTESIAN_POINT('',(0.047,-0.0459252110339963,-0.00267588743912292));
#4760=CARTESIAN_POINT('',(-0.041,0.0453298945219989,0.0111893101943083));
#4761=CARTESIAN_POINT('',(-0.041,0.0453577971114966,0.0107902845742044));
#4762=CARTESIAN_POINT('',(-0.041,0.0523094531353075,-0.00260950599655478));
#4763=CARTESIAN_POINT('',(-0.0413690530990422,0.0523094592726575,-0.00260959376474899));
#4764=CARTESIAN_POINT('',(-0.0421189536300522,0.0522412791110606,-0.00261018893373721));
#4765=CARTESIAN_POINT('',(-0.043239975203033,0.0519161259150293,-0.00261349505107368));
#4766=CARTESIAN_POINT('',(-0.0441263014652116,0.0514582938069119,-0.00261865464778564));
#4767=CARTESIAN_POINT('',(-0.0447086336170297,0.0510308519583793,-0.00262354332369802));
#4768=CARTESIAN_POINT('',(-0.0450128777936533,0.0507719271887574,-0.00262646985850784));
#4769=CARTESIAN_POINT('',(-0.0452659091319383,0.0505285646837505,-0.0026291918053318));
#4770=CARTESIAN_POINT('',(-0.0453793298013093,0.0504087866422085,-0.00263045494579332));
#4771=CARTESIAN_POINT('',(-0.0455839664663657,0.0501830124588384,-0.00263271894202303));
#4772=CARTESIAN_POINT('',(-0.0458261411873987,0.0498811826000353,-0.00263561540134987));
#4773=CARTESIAN_POINT('',(-0.0461193692179764,0.0494496612531573,-0.00263988388367296));
#4774=CARTESIAN_POINT('',(-0.0464849613706038,0.0487890204461753,-0.0026468304773966));
#4775=CARTESIAN_POINT('',(-0.0468657780474817,0.0477914626928372,-0.00265837449387722));
#4776=CARTESIAN_POINT('',(-0.047,0.0468184285182304,-0.00267015517397778));
#4777=CARTESIAN_POINT('',(-0.047,0.0462994435894715,-0.00267588743912303));
#4778=CARTESIAN_POINT('',(0.041,0.0453298945219989,0.0111893101943083));
#4779=CARTESIAN_POINT('',(0.041,0.0453577971114966,0.0107902845742044));
#4780=CARTESIAN_POINT('',(0.047,0.0462994435894715,-0.00267588743912303));
#4781=CARTESIAN_POINT('',(0.047,0.0468183766167591,-0.00267015574723719));
#4782=CARTESIAN_POINT('',(0.0468658046063649,0.0477913341466453,-0.00265837584451906));
#4783=CARTESIAN_POINT('',(0.0464850288040482,0.0487888720698575,-0.00264683129743407));
#4784=CARTESIAN_POINT('',(0.0461194476290085,0.0494495343365934,-0.00263988398157698));
#4785=CARTESIAN_POINT('',(0.0458262141333084,0.0498810859174927,-0.00263561505998474));
#4786=CARTESIAN_POINT('',(0.0455840164058226,0.0501829542131379,-0.00263271843847086));
#4787=CARTESIAN_POINT('',(0.0453793590279125,0.050408756257306,-0.00263045469542786));
#4788=CARTESIAN_POINT('',(0.0452658966276343,0.0505285772025868,-0.00262919156371635));
#4789=CARTESIAN_POINT('',(0.0450128985842661,0.0507719074983148,-0.00262647107533511));
#4790=CARTESIAN_POINT('',(0.0447086713525388,0.0510308219821099,-0.00262354552649597));
#4791=CARTESIAN_POINT('',(0.0441263765280518,0.0514582452464042,-0.00261865799635165));
#4792=CARTESIAN_POINT('',(0.0432400758255138,0.051916086150346,-0.00261349788071474));
#4793=CARTESIAN_POINT('',(0.0421190365916546,0.0522412666366228,-0.00261018981926206));
#4794=CARTESIAN_POINT('',(0.0413690863366666,0.0523094592732102,-0.00260959377265356));
#4795=CARTESIAN_POINT('',(0.041,0.0523094531353075,-0.00260950599655478));
#4796=CARTESIAN_POINT('',(5.96635610437997E-22,-0.000279025894976498,0.0039902562010393));
#4797=CARTESIAN_POINT('',(0.043,0.0456089204169754,0.00719905399326903));
#4798=CARTESIAN_POINT('',(0.04115,0.0456089204169754,0.00719905399326903));
#4799=CARTESIAN_POINT('',(5.96635610437997E-22,-0.000279025894976498,0.0039902562010393));
#4800=CARTESIAN_POINT('',(-0.043,0.0456089204169754,0.00719905399326903));
#4801=CARTESIAN_POINT('',(-0.04485,0.0456089204169754,0.00719905399326903));
#4802=CARTESIAN_POINT('',(5.96635610437997E-22,-0.000279025894976498,0.0039902562010393));
#4803=CARTESIAN_POINT('',(-0.043,-0.0461669722069284,0.00078145840880957));
#4804=CARTESIAN_POINT('',(-0.04485,-0.0461669722069284,0.00078145840880957));
#4805=CARTESIAN_POINT('',(5.96635610437997E-22,-0.000279025894976498,0.0039902562010393));
#4806=CARTESIAN_POINT('',(-0.043,-0.000279025894976498,0.0039902562010393));
#4807=CARTESIAN_POINT('',(-0.04485,-0.000279025894976498,0.0039902562010393));
#4808=CARTESIAN_POINT('',(5.96635610437997E-22,-0.000279025894976498,0.0039902562010393));
#4809=CARTESIAN_POINT('',(0.043,-0.0461669722069284,0.00078145840880957));
#4810=CARTESIAN_POINT('',(0.04115,-0.0461669722069284,0.00078145840880957));
#4811=CARTESIAN_POINT('',(5.96635610437997E-22,-0.000279025894976498,0.0039902562010393));
#4812=CARTESIAN_POINT('',(0.043,-0.000279025894976497,0.0039902562010393));
#4813=CARTESIAN_POINT('',(0.04115,-0.000279025894976497,0.0039902562010393));
#4814=CARTESIAN_POINT('',(0.101769169973598,0.000253648086710065,-0.00362733663469453));
#4815=CARTESIAN_POINT('',(-0.041,-0.0509859217240248,-0.00362733663469448));
#4816=CARTESIAN_POINT('',(-0.0423199166821533,-0.050991283003738,-0.00362733663469448));
#4817=CARTESIAN_POINT('',(-0.0449526658827023,-0.0498870554742267,-0.00362733663469448));
#4818=CARTESIAN_POINT('',(-0.046053735116046,-0.0472493015699635,-0.00362733663469448));
#4819=CARTESIAN_POINT('',(-0.046048383053138,-0.0459252110339963,-0.00362733663469448));
#4820=CARTESIAN_POINT('',(-0.041,-0.0509859217240248,-0.00362733663469448));
#4821=CARTESIAN_POINT('',(-0.046048383053138,-0.0459252110339964,-0.00362733663469448));
#4822=CARTESIAN_POINT('',(-0.046048383053138,0.000253648086710084,-0.00362733663469453));
#4823=CARTESIAN_POINT('',(-0.046048383053138,0.0462994435894715,-0.00362733663469458));
#4824=CARTESIAN_POINT('',(-0.046048383053138,0.0462994435894715,-0.00362733663469458));
#4825=CARTESIAN_POINT('',(-0.046053731273043,0.0476225833735928,-0.00362733663469458));
#4826=CARTESIAN_POINT('',(-0.0449521935862671,0.0502617614794312,-0.00362733663469458));
#4827=CARTESIAN_POINT('',(-0.0423208651180267,0.0513655194116002,-0.00362733663469458));
#4828=CARTESIAN_POINT('',(-0.041,0.0513601542795,-0.00362733663469458));
#4829=CARTESIAN_POINT('',(-0.041,0.0513601542795,-0.00362733663469458));
#4830=CARTESIAN_POINT('',(0.101769169973598,0.0513601542794999,-0.00362733663469459));
#4831=CARTESIAN_POINT('',(0.041,0.0513601542794999,-0.00362733663469458));
#4832=CARTESIAN_POINT('',(0.041,0.0513601542795,-0.00362733663469458));
#4833=CARTESIAN_POINT('',(0.0423199166821237,0.051365515559213,-0.00362733663469458));
#4834=CARTESIAN_POINT('',(0.0449526658827173,0.050261288029679,-0.00362733663469458));
#4835=CARTESIAN_POINT('',(0.0460537351160461,0.0476235341254844,-0.00362733663469458));
#4836=CARTESIAN_POINT('',(0.046048383053138,0.0462994435894715,-0.00362733663469458));
#4837=CARTESIAN_POINT('',(0.046048383053138,0.0462994435894715,-0.00362733663469458));
#4838=CARTESIAN_POINT('',(0.046048383053138,-0.0458586792250238,-0.00362733663469448));
#4839=CARTESIAN_POINT('',(0.046048383053138,-0.0459252110339964,-0.00362733663469448));
#4840=CARTESIAN_POINT('',(0.046048383053138,-0.0459252110339964,-0.00362733663469448));
#4841=CARTESIAN_POINT('',(0.0460537312730433,-0.0472483508181891,-0.00362733663469448));
#4842=CARTESIAN_POINT('',(0.0449521935862785,-0.0498875289239204,-0.00362733663469448));
#4843=CARTESIAN_POINT('',(0.042320865118004,-0.050991286856125,-0.00362733663469448));
#4844=CARTESIAN_POINT('',(0.041,-0.0509859217240248,-0.00362733663469448));
#4845=CARTESIAN_POINT('',(0.041,-0.0509859217240248,-0.00362733663469448));
#4846=CARTESIAN_POINT('',(-0.041,-0.0509859217240248,-0.00362733663469448));
#4847=CARTESIAN_POINT('',(0.046048383053138,0.000253648086710072,-0.00362733663469453));
#4848=CARTESIAN_POINT('',(0.047,-0.0459252110339964,-0.00267588743912292));
#4849=CARTESIAN_POINT('',(0.046682794351046,-0.0459252110339964,-0.00299303717098011));
#4850=CARTESIAN_POINT('',(0.046365588702092,-0.0459252110339964,-0.0033101869028373));
#4851=CARTESIAN_POINT('',(0.046048383053138,-0.0459252110339964,-0.00362733663469448));
#4852=CARTESIAN_POINT('',(0.046048383053138,0.0462994435894715,-0.00362733663469458));
#4853=CARTESIAN_POINT('',(0.046365588702092,0.0462994435894715,-0.00331018690283739));
#4854=CARTESIAN_POINT('',(0.046682794351046,0.0462994435894715,-0.00299303717098021));
#4855=CARTESIAN_POINT('',(0.047,0.0462994435894715,-0.00267588743912302));
#4856=CARTESIAN_POINT('',(0.047,0.0462994435894715,-0.00267588743912302));
#4857=CARTESIAN_POINT('',(0.0470063736434557,0.0478750543510827,-0.00265848458568591));
#4858=CARTESIAN_POINT('',(0.0463549193197369,0.0494350278943844,-0.00264125444763324));
#4859=CARTESIAN_POINT('',(0.0441303620545017,0.0516632962942716,-0.00261664289424291));
#4860=CARTESIAN_POINT('',(0.0425729866146747,0.0523158374116426,-0.00260943548128027));
#4861=CARTESIAN_POINT('',(0.041,0.0523094531353075,-0.00260950599655478));
#4862=CARTESIAN_POINT('',(0.046048383053138,0.0462994435894715,-0.00362733663469458));
#4863=CARTESIAN_POINT('',(0.0460537458187394,0.0476261819521642,-0.00362733663469458));
#4864=CARTESIAN_POINT('',(0.0455056139907574,0.0489397530416403,-0.00362733663469458));
#4865=CARTESIAN_POINT('',(0.0436338777910448,0.0508160598303874,-0.00362733663469458));
#4866=CARTESIAN_POINT('',(0.0423235064947228,0.0513655301404284,-0.00362733663469458));
#4867=CARTESIAN_POINT('',(0.041,0.0513601542794999,-0.00362733663469458));
#4868=CARTESIAN_POINT('',(0.041,0.0523094531353075,-0.00260950599655478));
#4869=CARTESIAN_POINT('',(0.041,0.0519930201833716,-0.00294878287593471));
#4870=CARTESIAN_POINT('',(0.041,0.0516765872314358,-0.00328805975531465));
#4871=CARTESIAN_POINT('',(0.041,0.0513601542794999,-0.00362733663469458));
#4872=CARTESIAN_POINT('',(0.041,-0.0519352205798324,-0.00274226888169116));
#4873=CARTESIAN_POINT('',(0.0425729866146747,-0.0519416048561675,-0.00274233939696567));
#4874=CARTESIAN_POINT('',(0.0441303620545017,-0.0512890637387965,-0.00273513198400303));
#4875=CARTESIAN_POINT('',(0.0463549193197369,-0.0490607953389093,-0.00271052043061271));
#4876=CARTESIAN_POINT('',(0.0470063736434557,-0.0475008217956076,-0.00269329029256003));
#4877=CARTESIAN_POINT('',(0.047,-0.0459252110339964,-0.00267588743912293));
#4878=CARTESIAN_POINT('',(0.041,-0.0509859217240248,-0.00362733663469448));
#4879=CARTESIAN_POINT('',(0.0423235064947228,-0.0509912975849533,-0.00362733663469448));
#4880=CARTESIAN_POINT('',(0.0436338777910448,-0.0504418272749123,-0.00362733663469448));
#4881=CARTESIAN_POINT('',(0.0455056139907574,-0.0485655204861652,-0.00362733663469448));
#4882=CARTESIAN_POINT('',(0.0460537458187394,-0.0472519493966891,-0.00362733663469448));
#4883=CARTESIAN_POINT('',(0.046048383053138,-0.0459252110339964,-0.00362733663469449));
#4884=CARTESIAN_POINT('',(0.041,-0.0509859217240249,-0.00362733663469447));
#4885=CARTESIAN_POINT('',(0.041,-0.0513023546759607,-0.00333231405036004));
#4886=CARTESIAN_POINT('',(0.041,-0.0516187876278966,-0.0030372914660256));
#4887=CARTESIAN_POINT('',(0.041,-0.0519352205798325,-0.00274226888169116));
#4888=CARTESIAN_POINT('',(1.36688924812689E-17,0.0523094531353075,-0.00260950599655478));
#4889=CARTESIAN_POINT('',(-0.041,0.0513601542794999,-0.00362733663469458));
#4890=CARTESIAN_POINT('',(-0.041,0.0516765872314358,-0.00328805975531464));
#4891=CARTESIAN_POINT('',(-0.041,0.0519930201833717,-0.00294878287593471));
#4892=CARTESIAN_POINT('',(-0.041,0.0523094531353075,-0.00260950599655478));
#4893=CARTESIAN_POINT('',(0.101769169973598,-0.0509859217240249,-0.00362733663469448));
#4894=CARTESIAN_POINT('',(-0.041,-0.0519352205798324,-0.00274226888169116));
#4895=CARTESIAN_POINT('',(-0.041,-0.0516187876278966,-0.0030372914660256));
#4896=CARTESIAN_POINT('',(-0.041,-0.0513023546759607,-0.00333231405036004));
#4897=CARTESIAN_POINT('',(-0.041,-0.0509859217240249,-0.00362733663469447));
#4898=CARTESIAN_POINT('',(-0.041,0.0523094531353075,-0.00260950599655478));
#4899=CARTESIAN_POINT('',(-0.0425729866146747,0.0523158374116426,-0.00260943548128027));
#4900=CARTESIAN_POINT('',(-0.0441303620545017,0.0516632962942716,-0.00261664289424291));
#4901=CARTESIAN_POINT('',(-0.0463549193197369,0.0494350278943844,-0.00264125444763324));
#4902=CARTESIAN_POINT('',(-0.0470063736434557,0.0478750543510827,-0.00265848458568591));
#4903=CARTESIAN_POINT('',(-0.047,0.0462994435894715,-0.00267588743912302));
#4904=CARTESIAN_POINT('',(-0.041,0.0513601542795,-0.00362733663469458));
#4905=CARTESIAN_POINT('',(-0.0423235064947228,0.0513655301404284,-0.00362733663469458));
#4906=CARTESIAN_POINT('',(-0.0436338777910448,0.0508160598303875,-0.00362733663469458));
#4907=CARTESIAN_POINT('',(-0.0455056139907574,0.0489397530416403,-0.00362733663469458));
#4908=CARTESIAN_POINT('',(-0.0460537458187394,0.0476261819521642,-0.00362733663469458));
#4909=CARTESIAN_POINT('',(-0.046048383053138,0.0462994435894715,-0.00362733663469458));
#4910=CARTESIAN_POINT('',(-0.047,0.0462994435894715,-0.00267588743912302));
#4911=CARTESIAN_POINT('',(-0.046682794351046,0.0462994435894715,-0.0029930371709802));
#4912=CARTESIAN_POINT('',(-0.046365588702092,0.0462994435894715,-0.00331018690283739));
#4913=CARTESIAN_POINT('',(-0.046048383053138,0.0462994435894715,-0.00362733663469457));
#4914=CARTESIAN_POINT('',(-0.047,-0.0459252110339964,-0.00267588743912293));
#4915=CARTESIAN_POINT('',(-0.0470063736434557,-0.0475008217956076,-0.00269329029256003));
#4916=CARTESIAN_POINT('',(-0.0463549193197369,-0.0490607953389093,-0.00271052043061271));
#4917=CARTESIAN_POINT('',(-0.0441303620545017,-0.0512890637387965,-0.00273513198400303));
#4918=CARTESIAN_POINT('',(-0.0425729866146747,-0.0519416048561675,-0.00274233939696567));
#4919=CARTESIAN_POINT('',(-0.041,-0.0519352205798324,-0.00274226888169116));
#4920=CARTESIAN_POINT('',(-0.046048383053138,-0.0459252110339964,-0.00362733663469448));
#4921=CARTESIAN_POINT('',(-0.0460537458187394,-0.0472519493966891,-0.00362733663469448));
#4922=CARTESIAN_POINT('',(-0.0455056139907574,-0.0485655204861652,-0.00362733663469448));
#4923=CARTESIAN_POINT('',(-0.0436338777910448,-0.0504418272749123,-0.00362733663469448));
#4924=CARTESIAN_POINT('',(-0.0423235064947228,-0.0509912975849533,-0.00362733663469448));
#4925=CARTESIAN_POINT('',(-0.041,-0.0509859217240248,-0.00362733663469448));
#4926=CARTESIAN_POINT('',(-0.046048383053138,-0.0459252110339964,-0.00362733663469448));
#4927=CARTESIAN_POINT('',(-0.046365588702092,-0.0459252110339964,-0.00331018690283729));
#4928=CARTESIAN_POINT('',(-0.046682794351046,-0.0459252110339964,-0.00299303717098011));
#4929=CARTESIAN_POINT('',(-0.047,-0.0459252110339964,-0.00267588743912292));
#4930=CARTESIAN_POINT('',(-0.047,-0.000558051789953001,-0.00267588743912297));
#4931=CARTESIAN_POINT('',(-0.0445,-0.00055805178995299,0.0079805124020786));
#4932=CARTESIAN_POINT('',(-0.0445,0.00591572387727329,-0.00104248616715331));
#4933=CARTESIAN_POINT('',(-0.0445,0.00528424595146385,0.00798806889832817));
#4934=CARTESIAN_POINT('',(-0.0445,0.00585644939289753,-0.000194821548556872));
#4935=CARTESIAN_POINT('',(-0.0445,0.0403483322254762,-0.000194821548556907));
#4936=CARTESIAN_POINT('',(-0.0445,0.0402831244184133,-0.000194821548556908));
#4937=CARTESIAN_POINT('',(-0.0445,0.0395154993700797,0.0107827280779548));
#4938=CARTESIAN_POINT('',(-0.0445,0.0395434019595774,0.0103837024578509));
#4939=CARTESIAN_POINT('',(-0.0445,-0.00053014920045534,0.00758148678197467));
#4940=CARTESIAN_POINT('',(0.0445,-0.000558051789953003,0.0079805124020786));
#4941=CARTESIAN_POINT('',(0.0445,0.0395154993700797,0.0107827280779548));
#4942=CARTESIAN_POINT('',(0.0445,0.0395434019595774,0.0103837024578509));
#4943=CARTESIAN_POINT('',(0.0445,0.0402831244184133,-0.000194821548556908));
#4944=CARTESIAN_POINT('',(0.0445,-0.000558051789953011,-0.000194821548556866));
#4945=CARTESIAN_POINT('',(0.0445,0.00585644939289753,-0.000194821548556873));
#4946=CARTESIAN_POINT('',(0.0445,0.0052563433619662,0.0083870945184321));
#4947=CARTESIAN_POINT('',(0.0445,0.00528424595146385,0.00798806889832817));
#4948=CARTESIAN_POINT('',(0.0445,0.0395434019595774,0.0103837024578509));
#4949=CARTESIAN_POINT('',(0.0445,-0.000558051789953003,0.0079805124020786));
#4950=CARTESIAN_POINT('',(0.0445,-0.00575806176357066,-0.00121218710223575));
#4951=CARTESIAN_POINT('',(0.0445,-0.00634454435237455,0.00717490466562116));
#4952=CARTESIAN_POINT('',(0.0445,-0.00582920289332057,-0.00019482154855686));
#4953=CARTESIAN_POINT('',(0.0445,-0.000558051789953011,-0.000194821548556866));
#4954=CARTESIAN_POINT('',(0.0445,-0.0402558779188364,-0.000194821548556826));
#4955=CARTESIAN_POINT('',(0.0445,-0.0406316029499857,0.00517829672620238));
#4956=CARTESIAN_POINT('',(0.0445,-0.040603700360488,0.00477927110609845));
#4957=CARTESIAN_POINT('',(0.0445,-0.00634454435237455,0.00717490466562116));
#4958=CARTESIAN_POINT('',(-0.0445,-0.00055805178995299,0.0079805124020786));
#4959=CARTESIAN_POINT('',(-0.0445,-0.0401966034344607,-0.00104248616715326));
#4960=CARTESIAN_POINT('',(-0.0445,-0.040603700360488,0.00477927110609845));
#4961=CARTESIAN_POINT('',(-0.0445,-0.0402558779188364,-0.000194821548556824));
#4962=CARTESIAN_POINT('',(-0.0445,-0.00576399508625773,-0.00019482154855686));
#4963=CARTESIAN_POINT('',(-0.0445,-0.00582920289332057,-0.000194821548556861));
#4964=CARTESIAN_POINT('',(-0.0445,-0.0063724469418722,0.00757393028572509));
#4965=CARTESIAN_POINT('',(-0.0445,-0.00634454435237455,0.00717490466562116));
#4966=CARTESIAN_POINT('',(-0.0445,-0.00053014920045534,0.00758148678197467));
#4967=CARTESIAN_POINT('',(-0.043,-0.0464459981019049,0.00477171460984887));
#4968=CARTESIAN_POINT('',(-0.0386151825865841,-0.0485135988043665,0.00462713388435357));
#4969=CARTESIAN_POINT('',(-0.0386151825865841,-0.0484856962148689,0.00422810826424964));
#4970=CARTESIAN_POINT('',(-0.0386151825865841,-0.0481783587082595,-0.000167022845940508));
#4971=CARTESIAN_POINT('',(-0.0386151825865841,-0.0481783587082595,-0.000167022845940507));
#4972=CARTESIAN_POINT('',(-0.0385687435666841,-0.0480797824050768,-0.000168335680599293));
#4973=CARTESIAN_POINT('',(-0.0384600091211966,-0.0478322494929364,-0.000171985964153819));
#4974=CARTESIAN_POINT('',(-0.0382855537252876,-0.0473007319574152,-0.000179594115314358));
#4975=CARTESIAN_POINT('',(-0.0381761574286143,-0.0467073159996954,-0.000187290821387992));
#4976=CARTESIAN_POINT('',(-0.0381429764759228,-0.0461638977520752,-0.000194087870327138));
#4977=CARTESIAN_POINT('',(-0.0381618653719774,-0.0456744689469528,-0.000200471642846009));
#4978=CARTESIAN_POINT('',(-0.0382095529279598,-0.0453120200571065,-0.000205281966068339));
#4979=CARTESIAN_POINT('',(-0.0383077726857554,-0.0448243501815114,-0.000211559806737907));
#4980=CARTESIAN_POINT('',(-0.0384837967066841,-0.0442887770332079,-0.000218577090683159));
#4981=CARTESIAN_POINT('',(-0.0386953388786618,-0.0438417701447392,-0.000224747950963841));
#4982=CARTESIAN_POINT('',(-0.0388848129288865,-0.0435203054684034,-0.000229233837732776));
#4983=CARTESIAN_POINT('',(-0.0389989330304453,-0.0433427389992984,-0.000231690526933801));
#4984=CARTESIAN_POINT('',(-0.0392245243478552,-0.0430363294545422,-0.000235689172351152));
#4985=CARTESIAN_POINT('',(-0.0395149534358947,-0.0427023274124877,-0.000239842562158649));
#4986=CARTESIAN_POINT('',(-0.0400907469411458,-0.042159333493894,-0.000246347254392211));
#4987=CARTESIAN_POINT('',(-0.0413960608216584,-0.0413675802282145,-0.000255962585992898));
#4988=CARTESIAN_POINT('',(-0.0426413952304476,-0.0411835672309171,-0.000260602544568837));
#4989=CARTESIAN_POINT('',(-0.0434145299145299,-0.0412501195965989,-0.000259632481420651));
#4990=CARTESIAN_POINT('',(-0.0434145299145299,-0.0412501195965989,-0.000259632481420657));
#4991=CARTESIAN_POINT('',(-0.0434145299145299,-0.0416255166511685,0.00510879550973169));
#4992=CARTESIAN_POINT('',(-0.0434145299145299,-0.0415976140616708,0.00470976988962776));
#4993=CARTESIAN_POINT('',(-0.043,-0.0464180955124073,0.00437268898974494));
#4994=CARTESIAN_POINT('',(-0.043,-0.000558051789952996,0.0079805124020786));
#4995=CARTESIAN_POINT('',(-0.0434145299145299,-0.00537853324068943,0.00764343150219577));
#4996=CARTESIAN_POINT('',(-0.0434145299145299,-0.00535063065119178,0.00724440588209184));
#4997=CARTESIAN_POINT('',(-0.0434145299145299,-0.00483496121555806,-0.000130010615693028));
#4998=CARTESIAN_POINT('',(-0.0434145299145299,-0.00483496121555806,-0.000130010615693016));
#4999=CARTESIAN_POINT('',(-0.04309893713283,-0.00486213417677912,-0.000129523769053383));
#5000=CARTESIAN_POINT('',(-0.0424535069258093,-0.00485517920118752,-0.00012982620128296));
#5001=CARTESIAN_POINT('',(-0.041479143872635,-0.00464358249763295,-0.000133043430524953));
#5002=CARTESIAN_POINT('',(-0.0407030716995653,-0.00429766253362316,-0.000137535282969778));
#5003=CARTESIAN_POINT('',(-0.0401911145963656,-0.00395955853393854,-0.000141830553730062));
#5004=CARTESIAN_POINT('',(-0.0399229949879934,-0.00375179240220329,-0.000144516889651019));
#5005=CARTESIAN_POINT('',(-0.0397001490592089,-0.00355518059054089,-0.000147096312901547));
#5006=CARTESIAN_POINT('',(-0.0395985903376122,-0.00345633265322614,-0.00014849555927441));
#5007=CARTESIAN_POINT('',(-0.039416583127743,-0.00327063361202693,-0.000151282360379005));
#5008=CARTESIAN_POINT('',(-0.0391136396671697,-0.00292004927963514,-0.000156781132165941));
#5009=CARTESIAN_POINT('',(-0.0386791531224522,-0.00227073792518445,-0.000166563183529975));
#5010=CARTESIAN_POINT('',(-0.0382707044063576,-0.00126665551176829,-0.000178901573762705));
#5011=CARTESIAN_POINT('',(-0.0380896537680082,1.36607202980049E-5,-0.000194822075653639));
#5012=CARTESIAN_POINT('',(-0.0382706805216095,0.00129375212930709,-0.0002107394149639));
#5013=CARTESIAN_POINT('',(-0.0386790748395457,0.00229784371622191,-0.00022307653790472));
#5014=CARTESIAN_POINT('',(-0.0391135558705709,0.00294718802234562,-0.000232858197286179));
#5015=CARTESIAN_POINT('',(-0.0394165320164426,0.00329782489300697,-0.000238358240907519));
#5016=CARTESIAN_POINT('',(-0.0395985604705395,0.0034835505051025,-0.000241146255977834));
#5017=CARTESIAN_POINT('',(-0.0397001619138614,0.00358243892004985,-0.00024254678741504));
#5018=CARTESIAN_POINT('',(-0.0399229734364559,0.00377902022975279,-0.000245127476512724));
#5019=CARTESIAN_POINT('',(-0.0401910755204413,0.00398677697963007,-0.000247815010981607));
#5020=CARTESIAN_POINT('',(-0.0407029943307401,0.00432486466735893,-0.000252111483789416));
#5021=CARTESIAN_POINT('',(-0.0414790410675676,0.00467079578288329,-0.000256602831544661));
#5022=CARTESIAN_POINT('',(-0.0424534233753091,0.00488241963371761,-0.000259817936132564));
#5023=CARTESIAN_POINT('',(-0.0430989040948399,0.00488938352097128,-0.000260119379026116));
#5024=CARTESIAN_POINT('',(-0.0434145299145299,0.00486220771513502,-0.000259632481420694));
#5025=CARTESIAN_POINT('',(-0.0434145299145299,0.00486220771513502,-0.000259632481420706));
#5026=CARTESIAN_POINT('',(-0.0434145299145299,0.00426242966078343,0.00831759330196142));
#5027=CARTESIAN_POINT('',(-0.0434145299145299,0.00429033225028108,0.00791856768185749));
#5028=CARTESIAN_POINT('',(-0.043,-0.000530149200455346,0.00758148678197467));
#5029=CARTESIAN_POINT('',(0.043,-0.0464459981019049,0.00477171460984887));
#5030=CARTESIAN_POINT('',(0.0434145299145299,-0.0416255166511685,0.00510879550973169));
#5031=CARTESIAN_POINT('',(0.0434145299145299,-0.0415976140616708,0.00470976988962776));
#5032=CARTESIAN_POINT('',(0.0434145299145299,-0.0412501195965989,-0.000259632481420658));
#5033=CARTESIAN_POINT('',(0.0434145299145299,-0.0412501195965989,-0.000259632481420651));
#5034=CARTESIAN_POINT('',(0.0430279918175454,-0.0412168459312077,-0.000260117476300553));
#5035=CARTESIAN_POINT('',(0.042228506581731,-0.0412422302842298,-0.000258924588871461));
#5036=CARTESIAN_POINT('',(0.0412239587775241,-0.0415352904012068,-0.000254209838721513));
#5037=CARTESIAN_POINT('',(0.0404629210988933,-0.0419341885983214,-0.000249073470014429));
#5038=CARTESIAN_POINT('',(0.0399254329238155,-0.0423157988001265,-0.00024446741106552));
#5039=CARTESIAN_POINT('',(0.0395183915218857,-0.0426970341148681,-0.000239910774665374));
#5040=CARTESIAN_POINT('',(0.0392560518414406,-0.043001948865629,-0.00023610727661585));
#5041=CARTESIAN_POINT('',(0.0391201463571677,-0.0431765558233886,-0.00023386399561541));
#5042=CARTESIAN_POINT('',(0.0390065338658344,-0.0433358651032779,-0.0002317614443869));
#5043=CARTESIAN_POINT('',(0.0389587875780179,-0.0434075746836391,-0.000230775344656118));
#5044=CARTESIAN_POINT('',(0.0388705292766842,-0.0435439851237599,-0.000228857897334586));
#5045=CARTESIAN_POINT('',(0.0387251828679695,-0.0437895662079972,-0.000225307415088926));
#5046=CARTESIAN_POINT('',(0.0385144717671394,-0.0442137489245911,-0.000219227443270423));
#5047=CARTESIAN_POINT('',(0.0383000552007836,-0.0448344868310337,-0.00021093704700304));
#5048=CARTESIAN_POINT('',(0.0381566639355375,-0.0455597796873835,-0.000201926930057979));
#5049=CARTESIAN_POINT('',(0.0381372055493785,-0.0464239496160719,-0.000190481644365698));
#5050=CARTESIAN_POINT('',(0.0382893649669652,-0.0474056624135345,-0.0001778548151348));
#5051=CARTESIAN_POINT('',(0.0384942860430837,-0.0479217311060509,-0.000170440600509331));
#5052=CARTESIAN_POINT('',(0.0386151825865841,-0.0481783587082595,-0.000167022845940507));
#5053=CARTESIAN_POINT('',(0.0386151825865841,-0.0481783587082595,-0.000167022845940507));
#5054=CARTESIAN_POINT('',(0.0386151825865841,-0.0485135988043665,0.00462713388435357));
#5055=CARTESIAN_POINT('',(0.0386151825865841,-0.0484856962148689,0.00422810826424964));
#5056=CARTESIAN_POINT('',(0.043,-0.0464180955124073,0.00437268898974494));
#5057=CARTESIAN_POINT('',(0.043,-0.000558051789952996,0.0079805124020786));
#5058=CARTESIAN_POINT('',(0.0434145299145299,0.00426242966078343,0.00831759330196142));
#5059=CARTESIAN_POINT('',(0.0434145299145299,0.00429033225028108,0.00791856768185749));
#5060=CARTESIAN_POINT('',(0.0434145299145299,0.00486220771513502,-0.000259632481420706));
#5061=CARTESIAN_POINT('',(0.0434145299145299,0.00486220771513502,-0.000259632481420694));
#5062=CARTESIAN_POINT('',(0.043098937132829,0.00488938067635617,-0.00026011932806033));
#5063=CARTESIAN_POINT('',(0.0424535069258032,0.00488242570076103,-0.000259816895830749));
#5064=CARTESIAN_POINT('',(0.0414791438726435,0.00467082899722017,-0.000256599666588992));
#5065=CARTESIAN_POINT('',(0.0407030716995282,0.00432490903316539,-0.000252107814143683));
#5066=CARTESIAN_POINT('',(0.0401911145964124,0.00398680503356083,-0.000247812543384265));
#5067=CARTESIAN_POINT('',(0.0399229949879082,0.00377903890169848,-0.000245126207461815));
#5068=CARTESIAN_POINT('',(0.0397001490595321,0.00358242709042846,-0.000242546784215731));
#5069=CARTESIAN_POINT('',(0.0395985903364045,0.00348357915164245,-0.000241147537825975));
#5070=CARTESIAN_POINT('',(0.0394165831255446,0.0032978801092393,-0.000238360736717969));
#5071=CARTESIAN_POINT('',(0.0391136396636372,0.00294729577470709,-0.000232861964940445));
#5072=CARTESIAN_POINT('',(0.0386791531191698,0.00229798441857211,-0.000223079913624673));
#5073=CARTESIAN_POINT('',(0.0382707044051912,0.0012939020058566,-0.000210741523422291));
#5074=CARTESIAN_POINT('',(0.0380896537685901,1.35857792865629E-5,-0.000194821021460182));
#5075=CARTESIAN_POINT('',(0.0382706805204482,-0.00126650562427198,-0.000178903682078135));
#5076=CARTESIAN_POINT('',(0.0386790748362794,-0.00227059721048417,-0.000166566559167399));
#5077=CARTESIAN_POINT('',(0.0391135558670555,-0.00291994151828548,-0.00015678489983412));
#5078=CARTESIAN_POINT('',(0.0394165320142547,-0.00327057839107663,-0.000151284856222448));
#5079=CARTESIAN_POINT('',(0.0395985604693378,-0.00345630400437072,-0.000148496841148968));
#5080=CARTESIAN_POINT('',(0.039700161914182,-0.00355519242078106,-0.000147096309695124));
#5081=CARTESIAN_POINT('',(0.0399229734363752,-0.00375177373009793,-0.000144515620602146));
#5082=CARTESIAN_POINT('',(0.0401910755204963,-0.00395953048010427,-0.000141828086132015));
#5083=CARTESIAN_POINT('',(0.040702994330719,-0.00429761816775645,-0.000137531613325328));
#5084=CARTESIAN_POINT('',(0.0414790410675973,-0.0046435492833235,-0.000133040265569477));
#5085=CARTESIAN_POINT('',(0.0424534233753204,-0.00485517313413846,-0.00012982516098137));
#5086=CARTESIAN_POINT('',(0.0430989040948457,-0.00486213702139382,-0.000129523718087606));
#5087=CARTESIAN_POINT('',(0.0434145299145299,-0.00483496121555806,-0.000130010615693017));
#5088=CARTESIAN_POINT('',(0.0434145299145299,-0.00483496121555806,-0.000130010615693029));
#5089=CARTESIAN_POINT('',(0.0434145299145299,-0.00537853324068943,0.00764343150219577));
#5090=CARTESIAN_POINT('',(0.0434145299145299,-0.00535063065119178,0.00724440588209184));
#5091=CARTESIAN_POINT('',(0.043,-0.000530149200455346,0.00758148678197467));
#5092=CARTESIAN_POINT('',(-6.35717860174558E-18,-0.0499374722778143,0.00452756695174443));
#5093=CARTESIAN_POINT('',(0.0377110965219623,-0.0495420428981667,-0.00112733663469448));
#5094=CARTESIAN_POINT('',(0.0377110965219623,-0.0499095696883167,0.0041285413316405));
#5095=CARTESIAN_POINT('',(0.0377110965219623,-0.0496027020385483,-0.000259870512678979));
#5096=CARTESIAN_POINT('',(-6.35313050734368E-18,-0.0496027020385483,-0.000259870512678979));
#5097=CARTESIAN_POINT('',(-0.0377110965219623,-0.0496027020385483,-0.000259870512678977));
#5098=CARTESIAN_POINT('',(-0.0377110965219623,-0.0499374722778143,0.00452756695174443));
#5099=CARTESIAN_POINT('',(-0.0377110965219623,-0.0499095696883167,0.0041285413316405));
#5100=CARTESIAN_POINT('',(0.0377110965219623,-0.0499095696883167,0.0041285413316405));
#5101=CARTESIAN_POINT('',(0.043,-6.97564737441241E-5,0.000997564050259824));
#5102=CARTESIAN_POINT('',(0.043,-5.58051789952992E-5,0.00079805124020786));
#5103=CARTESIAN_POINT('',(0.04465,-5.58051789952992E-5,0.00079805124020786));
#5104=CARTESIAN_POINT('',(0.043,-0.000265074600227672,0.00379074339098734));
#5105=CARTESIAN_POINT('',(0.04135,-0.000265074600227672,0.00379074339098734));
#5106=CARTESIAN_POINT('',(8.94953415656996E-23,-4.18538842464747E-5,0.000598538430155895));
#5107=CARTESIAN_POINT('',(0.043,-4.18538842464743E-5,0.000598538430155895));
#5108=CARTESIAN_POINT('',(0.04445,-4.18538842464743E-5,0.000598538430155895));
#5109=CARTESIAN_POINT('',(0.043,-0.045957702785696,-0.00221123374196991));
#5110=CARTESIAN_POINT('',(0.043,-0.0459437514909472,-0.00241074655202187));
#5111=CARTESIAN_POINT('',(0.04465,-0.0459437514909472,-0.00241074655202187));
#5112=CARTESIAN_POINT('',(0.043,-0.0461530209121796,0.000581945598757605));
#5113=CARTESIAN_POINT('',(0.04135,-0.0461530209121796,0.000581945598757605));
#5114=CARTESIAN_POINT('',(8.94953415656996E-23,-4.18538842464747E-5,0.000598538430155895));
#5115=CARTESIAN_POINT('',(0.043,-0.0459298001961984,-0.00261025936207384));
#5116=CARTESIAN_POINT('',(0.04445,-0.0459298001961984,-0.00261025936207384));
#5117=CARTESIAN_POINT('',(-0.043,-6.97564737441245E-5,0.000997564050259824));
#5118=CARTESIAN_POINT('',(-0.043,-5.58051789952996E-5,0.00079805124020786));
#5119=CARTESIAN_POINT('',(-0.04135,-5.58051789952996E-5,0.00079805124020786));
#5120=CARTESIAN_POINT('',(-0.043,-0.000265074600227673,0.00379074339098734));
#5121=CARTESIAN_POINT('',(-0.04465,-0.000265074600227673,0.00379074339098734));
#5122=CARTESIAN_POINT('',(8.94953415656996E-23,-4.18538842464747E-5,0.000598538430155895));
#5123=CARTESIAN_POINT('',(-0.043,-4.18538842464747E-5,0.000598538430155895));
#5124=CARTESIAN_POINT('',(-0.04155,-4.18538842464746E-5,0.000598538430155895));
#5125=CARTESIAN_POINT('',(-0.043,-0.045957702785696,-0.00221123374196991));
#5126=CARTESIAN_POINT('',(-0.043,-0.0459437514909472,-0.00241074655202187));
#5127=CARTESIAN_POINT('',(-0.04135,-0.0459437514909472,-0.00241074655202187));
#5128=CARTESIAN_POINT('',(-0.043,-0.0461530209121796,0.000581945598757605));
#5129=CARTESIAN_POINT('',(-0.04465,-0.0461530209121796,0.000581945598757605));
#5130=CARTESIAN_POINT('',(8.94953415656996E-23,-4.18538842464747E-5,0.000598538430155895));
#5131=CARTESIAN_POINT('',(-0.043,-0.0459298001961984,-0.00261025936207384));
#5132=CARTESIAN_POINT('',(-0.04155,-0.0459298001961984,-0.00261025936207384));
#5133=CARTESIAN_POINT('',(-0.043,0.0458181898382078,0.00420636184248955));
#5134=CARTESIAN_POINT('',(-0.043,0.0458321411329566,0.00400684903243758));
#5135=CARTESIAN_POINT('',(-0.04135,0.0458321411329566,0.00400684903243758));
#5136=CARTESIAN_POINT('',(-0.043,0.0456228717117242,0.00699954118321706));
#5137=CARTESIAN_POINT('',(-0.04465,0.0456228717117242,0.00699954118321706));
#5138=CARTESIAN_POINT('',(8.94953415656996E-23,-4.18538842464747E-5,0.000598538430155895));
#5139=CARTESIAN_POINT('',(-0.043,0.0458460924277054,0.00380733622238562));
#5140=CARTESIAN_POINT('',(-0.04155,0.0458460924277054,0.00380733622238562));
#5141=CARTESIAN_POINT('',(0.043,0.0458181898382078,0.00420636184248955));
#5142=CARTESIAN_POINT('',(0.043,0.0458321411329566,0.00400684903243758));
#5143=CARTESIAN_POINT('',(0.04465,0.0458321411329566,0.00400684903243758));
#5144=CARTESIAN_POINT('',(0.043,0.0456228717117242,0.00699954118321706));
#5145=CARTESIAN_POINT('',(0.04135,0.0456228717117242,0.00699954118321706));
#5146=CARTESIAN_POINT('',(8.94953415656996E-23,-4.18538842464747E-5,0.000598538430155895));
#5147=CARTESIAN_POINT('',(0.043,0.0458460924277054,0.00380733622238562));
#5148=CARTESIAN_POINT('',(0.04445,0.0458460924277054,0.00380733622238562));
#5149=CARTESIAN_POINT('',(-0.00964999999999926,0.0392182045272443,-0.00175856010964574));
#5150=CARTESIAN_POINT('',(-0.0120249999999993,0.0496926270549724,-0.00102611713533243));
#5151=CARTESIAN_POINT('',(-0.0120249999999993,0.0497923834599984,-0.00101914148795802));
#5152=CARTESIAN_POINT('',(-0.00964999999999926,0.0497923834599984,-0.00101914148795802));
#5153=CARTESIAN_POINT('',(-0.0120249999999993,0.0390089351060119,0.00123413204113373));
#5154=CARTESIAN_POINT('',(-0.0150249999999992,0.027038166502894,0.000397054356204241));
#5155=CARTESIAN_POINT('',(-0.0150249999999992,0.049583114038766,0.00197355066282145));
#5156=CARTESIAN_POINT('',(-0.0120249999999993,0.049583114038766,0.00197355066282145));
#5157=CARTESIAN_POINT('',(-0.0150249999999992,0.026672293798106,0.00562927779981701));
#5158=CARTESIAN_POINT('',(-0.0150249999999992,0.0264040801565599,0.00946491157306603));
#5159=CARTESIAN_POINT('',(-0.0150249999999992,0.0489490276924319,0.0110414078796832));
#5160=CARTESIAN_POINT('',(-0.0150249999999992,0.0492172413339781,0.00720577410643422));
#5161=CARTESIAN_POINT('',(-0.00427499999999927,0.026672293798106,0.00562927779981701));
#5162=CARTESIAN_POINT('',(-0.00427499999999926,0.0492172413339781,0.00720577410643422));
#5163=CARTESIAN_POINT('',(-0.00427499999999926,0.0489490276924319,0.0110414078796832));
#5164=CARTESIAN_POINT('',(-0.00427499999999927,0.0264040801565599,0.00946491157306603));
#5165=CARTESIAN_POINT('',(-0.00299999999999926,0.0376961660334209,-0.00312733663469457));
#5166=CARTESIAN_POINT('',(-0.00299999999999926,0.0256926270549724,-0.000678808497270695));
#5167=CARTESIAN_POINT('',(-0.00299999999999926,0.0261168911236844,-0.00152733663469456));
#5168=CARTESIAN_POINT('',(-0.00299999999999926,0.0260926270549725,-0.00152688256711148));
#5169=CARTESIAN_POINT('',(-0.00299999999999926,0.0260926270549724,-0.00312733663469456));
#5170=CARTESIAN_POINT('',(-0.00299999999999926,0.0260926270549725,-0.00232688256711149));
#5171=CARTESIAN_POINT('',(-0.00299999999999926,0.0256926270549724,-0.0014788084972707));
#5172=CARTESIAN_POINT('',(-0.00299999999999926,0.0261168911236844,-0.00232733663469455));
#5173=CARTESIAN_POINT('',(-0.00299999999999926,0.0496997050118693,-0.00232733663469458));
#5174=CARTESIAN_POINT('',(-0.00299999999999926,0.0492754409431574,-0.00232733663469458));
#5175=CARTESIAN_POINT('',(-0.00299999999999926,0.0496997050118693,-0.00147880849727072));
#5176=CARTESIAN_POINT('',(-0.00299999999999926,0.0492997050118693,-0.00232688256711151));
#5177=CARTESIAN_POINT('',(-0.00299999999999926,0.0492997050118693,-0.00152733663469458));
#5178=CARTESIAN_POINT('',(-0.00299999999999926,0.0492997050118693,-0.00152733663469458));
#5179=CARTESIAN_POINT('',(-0.00299999999999926,0.0376961660334209,-0.00152733663469457));
#5180=CARTESIAN_POINT('',(-0.00199999999999926,0.0256926270549724,-0.00312733663469456));
#5181=CARTESIAN_POINT('',(-0.00299999999999926,0.0256926270549724,-0.0014788084972707));
#5182=CARTESIAN_POINT('',(-0.00257573593128734,0.0256926270549724,-0.00232733663469455));
#5183=CARTESIAN_POINT('',(-0.00259999999999926,0.0256926270549724,-0.00232688256711149));
#5184=CARTESIAN_POINT('',(-0.00259999999999926,0.0256926270549724,-0.00312733663469456));
#5185=CARTESIAN_POINT('',(-0.00259999999999926,0.0256926270549724,-0.00152688256711148));
#5186=CARTESIAN_POINT('',(-0.00299999999999925,0.0256926270549724,-0.000678808497270703));
#5187=CARTESIAN_POINT('',(-0.00257573593128734,0.0256926270549724,-0.00152733663469456));
#5188=CARTESIAN_POINT('',(-0.000999999999999265,0.0256926270549724,-0.00152733663469456));
#5189=CARTESIAN_POINT('',(-0.00142426406871119,0.0256926270549724,-0.00152733663469456));
#5190=CARTESIAN_POINT('',(-0.000999999999999267,0.0256926270549724,-0.000678808497270703));
#5191=CARTESIAN_POINT('',(-0.00139999999999926,0.0256926270549724,-0.00152688256711148));
#5192=CARTESIAN_POINT('',(-0.00139999999999926,0.0256926270549724,-0.00221365542010565));
#5193=CARTESIAN_POINT('',(-0.00139999999999926,0.0256926270549724,-0.00232688256711149));
#5194=CARTESIAN_POINT('',(-0.000999999999999265,0.0256926270549724,-0.0014788084972707));
#5195=CARTESIAN_POINT('',(-0.00142426406871119,0.0256926270549724,-0.00232733663469455));
#5196=CARTESIAN_POINT('',(-0.00199999999999926,0.0256926270549724,-0.00232733663469455));
#5197=CARTESIAN_POINT('',(-0.000999999999999263,0.0376961660334209,-0.00312733663469457));
#5198=CARTESIAN_POINT('',(-0.000999999999999265,0.0256926270549724,-0.0014788084972707));
#5199=CARTESIAN_POINT('',(-0.000999999999999265,0.0261168911236844,-0.00232733663469455));
#5200=CARTESIAN_POINT('',(-0.000999999999999265,0.0260926270549725,-0.00232688256711149));
#5201=CARTESIAN_POINT('',(-0.000999999999999265,0.0260926270549725,-0.00141365542010565));
#5202=CARTESIAN_POINT('',(-0.000999999999999265,0.0260926270549725,-0.00152688256711148));
#5203=CARTESIAN_POINT('',(-0.000999999999999265,0.0256926270549724,-0.000678808497270699));
#5204=CARTESIAN_POINT('',(-0.000999999999999265,0.0261168911236844,-0.00152733663469456));
#5205=CARTESIAN_POINT('',(-0.00099999999999926,0.0496997050118693,-0.00152733663469458));
#5206=CARTESIAN_POINT('',(-0.00099999999999926,0.0492997050118693,-0.00152733663469458));
#5207=CARTESIAN_POINT('',(-0.00099999999999926,0.0492997050118693,-0.00312733663469458));
#5208=CARTESIAN_POINT('',(-0.000999999999999261,0.0492997050118693,-0.00232688256711151));
#5209=CARTESIAN_POINT('',(-0.00099999999999926,0.0496997050118693,-0.00147880849727072));
#5210=CARTESIAN_POINT('',(-0.00099999999999926,0.0492754409431574,-0.00232733663469458));
#5211=CARTESIAN_POINT('',(-0.000999999999999263,0.0376961660334209,-0.00232733663469457));
#5212=CARTESIAN_POINT('',(-0.00199999999999926,0.0496997050118693,-0.00312733663469458));
#5213=CARTESIAN_POINT('',(-0.00339999999999926,0.0496997050118693,-0.00112733663469458));
#5214=CARTESIAN_POINT('',(-0.00259999999999926,0.0496997050118693,-0.00192733663469459));
#5215=CARTESIAN_POINT('',(-0.00259999999999926,0.0496997050118693,-0.00221365542010568));
#5216=CARTESIAN_POINT('',(-0.00259999999999926,0.0496997050118693,-0.00232688256711152));
#5217=CARTESIAN_POINT('',(-0.00299999999999925,0.0496997050118693,-0.00147880849727073));
#5218=CARTESIAN_POINT('',(-0.00257573593128733,0.0496997050118693,-0.00232733663469458));
#5219=CARTESIAN_POINT('',(-0.000999999999999259,0.0496997050118693,-0.00232733663469458));
#5220=CARTESIAN_POINT('',(-0.00142426406871119,0.0496997050118693,-0.00232733663469458));
#5221=CARTESIAN_POINT('',(-0.000999999999999263,0.0496997050118693,-0.00147880849727073));
#5222=CARTESIAN_POINT('',(-0.00139999999999926,0.0496997050118693,-0.00232688256711151));
#5223=CARTESIAN_POINT('',(-0.00139999999999926,0.0496997050118693,-0.00312733663469458));
#5224=CARTESIAN_POINT('',(-0.00139999999999926,0.0496997050118693,-0.00192733663469459));
#5225=CARTESIAN_POINT('',(-0.000999999999999261,0.0496997050118693,-0.00152733663469459));
#5226=CARTESIAN_POINT('',(-0.00964999999999926,0.0376961660334209,-0.00312733663469457));
#5227=CARTESIAN_POINT('',(-0.00219999999999927,0.0256926270549724,-0.00312733663469456));
#5228=CARTESIAN_POINT('',(-0.00219999999999926,0.0484754409431574,-0.00312733663469458));
#5229=CARTESIAN_POINT('',(-0.00219999999999927,0.0269168911236843,-0.00312733663469456));
#5230=CARTESIAN_POINT('',(-0.00135147186257541,0.0273411551923963,-0.00312733663469456));
#5231=CARTESIAN_POINT('',(-0.00199999999999926,0.0265430151470542,-0.00312733663469456));
#5232=CARTESIAN_POINT('',(-0.00264852813742312,0.0273411551923963,-0.00312733663469456));
#5233=CARTESIAN_POINT('',(-0.00179999999999926,0.0269168911236843,-0.00312733663469456));
#5234=CARTESIAN_POINT('',(-0.00179999999999926,0.0376961660334209,-0.00312733663469457));
#5235=CARTESIAN_POINT('',(-0.00179999999999926,0.0484754409431574,-0.00312733663469458));
#5236=CARTESIAN_POINT('',(-0.00264852813742312,0.0480511768744455,-0.00312733663469458));
#5237=CARTESIAN_POINT('',(-0.00199999999999926,0.0488493169197875,-0.00312733663469458));
#5238=CARTESIAN_POINT('',(-0.0013514718625754,0.0480511768744455,-0.00312733663469458));
#5239=CARTESIAN_POINT('',(-0.0172999999999993,0.0256926270549724,-0.00312733663469456));
#5240=CARTESIAN_POINT('',(-0.0162999999999993,0.0256926270549724,-0.000678808497270704));
#5241=CARTESIAN_POINT('',(-0.0167242640687112,0.0256926270549724,-0.00152733663469456));
#5242=CARTESIAN_POINT('',(-0.0166999999999993,0.0256926270549724,-0.00152688256711148));
#5243=CARTESIAN_POINT('',(-0.0166999999999993,0.0256926270549724,-0.00312733663469456));
#5244=CARTESIAN_POINT('',(-0.0166999999999993,0.0256926270549724,-0.00232688256711149));
#5245=CARTESIAN_POINT('',(-0.0162999999999993,0.0256926270549724,-0.0014788084972707));
#5246=CARTESIAN_POINT('',(-0.0167242640687112,0.0256926270549724,-0.00232733663469455));
#5247=CARTESIAN_POINT('',(-0.0182999999999993,0.0256926270549724,-0.00232733663469455));
#5248=CARTESIAN_POINT('',(-0.0178757359312873,0.0256926270549724,-0.00232733663469455));
#5249=CARTESIAN_POINT('',(-0.0182999999999993,0.0256926270549724,-0.00147880849727069));
#5250=CARTESIAN_POINT('',(-0.0178999999999992,0.0256926270549724,-0.00232688256711149));
#5251=CARTESIAN_POINT('',(-0.0178999999999992,0.0256926270549724,-0.00141365542010565));
#5252=CARTESIAN_POINT('',(-0.0178999999999992,0.0256926270549724,-0.00152688256711148));
#5253=CARTESIAN_POINT('',(-0.0182999999999993,0.0256926270549724,-0.000678808497270699));
#5254=CARTESIAN_POINT('',(-0.0178757359312873,0.0256926270549724,-0.00152733663469456));
#5255=CARTESIAN_POINT('',(-0.0172999999999993,0.0256926270549724,-0.00152733663469456));
#5256=CARTESIAN_POINT('',(-0.0162999999999993,0.0376961660334209,-0.00312733663469457));
#5257=CARTESIAN_POINT('',(-0.0162999999999993,0.0496997050118693,-0.00152733663469458));
#5258=CARTESIAN_POINT('',(-0.0162999999999993,0.0261168911236844,-0.00152733663469456));
#5259=CARTESIAN_POINT('',(-0.0162999999999993,0.0492997050118693,-0.00152733663469458));
#5260=CARTESIAN_POINT('',(-0.0162999999999993,0.0492997050118693,-0.00221365542010568));
#5261=CARTESIAN_POINT('',(-0.0162999999999993,0.0492997050118693,-0.00232688256711151));
#5262=CARTESIAN_POINT('',(-0.0162999999999993,0.0496997050118693,-0.00147880849727072));
#5263=CARTESIAN_POINT('',(-0.0162999999999993,0.0492754409431574,-0.00232733663469458));
#5264=CARTESIAN_POINT('',(-0.0162999999999993,0.0376961660334209,-0.00232733663469457));
#5265=CARTESIAN_POINT('',(-0.0162999999999993,0.0261168911236844,-0.00232733663469455));
#5266=CARTESIAN_POINT('',(-0.0162999999999993,0.0256926270549724,-0.0014788084972707));
#5267=CARTESIAN_POINT('',(-0.0162999999999993,0.0260926270549724,-0.00232688256711149));
#5268=CARTESIAN_POINT('',(-0.0162999999999993,0.0260926270549724,-0.00312733663469456));
#5269=CARTESIAN_POINT('',(-0.0162999999999993,0.0260926270549725,-0.0015268825671115));
#5270=CARTESIAN_POINT('',(-0.0162999999999993,0.0256926270549724,-0.000678808497270724));
#5271=CARTESIAN_POINT('',(-0.0172999999999993,0.0496997050118693,-0.00312733663469458));
#5272=CARTESIAN_POINT('',(-0.0162999999999993,0.0496997050118693,-0.00147880849727073));
#5273=CARTESIAN_POINT('',(-0.0167242640687112,0.0496997050118693,-0.00232733663469458));
#5274=CARTESIAN_POINT('',(-0.0166999999999993,0.0496997050118693,-0.00232688256711152));
#5275=CARTESIAN_POINT('',(-0.0166999999999993,0.0496997050118693,-0.00152733663469458));
#5276=CARTESIAN_POINT('',(-0.0166999999999993,0.0496997050118693,-0.00192733663469458));
#5277=CARTESIAN_POINT('',(-0.0175999999999993,0.0496997050118693,-0.00282733663469457));
#5278=CARTESIAN_POINT('',(-0.0169999999999993,0.0496997050118693,-0.00282733663469459));
#5279=CARTESIAN_POINT('',(-0.0178999999999992,0.0496997050118693,-0.00192733663469459));
#5280=CARTESIAN_POINT('',(-0.0178999999999992,0.0496997050118693,-0.00312733663469458));
#5281=CARTESIAN_POINT('',(-0.0178999999999992,0.0496997050118693,-0.00232688256711152));
#5282=CARTESIAN_POINT('',(-0.0182999999999993,0.0496997050118693,-0.00147880849727073));
#5283=CARTESIAN_POINT('',(-0.0178757359312873,0.0496997050118693,-0.00232733663469458));
#5284=CARTESIAN_POINT('',(-0.0172999999999993,0.0496997050118693,-0.00232733663469458));
#5285=CARTESIAN_POINT('',(-0.0182999999999993,0.0376961660334209,-0.00312733663469457));
#5286=CARTESIAN_POINT('',(-0.0182999999999993,0.0496997050118693,-0.00147880849727072));
#5287=CARTESIAN_POINT('',(-0.0182999999999993,0.0492754409431574,-0.00232733663469458));
#5288=CARTESIAN_POINT('',(-0.0182999999999993,0.0492997050118693,-0.00232688256711151));
#5289=CARTESIAN_POINT('',(-0.0182999999999993,0.0492997050118693,-0.00312733663469458));
#5290=CARTESIAN_POINT('',(-0.0182999999999993,0.0492997050118693,-0.00152733663469458));
#5291=CARTESIAN_POINT('',(-0.0182999999999993,0.0376961660334209,-0.00152733663469457));
#5292=CARTESIAN_POINT('',(-0.0182999999999993,0.0261168911236844,-0.00152733663469456));
#5293=CARTESIAN_POINT('',(-0.0182999999999993,0.0256926270549724,-0.000678808497270689));
#5294=CARTESIAN_POINT('',(-0.0182999999999993,0.0260926270549725,-0.00152688256711148));
#5295=CARTESIAN_POINT('',(-0.0182999999999993,0.0260926270549725,-0.00221365542010565));
#5296=CARTESIAN_POINT('',(-0.0182999999999993,0.0260926270549725,-0.00232688256711149));
#5297=CARTESIAN_POINT('',(-0.0182999999999993,0.0256926270549724,-0.0014788084972707));
#5298=CARTESIAN_POINT('',(-0.0182999999999993,0.0261168911236844,-0.00232733663469455));
#5299=CARTESIAN_POINT('',(-0.0182999999999993,0.0496997050118693,-0.00232733663469458));
#5300=CARTESIAN_POINT('',(-0.00964999999999926,0.0376961660334209,-0.00312733663469457));
#5301=CARTESIAN_POINT('',(-0.0174999999999993,0.0256926270549724,-0.00312733663469456));
#5302=CARTESIAN_POINT('',(-0.0174999999999993,0.0484754409431574,-0.00312733663469458));
#5303=CARTESIAN_POINT('',(-0.0174999999999993,0.0269168911236843,-0.00312733663469456));
#5304=CARTESIAN_POINT('',(-0.0166514718625754,0.0273411551923963,-0.00312733663469456));
#5305=CARTESIAN_POINT('',(-0.0172999999999993,0.0265430151470542,-0.00312733663469456));
#5306=CARTESIAN_POINT('',(-0.0179485281374231,0.0273411551923963,-0.00312733663469456));
#5307=CARTESIAN_POINT('',(-0.0170999999999993,0.0269168911236843,-0.00312733663469456));
#5308=CARTESIAN_POINT('',(-0.0170999999999993,0.0376961660334209,-0.00312733663469457));
#5309=CARTESIAN_POINT('',(-0.0170999999999993,0.0484754409431574,-0.00312733663469458));
#5310=CARTESIAN_POINT('',(-0.0179485281374231,0.0480511768744455,-0.00312733663469458));
#5311=CARTESIAN_POINT('',(-0.0172999999999993,0.0488493169197875,-0.00312733663469458));
#5312=CARTESIAN_POINT('',(-0.0166514718625754,0.0480511768744455,-0.00312733663469458));
#5313=CARTESIAN_POINT('',(0.0435,0.0395154993700797,0.0107827280779548));
#5314=CARTESIAN_POINT('',(0.0434145299145299,0.0412773660961759,-0.00013001061569306));
#5315=CARTESIAN_POINT('',(0.0436895815347619,0.0413008489830072,-0.000127582995954472));
#5316=CARTESIAN_POINT('',(0.0442576366166437,0.0411066900274004,-0.000139588840075845));
#5317=CARTESIAN_POINT('',(0.0445,0.0405585684114333,-0.000176346164583257));
#5318=CARTESIAN_POINT('',(0.0445,0.0402831244184134,-0.000194821548556885));
#5319=CARTESIAN_POINT('',(0.0435,0.0395434019595774,0.0103837024578509));
#5320=CARTESIAN_POINT('',(0.0377110965219623,0.0478238046476485,0.0113637013786686));
#5321=CARTESIAN_POINT('',(0.0377110965219623,0.0496299485381252,-0.000129772584434766));
#5322=CARTESIAN_POINT('',(0.0380464892557309,0.0496298702286517,-0.000128652706789656));
#5323=CARTESIAN_POINT('',(0.0387092780096918,0.0492628591963217,-0.000152065911074715));
#5324=CARTESIAN_POINT('',(0.0387585128146904,0.0485081687759132,-0.000202588299024321));
#5325=CARTESIAN_POINT('',(0.0386151825865841,0.0482056052078365,-0.000222620251173235));
#5326=CARTESIAN_POINT('',(0.0377110965219623,0.0478517072371461,0.0109646757585647));
#5327=CARTESIAN_POINT('',(0.0435,-0.0063724469418722,0.00757393028572509));
#5328=CARTESIAN_POINT('',(0.0434145299145299,-0.00483496121555806,-0.000130010615693028));
#5329=CARTESIAN_POINT('',(0.0436895815347619,-0.00481147832872677,-0.00012758299595444));
#5330=CARTESIAN_POINT('',(0.0442576366166437,-0.00500563728433354,-0.000139588840075811));
#5331=CARTESIAN_POINT('',(0.0445,-0.00555375890030064,-0.000176346164583224));
#5332=CARTESIAN_POINT('',(0.0445,-0.00582920289332057,-0.000194821548556853));
#5333=CARTESIAN_POINT('',(0.0435,-0.00634454435237455,0.00717490466562116));
#5334=CARTESIAN_POINT('',(0.0435,0.0052563433619662,0.0083870945184321));
#5335=CARTESIAN_POINT('',(0.0445,0.00585644939289752,-0.000194821548556878));
#5336=CARTESIAN_POINT('',(0.0445,0.00558100539987759,-0.000213296932530507));
#5337=CARTESIAN_POINT('',(0.0442576366166438,0.00503288378391049,-0.000250054257037919));
#5338=CARTESIAN_POINT('',(0.0436895815347619,0.00483872482830372,-0.00026206010115929));
#5339=CARTESIAN_POINT('',(0.0434145299145299,0.00486220771513501,-0.000259632481420702));
#5340=CARTESIAN_POINT('',(0.0435,0.00528424595146385,0.00798806889832817));
#5341=CARTESIAN_POINT('',(0.0435,-0.0406316029499857,0.00517829672620238));
#5342=CARTESIAN_POINT('',(0.0445,-0.0402558779188364,-0.000194821548556824));
#5343=CARTESIAN_POINT('',(0.0445,-0.0405313219118563,-0.000213296932530453));
#5344=CARTESIAN_POINT('',(0.0442576366166438,-0.0410794435278234,-0.000250054257037864));
#5345=CARTESIAN_POINT('',(0.0436895815347619,-0.0412736024834302,-0.000262060101159237));
#5346=CARTESIAN_POINT('',(0.0434145299145299,-0.0412501195965989,-0.000259632481420649));
#5347=CARTESIAN_POINT('',(0.0435,-0.040603700360488,0.00477927110609845));
#5348=CARTESIAN_POINT('',(0.0377110965219623,-0.0489399082275545,0.00459732342548856));
#5349=CARTESIAN_POINT('',(0.0386151825865841,-0.0481783587082596,-0.000167022845940507));
#5350=CARTESIAN_POINT('',(0.0387585128146904,-0.0484809222763362,-0.000187054798089421));
#5351=CARTESIAN_POINT('',(0.0387092780096918,-0.0492356126967448,-0.000237577186039028));
#5352=CARTESIAN_POINT('',(0.0380464892557309,-0.0496026237290748,-0.000260990390324088));
#5353=CARTESIAN_POINT('',(0.0377110965219623,-0.0496027020385483,-0.000259870512678977));
#5354=CARTESIAN_POINT('',(0.0377110965219623,-0.0489120056380568,0.00419829780538463));
#5355=CARTESIAN_POINT('',(-0.0377110965219623,-0.0489399082275545,0.00459732342548856));
#5356=CARTESIAN_POINT('',(-0.0377110965219623,-0.0496027020385483,-0.000259870512678977));
#5357=CARTESIAN_POINT('',(-0.0380464892557309,-0.0496026237290748,-0.000260990390324088));
#5358=CARTESIAN_POINT('',(-0.0387092780096918,-0.0492356126967448,-0.000237577186039028));
#5359=CARTESIAN_POINT('',(-0.0387585128146904,-0.0484809222763362,-0.000187054798089421));
#5360=CARTESIAN_POINT('',(-0.0386151825865841,-0.0481783587082596,-0.000167022845940507));
#5361=CARTESIAN_POINT('',(-0.0377110965219623,-0.0489120056380568,0.00419829780538463));
#5362=CARTESIAN_POINT('',(-0.0435,-0.0406316029499857,0.00517829672620238));
#5363=CARTESIAN_POINT('',(-0.0434145299145299,-0.0412501195965989,-0.000259632481420649));
#5364=CARTESIAN_POINT('',(-0.0436895815347619,-0.0412736024834302,-0.000262060101159235));
#5365=CARTESIAN_POINT('',(-0.0442576366166437,-0.0410794435278234,-0.00025005425703786));
#5366=CARTESIAN_POINT('',(-0.0445,-0.0405313219118563,-0.000213296932530444));
#5367=CARTESIAN_POINT('',(-0.0445,-0.0402558779188364,-0.000194821548556814));
#5368=CARTESIAN_POINT('',(-0.0435,-0.040603700360488,0.00477927110609845));
#5369=CARTESIAN_POINT('',(-0.0435,0.0052563433619662,0.0083870945184321));
#5370=CARTESIAN_POINT('',(-0.0434145299145299,0.00486220771513501,-0.000259632481420702));
#5371=CARTESIAN_POINT('',(-0.0436895815347619,0.00483872482830372,-0.00026206010115929));
#5372=CARTESIAN_POINT('',(-0.0442576366166437,0.00503288378391049,-0.000250054257037919));
#5373=CARTESIAN_POINT('',(-0.0445,0.00558100539987759,-0.000213296932530507));
#5374=CARTESIAN_POINT('',(-0.0445,0.00585644939289753,-0.000194821548556878));
#5375=CARTESIAN_POINT('',(-0.0435,0.00528424595146385,0.00798806889832817));
#5376=CARTESIAN_POINT('',(-0.0435,-0.0063724469418722,0.00757393028572509));
#5377=CARTESIAN_POINT('',(-0.0445,-0.00582920289332057,-0.000194821548556853));
#5378=CARTESIAN_POINT('',(-0.0445,-0.00555375890030064,-0.000176346164583223));
#5379=CARTESIAN_POINT('',(-0.0442576366166438,-0.00500563728433354,-0.000139588840075808));
#5380=CARTESIAN_POINT('',(-0.0436895815347619,-0.00481147832872677,-0.000127582995954432));
#5381=CARTESIAN_POINT('',(-0.0434145299145299,-0.00483496121555806,-0.000130010615693018));
#5382=CARTESIAN_POINT('',(-0.0435,-0.00634454435237455,0.00717490466562116));
#5383=CARTESIAN_POINT('',(-0.0377110965219623,0.0478238046476485,0.0113637013786686));
#5384=CARTESIAN_POINT('',(-0.0386151825865841,0.0482056052078365,-0.000222620251173215));
#5385=CARTESIAN_POINT('',(-0.0387585128146904,0.0485081687759132,-0.000202588299024301));
#5386=CARTESIAN_POINT('',(-0.0387092780096919,0.0492628591963217,-0.000152065911074694));
#5387=CARTESIAN_POINT('',(-0.0380464892557309,0.0496298702286517,-0.000128652706789635));
#5388=CARTESIAN_POINT('',(-0.0377110965219623,0.0496299485381252,-0.000129772584434746));
#5389=CARTESIAN_POINT('',(-0.0377110965219623,0.0478517072371461,0.0109646757585647));
#5390=CARTESIAN_POINT('',(-0.0435,0.0395154993700797,0.0107827280779548));
#5391=CARTESIAN_POINT('',(-0.0445,0.0402831244184134,-0.000194821548556885));
#5392=CARTESIAN_POINT('',(-0.0445,0.0405585684114333,-0.000176346164583256));
#5393=CARTESIAN_POINT('',(-0.0442576366166438,0.0411066900274004,-0.000139588840075845));
#5394=CARTESIAN_POINT('',(-0.0436895815347619,0.0413008489830072,-0.000127582995954472));
#5395=CARTESIAN_POINT('',(-0.0434145299145299,0.0412773660961759,-0.00013001061569306));
#5396=CARTESIAN_POINT('',(-0.0435,0.0395434019595774,0.0103837024578509));
#5397=CARTESIAN_POINT('',(0.043,-0.000558051789952996,0.0079805124020786));
#5398=CARTESIAN_POINT('',(0.0433803418803419,-0.00498096776021632,0.00767123198878405));
#5399=CARTESIAN_POINT('',(0.0434145299145299,0.00429033225028108,0.00791856768185749));
#5400=CARTESIAN_POINT('',(0.0435,0.0052563433619662,0.0083870945184321));
#5401=CARTESIAN_POINT('',(0.0445,0.00528424595146385,0.00798806889832817));
#5402=CARTESIAN_POINT('',(0.0435,-0.0063724469418722,0.00757393028572509));
#5403=CARTESIAN_POINT('',(0.0449,-0.0063724469418722,0.00757393028572509));
#5404=CARTESIAN_POINT('',(0.0449,-0.000558051789953002,0.0079805124020786));
#5405=CARTESIAN_POINT('',(0.0445,0.0395434019595774,0.0103837024578509));
#5406=CARTESIAN_POINT('',(0.0449,-0.000558051789953002,0.0079805124020786));
#5407=CARTESIAN_POINT('',(0.0449,-0.0406316029499857,0.00517829672620238));
#5408=CARTESIAN_POINT('',(0.0435,0.0395154993700797,0.0107827280779548));
#5409=CARTESIAN_POINT('',(0.0434145299145299,0.0405373156607601,0.0104532036743216));
#5410=CARTESIAN_POINT('',(0.0435,-0.0406316029499857,0.00517829672620238));
#5411=CARTESIAN_POINT('',(0.0433803418803419,-0.0420230821316416,0.00508099502314342));
#5412=CARTESIAN_POINT('',(0.043,0.0453577971114966,0.0107902845742044));
#5413=CARTESIAN_POINT('',(0.0386151825865841,0.0474253978139582,0.0109348652996997));
#5414=CARTESIAN_POINT('',(0.043,-0.0464459981019049,0.00477171460984887));
#5415=CARTESIAN_POINT('',(0.0389768170124329,-0.0483430750350913,0.00463905806789957));
#5416=CARTESIAN_POINT('',(0.0377110965219623,0.0478238046476485,0.0113637013786686));
#5417=CARTESIAN_POINT('',(0.0377110965219623,0.048849271287406,0.0110344322323088));
#5418=CARTESIAN_POINT('',(0.0377110965219623,-0.0489399082275545,0.00459732342548856));
#5419=CARTESIAN_POINT('',(0.0377110965219623,-0.0503364978979182,0.00449966436224678));
#5420=CARTESIAN_POINT('',(1.32983993845335E-17,0.048849271287406,0.0110344322323088));
#5421=CARTESIAN_POINT('',(-0.0117749999999992,0.0418907144635383,0.00302952830227924));
#5422=CARTESIAN_POINT('',(-0.00422499999999925,0.0488956616662317,0.011087798258509));
#5423=CARTESIAN_POINT('',(-0.00278333333333291,0.0475580724100885,0.0095490778364036));
#5424=CARTESIAN_POINT('',(-7.15270467964656E-18,-0.0503364978979182,0.00449966436224678));
#5425=CARTESIAN_POINT('',(-0.0377110965219623,-0.0503364978979182,0.00449966436224678));
#5426=CARTESIAN_POINT('',(-0.00427499999999927,0.0264040801565599,0.00946491157306603));
#5427=CARTESIAN_POINT('',(0.00325833333333416,0.0409085464116019,0.0180308916227683));
#5428=CARTESIAN_POINT('',(-0.00258333333333283,0.0495376308599491,0.0127783645669413));
#5429=CARTESIAN_POINT('',(-0.0377110965219623,-0.0489399082275545,0.00459732342548856));
#5430=CARTESIAN_POINT('',(-0.0389768170124329,-0.0483430750350913,0.00463905806789957));
#5431=CARTESIAN_POINT('',(7.39881119235835E-18,0.0509162532034539,0.0115799464472754));
#5432=CARTESIAN_POINT('',(0.041,0.0513431814130555,0.0112088234166691));
#5433=CARTESIAN_POINT('',(-0.043,-0.0464180955124073,0.00437268898974494));
#5434=CARTESIAN_POINT('',(-0.0433803418803419,-0.0420230821316416,0.00508099502314342));
#5435=CARTESIAN_POINT('',(0.041,0.0453298945219989,0.0111893101943083));
#5436=CARTESIAN_POINT('',(0.047,0.0453577971114966,0.0107902845742044));
#5437=CARTESIAN_POINT('',(-0.0435,-0.0406316029499857,0.00517829672620238));
#5438=CARTESIAN_POINT('',(-0.0449,-0.0406316029499857,0.00517829672620238));
#5439=CARTESIAN_POINT('',(0.047,-0.000530149200455353,0.00758148678197466));
#5440=CARTESIAN_POINT('',(0.047,-0.0464180955124073,0.00437268898974493));
#5441=CARTESIAN_POINT('',(-0.0445,-0.00053014920045534,0.00758148678197467));
#5442=CARTESIAN_POINT('',(-0.0449,-0.0063724469418722,0.00757393028572509));
#5443=CARTESIAN_POINT('',(0.041,-0.0464459981019049,0.00477171460984887));
#5444=CARTESIAN_POINT('',(0.041,-0.0524034798139662,0.00395415014728019));
#5445=CARTESIAN_POINT('',(-0.0435,-0.0063724469418722,0.00757393028572509));
#5446=CARTESIAN_POINT('',(-0.0433803418803419,-0.00498096776021632,0.00767123198878405));
#5447=CARTESIAN_POINT('',(-6.71564998629197E-18,-0.0524034798139662,0.00395415014728019));
#5448=CARTESIAN_POINT('',(-0.041,-0.0524034798139662,0.00395415014728019));
#5449=CARTESIAN_POINT('',(-0.043,-0.000530149200455346,0.00758148678197467));
#5450=CARTESIAN_POINT('',(-0.0433803418803419,0.00386486418031033,0.00828979281537314));
#5451=CARTESIAN_POINT('',(-0.041,-0.0464459981019049,0.00477171460984887));
#5452=CARTESIAN_POINT('',(-0.047,-0.0464180955124073,0.00437268898974494));
#5453=CARTESIAN_POINT('',(-0.0435,0.0052563433619662,0.0083870945184321));
#5454=CARTESIAN_POINT('',(-0.0449,0.0052563433619662,0.0083870945184321));
#5455=CARTESIAN_POINT('',(-0.0466,-0.00055805178995299,0.0079805124020786));
#5456=CARTESIAN_POINT('',(-0.047,0.0453577971114966,0.0107902845742044));
#5457=CARTESIAN_POINT('',(-0.0445,-0.00053014920045534,0.00758148678197467));
#5458=CARTESIAN_POINT('',(-0.0449,0.0395154993700797,0.0107827280779548));
#5459=CARTESIAN_POINT('',(-0.041,0.0453298945219989,0.0111893101943083));
#5460=CARTESIAN_POINT('',(-0.041,0.0513431814130555,0.0112088234166691));
#5461=CARTESIAN_POINT('',(-0.0435,0.0395154993700797,0.0107827280779548));
#5462=CARTESIAN_POINT('',(-0.0433803418803419,0.0409069785517356,0.0108800297810138));
#5463=CARTESIAN_POINT('',(7.39881119235835E-18,0.0509162532034539,0.0115799464472754));
#5464=CARTESIAN_POINT('',(-0.0326249999999993,0.0325583401905862,0.0275382367633454));
#5465=CARTESIAN_POINT('',(-0.043,0.0453298945219989,0.0111893101943083));
#5466=CARTESIAN_POINT('',(-0.0389768170124329,0.0472269714551854,0.0113219667362576));
#5467=CARTESIAN_POINT('',(-0.0154249999999993,-0.000558051789952994,0.0079805124020786));
#5468=CARTESIAN_POINT('',(0.00120833333333404,0.0337878616286346,-0.00629173760735522));
#5469=CARTESIAN_POINT('',(-0.0150749999999993,0.0488956616662318,0.011087798258509));
#5470=CARTESIAN_POINT('',(-0.0318249999999995,0.0310180428891648,0.0266285751651472));
#5471=CARTESIAN_POINT('',(-0.0377110965219623,0.0478238046476485,0.0113637013786686));
#5472=CARTESIAN_POINT('',(-0.0377110965219623,0.0492203943180122,0.0114613604419104));
#5473=CARTESIAN_POINT('',(1.32983993845335E-17,0.048849271287406,0.0110344322323088));
#5474=CARTESIAN_POINT('',(-0.0100833333333331,0.0535269678190057,0.0164155065408284));
#5475=CARTESIAN_POINT('',(-0.043,-0.0464459981019049,0.00477171460984887));
#5476=CARTESIAN_POINT('',(-0.043,-0.000558051789952996,0.0079805124020786));
#5477=CARTESIAN_POINT('',(-0.043,0.0453577971114966,0.0107902845742044));
#5478=CARTESIAN_POINT('',(0.043,0.0453298945219989,0.0111893101943083));
#5479=CARTESIAN_POINT('',(0.043,-0.0464180955124073,0.00437268898974494));
#5480=CARTESIAN_POINT('',(0.043,-0.000530149200455346,0.00758148678197467));
#5481=CARTESIAN_POINT('',(-0.00179999999999926,0.0376961660334209,-0.00312733663469457));
#5482=CARTESIAN_POINT('',(-0.000858578643761957,0.0259754697674471,-0.00218591527845724));
#5483=CARTESIAN_POINT('',(-0.00165857864376195,0.0486168622993947,-0.00298591527845727));
#5484=CARTESIAN_POINT('',(-0.00964999999999926,0.0264926270549724,-0.00312733663469456));
#5485=CARTESIAN_POINT('',(-0.00208284271247388,0.0263512056987351,-0.00298591527845724));
#5486=CARTESIAN_POINT('',(-0.00199999999999926,0.0262683629862605,-0.00290307256598262));
#5487=CARTESIAN_POINT('',(-0.00271715728752465,0.0255512056987351,-0.00218591527845724));
#5488=CARTESIAN_POINT('',(-0.00199999999999926,0.0496997050118693,-0.00232733663469458));
#5489=CARTESIAN_POINT('',(-0.00191715728752464,0.0490411263681067,-0.00298591527845727));
#5490=CARTESIAN_POINT('',(-0.00199999999999926,0.0491239690805813,-0.00290307256598265));
#5491=CARTESIAN_POINT('',(-0.00128284271247388,0.0498411263681067,-0.00218591527845727));
#5492=CARTESIAN_POINT('',(-0.00299999999999926,0.0376961660334209,-0.00232733663469457));
#5493=CARTESIAN_POINT('',(-0.00234142135623658,0.0267754697674471,-0.00298591527845725));
#5494=CARTESIAN_POINT('',(-0.00314142135623657,0.0494168622993947,-0.00218591527845727));
#5495=CARTESIAN_POINT('',(-0.0170999999999993,0.0376961660334209,-0.00312733663469457));
#5496=CARTESIAN_POINT('',(-0.0161585786437619,0.0259754697674471,-0.00218591527845724));
#5497=CARTESIAN_POINT('',(-0.0169585786437619,0.0486168622993947,-0.00298591527845727));
#5498=CARTESIAN_POINT('',(-0.0172999999999993,0.0256926270549724,-0.00232733663469455));
#5499=CARTESIAN_POINT('',(-0.0173828427124739,0.0263512056987351,-0.00298591527845724));
#5500=CARTESIAN_POINT('',(-0.0172999999999993,0.0262683629862605,-0.00290307256598263));
#5501=CARTESIAN_POINT('',(-0.0180171572875247,0.0255512056987351,-0.00218591527845724));
#5502=CARTESIAN_POINT('',(-0.00964999999999926,0.0488997050118693,-0.00312733663469458));
#5503=CARTESIAN_POINT('',(-0.0172171572875247,0.0490411263681067,-0.00298591527845727));
#5504=CARTESIAN_POINT('',(-0.0172999999999993,0.0491239690805813,-0.00290307256598265));
#5505=CARTESIAN_POINT('',(-0.0165828427124739,0.0498411263681067,-0.00218591527845727));
#5506=CARTESIAN_POINT('',(-0.0182999999999993,0.0376961660334209,-0.00232733663469457));
#5507=CARTESIAN_POINT('',(-0.0176414213562365,0.0267754697674471,-0.00298591527845725));
#5508=CARTESIAN_POINT('',(-0.0184414213562366,0.0494168622993947,-0.00218591527845727));
#5509=CARTESIAN_POINT('',(-0.00339999999999926,0.000253648086710085,-0.00112733663469453));
#5510=CARTESIAN_POINT('',(-0.00314142135623658,0.0259754697674471,-0.00138591527845724));
#5511=CARTESIAN_POINT('',(-0.00259999999999926,0.0492997050118693,-0.00192733663469459));
#5512=CARTESIAN_POINT('',(-0.00199999999999926,0.0256926270549724,-0.00152733663469456));
#5513=CARTESIAN_POINT('',(-0.00311715728752464,0.0251512056987351,-0.000985915278457247));
#5514=CARTESIAN_POINT('',(-0.00128284271247388,0.0255512056987351,-0.00138591527845725));
#5515=CARTESIAN_POINT('',(-0.000999999999999263,0.0376961660334209,-0.00152733663469457));
#5516=CARTESIAN_POINT('',(-0.000458578643761953,0.0255754697674471,-0.000985915278457245));
#5517=CARTESIAN_POINT('',(0.000259019927906964,0.0495007540539348,-0.000268316706788357));
#5518=CARTESIAN_POINT('',(-0.00139999999999926,0.0492997050118693,-0.00192733663469458));
#5519=CARTESIAN_POINT('',(-0.0162999999999993,0.0376961660334209,-0.00152733663469457));
#5520=CARTESIAN_POINT('',(-0.0157585786437619,0.0255754697674471,-0.000985915278457242));
#5521=CARTESIAN_POINT('',(-0.0166999999999993,0.0492997050118693,-0.00192733663469458));
#5522=CARTESIAN_POINT('',(0.101769169973598,0.0252926270549724,-0.00112733663469456));
#5523=CARTESIAN_POINT('',(-0.0165828427124739,0.0255512056987351,-0.00138591527845724));
#5524=CARTESIAN_POINT('',(-0.0184171572875246,0.0251512056987351,-0.000985915278457247));
#5525=CARTESIAN_POINT('',(-0.0186999999999993,0.000253648086710032,-0.00112733663469453));
#5526=CARTESIAN_POINT('',(-0.0184414213562366,0.0259754697674471,-0.00138591527845724));
#5527=CARTESIAN_POINT('',(-0.0178999999999992,0.0492997050118693,-0.00192733663469459));
#5528=CARTESIAN_POINT('',(-0.0128333072794107,0.0432289255441864,-0.00699402935528326));
#5529=CARTESIAN_POINT('',(-0.00417499999999926,0.0488213686979083,0.0114334578524128));
#5530=CARTESIAN_POINT('',(-0.00417499999999927,0.0494833576337401,0.00196657501544704));
#5531=CARTESIAN_POINT('',(-0.00727499999999926,0.0494833576337401,0.00196657501544704));
#5532=CARTESIAN_POINT('',(-0.00727499999999926,0.0496996027023468,-0.00112587354035841));
#5533=CARTESIAN_POINT('',(1.12649375502969E-17,0.0496996027023468,-0.00112587354035841));
#5534=CARTESIAN_POINT('',(-0.0120249999999993,0.0496996027023468,-0.00112587354035841));
#5535=CARTESIAN_POINT('',(-0.0120249999999993,0.0494833576337401,0.00196657501544704));
#5536=CARTESIAN_POINT('',(-0.0151249999999993,0.0494833576337401,0.00196657501544704));
#5537=CARTESIAN_POINT('',(-0.0151249999999993,0.0488213686979083,0.0114334578524128));
#5538=CARTESIAN_POINT('',(0.043,0.0458460924277054,0.00380733622238562));
#5539=CARTESIAN_POINT('',(0.043,-4.18538842464743E-5,0.000598538430155895));
#5540=CARTESIAN_POINT('',(0.043,-0.0459298001961984,-0.00261025936207384));
#5541=CARTESIAN_POINT('',(-0.043,-0.0459298001961984,-0.00261025936207384));
#5542=CARTESIAN_POINT('',(-0.043,-4.18538842464747E-5,0.000598538430155895));
#5543=CARTESIAN_POINT('',(-0.043,0.0458460924277054,0.00380733622238562));
#5544=CARTESIAN_POINT('',(-0.043,-0.0461530209121796,0.000581945598757605));
#5545=CARTESIAN_POINT('',(-0.043,-0.000265074600227673,0.00379074339098734));
#5546=CARTESIAN_POINT('',(-0.043,0.0456228717117242,0.00699954118321706));
#5547=CARTESIAN_POINT('',(0.043,0.0456228717117242,0.00699954118321706));
#5548=CARTESIAN_POINT('',(0.043,-0.0461530209121796,0.000581945598757605));
#5549=CARTESIAN_POINT('',(0.043,-0.000265074600227672,0.00379074339098734));
#5550=CARTESIAN_POINT('',(1.33082365227346E-17,0.0496299485381252,-0.000129772584434756));
#5551=CARTESIAN_POINT('',(-0.0377110965219622,0.0496299485381252,-0.000129772584434754));
#5552=CARTESIAN_POINT('',(-0.0377110965219622,0.0493198673627066,-0.000462293934521362));
#5553=CARTESIAN_POINT('',(-0.0377110965219622,0.049009786187288,-0.000794815284607969));
#5554=CARTESIAN_POINT('',(-0.0377110965219622,0.0486997050118693,-0.00112733663469458));
#5555=CARTESIAN_POINT('',(-0.0377110965219623,0.0486997050118694,-0.00112733663469458));
#5556=CARTESIAN_POINT('',(-0.0377338139910249,0.0486998905006968,-0.00112733663469458));
#5557=CARTESIAN_POINT('',(-0.0377559509380913,0.0486874932668321,-0.00112733663469458));
#5558=CARTESIAN_POINT('',(-0.0377802636715723,0.048649015147809,-0.00112733663469458));
#5559=CARTESIAN_POINT('',(-0.0377819843016301,0.0486236546078342,-0.00112733663469458));
#5560=CARTESIAN_POINT('',(-0.0377721086921574,0.0486031451763219,-0.00112733663469458));
#5561=CARTESIAN_POINT('',(-0.0377110965219623,0.0496299485381252,-0.000129772584434754));
#5562=CARTESIAN_POINT('',(-0.0380477268555061,0.0496326846630658,-0.000129594226582936));
#5563=CARTESIAN_POINT('',(-0.0383757549281767,0.0494498144729849,-0.000141514857026414));
#5564=CARTESIAN_POINT('',(-0.0387360241167258,0.0488822280053923,-0.000178513716829174));
#5565=CARTESIAN_POINT('',(-0.0387615206184132,0.0485081375373188,-0.00020289928902308));
#5566=CARTESIAN_POINT('',(-0.0386151825865841,0.0482056052078365,-0.000222620251173222));
#5567=CARTESIAN_POINT('',(-0.0386151825865841,0.0482056052078365,-0.000222620251173222));
#5568=CARTESIAN_POINT('',(-0.0383341579551085,0.048338118530665,-0.000524192379013674));
#5569=CARTESIAN_POINT('',(-0.038053133323633,0.0484706318534934,-0.000825764506854125));
#5570=CARTESIAN_POINT('',(-0.0377721086921574,0.0486031451763219,-0.00112733663469458));
#5571=CARTESIAN_POINT('',(-0.0434145299145299,0.0412773660961759,-0.000130010615693075));
#5572=CARTESIAN_POINT('',(-0.0425695718433336,0.0412035674542529,-0.00012902415070287));
#5573=CARTESIAN_POINT('',(-0.0417067474756916,0.0413591719991383,-0.000131104113583576));
#5574=CARTESIAN_POINT('',(-0.0401712236242772,0.0420824560863015,-0.000140772237703027));
#5575=CARTESIAN_POINT('',(-0.0395015855161005,0.042649712453388,-0.000148354742367344));
#5576=CARTESIAN_POINT('',(-0.0385334376167405,0.044047310852479,-0.00016703641258707));
#5577=CARTESIAN_POINT('',(-0.0382369156786844,0.0448747832671666,-0.000178097220024438));
#5578=CARTESIAN_POINT('',(-0.0380964146185797,0.0465709742643183,-0.00020077017160986));
#5579=CARTESIAN_POINT('',(-0.0382517638683211,0.0474366662581116,-0.000212341859406892));
#5580=CARTESIAN_POINT('',(-0.0386151825865841,0.0482056052078365,-0.000222620251173226));
#5581=CARTESIAN_POINT('',(-0.0434942320586442,0.040350526575504,-0.00112733663469457));
#5582=CARTESIAN_POINT('',(-0.0424868129258924,0.0402626208269822,-0.00112733663469457));
#5583=CARTESIAN_POINT('',(-0.0414580923223584,0.0404479702272937,-0.00112733663469457));
#5584=CARTESIAN_POINT('',(-0.039627331533327,0.0413095149299322,-0.00112733663469457));
#5585=CARTESIAN_POINT('',(-0.038828941334199,0.0419852061655871,-0.00112733663469457));
#5586=CARTESIAN_POINT('',(-0.0376746465224847,0.0436499648965456,-0.00112733663469457));
#5587=CARTESIAN_POINT('',(-0.0373211119703273,0.044635614224864,-0.00112733663469457));
#5588=CARTESIAN_POINT('',(-0.0371535966093057,0.0466560435388775,-0.00112733663469458));
#5589=CARTESIAN_POINT('',(-0.0373388150383552,0.047687218376291,-0.00112733663469458));
#5590=CARTESIAN_POINT('',(-0.0377721086921574,0.0486031451763219,-0.00112733663469458));
#5591=CARTESIAN_POINT('',(-0.0434145299145299,0.0412773660961759,-0.000130010615693075));
#5592=CARTESIAN_POINT('',(-0.0434410972959014,0.0409684195892852,-0.000462452622026907));
#5593=CARTESIAN_POINT('',(-0.0434676646772728,0.0406594730823946,-0.000794894628360738));
#5594=CARTESIAN_POINT('',(-0.0434942320586442,0.040350526575504,-0.00112733663469457));
#5595=CARTESIAN_POINT('',(-0.0434942320586442,0.040350526575504,-0.00112733663469457));
#5596=CARTESIAN_POINT('',(-0.0435321908356453,0.0403549118118674,-0.00112733663469457));
#5597=CARTESIAN_POINT('',(-0.0435685991204521,0.0403214114530807,-0.00112733663469457));
#5598=CARTESIAN_POINT('',(-0.0435674849138624,0.0402831244184133,-0.00112733663469457));
#5599=CARTESIAN_POINT('',(-0.0434145299145299,0.0412773660961759,-0.000130010615693075));
#5600=CARTESIAN_POINT('',(-0.0439770078792869,0.0413420522271173,-0.000125793966377865));
#5601=CARTESIAN_POINT('',(-0.0445165104543532,0.0408478921829381,-0.000158006429568309));
#5602=CARTESIAN_POINT('',(-0.0445,0.0402831244184133,-0.000194821548556908));
#5603=CARTESIAN_POINT('',(-0.0435674849138623,0.0402831244184134,-0.00112733663469457));
#5604=CARTESIAN_POINT('',(-0.0438783232759082,0.0402831244184134,-0.000816498272648683));
#5605=CARTESIAN_POINT('',(-0.0441891616379541,0.0402831244184134,-0.000505659910602796));
#5606=CARTESIAN_POINT('',(-0.0445,0.0402831244184134,-0.000194821548556908));
#5607=CARTESIAN_POINT('',(-0.0445,-0.000558051789952998,-0.000194821548556865));
#5608=CARTESIAN_POINT('',(-0.0445,0.00585644939289752,-0.000194821548556871));
#5609=CARTESIAN_POINT('',(-0.0441891616379541,0.00585644939289752,-0.000505659910602759));
#5610=CARTESIAN_POINT('',(-0.0438783232759082,0.00585644939289752,-0.000816498272648646));
#5611=CARTESIAN_POINT('',(-0.0435674849138623,0.00585644939289752,-0.00112733663469453));
#5612=CARTESIAN_POINT('',(-0.0435674849138624,0.00585644939289752,-0.00112733663469453));
#5613=CARTESIAN_POINT('',(-0.0435685991204522,0.00581816235823016,-0.00112733663469453));
#5614=CARTESIAN_POINT('',(-0.0435321908356453,0.0057846619994435,-0.00112733663469453));
#5615=CARTESIAN_POINT('',(-0.0434942320586442,0.00578904723580687,-0.00112733663469453));
#5616=CARTESIAN_POINT('',(-0.0445,0.00585644939289753,-0.000194821548556873));
#5617=CARTESIAN_POINT('',(-0.0445165104543533,0.00529168162837281,-0.000231636667545502));
#5618=CARTESIAN_POINT('',(-0.0439770078792869,0.00479752158419355,-0.000263849130735875));
#5619=CARTESIAN_POINT('',(-0.0434145299145299,0.00486220771513502,-0.000259632481420706));
#5620=CARTESIAN_POINT('',(-0.0434145299145299,0.00486220771513502,-0.000259632481420706));
#5621=CARTESIAN_POINT('',(-0.0434410972959014,0.00517115422202564,-0.000548867199178648));
#5622=CARTESIAN_POINT('',(-0.0434676646772728,0.00548010072891625,-0.000838101916936591));
#5623=CARTESIAN_POINT('',(-0.0434942320586442,0.00578904723580687,-0.00112733663469453));
#5624=CARTESIAN_POINT('',(-0.0434145299145299,-0.00483496121555806,-0.000130010615693028));
#5625=CARTESIAN_POINT('',(-0.0420787772875646,-0.00495630236376473,-0.000128388650959557));
#5626=CARTESIAN_POINT('',(-0.0407081002190383,-0.00448079220382881,-0.000134744785883459));
#5627=CARTESIAN_POINT('',(-0.0392264952810911,-0.00311681575248384,-0.000152977032191178));
#5628=CARTESIAN_POINT('',(-0.038829302645132,-0.00255942387915697,-0.000160427678362082));
#5629=CARTESIAN_POINT('',(-0.0382905243193512,-0.00132940746220119,-0.000176869283533757));
#5630=CARTESIAN_POINT('',(-0.03815,-0.000658163166512197,-0.000185841792787551));
#5631=CARTESIAN_POINT('',(-0.03815,0.000685409666089131,-0.00020380130432618));
#5632=CARTESIAN_POINT('',(-0.0382905243193512,0.00135665396177813,-0.000212773813579976));
#5633=CARTESIAN_POINT('',(-0.038829302645132,0.0025866703787339,-0.000229215418751651));
#5634=CARTESIAN_POINT('',(-0.0392264952810911,0.00314406225206078,-0.000236666064922555));
#5635=CARTESIAN_POINT('',(-0.0407081002190383,0.00450803870340575,-0.000254898311230274));
#5636=CARTESIAN_POINT('',(-0.0420787772875646,0.00498354886334168,-0.000261254446154178));
#5637=CARTESIAN_POINT('',(-0.0434145299145299,0.00486220771513502,-0.000259632481420706));
#5638=CARTESIAN_POINT('',(-0.0434942320586443,-0.00576180073622991,-0.00112733663469452));
#5639=CARTESIAN_POINT('',(-0.0419016527355978,-0.00590633706077009,-0.00112733663469452));
#5640=CARTESIAN_POINT('',(-0.0402674340069009,-0.00533992993523806,-0.00112733663469452));
#5641=CARTESIAN_POINT('',(-0.0385009591832783,-0.0037152202163864,-0.00112733663469452));
#5642=CARTESIAN_POINT('',(-0.0380273978610681,-0.00305127913828601,-0.00112733663469452));
#5643=CARTESIAN_POINT('',(-0.0373850280058621,-0.00158613681265192,-0.00112733663469453));
#5644=CARTESIAN_POINT('',(-0.0372174849138623,-0.000786579657152479,-0.00112733663469453));
#5645=CARTESIAN_POINT('',(-0.0372174849138623,0.000813826156729401,-0.00112733663469453));
#5646=CARTESIAN_POINT('',(-0.0373850280058621,0.00161338331222884,-0.00112733663469453));
#5647=CARTESIAN_POINT('',(-0.038027397861068,0.00307852563786294,-0.00112733663469453));
#5648=CARTESIAN_POINT('',(-0.0385009591832783,0.00374246671596334,-0.00112733663469453));
#5649=CARTESIAN_POINT('',(-0.0402674340069008,0.00536717643481499,-0.00112733663469453));
#5650=CARTESIAN_POINT('',(-0.0419016527355978,0.00593358356034705,-0.00112733663469453));
#5651=CARTESIAN_POINT('',(-0.0434942320586442,0.00578904723580687,-0.00112733663469453));
#5652=CARTESIAN_POINT('',(-0.0434145299145299,-0.00483496121555806,-0.000130010615693028));
#5653=CARTESIAN_POINT('',(-0.0434410972959014,-0.00514390772244868,-0.000462452622026859));
#5654=CARTESIAN_POINT('',(-0.0434676646772728,-0.00545285422933929,-0.00079489462836069));
#5655=CARTESIAN_POINT('',(-0.0434942320586443,-0.00576180073622991,-0.00112733663469452));
#5656=CARTESIAN_POINT('',(-0.0434942320586442,-0.00576180073622991,-0.00112733663469452));
#5657=CARTESIAN_POINT('',(-0.0435321908356453,-0.00575741549986654,-0.00112733663469452));
#5658=CARTESIAN_POINT('',(-0.0435685991204522,-0.0057909158586532,-0.00112733663469452));
#5659=CARTESIAN_POINT('',(-0.0435674849138624,-0.00582920289332057,-0.00112733663469452));
#5660=CARTESIAN_POINT('',(-0.0434145299145299,-0.00483496121555806,-0.000130010615693028));
#5661=CARTESIAN_POINT('',(-0.0439770078792869,-0.00477027508461659,-0.000125793966377838));
#5662=CARTESIAN_POINT('',(-0.0445165104543533,-0.00526443512879585,-0.00015800642956825));
#5663=CARTESIAN_POINT('',(-0.0445,-0.00582920289332057,-0.000194821548556861));
#5664=CARTESIAN_POINT('',(-0.0435674849138623,-0.00582920289332057,-0.00112733663469452));
#5665=CARTESIAN_POINT('',(-0.0438783232759082,-0.00582920289332057,-0.000816498272648635));
#5666=CARTESIAN_POINT('',(-0.0441891616379541,-0.00582920289332057,-0.000505659910602747));
#5667=CARTESIAN_POINT('',(-0.0445,-0.00582920289332057,-0.00019482154855686));
#5668=CARTESIAN_POINT('',(-0.0445,-0.000558051789952998,-0.000194821548556865));
#5669=CARTESIAN_POINT('',(-0.0445,-0.0402558779188364,-0.000194821548556823));
#5670=CARTESIAN_POINT('',(-0.0441891616379541,-0.0402558779188364,-0.000505659910602712));
#5671=CARTESIAN_POINT('',(-0.0438783232759082,-0.0402558779188364,-0.0008164982726486));
#5672=CARTESIAN_POINT('',(-0.0435674849138623,-0.0402558779188364,-0.00112733663469449));
#5673=CARTESIAN_POINT('',(-0.0435674849138624,-0.0402558779188364,-0.00112733663469449));
#5674=CARTESIAN_POINT('',(-0.0435685991204522,-0.0402941649535037,-0.00112733663469449));
#5675=CARTESIAN_POINT('',(-0.0435321908356453,-0.0403276653122904,-0.00112733663469448));
#5676=CARTESIAN_POINT('',(-0.0434942320586442,-0.0403232800759271,-0.00112733663469448));
#5677=CARTESIAN_POINT('',(-0.0445,-0.0402558779188364,-0.000194821548556823));
#5678=CARTESIAN_POINT('',(-0.0445165104543532,-0.0408206456833611,-0.000231636667545447));
#5679=CARTESIAN_POINT('',(-0.0439770078792869,-0.0413148057275404,-0.000263849130735836));
#5680=CARTESIAN_POINT('',(-0.0434145299145299,-0.0412501195965989,-0.000259632481420657));
#5681=CARTESIAN_POINT('',(-0.0434145299145299,-0.0412501195965989,-0.000259632481420657));
#5682=CARTESIAN_POINT('',(-0.0434410972959014,-0.0409411730897083,-0.000548867199178599));
#5683=CARTESIAN_POINT('',(-0.0434676646772728,-0.0406322265828177,-0.000838101916936542));
#5684=CARTESIAN_POINT('',(-0.0434942320586442,-0.0403232800759271,-0.00112733663469448));
#5685=CARTESIAN_POINT('',(-0.0386151825865841,-0.0481783587082596,-0.000167022845940508));
#5686=CARTESIAN_POINT('',(-0.0382517638683211,-0.0474094197585347,-0.000177301237706847));
#5687=CARTESIAN_POINT('',(-0.0380964146185797,-0.0465437277647413,-0.00018887292550387));
#5688=CARTESIAN_POINT('',(-0.0382369156786844,-0.0448475367675897,-0.000211545877089297));
#5689=CARTESIAN_POINT('',(-0.0385334376167405,-0.044020064352902,-0.000222606684526661));
#5690=CARTESIAN_POINT('',(-0.0395015855161005,-0.0426224659538112,-0.000241288354746388));
#5691=CARTESIAN_POINT('',(-0.0401712236242772,-0.0420552095867246,-0.000248870859410705));
#5692=CARTESIAN_POINT('',(-0.0417067474756916,-0.0413319254995614,-0.000258538983530159));
#5693=CARTESIAN_POINT('',(-0.0425695718433335,-0.0411763209546759,-0.000260618946410862));
#5694=CARTESIAN_POINT('',(-0.0434145299145299,-0.0412501195965989,-0.000259632481420658));
#5695=CARTESIAN_POINT('',(-0.0377721086921574,-0.048575898676745,-0.00112733663469448));
#5696=CARTESIAN_POINT('',(-0.0373388150383552,-0.047659971876714,-0.00112733663469448));
#5697=CARTESIAN_POINT('',(-0.0371535966093057,-0.0466287970393005,-0.00112733663469448));
#5698=CARTESIAN_POINT('',(-0.0373211119703273,-0.0446083677252871,-0.00112733663469448));
#5699=CARTESIAN_POINT('',(-0.0376746465224847,-0.0436227183969687,-0.00112733663469448));
#5700=CARTESIAN_POINT('',(-0.038828941334199,-0.0419579596660101,-0.00112733663469448));
#5701=CARTESIAN_POINT('',(-0.039627331533327,-0.0412822684303553,-0.00112733663469448));
#5702=CARTESIAN_POINT('',(-0.0414580923223584,-0.0404207237277168,-0.00112733663469449));
#5703=CARTESIAN_POINT('',(-0.0424868129258923,-0.0402353743274053,-0.00112733663469449));
#5704=CARTESIAN_POINT('',(-0.0434942320586442,-0.0403232800759271,-0.00112733663469449));
#5705=CARTESIAN_POINT('',(-0.0386151825865841,-0.0481783587082596,-0.000167022845940508));
#5706=CARTESIAN_POINT('',(-0.0383341579551085,-0.0483108720310881,-0.000487127442191831));
#5707=CARTESIAN_POINT('',(-0.038053133323633,-0.0484433853539165,-0.000807232038443154));
#5708=CARTESIAN_POINT('',(-0.0377721086921574,-0.048575898676745,-0.00112733663469448));
#5709=CARTESIAN_POINT('',(-0.0377721086921574,-0.048575898676745,-0.00112733663469448));
#5710=CARTESIAN_POINT('',(-0.0377819843016301,-0.0485964081082573,-0.00112733663469447));
#5711=CARTESIAN_POINT('',(-0.0377802636715722,-0.048621768648232,-0.00112733663469448));
#5712=CARTESIAN_POINT('',(-0.0377559509380913,-0.0486602467672552,-0.00112733663469448));
#5713=CARTESIAN_POINT('',(-0.0377338139910249,-0.0486726440011199,-0.00112733663469448));
#5714=CARTESIAN_POINT('',(-0.0377110965219623,-0.0486724585122924,-0.00112733663469448));
#5715=CARTESIAN_POINT('',(-0.0386151825865841,-0.0481783587082596,-0.000167022845940508));
#5716=CARTESIAN_POINT('',(-0.0387615206184132,-0.0484808910377418,-0.000186743808090629));
#5717=CARTESIAN_POINT('',(-0.0387360241167258,-0.0488549815058153,-0.000211129380284568));
#5718=CARTESIAN_POINT('',(-0.0383757549281767,-0.0494225679734079,-0.000248128240087303));
#5719=CARTESIAN_POINT('',(-0.0380477268555061,-0.0496054381634888,-0.000260048870530802));
#5720=CARTESIAN_POINT('',(-0.0377110965219623,-0.0496027020385483,-0.000259870512678977));
#5721=CARTESIAN_POINT('',(-0.0377110965219622,-0.0486724585122924,-0.00112733663469448));
#5722=CARTESIAN_POINT('',(-0.0377110965219622,-0.048982539687711,-0.000838181260689312));
#5723=CARTESIAN_POINT('',(-0.0377110965219622,-0.0492926208631296,-0.000549025886684145));
#5724=CARTESIAN_POINT('',(-0.0377110965219622,-0.0496027020385483,-0.000259870512678979));
#5725=CARTESIAN_POINT('',(0.101769169973598,-0.0486724585122924,-0.00112733663469448));
#5726=CARTESIAN_POINT('',(0.0377110965219623,-0.0496027020385483,-0.000259870512678978));
#5727=CARTESIAN_POINT('',(0.0377110965219623,-0.0492926208631297,-0.000549025886684143));
#5728=CARTESIAN_POINT('',(0.0377110965219623,-0.048982539687711,-0.000838181260689309));
#5729=CARTESIAN_POINT('',(0.0377110965219623,-0.0486724585122924,-0.00112733663469447));
#5730=CARTESIAN_POINT('',(0.0377110965219623,-0.0486724585122924,-0.00112733663469448));
#5731=CARTESIAN_POINT('',(0.0377338139910249,-0.0486726440011199,-0.00112733663469448));
#5732=CARTESIAN_POINT('',(0.0377559509380913,-0.0486602467672552,-0.00112733663469448));
#5733=CARTESIAN_POINT('',(0.0377802636715723,-0.048621768648232,-0.00112733663469448));
#5734=CARTESIAN_POINT('',(0.0377819843016301,-0.0485964081082573,-0.00112733663469448));
#5735=CARTESIAN_POINT('',(0.0377721086921574,-0.048575898676745,-0.00112733663469448));
#5736=CARTESIAN_POINT('',(0.0377110965219623,-0.0496027020385483,-0.000259870512678977));
#5737=CARTESIAN_POINT('',(0.0380477268555061,-0.0496054381634888,-0.000260048870530803));
#5738=CARTESIAN_POINT('',(0.0383757549281767,-0.0494225679734079,-0.0002481282400873));
#5739=CARTESIAN_POINT('',(0.0387360241167259,-0.0488549815058153,-0.000211129380284574));
#5740=CARTESIAN_POINT('',(0.0387615206184131,-0.0484808910377417,-0.000186743808090613));
#5741=CARTESIAN_POINT('',(0.0386151825865841,-0.0481783587082596,-0.000167022845940509));
#5742=CARTESIAN_POINT('',(0.0386151825865841,-0.0481783587082596,-0.000167022845940509));
#5743=CARTESIAN_POINT('',(0.0383341579551085,-0.0483108720310881,-0.000487127442191832));
#5744=CARTESIAN_POINT('',(0.038053133323633,-0.0484433853539165,-0.000807232038443155));
#5745=CARTESIAN_POINT('',(0.0377721086921574,-0.048575898676745,-0.00112733663469448));
#5746=CARTESIAN_POINT('',(0.0434145299145299,-0.0412501195965989,-0.000259632481420658));
#5747=CARTESIAN_POINT('',(0.0425695718433335,-0.0411763209546759,-0.000260618946410862));
#5748=CARTESIAN_POINT('',(0.0417067474756916,-0.0413319254995614,-0.000258538983530159));
#5749=CARTESIAN_POINT('',(0.0401712236242772,-0.0420552095867246,-0.000248870859410704));
#5750=CARTESIAN_POINT('',(0.0395015855161005,-0.0426224659538112,-0.000241288354746388));
#5751=CARTESIAN_POINT('',(0.0385334376167405,-0.044020064352902,-0.000222606684526662));
#5752=CARTESIAN_POINT('',(0.0382369156786844,-0.0448475367675897,-0.000211545877089296));
#5753=CARTESIAN_POINT('',(0.0380964146185797,-0.0465437277647413,-0.000188872925503872));
#5754=CARTESIAN_POINT('',(0.0382517638683211,-0.0474094197585347,-0.000177301237706843));
#5755=CARTESIAN_POINT('',(0.0386151825865841,-0.0481783587082596,-0.000167022845940508));
#5756=CARTESIAN_POINT('',(0.0434942320586442,-0.0403232800759271,-0.00112733663469449));
#5757=CARTESIAN_POINT('',(0.0424868129258923,-0.0402353743274053,-0.00112733663469448));
#5758=CARTESIAN_POINT('',(0.0414580923223584,-0.0404207237277167,-0.00112733663469449));
#5759=CARTESIAN_POINT('',(0.039627331533327,-0.0412822684303553,-0.00112733663469448));
#5760=CARTESIAN_POINT('',(0.038828941334199,-0.0419579596660101,-0.00112733663469448));
#5761=CARTESIAN_POINT('',(0.0376746465224847,-0.0436227183969687,-0.00112733663469448));
#5762=CARTESIAN_POINT('',(0.0373211119703273,-0.0446083677252871,-0.00112733663469448));
#5763=CARTESIAN_POINT('',(0.0371535966093057,-0.0466287970393005,-0.00112733663469448));
#5764=CARTESIAN_POINT('',(0.0373388150383552,-0.047659971876714,-0.00112733663469448));
#5765=CARTESIAN_POINT('',(0.0377721086921574,-0.048575898676745,-0.00112733663469448));
#5766=CARTESIAN_POINT('',(0.0434145299145299,-0.0412501195965989,-0.000259632481420658));
#5767=CARTESIAN_POINT('',(0.0434410972959014,-0.0409411730897083,-0.000548867199178601));
#5768=CARTESIAN_POINT('',(0.0434676646772728,-0.0406322265828177,-0.000838101916936543));
#5769=CARTESIAN_POINT('',(0.0434942320586442,-0.0403232800759271,-0.00112733663469449));
#5770=CARTESIAN_POINT('',(0.0434942320586442,-0.0403232800759271,-0.00112733663469449));
#5771=CARTESIAN_POINT('',(0.0435321908356453,-0.0403276653122904,-0.00112733663469448));
#5772=CARTESIAN_POINT('',(0.0435685991204521,-0.0402941649535037,-0.00112733663469449));
#5773=CARTESIAN_POINT('',(0.0435674849138624,-0.0402558779188364,-0.00112733663469449));
#5774=CARTESIAN_POINT('',(0.0434145299145299,-0.0412501195965989,-0.000259632481420659));
#5775=CARTESIAN_POINT('',(0.0439770078792869,-0.0413148057275404,-0.000263849130735837));
#5776=CARTESIAN_POINT('',(0.0445165104543532,-0.0408206456833611,-0.000231636667545449));
#5777=CARTESIAN_POINT('',(0.0445,-0.0402558779188364,-0.000194821548556826));
#5778=CARTESIAN_POINT('',(0.0435674849138623,-0.0402558779188364,-0.00112733663469449));
#5779=CARTESIAN_POINT('',(0.0438783232759082,-0.0402558779188364,-0.000816498272648601));
#5780=CARTESIAN_POINT('',(0.0441891616379541,-0.0402558779188364,-0.000505659910602713));
#5781=CARTESIAN_POINT('',(0.0445,-0.0402558779188364,-0.000194821548556826));
#5782=CARTESIAN_POINT('',(0.0435674849138624,0.000253648086710075,-0.00112733663469453));
#5783=CARTESIAN_POINT('',(0.0445,-0.00582920289332057,-0.000194821548556861));
#5784=CARTESIAN_POINT('',(0.0441891616379541,-0.00582920289332057,-0.000505659910602749));
#5785=CARTESIAN_POINT('',(0.0438783232759082,-0.00582920289332057,-0.000816498272648636));
#5786=CARTESIAN_POINT('',(0.0435674849138624,-0.00582920289332057,-0.00112733663469452));
#5787=CARTESIAN_POINT('',(0.0435674849138624,-0.00582920289332057,-0.00112733663469452));
#5788=CARTESIAN_POINT('',(0.0435685991204521,-0.0057909158586532,-0.00112733663469452));
#5789=CARTESIAN_POINT('',(0.0435321908356453,-0.00575741549986654,-0.00112733663469452));
#5790=CARTESIAN_POINT('',(0.0434942320586442,-0.00576180073622991,-0.00112733663469452));
#5791=CARTESIAN_POINT('',(0.0445,-0.00582920289332057,-0.000194821548556861));
#5792=CARTESIAN_POINT('',(0.0445165104543533,-0.00526443512879585,-0.000158006429568253));
#5793=CARTESIAN_POINT('',(0.0439770078792869,-0.00477027508461659,-0.000125793966377838));
#5794=CARTESIAN_POINT('',(0.0434145299145299,-0.00483496121555806,-0.000130010615693029));
#5795=CARTESIAN_POINT('',(0.0434145299145299,-0.00483496121555806,-0.000130010615693029));
#5796=CARTESIAN_POINT('',(0.0434410972959014,-0.00514390772244868,-0.00046245262202686));
#5797=CARTESIAN_POINT('',(0.0434676646772728,-0.00545285422933929,-0.000794894628360692));
#5798=CARTESIAN_POINT('',(0.0434942320586442,-0.00576180073622991,-0.00112733663469452));
#5799=CARTESIAN_POINT('',(0.0434145299145299,0.00486220771513502,-0.000259632481420706));
#5800=CARTESIAN_POINT('',(0.0420787772875646,0.00498354886334169,-0.000261254446154175));
#5801=CARTESIAN_POINT('',(0.0407081002190383,0.00450803870340576,-0.000254898311230275));
#5802=CARTESIAN_POINT('',(0.0392264952810911,0.0031440622520608,-0.000236666064922555));
#5803=CARTESIAN_POINT('',(0.038829302645132,0.00258667037873392,-0.000229215418751651));
#5804=CARTESIAN_POINT('',(0.0382905243193512,0.00135665396177815,-0.000212773813579976));
#5805=CARTESIAN_POINT('',(0.03815,0.000685409666089167,-0.000203801304326181));
#5806=CARTESIAN_POINT('',(0.03815,-0.000658163166512171,-0.000185841792787553));
#5807=CARTESIAN_POINT('',(0.0382905243193512,-0.0013294074622012,-0.000176869283533756));
#5808=CARTESIAN_POINT('',(0.038829302645132,-0.00255942387915695,-0.000160427678362083));
#5809=CARTESIAN_POINT('',(0.0392264952810911,-0.00311681575248384,-0.000152977032191178));
#5810=CARTESIAN_POINT('',(0.0407081002190383,-0.00448079220382877,-0.00013474478588346));
#5811=CARTESIAN_POINT('',(0.0420787772875646,-0.00495630236376472,-0.000128388650959557));
#5812=CARTESIAN_POINT('',(0.0434145299145299,-0.00483496121555806,-0.000130010615693027));
#5813=CARTESIAN_POINT('',(0.0434942320586442,0.00578904723580687,-0.00112733663469453));
#5814=CARTESIAN_POINT('',(0.0419016527355978,0.00593358356034705,-0.00112733663469453));
#5815=CARTESIAN_POINT('',(0.0402674340069009,0.00536717643481501,-0.00112733663469453));
#5816=CARTESIAN_POINT('',(0.0385009591832783,0.00374246671596336,-0.00112733663469453));
#5817=CARTESIAN_POINT('',(0.0380273978610681,0.00307852563786296,-0.00112733663469453));
#5818=CARTESIAN_POINT('',(0.0373850280058621,0.00161338331222889,-0.00112733663469453));
#5819=CARTESIAN_POINT('',(0.0372174849138623,0.000813826156729438,-0.00112733663469453));
#5820=CARTESIAN_POINT('',(0.0372174849138623,-0.000786579657152437,-0.00112733663469453));
#5821=CARTESIAN_POINT('',(0.0373850280058622,-0.00158613681265192,-0.00112733663469453));
#5822=CARTESIAN_POINT('',(0.038027397861068,-0.00305127913828598,-0.00112733663469452));
#5823=CARTESIAN_POINT('',(0.0385009591832783,-0.00371522021638639,-0.00112733663469452));
#5824=CARTESIAN_POINT('',(0.0402674340069008,-0.005339929935238,-0.00112733663469452));
#5825=CARTESIAN_POINT('',(0.0419016527355978,-0.00590633706077009,-0.00112733663469452));
#5826=CARTESIAN_POINT('',(0.0434942320586442,-0.00576180073622992,-0.00112733663469452));
#5827=CARTESIAN_POINT('',(0.0434145299145299,0.00486220771513502,-0.000259632481420706));
#5828=CARTESIAN_POINT('',(0.0434410972959014,0.00517115422202564,-0.000548867199178648));
#5829=CARTESIAN_POINT('',(0.0434676646772728,0.00548010072891625,-0.000838101916936591));
#5830=CARTESIAN_POINT('',(0.0434942320586442,0.00578904723580687,-0.00112733663469453));
#5831=CARTESIAN_POINT('',(0.0434942320586442,0.00578904723580687,-0.00112733663469453));
#5832=CARTESIAN_POINT('',(0.0435321908356453,0.0057846619994435,-0.00112733663469453));
#5833=CARTESIAN_POINT('',(0.0435685991204522,0.00581816235823015,-0.00112733663469453));
#5834=CARTESIAN_POINT('',(0.0435674849138624,0.00585644939289752,-0.00112733663469453));
#5835=CARTESIAN_POINT('',(0.0434145299145299,0.00486220771513502,-0.000259632481420706));
#5836=CARTESIAN_POINT('',(0.0439770078792869,0.00479752158419355,-0.000263849130735875));
#5837=CARTESIAN_POINT('',(0.0445165104543533,0.00529168162837281,-0.000231636667545502));
#5838=CARTESIAN_POINT('',(0.0445,0.00585644939289753,-0.000194821548556873));
#5839=CARTESIAN_POINT('',(0.0435674849138624,0.00585644939289752,-0.00112733663469454));
#5840=CARTESIAN_POINT('',(0.0438783232759082,0.00585644939289752,-0.000816498272648648));
#5841=CARTESIAN_POINT('',(0.0441891616379541,0.00585644939289752,-0.000505659910602761));
#5842=CARTESIAN_POINT('',(0.0445,0.00585644939289752,-0.000194821548556874));
#5843=CARTESIAN_POINT('',(0.0435674849138624,0.000253648086710075,-0.00112733663469453));
#5844=CARTESIAN_POINT('',(0.0445,0.0402831244184134,-0.000194821548556908));
#5845=CARTESIAN_POINT('',(0.0441891616379541,0.0402831244184134,-0.000505659910602795));
#5846=CARTESIAN_POINT('',(0.0438783232759082,0.0402831244184134,-0.000816498272648683));
#5847=CARTESIAN_POINT('',(0.0435674849138624,0.0402831244184134,-0.00112733663469457));
#5848=CARTESIAN_POINT('',(0.0435674849138624,0.0402831244184133,-0.00112733663469457));
#5849=CARTESIAN_POINT('',(0.0435685991204522,0.0403214114530807,-0.00112733663469457));
#5850=CARTESIAN_POINT('',(0.0435321908356453,0.0403549118118674,-0.00112733663469457));
#5851=CARTESIAN_POINT('',(0.0434942320586442,0.040350526575504,-0.00112733663469457));
#5852=CARTESIAN_POINT('',(0.0445,0.0402831244184133,-0.000194821548556908));
#5853=CARTESIAN_POINT('',(0.0445165104543532,0.0408478921829381,-0.000158006429568307));
#5854=CARTESIAN_POINT('',(0.0439770078792869,0.0413420522271173,-0.000125793966377866));
#5855=CARTESIAN_POINT('',(0.0434145299145299,0.0412773660961759,-0.000130010615693075));
#5856=CARTESIAN_POINT('',(0.0434145299145299,0.0412773660961759,-0.000130010615693075));
#5857=CARTESIAN_POINT('',(0.0434410972959014,0.0409684195892852,-0.000462452622026907));
#5858=CARTESIAN_POINT('',(0.0434676646772728,0.0406594730823946,-0.000794894628360738));
#5859=CARTESIAN_POINT('',(0.0434942320586442,0.040350526575504,-0.00112733663469457));
#5860=CARTESIAN_POINT('',(0.0386151825865841,0.0482056052078365,-0.000222620251173227));
#5861=CARTESIAN_POINT('',(0.0382517638683211,0.0474366662581116,-0.00021234185940689));
#5862=CARTESIAN_POINT('',(0.0380964146185797,0.0465709742643182,-0.000200770171609864));
#5863=CARTESIAN_POINT('',(0.0382369156786844,0.0448747832671666,-0.000178097220024437));
#5864=CARTESIAN_POINT('',(0.0385334376167405,0.044047310852479,-0.000167036412587074));
#5865=CARTESIAN_POINT('',(0.0395015855161005,0.0426497124533881,-0.000148354742367347));
#5866=CARTESIAN_POINT('',(0.0401712236242772,0.0420824560863015,-0.00014077223770303));
#5867=CARTESIAN_POINT('',(0.0417067474756916,0.0413591719991383,-0.000131104113583576));
#5868=CARTESIAN_POINT('',(0.0425695718433335,0.0412035674542529,-0.000129024150702872));
#5869=CARTESIAN_POINT('',(0.0434145299145299,0.0412773660961759,-0.000130010615693077));
#5870=CARTESIAN_POINT('',(0.0377721086921574,0.0486031451763219,-0.00112733663469458));
#5871=CARTESIAN_POINT('',(0.0373388150383552,0.0476872183762909,-0.00112733663469458));
#5872=CARTESIAN_POINT('',(0.0371535966093057,0.0466560435388775,-0.00112733663469458));
#5873=CARTESIAN_POINT('',(0.0373211119703273,0.044635614224864,-0.00112733663469457));
#5874=CARTESIAN_POINT('',(0.0376746465224847,0.0436499648965456,-0.00112733663469458));
#5875=CARTESIAN_POINT('',(0.038828941334199,0.0419852061655871,-0.00112733663469457));
#5876=CARTESIAN_POINT('',(0.0396273315333271,0.0413095149299322,-0.00112733663469457));
#5877=CARTESIAN_POINT('',(0.0414580923223584,0.0404479702272937,-0.00112733663469457));
#5878=CARTESIAN_POINT('',(0.0424868129258923,0.0402626208269822,-0.00112733663469457));
#5879=CARTESIAN_POINT('',(0.0434942320586442,0.040350526575504,-0.00112733663469457));
#5880=CARTESIAN_POINT('',(0.0386151825865841,0.0482056052078365,-0.000222620251173227));
#5881=CARTESIAN_POINT('',(0.0383341579551085,0.048338118530665,-0.000524192379013678));
#5882=CARTESIAN_POINT('',(0.038053133323633,0.0484706318534934,-0.000825764506854129));
#5883=CARTESIAN_POINT('',(0.0377721086921574,0.0486031451763219,-0.00112733663469458));
#5884=CARTESIAN_POINT('',(0.0377721086921574,0.0486031451763219,-0.00112733663469458));
#5885=CARTESIAN_POINT('',(0.0377819843016301,0.0486236546078342,-0.00112733663469458));
#5886=CARTESIAN_POINT('',(0.0377802636715722,0.048649015147809,-0.00112733663469458));
#5887=CARTESIAN_POINT('',(0.0377559509380913,0.0486874932668321,-0.00112733663469458));
#5888=CARTESIAN_POINT('',(0.0377338139910249,0.0486998905006968,-0.00112733663469458));
#5889=CARTESIAN_POINT('',(0.0377110965219623,0.0486997050118693,-0.00112733663469458));
#5890=CARTESIAN_POINT('',(0.0386151825865841,0.0482056052078365,-0.000222620251173224));
#5891=CARTESIAN_POINT('',(0.0387615206184132,0.0485081375373188,-0.000202899289023074));
#5892=CARTESIAN_POINT('',(0.0387360241167258,0.0488822280053923,-0.000178513716829176));
#5893=CARTESIAN_POINT('',(0.0383757549281767,0.0494498144729849,-0.000141514857026414));
#5894=CARTESIAN_POINT('',(0.0380477268555061,0.0496326846630658,-0.000129594226582938));
#5895=CARTESIAN_POINT('',(0.0377110965219623,0.0496299485381252,-0.000129772584434755));
#5896=CARTESIAN_POINT('',(0.0377110965219623,0.0486997050118693,-0.00112733663469458));
#5897=CARTESIAN_POINT('',(0.0377110965219623,0.0490097861872879,-0.000794815284607974));
#5898=CARTESIAN_POINT('',(0.0377110965219623,0.0493198673627066,-0.000462293934521367));
#5899=CARTESIAN_POINT('',(0.0377110965219623,0.0496299485381252,-0.000129772584434759));
#5900=CARTESIAN_POINT('',(1.33082365227346E-17,0.0496299485381252,-0.000129772584434758));
#5901=CARTESIAN_POINT('',(0.0230402139453921,-0.0136475868904189,0.0386614054481203));
#5902=CARTESIAN_POINT('',(-0.0162999999999993,0.0260926270549725,-0.0015268825671115));
#5903=CARTESIAN_POINT('',(-0.0162999999999992,0.0259869795822831,-0.0015229641076198));
#5904=CARTESIAN_POINT('',(-0.0163869390221862,0.0257799504134535,-0.00153866077247754));
#5905=CARTESIAN_POINT('',(-0.0165943811325812,0.0256926270549724,-0.00152296516858789));
#5906=CARTESIAN_POINT('',(-0.0166999999999993,0.0256926270549724,-0.00152688256711149));
#5907=CARTESIAN_POINT('',(-0.0267634836102787,0.0172291434446928,0.00778467511300892));
#5908=CARTESIAN_POINT('',(-0.0178999999999992,0.0256926270549724,-0.00152688256711148));
#5909=CARTESIAN_POINT('',(-0.0180056474726886,0.0256926270549724,-0.00152296410761979));
#5910=CARTESIAN_POINT('',(-0.0182126766415182,0.0257795660771594,-0.00153866077247756));
#5911=CARTESIAN_POINT('',(-0.0182999999999993,0.0259870081875544,-0.00152296516858787));
#5912=CARTESIAN_POINT('',(-0.0182999999999993,0.0260926270549725,-0.00152688256711148));
#5913=CARTESIAN_POINT('',(-0.0169161760458072,0.0263088031007804,-0.00209498454307865));
#5914=CARTESIAN_POINT('',(-0.0166999999999993,0.0256926270549724,-0.00232688256711149));
#5915=CARTESIAN_POINT('',(-0.0165943525273099,0.0256926270549724,-0.0023229641076198));
#5916=CARTESIAN_POINT('',(-0.0163873233584804,0.0257795660771593,-0.00233866077247755));
#5917=CARTESIAN_POINT('',(-0.0162999999999993,0.0259870081875544,-0.00232296516858788));
#5918=CARTESIAN_POINT('',(-0.0162999999999993,0.0260926270549724,-0.00232688256711149));
#5919=CARTESIAN_POINT('',(-0.0172999999999993,0.0266926270549724,-0.0024788084972707));
#5920=CARTESIAN_POINT('',(-0.0140159776280418,0.0299766494269299,-0.00576283086922814));
#5921=CARTESIAN_POINT('',(-0.0182999999999993,0.0260926270549725,-0.00232688256711149));
#5922=CARTESIAN_POINT('',(-0.0182999999999993,0.0259869795822831,-0.00232296410761979));
#5923=CARTESIAN_POINT('',(-0.0182130609778123,0.0257799504134535,-0.00233866077247751));
#5924=CARTESIAN_POINT('',(-0.0180056188674173,0.0256926270549724,-0.00232296516858788));
#5925=CARTESIAN_POINT('',(-0.0178999999999992,0.0256926270549724,-0.00232688256711149));
#5926=CARTESIAN_POINT('',(-0.0140159776280418,0.0454156826399119,-0.00576283086922818));
#5927=CARTESIAN_POINT('',(-0.0178999999999992,0.0496997050118693,-0.00232688256711152));
#5928=CARTESIAN_POINT('',(-0.0180056474726886,0.0496997050118693,-0.00232296410761982));
#5929=CARTESIAN_POINT('',(-0.0182126766415181,0.0496127659896824,-0.00233866077247767));
#5930=CARTESIAN_POINT('',(-0.0182999999999993,0.0494053238792873,-0.00232296516858792));
#5931=CARTESIAN_POINT('',(-0.0182999999999993,0.0492997050118693,-0.00232688256711151));
#5932=CARTESIAN_POINT('',(-0.0172999999999993,0.0486997050118693,-0.00247880849727072));
#5933=CARTESIAN_POINT('',(-0.0148995093791406,0.0511001956327281,-7.83178764120224E-5));
#5934=CARTESIAN_POINT('',(-0.0162999999999993,0.0492997050118693,-0.00232688256711151));
#5935=CARTESIAN_POINT('',(-0.0162999999999993,0.0494053524845586,-0.00232296410761984));
#5936=CARTESIAN_POINT('',(-0.0163869390221862,0.0496123816533882,-0.00233866077247765));
#5937=CARTESIAN_POINT('',(-0.0165943811325812,0.0496997050118693,-0.0023229651685879));
#5938=CARTESIAN_POINT('',(-0.0166999999999993,0.0496997050118693,-0.00232688256711152));
#5939=CARTESIAN_POINT('',(-0.00238382395419131,0.0263088031007804,-0.00129498454307865));
#5940=CARTESIAN_POINT('',(-0.00259999999999926,0.0256926270549724,-0.00152688256711148));
#5941=CARTESIAN_POINT('',(-0.00270564747268861,0.0256926270549724,-0.0015229641076198));
#5942=CARTESIAN_POINT('',(-0.00291267664151818,0.0257795660771594,-0.00153866077247755));
#5943=CARTESIAN_POINT('',(-0.00299999999999928,0.0259870081875544,-0.00152296516858788));
#5944=CARTESIAN_POINT('',(-0.00299999999999926,0.0260926270549725,-0.00152688256711148));
#5945=CARTESIAN_POINT('',(-0.00469950937914056,0.0293921364341137,-0.005178317876412));
#5946=CARTESIAN_POINT('',(-0.00139999999999926,0.0256926270549724,-0.00232688256711149));
#5947=CARTESIAN_POINT('',(-0.00129435252730992,0.0256926270549724,-0.0023229641076198));
#5948=CARTESIAN_POINT('',(-0.00108732335848035,0.0257795660771593,-0.00233866077247752));
#5949=CARTESIAN_POINT('',(-0.000999999999999253,0.0259870081875544,-0.00232296516858787));
#5950=CARTESIAN_POINT('',(-0.000999999999999265,0.0260926270549725,-0.00232688256711149));
#5951=CARTESIAN_POINT('',(-0.00199999999999926,0.0266926270549724,-0.0024788084972707));
#5952=CARTESIAN_POINT('',(0.00128402237195817,0.0299766494269299,-0.00576283086922814));
#5953=CARTESIAN_POINT('',(-0.00299999999999926,0.0260926270549725,-0.00232688256711149));
#5954=CARTESIAN_POINT('',(-0.00299999999999928,0.0259869795822831,-0.00232296410761978));
#5955=CARTESIAN_POINT('',(-0.00291306097781236,0.0257799504134535,-0.0023386607724775));
#5956=CARTESIAN_POINT('',(-0.0027056188674173,0.0256926270549724,-0.00232296516858789));
#5957=CARTESIAN_POINT('',(-0.00259999999999926,0.0256926270549724,-0.00232688256711149));
#5958=CARTESIAN_POINT('',(-0.00528402237195671,0.0299766494269299,-0.00496283086922815));
#5959=CARTESIAN_POINT('',(-0.000999999999999265,0.0260926270549725,-0.00152688256711148));
#5960=CARTESIAN_POINT('',(-0.000999999999999253,0.0259869795822831,-0.00152296410761979));
#5961=CARTESIAN_POINT('',(-0.00108693902218617,0.0257799504134535,-0.00153866077247751));
#5962=CARTESIAN_POINT('',(-0.00129438113258122,0.0256926270549724,-0.00152296516858789));
#5963=CARTESIAN_POINT('',(-0.00139999999999926,0.0256926270549724,-0.00152688256711148));
#5964=CARTESIAN_POINT('',(-0.00161617604580721,0.0490835289660614,-0.00209498454307867));
#5965=CARTESIAN_POINT('',(-0.00099999999999926,0.0492997050118693,-0.00232688256711151));
#5966=CARTESIAN_POINT('',(-0.00099999999999926,0.0494053524845586,-0.00232296410761983));
#5967=CARTESIAN_POINT('',(-0.00108693902218618,0.0496123816533882,-0.00233866077247762));
#5968=CARTESIAN_POINT('',(-0.00129438113258123,0.0496997050118693,-0.0023229651685879));
#5969=CARTESIAN_POINT('',(-0.00139999999999926,0.0496997050118693,-0.00232688256711151));
#5970=CARTESIAN_POINT('',(-0.00199999999999926,0.0486997050118693,-0.00247880849727072));
#5971=CARTESIAN_POINT('',(0.00128402237195818,0.0454156826399119,-0.00576283086922817));
#5972=CARTESIAN_POINT('',(-0.00259999999999926,0.0496997050118693,-0.00232688256711152));
#5973=CARTESIAN_POINT('',(-0.0027056474726886,0.0496997050118693,-0.00232296410761982));
#5974=CARTESIAN_POINT('',(-0.00291267664151815,0.0496127659896824,-0.00233866077247764));
#5975=CARTESIAN_POINT('',(-0.00299999999999926,0.0494053238792873,-0.00232296516858792));
#5976=CARTESIAN_POINT('',(-0.00299999999999926,0.0492997050118693,-0.00232688256711151));
#5977=CARTESIAN_POINT('',(-0.00259999999999926,0.0260926270549724,-0.00312733663469456));
#5978=CARTESIAN_POINT('',(-0.00139999999999926,0.0260926270549724,-0.00312733663469456));
#5979=CARTESIAN_POINT('',(-0.00259999999999926,0.0492997050118693,-0.00312733663469458));
#5980=CARTESIAN_POINT('',(-0.00139999999999926,0.0492997050118693,-0.00312733663469458));
#5981=CARTESIAN_POINT('',(-0.0166999999999993,0.0492997050118693,-0.00312733663469458));
#5982=CARTESIAN_POINT('',(-0.0178999999999992,0.0492997050118693,-0.00312733663469458));
#5983=CARTESIAN_POINT('',(-0.0166999999999993,0.0260926270549724,-0.00312733663469456));
#5984=CARTESIAN_POINT('',(-0.0178999999999992,0.0260926270549724,-0.00312733663469456));
#5985=MECHANICAL_DESIGN_GEOMETRIC_PRESENTATION_REPRESENTATION('',(#3145),
#5986);
#5986=(
GEOMETRIC_REPRESENTATION_CONTEXT(3)
GLOBAL_UNCERTAINTY_ASSIGNED_CONTEXT((#5987))
GLOBAL_UNIT_ASSIGNED_CONTEXT((#5990,#5989,#5988))
REPRESENTATION_CONTEXT('Base','TOP_LEVEL_ASSEMBLY_PART')
);
#5987=UNCERTAINTY_MEASURE_WITH_UNIT(LENGTH_MEASURE(2.E-5),#5990,
'DISTANCE_ACCURACY_VALUE','Maximum Tolerance applied to model');
#5988=(
NAMED_UNIT(*)
SI_UNIT($,.STERADIAN.)
SOLID_ANGLE_UNIT()
);
#5989=(
NAMED_UNIT(*)
PLANE_ANGLE_UNIT()
SI_UNIT($,.RADIAN.)
);
#5990=(
LENGTH_UNIT()
NAMED_UNIT(*)
SI_UNIT($,.METRE.)
);
#5991=PRODUCT_DEFINITION_SHAPE('','',#5992);
#5992=PRODUCT_DEFINITION('','',#5994,#5993);
#5993=PRODUCT_DEFINITION_CONTEXT('',#6000,'design');
#5994=PRODUCT_DEFINITION_FORMATION_WITH_SPECIFIED_SOURCE('','',#5996,
 .NOT_KNOWN.);
#5995=PRODUCT_RELATED_PRODUCT_CATEGORY('','',(#5996));
#5996=PRODUCT('Base','Base','Base',(#5998));
#5997=PRODUCT_CATEGORY('','');
#5998=PRODUCT_CONTEXT('',#6000,'mechanical');
#5999=APPLICATION_PROTOCOL_DEFINITION('international standard',
'ap242_managed_model_based_3d_engineering',2020,#6000);
#6000=APPLICATION_CONTEXT('managed model based 3d engineering');
ENDSEC;
END-ISO-10303-21;
