ISO-10303-21;
HEADER;
/* Generated by software containing ST-Developer
 * from STEP Tools, Inc. (www.steptools.com) 
 */
/* OPTION: using custom renumber hook */

FILE_DESCRIPTION(
/* description */ ('STEP AP242 Edition 2',
'CAx-IF Rec.Pracs.---Representation and Presentation of Product Manufa
cturing Information (PMI)---4.0---2014-10-13',
'CAx-IF Rec.Pracs.---3D Tessellated Geometry---0.4---2014-09-14','2;1',
'CAx-IF Rec.Pracs.---User Defined Attributes---1.5---2016-08-15'),
/* implementation_level */ '2;1');

FILE_NAME(
/* name */ 'Knob - Knob',
/* time_stamp */ '2026-08-24T16:09:01Z',
/* author */ (''),
/* organization */ (''),
/* preprocessor_version */ 'ST-DEVELOPER v20',
/* originating_system */ 'ONSHAPE BY PTC INC, 1.219',
/* authorisation */ '  ');

FILE_SCHEMA (('AP242_MANAGED_MODEL_BASED_3D_ENGINEERING_MIM_LF { 1 0 10303 442 3 1 4 }'));
ENDSEC;

DATA;
#10=SHAPE_REPRESENTATION_RELATIONSHIP('','',#2230,#11);
#11=ADVANCED_BREP_SHAPE_REPRESENTATION('',(#2228),#4297);
#12=ELLIPSE('',#2444,0.00445477272147525,0.00315);
#13=ELLIPSE('',#2446,0.00445477272147525,0.00315);
#14=CONICAL_SURFACE('',#2275,0.008,0.785398163397448);
#15=CONICAL_SURFACE('',#2277,0.008,0.785398163397448);
#16=CONICAL_SURFACE('',#2279,0.008,0.785398163397448);
#17=CONICAL_SURFACE('',#2281,0.008,0.785398163397448);
#18=CONICAL_SURFACE('',#2283,0.008,0.785398163397448);
#19=CONICAL_SURFACE('',#2285,0.008,0.785398163397448);
#20=CONICAL_SURFACE('',#2287,0.008,0.785398163397448);
#21=CONICAL_SURFACE('',#2289,0.008,0.785398163397448);
#22=CONICAL_SURFACE('',#2291,0.008,0.785398163397448);
#23=CONICAL_SURFACE('',#2293,0.008,0.785398163397448);
#24=CONICAL_SURFACE('',#2295,0.008,0.785398163397448);
#25=CONICAL_SURFACE('',#2297,0.008,0.785398163397448);
#26=CONICAL_SURFACE('',#2299,0.008,0.785398163397448);
#27=CONICAL_SURFACE('',#2301,0.008,0.785398163397448);
#28=CONICAL_SURFACE('',#2303,0.008,0.785398163397448);
#29=CONICAL_SURFACE('',#2305,0.008,0.785398163397448);
#30=CONICAL_SURFACE('',#2307,0.008,0.785398163397448);
#31=CONICAL_SURFACE('',#2309,0.008,0.785398163397448);
#32=CONICAL_SURFACE('',#2401,0.009,0.785398163397446);
#33=CONICAL_SURFACE('',#2403,0.009,0.785398163397446);
#34=CONICAL_SURFACE('',#2405,0.009,0.785398163397446);
#35=CONICAL_SURFACE('',#2407,0.009,0.785398163397446);
#36=CONICAL_SURFACE('',#2409,0.009,0.785398163397446);
#37=CONICAL_SURFACE('',#2411,0.009,0.785398163397446);
#38=CONICAL_SURFACE('',#2413,0.009,0.785398163397446);
#39=CONICAL_SURFACE('',#2415,0.009,0.785398163397446);
#40=CONICAL_SURFACE('',#2417,0.009,0.785398163397446);
#41=CONICAL_SURFACE('',#2419,0.009,0.785398163397446);
#42=CONICAL_SURFACE('',#2421,0.009,0.785398163397446);
#43=CONICAL_SURFACE('',#2423,0.009,0.785398163397446);
#44=CONICAL_SURFACE('',#2425,0.009,0.785398163397446);
#45=CONICAL_SURFACE('',#2427,0.009,0.785398163397446);
#46=CONICAL_SURFACE('',#2429,0.009,0.785398163397446);
#47=CONICAL_SURFACE('',#2431,0.009,0.785398163397446);
#48=CONICAL_SURFACE('',#2433,0.009,0.785398163397446);
#49=CONICAL_SURFACE('',#2435,0.009,0.785398163397446);
#50=CONICAL_SURFACE('',#2438,0.00035,0.785398163397448);
#51=CONICAL_SURFACE('',#2440,0.00355,0.785398163397448);
#52=CONICAL_SURFACE('',#2441,0.00075,0.785398163397448);
#53=CONICAL_SURFACE('',#2442,0.006,0.785398163397448);
#54=CONICAL_SURFACE('',#2449,0.00315,0.785398163397448);
#55=CONICAL_SURFACE('',#2453,0.00015,0.785398163397448);
#56=CONICAL_SURFACE('',#2455,0.00315,0.785398163397448);
#57=CONICAL_SURFACE('',#2456,0.00035,0.785398163397448);
#58=CYLINDRICAL_SURFACE('',#2260,0.00035);
#59=CYLINDRICAL_SURFACE('',#2263,0.00315);
#60=CYLINDRICAL_SURFACE('',#2266,0.00035);
#61=CYLINDRICAL_SURFACE('',#2269,0.006);
#62=CYLINDRICAL_SURFACE('',#2311,0.0005);
#63=CYLINDRICAL_SURFACE('',#2312,0.001);
#64=CYLINDRICAL_SURFACE('',#2313,0.0005);
#65=CYLINDRICAL_SURFACE('',#2314,0.0005);
#66=CYLINDRICAL_SURFACE('',#2315,0.001);
#67=CYLINDRICAL_SURFACE('',#2316,0.0005);
#68=CYLINDRICAL_SURFACE('',#2317,0.0005);
#69=CYLINDRICAL_SURFACE('',#2318,0.001);
#70=CYLINDRICAL_SURFACE('',#2319,0.0005);
#71=CYLINDRICAL_SURFACE('',#2320,0.0005);
#72=CYLINDRICAL_SURFACE('',#2321,0.001);
#73=CYLINDRICAL_SURFACE('',#2322,0.0005);
#74=CYLINDRICAL_SURFACE('',#2323,0.0005);
#75=CYLINDRICAL_SURFACE('',#2324,0.001);
#76=CYLINDRICAL_SURFACE('',#2325,0.0005);
#77=CYLINDRICAL_SURFACE('',#2326,0.0005);
#78=CYLINDRICAL_SURFACE('',#2327,0.001);
#79=CYLINDRICAL_SURFACE('',#2328,0.0005);
#80=CYLINDRICAL_SURFACE('',#2329,0.0005);
#81=CYLINDRICAL_SURFACE('',#2330,0.001);
#82=CYLINDRICAL_SURFACE('',#2331,0.0005);
#83=CYLINDRICAL_SURFACE('',#2332,0.0005);
#84=CYLINDRICAL_SURFACE('',#2333,0.001);
#85=CYLINDRICAL_SURFACE('',#2334,0.0005);
#86=CYLINDRICAL_SURFACE('',#2335,0.0005);
#87=CYLINDRICAL_SURFACE('',#2336,0.001);
#88=CYLINDRICAL_SURFACE('',#2337,0.0005);
#89=CYLINDRICAL_SURFACE('',#2338,0.0005);
#90=CYLINDRICAL_SURFACE('',#2339,0.001);
#91=CYLINDRICAL_SURFACE('',#2340,0.0005);
#92=CYLINDRICAL_SURFACE('',#2341,0.0005);
#93=CYLINDRICAL_SURFACE('',#2342,0.001);
#94=CYLINDRICAL_SURFACE('',#2343,0.0005);
#95=CYLINDRICAL_SURFACE('',#2344,0.0005);
#96=CYLINDRICAL_SURFACE('',#2345,0.001);
#97=CYLINDRICAL_SURFACE('',#2346,0.0005);
#98=CYLINDRICAL_SURFACE('',#2347,0.0005);
#99=CYLINDRICAL_SURFACE('',#2348,0.001);
#100=CYLINDRICAL_SURFACE('',#2349,0.0005);
#101=CYLINDRICAL_SURFACE('',#2350,0.0005);
#102=CYLINDRICAL_SURFACE('',#2351,0.001);
#103=CYLINDRICAL_SURFACE('',#2352,0.0005);
#104=CYLINDRICAL_SURFACE('',#2353,0.0005);
#105=CYLINDRICAL_SURFACE('',#2354,0.001);
#106=CYLINDRICAL_SURFACE('',#2355,0.0005);
#107=CYLINDRICAL_SURFACE('',#2356,0.0005);
#108=CYLINDRICAL_SURFACE('',#2357,0.001);
#109=CYLINDRICAL_SURFACE('',#2358,0.0005);
#110=CYLINDRICAL_SURFACE('',#2359,0.0005);
#111=CYLINDRICAL_SURFACE('',#2360,0.001);
#112=CYLINDRICAL_SURFACE('',#2361,0.0005);
#113=CYLINDRICAL_SURFACE('',#2362,0.00899999999998163);
#114=CYLINDRICAL_SURFACE('',#2364,0.00899999999998163);
#115=CYLINDRICAL_SURFACE('',#2366,0.00899999999998163);
#116=CYLINDRICAL_SURFACE('',#2368,0.00899999999998163);
#117=CYLINDRICAL_SURFACE('',#2370,0.00899999999998163);
#118=CYLINDRICAL_SURFACE('',#2372,0.00899999999998163);
#119=CYLINDRICAL_SURFACE('',#2374,0.00899999999998163);
#120=CYLINDRICAL_SURFACE('',#2376,0.00899999999998163);
#121=CYLINDRICAL_SURFACE('',#2378,0.00899999999998163);
#122=CYLINDRICAL_SURFACE('',#2380,0.00899999999998163);
#123=CYLINDRICAL_SURFACE('',#2382,0.00899999999998163);
#124=CYLINDRICAL_SURFACE('',#2384,0.00899999999998163);
#125=CYLINDRICAL_SURFACE('',#2386,0.00899999999998163);
#126=CYLINDRICAL_SURFACE('',#2388,0.00899999999998163);
#127=CYLINDRICAL_SURFACE('',#2390,0.00899999999998163);
#128=CYLINDRICAL_SURFACE('',#2392,0.00899999999998163);
#129=CYLINDRICAL_SURFACE('',#2394,0.0005);
#130=CYLINDRICAL_SURFACE('',#2395,0.001);
#131=CYLINDRICAL_SURFACE('',#2396,0.0005);
#132=CYLINDRICAL_SURFACE('',#2397,0.00900000000001232);
#133=CYLINDRICAL_SURFACE('',#2399,0.00899999999998163);
#134=CYLINDRICAL_SURFACE('',#2443,0.00315);
#135=B_SPLINE_CURVE_WITH_KNOTS('',3,(#3021,#3022,#3023,#3024),
 .UNSPECIFIED.,.F.,.F.,(4,4),(6.38761173757696E-5,0.000298280287633679),
 .UNSPECIFIED.);
#136=B_SPLINE_CURVE_WITH_KNOTS('',3,(#3111,#3112,#3113,#3114,#3115),
 .UNSPECIFIED.,.F.,.F.,(4,1,4),(3.79809852722086E-7,0.00038123743251093,
0.000762095055169137),.UNSPECIFIED.);
#137=B_SPLINE_CURVE_WITH_KNOTS('',3,(#3117,#3118,#3119,#3120,#3121),
 .UNSPECIFIED.,.F.,.F.,(4,1,4),(3.9274543344062E-7,0.000671328138797218,
0.001342263532161),.UNSPECIFIED.);
#138=B_SPLINE_CURVE_WITH_KNOTS('',3,(#3122,#3123,#3124,#3125,#3126),
 .UNSPECIFIED.,.F.,.F.,(4,1,4),(0.00134217240043591,0.00201173232332071,
0.00268129224620551),.UNSPECIFIED.);
#139=B_SPLINE_CURVE_WITH_KNOTS('',3,(#3128,#3129,#3130,#3131,#3132),
 .UNSPECIFIED.,.F.,.F.,(4,1,4),(2.28716948098238E-7,0.000381994401964381,
0.000763760086980664),.UNSPECIFIED.);
#140=B_SPLINE_CURVE_WITH_KNOTS('',3,(#3134,#3135,#3136,#3137,#3138),
 .UNSPECIFIED.,.F.,.F.,(4,1,4),(2.98905588607091E-7,0.000671233234803757,
0.00134216756401891),.UNSPECIFIED.);
#141=B_SPLINE_CURVE_WITH_KNOTS('',3,(#3140,#3141,#3142,#3143,#3144),
 .UNSPECIFIED.,.F.,.F.,(4,1,4),(0.001342263532161,0.00201182423926695,0.0026813849463729),
 .UNSPECIFIED.);
#142=B_SPLINE_CURVE_WITH_KNOTS('',3,(#3146,#3147,#3148,#3149,#3150),
 .UNSPECIFIED.,.F.,.F.,(4,1,4),(2.0012471599262E-7,0.000381965741047317,
0.000763731357378641),.UNSPECIFIED.);
#143=B_SPLINE_CURVE_WITH_KNOTS('',3,(#3154,#3155,#3156,#3157,#3158),
 .UNSPECIFIED.,.F.,.F.,(4,1,4),(2.98999908640079E-7,0.00038115602924311,
0.000762013058577579),.UNSPECIFIED.);
#144=B_SPLINE_CURVE_WITH_KNOTS('',3,(#3163,#3164,#3165,#3166,#3167),
 .UNSPECIFIED.,.F.,.F.,(4,1,4),(3.03761951081384E-7,0.000381160889700827,
0.000762018017450573),.UNSPECIFIED.);
#145=B_SPLINE_CURVE_WITH_KNOTS('',3,(#3169,#3170,#3171,#3172,#3173),
 .UNSPECIFIED.,.F.,.F.,(4,1,4),(3.03634713848289E-7,0.000671238017574881,
0.00134217240043591),.UNSPECIFIED.);
#146=B_SPLINE_CURVE_WITH_KNOTS('',3,(#3174,#3175,#3176,#3177,#3178),
 .UNSPECIFIED.,.F.,.F.,(4,1,4),(0.00134214257658344,0.00201170256995653,
0.00268126256332962),.UNSPECIFIED.);
#147=B_SPLINE_CURVE_WITH_KNOTS('',3,(#3180,#3181,#3182,#3183,#3184),
 .UNSPECIFIED.,.F.,.F.,(4,1,4),(2.54068427778328E-7,0.000382019835521518,
0.000763785602615257),.UNSPECIFIED.);
#148=B_SPLINE_CURVE_WITH_KNOTS('',3,(#3189,#3190,#3191,#3192,#3193),
 .UNSPECIFIED.,.F.,.F.,(4,1,4),(2.74574767758516E-7,0.000381131445114249,
0.00076198831546074),.UNSPECIFIED.);
#149=B_SPLINE_CURVE_WITH_KNOTS('',3,(#3195,#3196,#3197,#3198,#3199),
 .UNSPECIFIED.,.F.,.F.,(4,1,4),(2.74472535386786E-7,0.000671208524559414,
0.00134214257658344),.UNSPECIFIED.);
#150=B_SPLINE_CURVE_WITH_KNOTS('',3,(#3200,#3201,#3202,#3203,#3204),
 .UNSPECIFIED.,.F.,.F.,(4,1,4),(0.00134214964975016,0.00201171069429318,
0.00268127173883619),.UNSPECIFIED.);
#151=B_SPLINE_CURVE_WITH_KNOTS('',3,(#3206,#3207,#3208,#3209,#3210),
 .UNSPECIFIED.,.F.,.F.,(4,1,4),(2.08327993256615E-7,0.000381973989298157,
0.000763739650603057),.UNSPECIFIED.);
#152=B_SPLINE_CURVE_WITH_KNOTS('',3,(#3215,#3216,#3217,#3218,#3219),
 .UNSPECIFIED.,.F.,.F.,(4,1,4),(2.81483556606208E-7,0.000381138387565299,
0.000761995291573993),.UNSPECIFIED.);
#153=B_SPLINE_CURVE_WITH_KNOTS('',3,(#3221,#3222,#3223,#3224,#3225),
 .UNSPECIFIED.,.F.,.F.,(4,1,4),(2.81388763954953E-7,0.000671215519257058,
0.00134214964975016),.UNSPECIFIED.);
#154=B_SPLINE_CURVE_WITH_KNOTS('',3,(#3226,#3227,#3228,#3229,#3230),
 .UNSPECIFIED.,.F.,.F.,(4,1,4),(0.00134115322826809,0.00201160110549741,
0.00268204898272672),.UNSPECIFIED.);
#155=B_SPLINE_CURVE_WITH_KNOTS('',3,(#3232,#3233,#3234,#3235,#3236),
 .UNSPECIFIED.,.F.,.F.,(4,1,4),(1.96651086084514E-7,0.000381962263353034,
0.000763727875619983),.UNSPECIFIED.);
#156=B_SPLINE_CURVE_WITH_KNOTS('',3,(#3241,#3242,#3243,#3244,#3245),
 .UNSPECIFIED.,.F.,.F.,(4,1,4),(3.29514547877969E-7,0.000381186767089677,
0.000762044019631475),.UNSPECIFIED.);
#157=B_SPLINE_CURVE_WITH_KNOTS('',3,(#3247,#3248,#3249,#3250,#3251),
 .UNSPECIFIED.,.F.,.F.,(4,1,4),(4.8779035192461E-7,0.000670820509310008,
0.00134115322826809),.UNSPECIFIED.);
#158=B_SPLINE_CURVE_WITH_KNOTS('',3,(#3252,#3253,#3254,#3255,#3256),
 .UNSPECIFIED.,.F.,.F.,(4,1,4),(0.00134220681234903,0.00201176699479777,
0.00268132717724652),.UNSPECIFIED.);
#159=B_SPLINE_CURVE_WITH_KNOTS('',3,(#3258,#3259,#3260,#3261,#3262),
 .UNSPECIFIED.,.F.,.F.,(4,1,4),(2.10225298109408E-7,0.000381975864554414,
0.000763741503810719),.UNSPECIFIED.);
#160=B_SPLINE_CURVE_WITH_KNOTS('',3,(#3267,#3268,#3269,#3270,#3271),
 .UNSPECIFIED.,.F.,.F.,(4,1,4),(3.37437769040828E-7,0.000381194795270232,
0.000762052152771423),.UNSPECIFIED.);
#161=B_SPLINE_CURVE_WITH_KNOTS('',3,(#3273,#3274,#3275,#3276,#3277),
 .UNSPECIFIED.,.F.,.F.,(4,1,4),(3.37283332216382E-7,0.000671272047840622,
0.00134220681234903),.UNSPECIFIED.);
#162=B_SPLINE_CURVE_WITH_KNOTS('',3,(#3278,#3279,#3280,#3281,#3282),
 .UNSPECIFIED.,.F.,.F.,(4,1,4),(0.00134215225615016,0.0020117121197404,
0.00268127198333063),.UNSPECIFIED.);
#163=B_SPLINE_CURVE_WITH_KNOTS('',3,(#3284,#3285,#3286,#3287,#3288),
 .UNSPECIFIED.,.F.,.F.,(4,1,4),(2.59413789704102E-7,0.000382025176603483,
0.000763790939417262),.UNSPECIFIED.);
#164=B_SPLINE_CURVE_WITH_KNOTS('',3,(#3293,#3294,#3295,#3296,#3297),
 .UNSPECIFIED.,.F.,.F.,(4,1,4),(2.84048830700453E-7,0.000381141005451784,
0.000761997962072867),.UNSPECIFIED.);
#165=B_SPLINE_CURVE_WITH_KNOTS('',3,(#3299,#3300,#3301,#3302,#3303),
 .UNSPECIFIED.,.F.,.F.,(4,1,4),(2.83937335549758E-7,0.000671218096742855,
0.00134215225615016),.UNSPECIFIED.);
#166=B_SPLINE_CURVE_WITH_KNOTS('',3,(#3304,#3305,#3306,#3307,#3308),
 .UNSPECIFIED.,.F.,.F.,(4,1,4),(0.00134214175159019,0.00201170210024741,
0.00268126244890464),.UNSPECIFIED.);
#167=B_SPLINE_CURVE_WITH_KNOTS('',3,(#3310,#3311,#3312,#3313,#3314),
 .UNSPECIFIED.,.F.,.F.,(4,1,4),(2.2545594702941E-7,0.00038199117957095,
0.00076375690319487),.UNSPECIFIED.);
#168=B_SPLINE_CURVE_WITH_KNOTS('',3,(#3319,#3320,#3321,#3322,#3323),
 .UNSPECIFIED.,.F.,.F.,(4,1,4),(2.737629459535E-7,0.000381130616697635,
0.000761987470449317),.UNSPECIFIED.);
#169=B_SPLINE_CURVE_WITH_KNOTS('',3,(#3325,#3326,#3327,#3328,#3329),
 .UNSPECIFIED.,.F.,.F.,(4,1,4),(2.73665847435575E-7,0.000671207708718812,
0.00134214175159019),.UNSPECIFIED.);
#170=B_SPLINE_CURVE_WITH_KNOTS('',3,(#3330,#3331,#3332,#3333,#3334),
 .UNSPECIFIED.,.F.,.F.,(4,1,4),(0.00134216756401891,0.00201172753969293,
0.00268128751536695),.UNSPECIFIED.);
#171=B_SPLINE_CURVE_WITH_KNOTS('',3,(#3336,#3337,#3338,#3339,#3340),
 .UNSPECIFIED.,.F.,.F.,(4,1,4),(1.99246996663874E-7,0.000381964873431867,
0.00076373049986707),.UNSPECIFIED.);
#172=B_SPLINE_CURVE_WITH_KNOTS('',3,(#3345,#3346,#3347,#3348,#3349),
 .UNSPECIFIED.,.F.,.F.,(4,1,4),(2.98999908640079E-7,0.00038115602924311,
0.00076201305857758),.UNSPECIFIED.);
#173=B_SPLINE_CURVE_WITH_KNOTS('',3,(#3351,#3352,#3353,#3354,#3355),
 .UNSPECIFIED.,.F.,.F.,(4,1,4),(2.98905588607091E-7,0.000671233234803757,
0.00134216756401891),.UNSPECIFIED.);
#174=B_SPLINE_CURVE_WITH_KNOTS('',3,(#3356,#3357,#3358,#3359,#3360),
 .UNSPECIFIED.,.F.,.F.,(4,1,4),(0.00134226353216099,0.00201182423926694,
0.00268138494637289),.UNSPECIFIED.);
#175=B_SPLINE_CURVE_WITH_KNOTS('',3,(#3362,#3363,#3364,#3365,#3366),
 .UNSPECIFIED.,.F.,.F.,(4,1,4),(2.0012471599262E-7,0.000381965741047317,
0.000763731357378641),.UNSPECIFIED.);
#176=B_SPLINE_CURVE_WITH_KNOTS('',3,(#3371,#3372,#3373,#3374,#3375),
 .UNSPECIFIED.,.F.,.F.,(4,1,4),(3.7980985272322E-7,0.000381237432510932,
0.000762095055169141),.UNSPECIFIED.);
#177=B_SPLINE_CURVE_WITH_KNOTS('',3,(#3377,#3378,#3379,#3380,#3381),
 .UNSPECIFIED.,.F.,.F.,(4,1,4),(3.9274543344062E-7,0.000671328138797218,
0.00134226353216099),.UNSPECIFIED.);
#178=B_SPLINE_CURVE_WITH_KNOTS('',3,(#3382,#3383,#3384,#3385,#3386),
 .UNSPECIFIED.,.F.,.F.,(4,1,4),(0.00134217240043591,0.00201173232332071,
0.0026812922462055),.UNSPECIFIED.);
#179=B_SPLINE_CURVE_WITH_KNOTS('',3,(#3388,#3389,#3390,#3391,#3392),
 .UNSPECIFIED.,.F.,.F.,(4,1,4),(2.28716948090628E-7,0.000381994401964377,
0.000763760086980663),.UNSPECIFIED.);
#180=B_SPLINE_CURVE_WITH_KNOTS('',3,(#3397,#3398,#3399,#3400,#3401),
 .UNSPECIFIED.,.F.,.F.,(4,1,4),(3.03761951082755E-7,0.000381160889700828,
0.000762018017450573),.UNSPECIFIED.);
#181=B_SPLINE_CURVE_WITH_KNOTS('',3,(#3403,#3404,#3405,#3406,#3407),
 .UNSPECIFIED.,.F.,.F.,(4,1,4),(3.03634713846456E-7,0.00067123801757488,
0.00134217240043591),.UNSPECIFIED.);
#182=B_SPLINE_CURVE_WITH_KNOTS('',3,(#3408,#3409,#3410,#3411,#3412),
 .UNSPECIFIED.,.F.,.F.,(4,1,4),(0.00134214257658344,0.00201170256995653,
0.00268126256332962),.UNSPECIFIED.);
#183=B_SPLINE_CURVE_WITH_KNOTS('',3,(#3414,#3415,#3416,#3417,#3418),
 .UNSPECIFIED.,.F.,.F.,(4,1,4),(2.54068427773202E-7,0.000382019835521511,
0.000763785602615249),.UNSPECIFIED.);
#184=B_SPLINE_CURVE_WITH_KNOTS('',3,(#3423,#3424,#3425,#3426,#3427),
 .UNSPECIFIED.,.F.,.F.,(4,1,4),(2.74574767758516E-7,0.000381131445114246,
0.000761988315460734),.UNSPECIFIED.);
#185=B_SPLINE_CURVE_WITH_KNOTS('',3,(#3429,#3430,#3431,#3432,#3433),
 .UNSPECIFIED.,.F.,.F.,(4,1,4),(2.7447253537943E-7,0.000671208524559408,
0.00134214257658344),.UNSPECIFIED.);
#186=B_SPLINE_CURVE_WITH_KNOTS('',3,(#3434,#3435,#3436,#3437,#3438),
 .UNSPECIFIED.,.F.,.F.,(4,1,4),(0.00134214964975017,0.00201171069429319,
0.00268127173883621),.UNSPECIFIED.);
#187=B_SPLINE_CURVE_WITH_KNOTS('',3,(#3440,#3441,#3442,#3443,#3444),
 .UNSPECIFIED.,.F.,.F.,(4,1,4),(2.08327993253977E-7,0.000381973989298151,
0.000763739650603048),.UNSPECIFIED.);
#188=B_SPLINE_CURVE_WITH_KNOTS('',3,(#3449,#3450,#3451,#3452,#3453),
 .UNSPECIFIED.,.F.,.F.,(4,1,4),(2.81483556606208E-7,0.000381138387565299,
0.000761995291573992),.UNSPECIFIED.);
#189=B_SPLINE_CURVE_WITH_KNOTS('',3,(#3455,#3456,#3457,#3458,#3459),
 .UNSPECIFIED.,.F.,.F.,(4,1,4),(2.81388763954953E-7,0.000671215519257065,
0.00134214964975017),.UNSPECIFIED.);
#190=B_SPLINE_CURVE_WITH_KNOTS('',3,(#3460,#3461,#3462,#3463,#3464),
 .UNSPECIFIED.,.F.,.F.,(4,1,4),(0.00134115322826809,0.00201160110549741,
0.00268204898272672),.UNSPECIFIED.);
#191=B_SPLINE_CURVE_WITH_KNOTS('',3,(#3466,#3467,#3468,#3469,#3470),
 .UNSPECIFIED.,.F.,.F.,(4,1,4),(1.96651086084514E-7,0.000381962263353034,
0.000763727875619983),.UNSPECIFIED.);
#192=B_SPLINE_CURVE_WITH_KNOTS('',3,(#3475,#3476,#3477,#3478,#3479),
 .UNSPECIFIED.,.F.,.F.,(4,1,4),(3.29514547877969E-7,0.000381186767089679,
0.00076204401963148),.UNSPECIFIED.);
#193=B_SPLINE_CURVE_WITH_KNOTS('',3,(#3481,#3482,#3483,#3484,#3485),
 .UNSPECIFIED.,.F.,.F.,(4,1,4),(4.8779035192461E-7,0.000670820509310008,
0.00134115322826809),.UNSPECIFIED.);
#194=B_SPLINE_CURVE_WITH_KNOTS('',3,(#3486,#3487,#3488,#3489,#3490),
 .UNSPECIFIED.,.F.,.F.,(4,1,4),(0.00134220681234903,0.00201176699479777,
0.00268132717724652),.UNSPECIFIED.);
#195=B_SPLINE_CURVE_WITH_KNOTS('',3,(#3492,#3493,#3494,#3495,#3496),
 .UNSPECIFIED.,.F.,.F.,(4,1,4),(2.10225298104364E-7,0.000381975864554409,
0.000763741503810713),.UNSPECIFIED.);
#196=B_SPLINE_CURVE_WITH_KNOTS('',3,(#3501,#3502,#3503,#3504,#3505),
 .UNSPECIFIED.,.F.,.F.,(4,1,4),(3.37437769038226E-7,0.000381194795270229,
0.00076205215277142),.UNSPECIFIED.);
#197=B_SPLINE_CURVE_WITH_KNOTS('',3,(#3507,#3508,#3509,#3510,#3511),
 .UNSPECIFIED.,.F.,.F.,(4,1,4),(3.37283332216382E-7,0.000671272047840622,
0.00134220681234903),.UNSPECIFIED.);
#198=B_SPLINE_CURVE_WITH_KNOTS('',3,(#3512,#3513,#3514,#3515,#3516),
 .UNSPECIFIED.,.F.,.F.,(4,1,4),(0.00134215225615015,0.00201171211974038,
0.00268127198333062),.UNSPECIFIED.);
#199=B_SPLINE_CURVE_WITH_KNOTS('',3,(#3518,#3519,#3520,#3521,#3522),
 .UNSPECIFIED.,.F.,.F.,(4,1,4),(2.59413789704102E-7,0.000382025176603484,
0.000763790939417263),.UNSPECIFIED.);
#200=B_SPLINE_CURVE_WITH_KNOTS('',3,(#3527,#3528,#3529,#3530,#3531),
 .UNSPECIFIED.,.F.,.F.,(4,1,4),(2.84048830700453E-7,0.000381141005451785,
0.00076199796207287),.UNSPECIFIED.);
#201=B_SPLINE_CURVE_WITH_KNOTS('',3,(#3533,#3534,#3535,#3536,#3537),
 .UNSPECIFIED.,.F.,.F.,(4,1,4),(2.83937335549758E-7,0.000671218096742851,
0.00134215225615015),.UNSPECIFIED.);
#202=B_SPLINE_CURVE_WITH_KNOTS('',3,(#3538,#3539,#3540,#3541,#3542),
 .UNSPECIFIED.,.F.,.F.,(4,1,4),(0.00134214175159019,0.00201170210024741,
0.00268126244890464),.UNSPECIFIED.);
#203=B_SPLINE_CURVE_WITH_KNOTS('',3,(#3544,#3545,#3546,#3547,#3548),
 .UNSPECIFIED.,.F.,.F.,(4,1,4),(2.25455947030617E-7,0.000381991179570951,
0.000763756903194871),.UNSPECIFIED.);
#204=B_SPLINE_CURVE_WITH_KNOTS('',3,(#3553,#3554,#3555,#3556,#3557),
 .UNSPECIFIED.,.F.,.F.,(4,1,4),(2.737629459535E-7,0.000381130616697635,
0.000761987470449317),.UNSPECIFIED.);
#205=B_SPLINE_CURVE_WITH_KNOTS('',3,(#3559,#3560,#3561,#3562,#3563),
 .UNSPECIFIED.,.F.,.F.,(4,1,4),(2.73665847435575E-7,0.000671207708718812,
0.00134214175159019),.UNSPECIFIED.);
#206=B_SPLINE_CURVE_WITH_KNOTS('',3,(#3564,#3565,#3566,#3567,#3568),
 .UNSPECIFIED.,.F.,.F.,(4,1,4),(0.00134216756401891,0.00201172753969293,
0.00268128751536695),.UNSPECIFIED.);
#207=B_SPLINE_CURVE_WITH_KNOTS('',3,(#3570,#3571,#3572,#3573,#3574),
 .UNSPECIFIED.,.F.,.F.,(4,1,4),(1.99246996663874E-7,0.000381964873431868,
0.000763730499867072),.UNSPECIFIED.);
#208=B_SPLINE_CURVE_WITH_KNOTS('',3,(#3580,#3581,#3582,#3583,#3584),
 .UNSPECIFIED.,.F.,.F.,(4,1,4),(2.00124715990375E-7,0.000381965741047304,
0.000763731357378618),.UNSPECIFIED.);
#209=B_SPLINE_CURVE_WITH_KNOTS('',3,(#3586,#3587,#3588,#3589,#3590),
 .UNSPECIFIED.,.F.,.F.,(4,1,4),(0.00134226353216098,0.00201182423926694,
0.0026813849463729),.UNSPECIFIED.);
#210=B_SPLINE_CURVE_WITH_KNOTS('',3,(#3592,#3593,#3594,#3595,#3596),
 .UNSPECIFIED.,.F.,.F.,(4,1,4),(3.92745433419416E-7,0.000671328138797201,
0.00134226353216098),.UNSPECIFIED.);
#211=B_SPLINE_CURVE_WITH_KNOTS('',3,(#3602,#3603,#3604,#3605,#3606),
 .UNSPECIFIED.,.F.,.F.,(4,1,4),(3.79809852732381E-7,0.00038123743251094,
0.000762095055169147),.UNSPECIFIED.);
#212=B_SPLINE_CURVE_WITH_KNOTS('',3,(#3612,#3613,#3614,#3615,#3616),
 .UNSPECIFIED.,.F.,.F.,(4,1,4),(2.28716948093046E-7,0.000381994401964383,
0.000763760086980673),.UNSPECIFIED.);
#213=B_SPLINE_CURVE_WITH_KNOTS('',3,(#3618,#3619,#3620,#3621,#3622),
 .UNSPECIFIED.,.F.,.F.,(4,1,4),(0.00134217240043591,0.00201173232332071,
0.00268129224620552),.UNSPECIFIED.);
#214=B_SPLINE_CURVE_WITH_KNOTS('',3,(#3624,#3625,#3626,#3627,#3628),
 .UNSPECIFIED.,.F.,.F.,(4,1,4),(3.03634713835937E-7,0.000671238017574872,
0.00134217240043591),.UNSPECIFIED.);
#215=B_SPLINE_CURVE_WITH_KNOTS('',3,(#3634,#3635,#3636,#3637,#3638),
 .UNSPECIFIED.,.F.,.F.,(4,1,4),(3.03761951081384E-7,0.000381160889700831,
0.00076201801745058),.UNSPECIFIED.);
#216=B_SPLINE_CURVE_WITH_KNOTS('',3,(#3644,#3645,#3646,#3647,#3648),
 .UNSPECIFIED.,.F.,.F.,(4,1,4),(2.54068427777144E-7,0.000382019835521505,
0.000763785602615234),.UNSPECIFIED.);
#217=B_SPLINE_CURVE_WITH_KNOTS('',3,(#3650,#3651,#3652,#3653,#3654),
 .UNSPECIFIED.,.F.,.F.,(4,1,4),(0.00134214257658343,0.00201170256995652,
0.00268126256332961),.UNSPECIFIED.);
#218=B_SPLINE_CURVE_WITH_KNOTS('',3,(#3656,#3657,#3658,#3659,#3660),
 .UNSPECIFIED.,.F.,.F.,(4,1,4),(2.74472535372075E-7,0.000671208524559399,
0.00134214257658343),.UNSPECIFIED.);
#219=B_SPLINE_CURVE_WITH_KNOTS('',3,(#3666,#3667,#3668,#3669,#3670),
 .UNSPECIFIED.,.F.,.F.,(4,1,4),(2.74574767773231E-7,0.00038113144511426,
0.000761988315460747),.UNSPECIFIED.);
#220=B_SPLINE_CURVE_WITH_KNOTS('',3,(#3676,#3677,#3678,#3679,#3680),
 .UNSPECIFIED.,.F.,.F.,(4,1,4),(2.08327993252604E-7,0.000381973989298146,
0.000763739650603039),.UNSPECIFIED.);
#221=B_SPLINE_CURVE_WITH_KNOTS('',3,(#3682,#3683,#3684,#3685,#3686),
 .UNSPECIFIED.,.F.,.F.,(4,1,4),(0.00134214964975016,0.00201171069429318,
0.0026812717388362),.UNSPECIFIED.);
#222=B_SPLINE_CURVE_WITH_KNOTS('',3,(#3688,#3689,#3690,#3691,#3692),
 .UNSPECIFIED.,.F.,.F.,(4,1,4),(2.81388763942516E-7,0.000671215519257054,
0.00134214964975016),.UNSPECIFIED.);
#223=B_SPLINE_CURVE_WITH_KNOTS('',3,(#3698,#3699,#3700,#3701,#3702),
 .UNSPECIFIED.,.F.,.F.,(4,1,4),(2.81483556619284E-7,0.000381138387565309,
0.000761995291573998),.UNSPECIFIED.);
#224=B_SPLINE_CURVE_WITH_KNOTS('',3,(#3708,#3709,#3710,#3711,#3712),
 .UNSPECIFIED.,.F.,.F.,(4,1,4),(1.96651086083887E-7,0.000381962263353041,
0.000763727875619998),.UNSPECIFIED.);
#225=B_SPLINE_CURVE_WITH_KNOTS('',3,(#3714,#3715,#3716,#3717,#3718),
 .UNSPECIFIED.,.F.,.F.,(4,1,4),(0.0013411532282681,0.00201160110549742,
0.00268204898272674),.UNSPECIFIED.);
#226=B_SPLINE_CURVE_WITH_KNOTS('',3,(#3720,#3721,#3722,#3723,#3724),
 .UNSPECIFIED.,.F.,.F.,(4,1,4),(4.87790351931728E-7,0.000670820509310015,
0.0013411532282681),.UNSPECIFIED.);
#227=B_SPLINE_CURVE_WITH_KNOTS('',3,(#3730,#3731,#3732,#3733,#3734),
 .UNSPECIFIED.,.F.,.F.,(4,1,4),(3.29514547890724E-7,0.000381186767089687,
0.000762044019631484),.UNSPECIFIED.);
#228=B_SPLINE_CURVE_WITH_KNOTS('',3,(#3740,#3741,#3742,#3743,#3744),
 .UNSPECIFIED.,.F.,.F.,(4,1,4),(2.10225298106209E-7,0.000381975864554405,
0.000763741503810704),.UNSPECIFIED.);
#229=B_SPLINE_CURVE_WITH_KNOTS('',3,(#3746,#3747,#3748,#3749,#3750),
 .UNSPECIFIED.,.F.,.F.,(4,1,4),(0.00134220681234902,0.00201176699479776,
0.00268132717724651),.UNSPECIFIED.);
#230=B_SPLINE_CURVE_WITH_KNOTS('',3,(#3752,#3753,#3754,#3755,#3756),
 .UNSPECIFIED.,.F.,.F.,(4,1,4),(3.37283332203945E-7,0.00067127204784061,
0.00134220681234902),.UNSPECIFIED.);
#231=B_SPLINE_CURVE_WITH_KNOTS('',3,(#3762,#3763,#3764,#3765,#3766),
 .UNSPECIFIED.,.F.,.F.,(4,1,4),(3.37437769038798E-7,0.000381194795270224,
0.00076205215277141),.UNSPECIFIED.);
#232=B_SPLINE_CURVE_WITH_KNOTS('',3,(#3772,#3773,#3774,#3775,#3776),
 .UNSPECIFIED.,.F.,.F.,(4,1,4),(2.59413789708962E-7,0.000382025176603483,
0.000763790939417257),.UNSPECIFIED.);
#233=B_SPLINE_CURVE_WITH_KNOTS('',3,(#3778,#3779,#3780,#3781,#3782),
 .UNSPECIFIED.,.F.,.F.,(4,1,4),(0.00134215225615015,0.00201171211974039,
0.00268127198333064),.UNSPECIFIED.);
#234=B_SPLINE_CURVE_WITH_KNOTS('',3,(#3784,#3785,#3786,#3787,#3788),
 .UNSPECIFIED.,.F.,.F.,(4,1,4),(2.83937335549106E-7,0.00067121809674285,
0.00134215225615015),.UNSPECIFIED.);
#235=B_SPLINE_CURVE_WITH_KNOTS('',3,(#3794,#3795,#3796,#3797,#3798),
 .UNSPECIFIED.,.F.,.F.,(4,1,4),(2.84048830699803E-7,0.000381141005451787,
0.000761997962072873),.UNSPECIFIED.);
#236=B_SPLINE_CURVE_WITH_KNOTS('',3,(#3804,#3805,#3806,#3807,#3808),
 .UNSPECIFIED.,.F.,.F.,(4,1,4),(2.25455947030873E-7,0.000381991179570945,
0.000763756903194859),.UNSPECIFIED.);
#237=B_SPLINE_CURVE_WITH_KNOTS('',3,(#3810,#3811,#3812,#3813,#3814),
 .UNSPECIFIED.,.F.,.F.,(4,1,4),(0.00134214175159021,0.00201170210024743,
0.00268126244890465),.UNSPECIFIED.);
#238=B_SPLINE_CURVE_WITH_KNOTS('',3,(#3816,#3817,#3818,#3819,#3820),
 .UNSPECIFIED.,.F.,.F.,(4,1,4),(2.73665847458047E-7,0.000671207708718833,
0.00134214175159021),.UNSPECIFIED.);
#239=B_SPLINE_CURVE_WITH_KNOTS('',3,(#3826,#3827,#3828,#3829,#3830),
 .UNSPECIFIED.,.F.,.F.,(4,1,4),(2.73762945939632E-7,0.000381130616697625,
0.000761987470449311),.UNSPECIFIED.);
#240=B_SPLINE_CURVE_WITH_KNOTS('',3,(#3836,#3837,#3838,#3839,#3840),
 .UNSPECIFIED.,.F.,.F.,(4,1,4),(1.99246996667532E-7,0.000381964873431875,
0.000763730499867083),.UNSPECIFIED.);
#241=B_SPLINE_CURVE_WITH_KNOTS('',3,(#3842,#3843,#3844,#3845,#3846),
 .UNSPECIFIED.,.F.,.F.,(4,1,4),(0.00134216756401891,0.00201172753969294,
0.00268128751536696),.UNSPECIFIED.);
#242=B_SPLINE_CURVE_WITH_KNOTS('',3,(#3848,#3849,#3850,#3851,#3852),
 .UNSPECIFIED.,.F.,.F.,(4,1,4),(2.98905588614628E-7,0.000671233234803764,
0.00134216756401891),.UNSPECIFIED.);
#243=B_SPLINE_CURVE_WITH_KNOTS('',3,(#3858,#3859,#3860,#3861,#3862),
 .UNSPECIFIED.,.F.,.F.,(4,1,4),(2.98999908647406E-7,0.000381156029243117,
0.000762013058577587),.UNSPECIFIED.);
#244=B_SPLINE_CURVE_WITH_KNOTS('',3,(#3868,#3869,#3870,#3871,#3872),
 .UNSPECIFIED.,.F.,.F.,(4,1,4),(2.00124715990375E-7,0.000381965741047304,
0.000763731357378618),.UNSPECIFIED.);
#245=B_SPLINE_CURVE_WITH_KNOTS('',3,(#3874,#3875,#3876,#3877,#3878),
 .UNSPECIFIED.,.F.,.F.,(4,1,4),(0.00134226353216098,0.00201182423926694,
0.0026813849463729),.UNSPECIFIED.);
#246=B_SPLINE_CURVE_WITH_KNOTS('',3,(#3880,#3881,#3882,#3883,#3884),
 .UNSPECIFIED.,.F.,.F.,(4,1,4),(3.92745433419416E-7,0.000671328138797201,
0.00134226353216098),.UNSPECIFIED.);
#247=B_SPLINE_CURVE_WITH_KNOTS('',3,(#3890,#3891,#3892,#3893,#3894),
 .UNSPECIFIED.,.F.,.F.,(4,1,4),(3.7980985273326E-7,0.00038123743251094,
0.000762095055169148),.UNSPECIFIED.);
#248=B_SPLINE_CURVE_WITH_KNOTS('',3,(#3900,#3901,#3902,#3903,#3904),
 .UNSPECIFIED.,.F.,.F.,(4,1,4),(2.28716948093046E-7,0.000381994401964383,
0.000763760086980673),.UNSPECIFIED.);
#249=B_SPLINE_CURVE_WITH_KNOTS('',3,(#3906,#3907,#3908,#3909,#3910),
 .UNSPECIFIED.,.F.,.F.,(4,1,4),(0.0013421724004359,0.0020117323233207,0.00268129224620549),
 .UNSPECIFIED.);
#250=B_SPLINE_CURVE_WITH_KNOTS('',3,(#3912,#3913,#3914,#3915,#3916),
 .UNSPECIFIED.,.F.,.F.,(4,1,4),(3.03634713835937E-7,0.000671238017574869,
0.0013421724004359),.UNSPECIFIED.);
#251=B_SPLINE_CURVE_WITH_KNOTS('',3,(#3922,#3923,#3924,#3925,#3926),
 .UNSPECIFIED.,.F.,.F.,(4,1,4),(3.03761951081384E-7,0.000381160889700831,
0.00076201801745058),.UNSPECIFIED.);
#252=B_SPLINE_CURVE_WITH_KNOTS('',3,(#3932,#3933,#3934,#3935,#3936),
 .UNSPECIFIED.,.F.,.F.,(4,1,4),(2.54068427777144E-7,0.000382019835521504,
0.000763785602615231),.UNSPECIFIED.);
#253=B_SPLINE_CURVE_WITH_KNOTS('',3,(#3938,#3939,#3940,#3941,#3942),
 .UNSPECIFIED.,.F.,.F.,(4,1,4),(0.00134214257658342,0.00201170256995651,
0.00268126256332959),.UNSPECIFIED.);
#254=B_SPLINE_CURVE_WITH_KNOTS('',3,(#3944,#3945,#3946,#3947,#3948),
 .UNSPECIFIED.,.F.,.F.,(4,1,4),(2.74472535372075E-7,0.000671208524559397,
0.00134214257658342),.UNSPECIFIED.);
#255=B_SPLINE_CURVE_WITH_KNOTS('',3,(#3954,#3955,#3956,#3957,#3958),
 .UNSPECIFIED.,.F.,.F.,(4,1,4),(2.74574767779473E-7,0.000381131445114262,
0.000761988315460745),.UNSPECIFIED.);
#256=B_SPLINE_CURVE_WITH_KNOTS('',3,(#3964,#3965,#3966,#3967,#3968),
 .UNSPECIFIED.,.F.,.F.,(4,1,4),(2.08327993257587E-7,0.000381973989298148,
0.000763739650603038),.UNSPECIFIED.);
#257=B_SPLINE_CURVE_WITH_KNOTS('',3,(#3970,#3971,#3972,#3973,#3974),
 .UNSPECIFIED.,.F.,.F.,(4,1,4),(0.00134214964975015,0.00201171069429317,
0.0026812717388362),.UNSPECIFIED.);
#258=B_SPLINE_CURVE_WITH_KNOTS('',3,(#3976,#3977,#3978,#3979,#3980),
 .UNSPECIFIED.,.F.,.F.,(4,1,4),(2.81388763942516E-7,0.000671215519257048,
0.00134214964975015),.UNSPECIFIED.);
#259=B_SPLINE_CURVE_WITH_KNOTS('',3,(#3986,#3987,#3988,#3989,#3990),
 .UNSPECIFIED.,.F.,.F.,(4,1,4),(2.81483556619284E-7,0.000381138387565309,
0.000761995291573998),.UNSPECIFIED.);
#260=B_SPLINE_CURVE_WITH_KNOTS('',3,(#3996,#3997,#3998,#3999,#4000),
 .UNSPECIFIED.,.F.,.F.,(4,1,4),(1.96651086084259E-7,0.000381962263353041,
0.000763727875619998),.UNSPECIFIED.);
#261=B_SPLINE_CURVE_WITH_KNOTS('',3,(#4002,#4003,#4004,#4005,#4006),
 .UNSPECIFIED.,.F.,.F.,(4,1,4),(0.0013411532282681,0.00201160110549742,
0.00268204898272674),.UNSPECIFIED.);
#262=B_SPLINE_CURVE_WITH_KNOTS('',3,(#4008,#4009,#4010,#4011,#4012),
 .UNSPECIFIED.,.F.,.F.,(4,1,4),(4.87790351937244E-7,0.000670820509310018,
0.0013411532282681),.UNSPECIFIED.);
#263=B_SPLINE_CURVE_WITH_KNOTS('',3,(#4018,#4019,#4020,#4021,#4022),
 .UNSPECIFIED.,.F.,.F.,(4,1,4),(3.29514547890724E-7,0.000381186767089688,
0.000762044019631486),.UNSPECIFIED.);
#264=B_SPLINE_CURVE_WITH_KNOTS('',3,(#4028,#4029,#4030,#4031,#4032),
 .UNSPECIFIED.,.F.,.F.,(4,1,4),(2.10225298102363E-7,0.000381975864554401,
0.0007637415038107),.UNSPECIFIED.);
#265=B_SPLINE_CURVE_WITH_KNOTS('',3,(#4034,#4035,#4036,#4037,#4038),
 .UNSPECIFIED.,.F.,.F.,(4,1,4),(0.00134220681234902,0.00201176699479777,
0.00268132717724651),.UNSPECIFIED.);
#266=B_SPLINE_CURVE_WITH_KNOTS('',3,(#4040,#4041,#4042,#4043,#4044),
 .UNSPECIFIED.,.F.,.F.,(4,1,4),(3.37283332203945E-7,0.000671272047840611,
0.00134220681234902),.UNSPECIFIED.);
#267=B_SPLINE_CURVE_WITH_KNOTS('',3,(#4050,#4051,#4052,#4053,#4054),
 .UNSPECIFIED.,.F.,.F.,(4,1,4),(3.3743776903044E-7,0.000381194795270216,
0.000762052152771401),.UNSPECIFIED.);
#268=B_SPLINE_CURVE_WITH_KNOTS('',3,(#4060,#4061,#4062,#4063,#4064),
 .UNSPECIFIED.,.F.,.F.,(4,1,4),(2.59413789708962E-7,0.000382025176603485,
0.000763790939417261),.UNSPECIFIED.);
#269=B_SPLINE_CURVE_WITH_KNOTS('',3,(#4066,#4067,#4068,#4069,#4070),
 .UNSPECIFIED.,.F.,.F.,(4,1,4),(0.00134215225615015,0.00201171211974039,
0.00268127198333063),.UNSPECIFIED.);
#270=B_SPLINE_CURVE_WITH_KNOTS('',3,(#4072,#4073,#4074,#4075,#4076),
 .UNSPECIFIED.,.F.,.F.,(4,1,4),(2.83937335549106E-7,0.000671218096742847,
0.00134215225615015),.UNSPECIFIED.);
#271=B_SPLINE_CURVE_WITH_KNOTS('',3,(#4082,#4083,#4084,#4085,#4086),
 .UNSPECIFIED.,.F.,.F.,(4,1,4),(2.84048830699154E-7,0.000381141005451783,
0.000761997962072867),.UNSPECIFIED.);
#272=B_SPLINE_CURVE_WITH_KNOTS('',3,(#4092,#4093,#4094,#4095,#4096),
 .UNSPECIFIED.,.F.,.F.,(4,1,4),(2.25455947031806E-7,0.000381991179570946,
0.00076375690319486),.UNSPECIFIED.);
#273=B_SPLINE_CURVE_WITH_KNOTS('',3,(#4098,#4099,#4100,#4101,#4102),
 .UNSPECIFIED.,.F.,.F.,(4,1,4),(0.0013421417515902,0.00201170210024742,
0.00268126244890464),.UNSPECIFIED.);
#274=B_SPLINE_CURVE_WITH_KNOTS('',3,(#4104,#4105,#4106,#4107,#4108),
 .UNSPECIFIED.,.F.,.F.,(4,1,4),(2.73665847450711E-7,0.000671207708718826,
0.0013421417515902),.UNSPECIFIED.);
#275=B_SPLINE_CURVE_WITH_KNOTS('',3,(#4114,#4115,#4116,#4117,#4118),
 .UNSPECIFIED.,.F.,.F.,(4,1,4),(2.73762945939632E-7,0.000381130616697626,
0.000761987470449312),.UNSPECIFIED.);
#276=B_SPLINE_CURVE_WITH_KNOTS('',3,(#4156,#4157,#4158,#4159,#4160),
 .UNSPECIFIED.,.F.,.F.,(4,1,4),(1.99246996667317E-7,0.000381964873431875,
0.000763730499867082),.UNSPECIFIED.);
#277=B_SPLINE_CURVE_WITH_KNOTS('',3,(#4162,#4163,#4164,#4165,#4166),
 .UNSPECIFIED.,.F.,.F.,(4,1,4),(0.00134216756401891,0.00201172753969294,
0.00268128751536696),.UNSPECIFIED.);
#278=B_SPLINE_CURVE_WITH_KNOTS('',3,(#4168,#4169,#4170,#4171,#4172),
 .UNSPECIFIED.,.F.,.F.,(4,1,4),(2.98905588614722E-7,0.000671233234803764,
0.00134216756401891),.UNSPECIFIED.);
#279=B_SPLINE_CURVE_WITH_KNOTS('',3,(#4178,#4179,#4180,#4181,#4182),
 .UNSPECIFIED.,.F.,.F.,(4,1,4),(2.98999908647312E-7,0.000381156029243117,
0.000762013058577587),.UNSPECIFIED.);
#280=B_SPLINE_CURVE_WITH_KNOTS('',3,(#4225,#4226,#4227,#4228),
 .UNSPECIFIED.,.F.,.F.,(4,4),(0.,0.000303475129664063),.UNSPECIFIED.);
#281=B_SPLINE_CURVE_WITH_KNOTS('',3,(#4229,#4230,#4231,#4232),
 .UNSPECIFIED.,.F.,.F.,(4,4),(0.,0.000608064618890761),.UNSPECIFIED.);
#282=B_SPLINE_CURVE_WITH_KNOTS('',3,(#4234,#4235,#4236,#4237),
 .UNSPECIFIED.,.F.,.F.,(4,4),(0.,0.000234404170257906),.UNSPECIFIED.);
#283=B_SPLINE_CURVE_WITH_KNOTS('',3,(#4243,#4244,#4245,#4246),
 .UNSPECIFIED.,.F.,.F.,(4,4),(0.,0.000608004801333949),.UNSPECIFIED.);
#284=B_SPLINE_CURVE_WITH_KNOTS('',3,(#4248,#4249,#4250,#4251),
 .UNSPECIFIED.,.F.,.F.,(4,4),(0.,0.000303475129664068),.UNSPECIFIED.);
#285=B_SPLINE_CURVE_WITH_KNOTS('',3,(#4269,#4270,#4271,#4272),
 .UNSPECIFIED.,.F.,.F.,(4,4),(0.,9.74897563941074E-5),.UNSPECIFIED.);
#286=B_SPLINE_CURVE_WITH_KNOTS('',3,(#4273,#4274,#4275,#4276),
 .UNSPECIFIED.,.F.,.F.,(4,4),(0.,9.74897563941074E-5),.UNSPECIFIED.);
#287=B_SPLINE_CURVE_WITH_KNOTS('',3,(#4283,#4284,#4285,#4286),
 .UNSPECIFIED.,.F.,.F.,(4,4),(1.94751332412692E-14,0.000389700299651486),
 .UNSPECIFIED.);
#288=B_SPLINE_CURVE_WITH_KNOTS('',3,(#4291,#4292,#4293,#4294),
 .UNSPECIFIED.,.F.,.F.,(4,4),(0.,0.000387827843434446),.UNSPECIFIED.);
#289=LINE('',#3016,#383);
#290=LINE('',#3019,#384);
#291=LINE('',#3026,#385);
#292=LINE('',#3067,#386);
#293=LINE('',#3069,#387);
#294=LINE('',#3071,#388);
#295=LINE('',#3073,#389);
#296=LINE('',#3075,#390);
#297=LINE('',#3077,#391);
#298=LINE('',#3079,#392);
#299=LINE('',#3081,#393);
#300=LINE('',#3087,#394);
#301=LINE('',#3104,#395);
#302=LINE('',#3576,#396);
#303=LINE('',#3578,#397);
#304=LINE('',#3598,#398);
#305=LINE('',#3600,#399);
#306=LINE('',#3608,#400);
#307=LINE('',#3610,#401);
#308=LINE('',#3630,#402);
#309=LINE('',#3632,#403);
#310=LINE('',#3640,#404);
#311=LINE('',#3642,#405);
#312=LINE('',#3662,#406);
#313=LINE('',#3664,#407);
#314=LINE('',#3672,#408);
#315=LINE('',#3674,#409);
#316=LINE('',#3694,#410);
#317=LINE('',#3696,#411);
#318=LINE('',#3704,#412);
#319=LINE('',#3706,#413);
#320=LINE('',#3726,#414);
#321=LINE('',#3728,#415);
#322=LINE('',#3736,#416);
#323=LINE('',#3738,#417);
#324=LINE('',#3758,#418);
#325=LINE('',#3760,#419);
#326=LINE('',#3768,#420);
#327=LINE('',#3770,#421);
#328=LINE('',#3790,#422);
#329=LINE('',#3792,#423);
#330=LINE('',#3800,#424);
#331=LINE('',#3802,#425);
#332=LINE('',#3822,#426);
#333=LINE('',#3824,#427);
#334=LINE('',#3832,#428);
#335=LINE('',#3834,#429);
#336=LINE('',#3854,#430);
#337=LINE('',#3856,#431);
#338=LINE('',#3864,#432);
#339=LINE('',#3866,#433);
#340=LINE('',#3886,#434);
#341=LINE('',#3888,#435);
#342=LINE('',#3896,#436);
#343=LINE('',#3898,#437);
#344=LINE('',#3918,#438);
#345=LINE('',#3920,#439);
#346=LINE('',#3928,#440);
#347=LINE('',#3930,#441);
#348=LINE('',#3950,#442);
#349=LINE('',#3952,#443);
#350=LINE('',#3960,#444);
#351=LINE('',#3962,#445);
#352=LINE('',#3982,#446);
#353=LINE('',#3984,#447);
#354=LINE('',#3992,#448);
#355=LINE('',#3994,#449);
#356=LINE('',#4014,#450);
#357=LINE('',#4016,#451);
#358=LINE('',#4024,#452);
#359=LINE('',#4026,#453);
#360=LINE('',#4046,#454);
#361=LINE('',#4048,#455);
#362=LINE('',#4056,#456);
#363=LINE('',#4058,#457);
#364=LINE('',#4078,#458);
#365=LINE('',#4080,#459);
#366=LINE('',#4088,#460);
#367=LINE('',#4090,#461);
#368=LINE('',#4110,#462);
#369=LINE('',#4112,#463);
#370=LINE('',#4152,#464);
#371=LINE('',#4154,#465);
#372=LINE('',#4174,#466);
#373=LINE('',#4176,#467);
#374=LINE('',#4240,#468);
#375=LINE('',#4241,#469);
#376=LINE('',#4257,#470);
#377=LINE('',#4261,#471);
#378=LINE('',#4267,#472);
#379=LINE('',#4278,#473);
#380=LINE('',#4279,#474);
#381=LINE('',#4287,#475);
#382=LINE('',#4289,#476);
#383=VECTOR('',#2473,1.);
#384=VECTOR('',#2474,1.);
#385=VECTOR('',#2475,1.);
#386=VECTOR('',#2518,1.);
#387=VECTOR('',#2519,1.);
#388=VECTOR('',#2520,1.);
#389=VECTOR('',#2521,1.);
#390=VECTOR('',#2522,1.);
#391=VECTOR('',#2523,1.);
#392=VECTOR('',#2524,1.);
#393=VECTOR('',#2527,1.);
#394=VECTOR('',#2534,1.);
#395=VECTOR('',#2555,1.);
#396=VECTOR('',#2632,1.);
#397=VECTOR('',#2633,1.);
#398=VECTOR('',#2636,1.);
#399=VECTOR('',#2639,1.);
#400=VECTOR('',#2642,1.);
#401=VECTOR('',#2643,1.);
#402=VECTOR('',#2646,1.);
#403=VECTOR('',#2649,1.);
#404=VECTOR('',#2652,1.);
#405=VECTOR('',#2653,1.);
#406=VECTOR('',#2656,1.);
#407=VECTOR('',#2659,1.);
#408=VECTOR('',#2662,1.);
#409=VECTOR('',#2663,1.);
#410=VECTOR('',#2666,1.);
#411=VECTOR('',#2669,1.);
#412=VECTOR('',#2672,1.);
#413=VECTOR('',#2673,1.);
#414=VECTOR('',#2676,1.);
#415=VECTOR('',#2679,1.);
#416=VECTOR('',#2682,1.);
#417=VECTOR('',#2683,1.);
#418=VECTOR('',#2686,1.);
#419=VECTOR('',#2689,1.);
#420=VECTOR('',#2692,1.);
#421=VECTOR('',#2693,1.);
#422=VECTOR('',#2696,1.);
#423=VECTOR('',#2699,1.);
#424=VECTOR('',#2702,1.);
#425=VECTOR('',#2703,1.);
#426=VECTOR('',#2706,1.);
#427=VECTOR('',#2709,1.);
#428=VECTOR('',#2712,1.);
#429=VECTOR('',#2713,1.);
#430=VECTOR('',#2716,1.);
#431=VECTOR('',#2719,1.);
#432=VECTOR('',#2722,1.);
#433=VECTOR('',#2723,1.);
#434=VECTOR('',#2726,1.);
#435=VECTOR('',#2729,1.);
#436=VECTOR('',#2732,1.);
#437=VECTOR('',#2733,1.);
#438=VECTOR('',#2736,1.);
#439=VECTOR('',#2739,1.);
#440=VECTOR('',#2742,1.);
#441=VECTOR('',#2743,1.);
#442=VECTOR('',#2746,1.);
#443=VECTOR('',#2749,1.);
#444=VECTOR('',#2752,1.);
#445=VECTOR('',#2753,1.);
#446=VECTOR('',#2756,1.);
#447=VECTOR('',#2759,1.);
#448=VECTOR('',#2762,1.);
#449=VECTOR('',#2763,1.);
#450=VECTOR('',#2766,1.);
#451=VECTOR('',#2769,1.);
#452=VECTOR('',#2772,1.);
#453=VECTOR('',#2773,1.);
#454=VECTOR('',#2776,1.);
#455=VECTOR('',#2779,1.);
#456=VECTOR('',#2782,1.);
#457=VECTOR('',#2783,1.);
#458=VECTOR('',#2786,1.);
#459=VECTOR('',#2789,1.);
#460=VECTOR('',#2792,1.);
#461=VECTOR('',#2793,1.);
#462=VECTOR('',#2796,1.);
#463=VECTOR('',#2799,1.);
#464=VECTOR('',#2866,1.);
#465=VECTOR('',#2867,1.);
#466=VECTOR('',#2870,1.);
#467=VECTOR('',#2873,1.);
#468=VECTOR('',#2960,1.);
#469=VECTOR('',#2961,1.);
#470=VECTOR('',#2972,1.);
#471=VECTOR('',#2975,1.);
#472=VECTOR('',#2982,1.);
#473=VECTOR('',#2987,1.);
#474=VECTOR('',#2988,1.);
#475=VECTOR('',#2995,1.);
#476=VECTOR('',#2998,1.);
#477=ORIENTED_EDGE('',*,*,#1157,.T.);
#478=ORIENTED_EDGE('',*,*,#1158,.T.);
#479=ORIENTED_EDGE('',*,*,#1159,.T.);
#480=ORIENTED_EDGE('',*,*,#1160,.T.);
#481=ORIENTED_EDGE('',*,*,#1161,.T.);
#482=ORIENTED_EDGE('',*,*,#1162,.F.);
#483=ORIENTED_EDGE('',*,*,#1163,.T.);
#484=ORIENTED_EDGE('',*,*,#1164,.T.);
#485=ORIENTED_EDGE('',*,*,#1165,.T.);
#486=ORIENTED_EDGE('',*,*,#1166,.T.);
#487=ORIENTED_EDGE('',*,*,#1167,.F.);
#488=ORIENTED_EDGE('',*,*,#1168,.F.);
#489=ORIENTED_EDGE('',*,*,#1169,.F.);
#490=ORIENTED_EDGE('',*,*,#1170,.F.);
#491=ORIENTED_EDGE('',*,*,#1171,.F.);
#492=ORIENTED_EDGE('',*,*,#1172,.F.);
#493=ORIENTED_EDGE('',*,*,#1173,.F.);
#494=ORIENTED_EDGE('',*,*,#1174,.F.);
#495=ORIENTED_EDGE('',*,*,#1175,.F.);
#496=ORIENTED_EDGE('',*,*,#1176,.F.);
#497=ORIENTED_EDGE('',*,*,#1177,.F.);
#498=ORIENTED_EDGE('',*,*,#1178,.F.);
#499=ORIENTED_EDGE('',*,*,#1179,.F.);
#500=ORIENTED_EDGE('',*,*,#1180,.F.);
#501=ORIENTED_EDGE('',*,*,#1181,.F.);
#502=ORIENTED_EDGE('',*,*,#1182,.F.);
#503=ORIENTED_EDGE('',*,*,#1183,.F.);
#504=ORIENTED_EDGE('',*,*,#1184,.F.);
#505=ORIENTED_EDGE('',*,*,#1185,.F.);
#506=ORIENTED_EDGE('',*,*,#1186,.T.);
#507=ORIENTED_EDGE('',*,*,#1187,.T.);
#508=ORIENTED_EDGE('',*,*,#1188,.T.);
#509=ORIENTED_EDGE('',*,*,#1189,.T.);
#510=ORIENTED_EDGE('',*,*,#1190,.T.);
#511=ORIENTED_EDGE('',*,*,#1191,.T.);
#512=ORIENTED_EDGE('',*,*,#1162,.T.);
#513=ORIENTED_EDGE('',*,*,#1192,.F.);
#514=ORIENTED_EDGE('',*,*,#1193,.T.);
#515=ORIENTED_EDGE('',*,*,#1185,.T.);
#516=ORIENTED_EDGE('',*,*,#1194,.T.);
#517=ORIENTED_EDGE('',*,*,#1195,.F.);
#518=ORIENTED_EDGE('',*,*,#1196,.T.);
#519=ORIENTED_EDGE('',*,*,#1192,.T.);
#520=ORIENTED_EDGE('',*,*,#1197,.T.);
#521=ORIENTED_EDGE('',*,*,#1187,.F.);
#522=ORIENTED_EDGE('',*,*,#1198,.T.);
#523=ORIENTED_EDGE('',*,*,#1195,.T.);
#524=ORIENTED_EDGE('',*,*,#1199,.T.);
#525=ORIENTED_EDGE('',*,*,#1200,.T.);
#526=ORIENTED_EDGE('',*,*,#1166,.F.);
#527=ORIENTED_EDGE('',*,*,#1201,.T.);
#528=ORIENTED_EDGE('',*,*,#1202,.T.);
#529=ORIENTED_EDGE('',*,*,#1203,.T.);
#530=ORIENTED_EDGE('',*,*,#1204,.T.);
#531=ORIENTED_EDGE('',*,*,#1205,.F.);
#532=ORIENTED_EDGE('',*,*,#1206,.F.);
#533=ORIENTED_EDGE('',*,*,#1207,.T.);
#534=ORIENTED_EDGE('',*,*,#1180,.T.);
#535=ORIENTED_EDGE('',*,*,#1208,.T.);
#536=ORIENTED_EDGE('',*,*,#1209,.F.);
#537=ORIENTED_EDGE('',*,*,#1210,.T.);
#538=ORIENTED_EDGE('',*,*,#1181,.T.);
#539=ORIENTED_EDGE('',*,*,#1211,.T.);
#540=ORIENTED_EDGE('',*,*,#1212,.F.);
#541=ORIENTED_EDGE('',*,*,#1213,.F.);
#542=ORIENTED_EDGE('',*,*,#1214,.F.);
#543=ORIENTED_EDGE('',*,*,#1215,.F.);
#544=ORIENTED_EDGE('',*,*,#1216,.F.);
#545=ORIENTED_EDGE('',*,*,#1217,.T.);
#546=ORIENTED_EDGE('',*,*,#1179,.T.);
#547=ORIENTED_EDGE('',*,*,#1218,.T.);
#548=ORIENTED_EDGE('',*,*,#1219,.F.);
#549=ORIENTED_EDGE('',*,*,#1220,.F.);
#550=ORIENTED_EDGE('',*,*,#1221,.F.);
#551=ORIENTED_EDGE('',*,*,#1222,.T.);
#552=ORIENTED_EDGE('',*,*,#1178,.T.);
#553=ORIENTED_EDGE('',*,*,#1223,.T.);
#554=ORIENTED_EDGE('',*,*,#1224,.F.);
#555=ORIENTED_EDGE('',*,*,#1225,.F.);
#556=ORIENTED_EDGE('',*,*,#1226,.F.);
#557=ORIENTED_EDGE('',*,*,#1227,.T.);
#558=ORIENTED_EDGE('',*,*,#1177,.T.);
#559=ORIENTED_EDGE('',*,*,#1228,.T.);
#560=ORIENTED_EDGE('',*,*,#1229,.F.);
#561=ORIENTED_EDGE('',*,*,#1230,.F.);
#562=ORIENTED_EDGE('',*,*,#1231,.F.);
#563=ORIENTED_EDGE('',*,*,#1232,.T.);
#564=ORIENTED_EDGE('',*,*,#1176,.T.);
#565=ORIENTED_EDGE('',*,*,#1233,.T.);
#566=ORIENTED_EDGE('',*,*,#1234,.F.);
#567=ORIENTED_EDGE('',*,*,#1235,.F.);
#568=ORIENTED_EDGE('',*,*,#1236,.F.);
#569=ORIENTED_EDGE('',*,*,#1237,.T.);
#570=ORIENTED_EDGE('',*,*,#1175,.T.);
#571=ORIENTED_EDGE('',*,*,#1238,.T.);
#572=ORIENTED_EDGE('',*,*,#1239,.F.);
#573=ORIENTED_EDGE('',*,*,#1240,.F.);
#574=ORIENTED_EDGE('',*,*,#1241,.F.);
#575=ORIENTED_EDGE('',*,*,#1242,.T.);
#576=ORIENTED_EDGE('',*,*,#1174,.T.);
#577=ORIENTED_EDGE('',*,*,#1243,.T.);
#578=ORIENTED_EDGE('',*,*,#1244,.F.);
#579=ORIENTED_EDGE('',*,*,#1245,.F.);
#580=ORIENTED_EDGE('',*,*,#1246,.F.);
#581=ORIENTED_EDGE('',*,*,#1247,.T.);
#582=ORIENTED_EDGE('',*,*,#1173,.T.);
#583=ORIENTED_EDGE('',*,*,#1248,.T.);
#584=ORIENTED_EDGE('',*,*,#1249,.F.);
#585=ORIENTED_EDGE('',*,*,#1250,.F.);
#586=ORIENTED_EDGE('',*,*,#1251,.F.);
#587=ORIENTED_EDGE('',*,*,#1252,.T.);
#588=ORIENTED_EDGE('',*,*,#1172,.T.);
#589=ORIENTED_EDGE('',*,*,#1253,.T.);
#590=ORIENTED_EDGE('',*,*,#1254,.F.);
#591=ORIENTED_EDGE('',*,*,#1255,.F.);
#592=ORIENTED_EDGE('',*,*,#1256,.F.);
#593=ORIENTED_EDGE('',*,*,#1257,.T.);
#594=ORIENTED_EDGE('',*,*,#1171,.T.);
#595=ORIENTED_EDGE('',*,*,#1258,.T.);
#596=ORIENTED_EDGE('',*,*,#1259,.F.);
#597=ORIENTED_EDGE('',*,*,#1260,.F.);
#598=ORIENTED_EDGE('',*,*,#1261,.F.);
#599=ORIENTED_EDGE('',*,*,#1262,.T.);
#600=ORIENTED_EDGE('',*,*,#1170,.T.);
#601=ORIENTED_EDGE('',*,*,#1263,.T.);
#602=ORIENTED_EDGE('',*,*,#1264,.F.);
#603=ORIENTED_EDGE('',*,*,#1265,.F.);
#604=ORIENTED_EDGE('',*,*,#1266,.F.);
#605=ORIENTED_EDGE('',*,*,#1267,.T.);
#606=ORIENTED_EDGE('',*,*,#1169,.T.);
#607=ORIENTED_EDGE('',*,*,#1268,.T.);
#608=ORIENTED_EDGE('',*,*,#1269,.F.);
#609=ORIENTED_EDGE('',*,*,#1270,.F.);
#610=ORIENTED_EDGE('',*,*,#1271,.F.);
#611=ORIENTED_EDGE('',*,*,#1272,.T.);
#612=ORIENTED_EDGE('',*,*,#1168,.T.);
#613=ORIENTED_EDGE('',*,*,#1273,.T.);
#614=ORIENTED_EDGE('',*,*,#1274,.F.);
#615=ORIENTED_EDGE('',*,*,#1275,.F.);
#616=ORIENTED_EDGE('',*,*,#1276,.F.);
#617=ORIENTED_EDGE('',*,*,#1277,.T.);
#618=ORIENTED_EDGE('',*,*,#1167,.T.);
#619=ORIENTED_EDGE('',*,*,#1278,.T.);
#620=ORIENTED_EDGE('',*,*,#1279,.F.);
#621=ORIENTED_EDGE('',*,*,#1280,.F.);
#622=ORIENTED_EDGE('',*,*,#1281,.F.);
#623=ORIENTED_EDGE('',*,*,#1282,.T.);
#624=ORIENTED_EDGE('',*,*,#1184,.T.);
#625=ORIENTED_EDGE('',*,*,#1283,.T.);
#626=ORIENTED_EDGE('',*,*,#1284,.F.);
#627=ORIENTED_EDGE('',*,*,#1285,.F.);
#628=ORIENTED_EDGE('',*,*,#1286,.F.);
#629=ORIENTED_EDGE('',*,*,#1287,.T.);
#630=ORIENTED_EDGE('',*,*,#1183,.T.);
#631=ORIENTED_EDGE('',*,*,#1288,.T.);
#632=ORIENTED_EDGE('',*,*,#1289,.F.);
#633=ORIENTED_EDGE('',*,*,#1290,.F.);
#634=ORIENTED_EDGE('',*,*,#1291,.F.);
#635=ORIENTED_EDGE('',*,*,#1292,.T.);
#636=ORIENTED_EDGE('',*,*,#1182,.T.);
#637=ORIENTED_EDGE('',*,*,#1293,.T.);
#638=ORIENTED_EDGE('',*,*,#1294,.F.);
#639=ORIENTED_EDGE('',*,*,#1295,.T.);
#640=ORIENTED_EDGE('',*,*,#1291,.T.);
#641=ORIENTED_EDGE('',*,*,#1296,.F.);
#642=ORIENTED_EDGE('',*,*,#1297,.T.);
#643=ORIENTED_EDGE('',*,*,#1292,.F.);
#644=ORIENTED_EDGE('',*,*,#1295,.F.);
#645=ORIENTED_EDGE('',*,*,#1298,.F.);
#646=ORIENTED_EDGE('',*,*,#1299,.F.);
#647=ORIENTED_EDGE('',*,*,#1300,.T.);
#648=ORIENTED_EDGE('',*,*,#1288,.F.);
#649=ORIENTED_EDGE('',*,*,#1301,.T.);
#650=ORIENTED_EDGE('',*,*,#1289,.T.);
#651=ORIENTED_EDGE('',*,*,#1300,.F.);
#652=ORIENTED_EDGE('',*,*,#1302,.T.);
#653=ORIENTED_EDGE('',*,*,#1303,.T.);
#654=ORIENTED_EDGE('',*,*,#1286,.T.);
#655=ORIENTED_EDGE('',*,*,#1304,.F.);
#656=ORIENTED_EDGE('',*,*,#1305,.T.);
#657=ORIENTED_EDGE('',*,*,#1287,.F.);
#658=ORIENTED_EDGE('',*,*,#1303,.F.);
#659=ORIENTED_EDGE('',*,*,#1306,.F.);
#660=ORIENTED_EDGE('',*,*,#1307,.F.);
#661=ORIENTED_EDGE('',*,*,#1308,.T.);
#662=ORIENTED_EDGE('',*,*,#1283,.F.);
#663=ORIENTED_EDGE('',*,*,#1309,.T.);
#664=ORIENTED_EDGE('',*,*,#1284,.T.);
#665=ORIENTED_EDGE('',*,*,#1308,.F.);
#666=ORIENTED_EDGE('',*,*,#1310,.T.);
#667=ORIENTED_EDGE('',*,*,#1311,.T.);
#668=ORIENTED_EDGE('',*,*,#1281,.T.);
#669=ORIENTED_EDGE('',*,*,#1312,.F.);
#670=ORIENTED_EDGE('',*,*,#1313,.T.);
#671=ORIENTED_EDGE('',*,*,#1282,.F.);
#672=ORIENTED_EDGE('',*,*,#1311,.F.);
#673=ORIENTED_EDGE('',*,*,#1314,.F.);
#674=ORIENTED_EDGE('',*,*,#1315,.F.);
#675=ORIENTED_EDGE('',*,*,#1316,.T.);
#676=ORIENTED_EDGE('',*,*,#1278,.F.);
#677=ORIENTED_EDGE('',*,*,#1317,.T.);
#678=ORIENTED_EDGE('',*,*,#1279,.T.);
#679=ORIENTED_EDGE('',*,*,#1316,.F.);
#680=ORIENTED_EDGE('',*,*,#1318,.T.);
#681=ORIENTED_EDGE('',*,*,#1319,.T.);
#682=ORIENTED_EDGE('',*,*,#1276,.T.);
#683=ORIENTED_EDGE('',*,*,#1320,.F.);
#684=ORIENTED_EDGE('',*,*,#1321,.T.);
#685=ORIENTED_EDGE('',*,*,#1277,.F.);
#686=ORIENTED_EDGE('',*,*,#1319,.F.);
#687=ORIENTED_EDGE('',*,*,#1322,.F.);
#688=ORIENTED_EDGE('',*,*,#1323,.F.);
#689=ORIENTED_EDGE('',*,*,#1324,.T.);
#690=ORIENTED_EDGE('',*,*,#1273,.F.);
#691=ORIENTED_EDGE('',*,*,#1325,.T.);
#692=ORIENTED_EDGE('',*,*,#1274,.T.);
#693=ORIENTED_EDGE('',*,*,#1324,.F.);
#694=ORIENTED_EDGE('',*,*,#1326,.T.);
#695=ORIENTED_EDGE('',*,*,#1327,.T.);
#696=ORIENTED_EDGE('',*,*,#1271,.T.);
#697=ORIENTED_EDGE('',*,*,#1328,.F.);
#698=ORIENTED_EDGE('',*,*,#1329,.T.);
#699=ORIENTED_EDGE('',*,*,#1272,.F.);
#700=ORIENTED_EDGE('',*,*,#1327,.F.);
#701=ORIENTED_EDGE('',*,*,#1330,.F.);
#702=ORIENTED_EDGE('',*,*,#1331,.F.);
#703=ORIENTED_EDGE('',*,*,#1332,.T.);
#704=ORIENTED_EDGE('',*,*,#1268,.F.);
#705=ORIENTED_EDGE('',*,*,#1333,.T.);
#706=ORIENTED_EDGE('',*,*,#1269,.T.);
#707=ORIENTED_EDGE('',*,*,#1332,.F.);
#708=ORIENTED_EDGE('',*,*,#1334,.T.);
#709=ORIENTED_EDGE('',*,*,#1335,.T.);
#710=ORIENTED_EDGE('',*,*,#1266,.T.);
#711=ORIENTED_EDGE('',*,*,#1336,.F.);
#712=ORIENTED_EDGE('',*,*,#1337,.T.);
#713=ORIENTED_EDGE('',*,*,#1267,.F.);
#714=ORIENTED_EDGE('',*,*,#1335,.F.);
#715=ORIENTED_EDGE('',*,*,#1338,.F.);
#716=ORIENTED_EDGE('',*,*,#1339,.F.);
#717=ORIENTED_EDGE('',*,*,#1340,.T.);
#718=ORIENTED_EDGE('',*,*,#1263,.F.);
#719=ORIENTED_EDGE('',*,*,#1341,.T.);
#720=ORIENTED_EDGE('',*,*,#1264,.T.);
#721=ORIENTED_EDGE('',*,*,#1340,.F.);
#722=ORIENTED_EDGE('',*,*,#1342,.T.);
#723=ORIENTED_EDGE('',*,*,#1343,.T.);
#724=ORIENTED_EDGE('',*,*,#1261,.T.);
#725=ORIENTED_EDGE('',*,*,#1344,.F.);
#726=ORIENTED_EDGE('',*,*,#1345,.T.);
#727=ORIENTED_EDGE('',*,*,#1262,.F.);
#728=ORIENTED_EDGE('',*,*,#1343,.F.);
#729=ORIENTED_EDGE('',*,*,#1346,.F.);
#730=ORIENTED_EDGE('',*,*,#1347,.F.);
#731=ORIENTED_EDGE('',*,*,#1348,.T.);
#732=ORIENTED_EDGE('',*,*,#1258,.F.);
#733=ORIENTED_EDGE('',*,*,#1349,.T.);
#734=ORIENTED_EDGE('',*,*,#1259,.T.);
#735=ORIENTED_EDGE('',*,*,#1348,.F.);
#736=ORIENTED_EDGE('',*,*,#1350,.T.);
#737=ORIENTED_EDGE('',*,*,#1351,.T.);
#738=ORIENTED_EDGE('',*,*,#1256,.T.);
#739=ORIENTED_EDGE('',*,*,#1352,.F.);
#740=ORIENTED_EDGE('',*,*,#1353,.T.);
#741=ORIENTED_EDGE('',*,*,#1257,.F.);
#742=ORIENTED_EDGE('',*,*,#1351,.F.);
#743=ORIENTED_EDGE('',*,*,#1354,.F.);
#744=ORIENTED_EDGE('',*,*,#1355,.F.);
#745=ORIENTED_EDGE('',*,*,#1356,.T.);
#746=ORIENTED_EDGE('',*,*,#1253,.F.);
#747=ORIENTED_EDGE('',*,*,#1357,.T.);
#748=ORIENTED_EDGE('',*,*,#1254,.T.);
#749=ORIENTED_EDGE('',*,*,#1356,.F.);
#750=ORIENTED_EDGE('',*,*,#1358,.T.);
#751=ORIENTED_EDGE('',*,*,#1359,.T.);
#752=ORIENTED_EDGE('',*,*,#1251,.T.);
#753=ORIENTED_EDGE('',*,*,#1360,.F.);
#754=ORIENTED_EDGE('',*,*,#1361,.T.);
#755=ORIENTED_EDGE('',*,*,#1252,.F.);
#756=ORIENTED_EDGE('',*,*,#1359,.F.);
#757=ORIENTED_EDGE('',*,*,#1362,.F.);
#758=ORIENTED_EDGE('',*,*,#1363,.F.);
#759=ORIENTED_EDGE('',*,*,#1364,.T.);
#760=ORIENTED_EDGE('',*,*,#1248,.F.);
#761=ORIENTED_EDGE('',*,*,#1365,.T.);
#762=ORIENTED_EDGE('',*,*,#1249,.T.);
#763=ORIENTED_EDGE('',*,*,#1364,.F.);
#764=ORIENTED_EDGE('',*,*,#1366,.T.);
#765=ORIENTED_EDGE('',*,*,#1367,.T.);
#766=ORIENTED_EDGE('',*,*,#1246,.T.);
#767=ORIENTED_EDGE('',*,*,#1368,.F.);
#768=ORIENTED_EDGE('',*,*,#1369,.T.);
#769=ORIENTED_EDGE('',*,*,#1247,.F.);
#770=ORIENTED_EDGE('',*,*,#1367,.F.);
#771=ORIENTED_EDGE('',*,*,#1370,.F.);
#772=ORIENTED_EDGE('',*,*,#1371,.F.);
#773=ORIENTED_EDGE('',*,*,#1372,.T.);
#774=ORIENTED_EDGE('',*,*,#1243,.F.);
#775=ORIENTED_EDGE('',*,*,#1373,.T.);
#776=ORIENTED_EDGE('',*,*,#1244,.T.);
#777=ORIENTED_EDGE('',*,*,#1372,.F.);
#778=ORIENTED_EDGE('',*,*,#1374,.T.);
#779=ORIENTED_EDGE('',*,*,#1375,.T.);
#780=ORIENTED_EDGE('',*,*,#1241,.T.);
#781=ORIENTED_EDGE('',*,*,#1376,.F.);
#782=ORIENTED_EDGE('',*,*,#1377,.T.);
#783=ORIENTED_EDGE('',*,*,#1242,.F.);
#784=ORIENTED_EDGE('',*,*,#1375,.F.);
#785=ORIENTED_EDGE('',*,*,#1378,.F.);
#786=ORIENTED_EDGE('',*,*,#1379,.F.);
#787=ORIENTED_EDGE('',*,*,#1380,.T.);
#788=ORIENTED_EDGE('',*,*,#1238,.F.);
#789=ORIENTED_EDGE('',*,*,#1381,.T.);
#790=ORIENTED_EDGE('',*,*,#1239,.T.);
#791=ORIENTED_EDGE('',*,*,#1380,.F.);
#792=ORIENTED_EDGE('',*,*,#1382,.T.);
#793=ORIENTED_EDGE('',*,*,#1383,.T.);
#794=ORIENTED_EDGE('',*,*,#1236,.T.);
#795=ORIENTED_EDGE('',*,*,#1384,.F.);
#796=ORIENTED_EDGE('',*,*,#1385,.T.);
#797=ORIENTED_EDGE('',*,*,#1237,.F.);
#798=ORIENTED_EDGE('',*,*,#1383,.F.);
#799=ORIENTED_EDGE('',*,*,#1386,.F.);
#800=ORIENTED_EDGE('',*,*,#1387,.F.);
#801=ORIENTED_EDGE('',*,*,#1388,.T.);
#802=ORIENTED_EDGE('',*,*,#1233,.F.);
#803=ORIENTED_EDGE('',*,*,#1389,.T.);
#804=ORIENTED_EDGE('',*,*,#1234,.T.);
#805=ORIENTED_EDGE('',*,*,#1388,.F.);
#806=ORIENTED_EDGE('',*,*,#1390,.T.);
#807=ORIENTED_EDGE('',*,*,#1391,.T.);
#808=ORIENTED_EDGE('',*,*,#1231,.T.);
#809=ORIENTED_EDGE('',*,*,#1392,.F.);
#810=ORIENTED_EDGE('',*,*,#1393,.T.);
#811=ORIENTED_EDGE('',*,*,#1232,.F.);
#812=ORIENTED_EDGE('',*,*,#1391,.F.);
#813=ORIENTED_EDGE('',*,*,#1394,.F.);
#814=ORIENTED_EDGE('',*,*,#1395,.F.);
#815=ORIENTED_EDGE('',*,*,#1396,.T.);
#816=ORIENTED_EDGE('',*,*,#1228,.F.);
#817=ORIENTED_EDGE('',*,*,#1397,.T.);
#818=ORIENTED_EDGE('',*,*,#1229,.T.);
#819=ORIENTED_EDGE('',*,*,#1396,.F.);
#820=ORIENTED_EDGE('',*,*,#1398,.T.);
#821=ORIENTED_EDGE('',*,*,#1399,.T.);
#822=ORIENTED_EDGE('',*,*,#1226,.T.);
#823=ORIENTED_EDGE('',*,*,#1400,.F.);
#824=ORIENTED_EDGE('',*,*,#1401,.T.);
#825=ORIENTED_EDGE('',*,*,#1227,.F.);
#826=ORIENTED_EDGE('',*,*,#1399,.F.);
#827=ORIENTED_EDGE('',*,*,#1402,.F.);
#828=ORIENTED_EDGE('',*,*,#1403,.F.);
#829=ORIENTED_EDGE('',*,*,#1404,.T.);
#830=ORIENTED_EDGE('',*,*,#1223,.F.);
#831=ORIENTED_EDGE('',*,*,#1405,.T.);
#832=ORIENTED_EDGE('',*,*,#1224,.T.);
#833=ORIENTED_EDGE('',*,*,#1404,.F.);
#834=ORIENTED_EDGE('',*,*,#1406,.T.);
#835=ORIENTED_EDGE('',*,*,#1407,.T.);
#836=ORIENTED_EDGE('',*,*,#1221,.T.);
#837=ORIENTED_EDGE('',*,*,#1408,.F.);
#838=ORIENTED_EDGE('',*,*,#1409,.T.);
#839=ORIENTED_EDGE('',*,*,#1222,.F.);
#840=ORIENTED_EDGE('',*,*,#1407,.F.);
#841=ORIENTED_EDGE('',*,*,#1410,.F.);
#842=ORIENTED_EDGE('',*,*,#1411,.F.);
#843=ORIENTED_EDGE('',*,*,#1412,.T.);
#844=ORIENTED_EDGE('',*,*,#1218,.F.);
#845=ORIENTED_EDGE('',*,*,#1413,.T.);
#846=ORIENTED_EDGE('',*,*,#1219,.T.);
#847=ORIENTED_EDGE('',*,*,#1412,.F.);
#848=ORIENTED_EDGE('',*,*,#1414,.T.);
#849=ORIENTED_EDGE('',*,*,#1415,.T.);
#850=ORIENTED_EDGE('',*,*,#1216,.T.);
#851=ORIENTED_EDGE('',*,*,#1416,.F.);
#852=ORIENTED_EDGE('',*,*,#1417,.T.);
#853=ORIENTED_EDGE('',*,*,#1217,.F.);
#854=ORIENTED_EDGE('',*,*,#1415,.F.);
#855=ORIENTED_EDGE('',*,*,#1418,.F.);
#856=ORIENTED_EDGE('',*,*,#1419,.F.);
#857=ORIENTED_EDGE('',*,*,#1420,.T.);
#858=ORIENTED_EDGE('',*,*,#1208,.F.);
#859=ORIENTED_EDGE('',*,*,#1421,.T.);
#860=ORIENTED_EDGE('',*,*,#1209,.T.);
#861=ORIENTED_EDGE('',*,*,#1420,.F.);
#862=ORIENTED_EDGE('',*,*,#1422,.T.);
#863=ORIENTED_EDGE('',*,*,#1423,.T.);
#864=ORIENTED_EDGE('',*,*,#1206,.T.);
#865=ORIENTED_EDGE('',*,*,#1424,.F.);
#866=ORIENTED_EDGE('',*,*,#1425,.T.);
#867=ORIENTED_EDGE('',*,*,#1207,.F.);
#868=ORIENTED_EDGE('',*,*,#1423,.F.);
#869=ORIENTED_EDGE('',*,*,#1426,.F.);
#870=ORIENTED_EDGE('',*,*,#1427,.F.);
#871=ORIENTED_EDGE('',*,*,#1428,.T.);
#872=ORIENTED_EDGE('',*,*,#1211,.F.);
#873=ORIENTED_EDGE('',*,*,#1429,.T.);
#874=ORIENTED_EDGE('',*,*,#1212,.T.);
#875=ORIENTED_EDGE('',*,*,#1428,.F.);
#876=ORIENTED_EDGE('',*,*,#1430,.T.);
#877=ORIENTED_EDGE('',*,*,#1431,.F.);
#878=ORIENTED_EDGE('',*,*,#1424,.T.);
#879=ORIENTED_EDGE('',*,*,#1205,.T.);
#880=ORIENTED_EDGE('',*,*,#1421,.F.);
#881=ORIENTED_EDGE('',*,*,#1432,.F.);
#882=ORIENTED_EDGE('',*,*,#1416,.T.);
#883=ORIENTED_EDGE('',*,*,#1215,.T.);
#884=ORIENTED_EDGE('',*,*,#1413,.F.);
#885=ORIENTED_EDGE('',*,*,#1433,.F.);
#886=ORIENTED_EDGE('',*,*,#1408,.T.);
#887=ORIENTED_EDGE('',*,*,#1220,.T.);
#888=ORIENTED_EDGE('',*,*,#1405,.F.);
#889=ORIENTED_EDGE('',*,*,#1434,.F.);
#890=ORIENTED_EDGE('',*,*,#1400,.T.);
#891=ORIENTED_EDGE('',*,*,#1225,.T.);
#892=ORIENTED_EDGE('',*,*,#1397,.F.);
#893=ORIENTED_EDGE('',*,*,#1435,.F.);
#894=ORIENTED_EDGE('',*,*,#1392,.T.);
#895=ORIENTED_EDGE('',*,*,#1230,.T.);
#896=ORIENTED_EDGE('',*,*,#1389,.F.);
#897=ORIENTED_EDGE('',*,*,#1436,.F.);
#898=ORIENTED_EDGE('',*,*,#1384,.T.);
#899=ORIENTED_EDGE('',*,*,#1235,.T.);
#900=ORIENTED_EDGE('',*,*,#1381,.F.);
#901=ORIENTED_EDGE('',*,*,#1437,.F.);
#902=ORIENTED_EDGE('',*,*,#1376,.T.);
#903=ORIENTED_EDGE('',*,*,#1240,.T.);
#904=ORIENTED_EDGE('',*,*,#1373,.F.);
#905=ORIENTED_EDGE('',*,*,#1438,.F.);
#906=ORIENTED_EDGE('',*,*,#1368,.T.);
#907=ORIENTED_EDGE('',*,*,#1245,.T.);
#908=ORIENTED_EDGE('',*,*,#1365,.F.);
#909=ORIENTED_EDGE('',*,*,#1439,.F.);
#910=ORIENTED_EDGE('',*,*,#1360,.T.);
#911=ORIENTED_EDGE('',*,*,#1250,.T.);
#912=ORIENTED_EDGE('',*,*,#1357,.F.);
#913=ORIENTED_EDGE('',*,*,#1440,.F.);
#914=ORIENTED_EDGE('',*,*,#1352,.T.);
#915=ORIENTED_EDGE('',*,*,#1255,.T.);
#916=ORIENTED_EDGE('',*,*,#1349,.F.);
#917=ORIENTED_EDGE('',*,*,#1441,.F.);
#918=ORIENTED_EDGE('',*,*,#1344,.T.);
#919=ORIENTED_EDGE('',*,*,#1260,.T.);
#920=ORIENTED_EDGE('',*,*,#1341,.F.);
#921=ORIENTED_EDGE('',*,*,#1442,.F.);
#922=ORIENTED_EDGE('',*,*,#1336,.T.);
#923=ORIENTED_EDGE('',*,*,#1265,.T.);
#924=ORIENTED_EDGE('',*,*,#1333,.F.);
#925=ORIENTED_EDGE('',*,*,#1443,.F.);
#926=ORIENTED_EDGE('',*,*,#1328,.T.);
#927=ORIENTED_EDGE('',*,*,#1270,.T.);
#928=ORIENTED_EDGE('',*,*,#1325,.F.);
#929=ORIENTED_EDGE('',*,*,#1444,.F.);
#930=ORIENTED_EDGE('',*,*,#1320,.T.);
#931=ORIENTED_EDGE('',*,*,#1275,.T.);
#932=ORIENTED_EDGE('',*,*,#1317,.F.);
#933=ORIENTED_EDGE('',*,*,#1445,.F.);
#934=ORIENTED_EDGE('',*,*,#1312,.T.);
#935=ORIENTED_EDGE('',*,*,#1280,.T.);
#936=ORIENTED_EDGE('',*,*,#1309,.F.);
#937=ORIENTED_EDGE('',*,*,#1446,.F.);
#938=ORIENTED_EDGE('',*,*,#1304,.T.);
#939=ORIENTED_EDGE('',*,*,#1285,.T.);
#940=ORIENTED_EDGE('',*,*,#1301,.F.);
#941=ORIENTED_EDGE('',*,*,#1447,.T.);
#942=ORIENTED_EDGE('',*,*,#1214,.T.);
#943=ORIENTED_EDGE('',*,*,#1448,.F.);
#944=ORIENTED_EDGE('',*,*,#1449,.T.);
#945=ORIENTED_EDGE('',*,*,#1210,.F.);
#946=ORIENTED_EDGE('',*,*,#1447,.F.);
#947=ORIENTED_EDGE('',*,*,#1450,.F.);
#948=ORIENTED_EDGE('',*,*,#1451,.F.);
#949=ORIENTED_EDGE('',*,*,#1452,.T.);
#950=ORIENTED_EDGE('',*,*,#1293,.F.);
#951=ORIENTED_EDGE('',*,*,#1453,.T.);
#952=ORIENTED_EDGE('',*,*,#1294,.T.);
#953=ORIENTED_EDGE('',*,*,#1452,.F.);
#954=ORIENTED_EDGE('',*,*,#1454,.T.);
#955=ORIENTED_EDGE('',*,*,#1455,.F.);
#956=ORIENTED_EDGE('',*,*,#1448,.T.);
#957=ORIENTED_EDGE('',*,*,#1213,.T.);
#958=ORIENTED_EDGE('',*,*,#1429,.F.);
#959=ORIENTED_EDGE('',*,*,#1456,.F.);
#960=ORIENTED_EDGE('',*,*,#1296,.T.);
#961=ORIENTED_EDGE('',*,*,#1290,.T.);
#962=ORIENTED_EDGE('',*,*,#1453,.F.);
#963=ORIENTED_EDGE('',*,*,#1419,.T.);
#964=ORIENTED_EDGE('',*,*,#1457,.F.);
#965=ORIENTED_EDGE('',*,*,#1426,.T.);
#966=ORIENTED_EDGE('',*,*,#1425,.F.);
#967=ORIENTED_EDGE('',*,*,#1431,.T.);
#968=ORIENTED_EDGE('',*,*,#1422,.F.);
#969=ORIENTED_EDGE('',*,*,#1450,.T.);
#970=ORIENTED_EDGE('',*,*,#1449,.F.);
#971=ORIENTED_EDGE('',*,*,#1455,.T.);
#972=ORIENTED_EDGE('',*,*,#1430,.F.);
#973=ORIENTED_EDGE('',*,*,#1427,.T.);
#974=ORIENTED_EDGE('',*,*,#1458,.F.);
#975=ORIENTED_EDGE('',*,*,#1411,.T.);
#976=ORIENTED_EDGE('',*,*,#1459,.F.);
#977=ORIENTED_EDGE('',*,*,#1418,.T.);
#978=ORIENTED_EDGE('',*,*,#1417,.F.);
#979=ORIENTED_EDGE('',*,*,#1432,.T.);
#980=ORIENTED_EDGE('',*,*,#1414,.F.);
#981=ORIENTED_EDGE('',*,*,#1403,.T.);
#982=ORIENTED_EDGE('',*,*,#1460,.F.);
#983=ORIENTED_EDGE('',*,*,#1410,.T.);
#984=ORIENTED_EDGE('',*,*,#1409,.F.);
#985=ORIENTED_EDGE('',*,*,#1433,.T.);
#986=ORIENTED_EDGE('',*,*,#1406,.F.);
#987=ORIENTED_EDGE('',*,*,#1395,.T.);
#988=ORIENTED_EDGE('',*,*,#1461,.F.);
#989=ORIENTED_EDGE('',*,*,#1402,.T.);
#990=ORIENTED_EDGE('',*,*,#1401,.F.);
#991=ORIENTED_EDGE('',*,*,#1434,.T.);
#992=ORIENTED_EDGE('',*,*,#1398,.F.);
#993=ORIENTED_EDGE('',*,*,#1387,.T.);
#994=ORIENTED_EDGE('',*,*,#1462,.F.);
#995=ORIENTED_EDGE('',*,*,#1394,.T.);
#996=ORIENTED_EDGE('',*,*,#1393,.F.);
#997=ORIENTED_EDGE('',*,*,#1435,.T.);
#998=ORIENTED_EDGE('',*,*,#1390,.F.);
#999=ORIENTED_EDGE('',*,*,#1379,.T.);
#1000=ORIENTED_EDGE('',*,*,#1463,.F.);
#1001=ORIENTED_EDGE('',*,*,#1386,.T.);
#1002=ORIENTED_EDGE('',*,*,#1385,.F.);
#1003=ORIENTED_EDGE('',*,*,#1436,.T.);
#1004=ORIENTED_EDGE('',*,*,#1382,.F.);
#1005=ORIENTED_EDGE('',*,*,#1371,.T.);
#1006=ORIENTED_EDGE('',*,*,#1464,.F.);
#1007=ORIENTED_EDGE('',*,*,#1378,.T.);
#1008=ORIENTED_EDGE('',*,*,#1377,.F.);
#1009=ORIENTED_EDGE('',*,*,#1437,.T.);
#1010=ORIENTED_EDGE('',*,*,#1374,.F.);
#1011=ORIENTED_EDGE('',*,*,#1363,.T.);
#1012=ORIENTED_EDGE('',*,*,#1465,.F.);
#1013=ORIENTED_EDGE('',*,*,#1370,.T.);
#1014=ORIENTED_EDGE('',*,*,#1369,.F.);
#1015=ORIENTED_EDGE('',*,*,#1438,.T.);
#1016=ORIENTED_EDGE('',*,*,#1366,.F.);
#1017=ORIENTED_EDGE('',*,*,#1355,.T.);
#1018=ORIENTED_EDGE('',*,*,#1466,.F.);
#1019=ORIENTED_EDGE('',*,*,#1362,.T.);
#1020=ORIENTED_EDGE('',*,*,#1361,.F.);
#1021=ORIENTED_EDGE('',*,*,#1439,.T.);
#1022=ORIENTED_EDGE('',*,*,#1358,.F.);
#1023=ORIENTED_EDGE('',*,*,#1347,.T.);
#1024=ORIENTED_EDGE('',*,*,#1467,.F.);
#1025=ORIENTED_EDGE('',*,*,#1354,.T.);
#1026=ORIENTED_EDGE('',*,*,#1353,.F.);
#1027=ORIENTED_EDGE('',*,*,#1440,.T.);
#1028=ORIENTED_EDGE('',*,*,#1350,.F.);
#1029=ORIENTED_EDGE('',*,*,#1339,.T.);
#1030=ORIENTED_EDGE('',*,*,#1468,.F.);
#1031=ORIENTED_EDGE('',*,*,#1346,.T.);
#1032=ORIENTED_EDGE('',*,*,#1345,.F.);
#1033=ORIENTED_EDGE('',*,*,#1441,.T.);
#1034=ORIENTED_EDGE('',*,*,#1342,.F.);
#1035=ORIENTED_EDGE('',*,*,#1331,.T.);
#1036=ORIENTED_EDGE('',*,*,#1469,.F.);
#1037=ORIENTED_EDGE('',*,*,#1338,.T.);
#1038=ORIENTED_EDGE('',*,*,#1337,.F.);
#1039=ORIENTED_EDGE('',*,*,#1442,.T.);
#1040=ORIENTED_EDGE('',*,*,#1334,.F.);
#1041=ORIENTED_EDGE('',*,*,#1323,.T.);
#1042=ORIENTED_EDGE('',*,*,#1470,.F.);
#1043=ORIENTED_EDGE('',*,*,#1330,.T.);
#1044=ORIENTED_EDGE('',*,*,#1329,.F.);
#1045=ORIENTED_EDGE('',*,*,#1443,.T.);
#1046=ORIENTED_EDGE('',*,*,#1326,.F.);
#1047=ORIENTED_EDGE('',*,*,#1315,.T.);
#1048=ORIENTED_EDGE('',*,*,#1471,.F.);
#1049=ORIENTED_EDGE('',*,*,#1322,.T.);
#1050=ORIENTED_EDGE('',*,*,#1321,.F.);
#1051=ORIENTED_EDGE('',*,*,#1444,.T.);
#1052=ORIENTED_EDGE('',*,*,#1318,.F.);
#1053=ORIENTED_EDGE('',*,*,#1307,.T.);
#1054=ORIENTED_EDGE('',*,*,#1472,.F.);
#1055=ORIENTED_EDGE('',*,*,#1314,.T.);
#1056=ORIENTED_EDGE('',*,*,#1313,.F.);
#1057=ORIENTED_EDGE('',*,*,#1445,.T.);
#1058=ORIENTED_EDGE('',*,*,#1310,.F.);
#1059=ORIENTED_EDGE('',*,*,#1299,.T.);
#1060=ORIENTED_EDGE('',*,*,#1473,.F.);
#1061=ORIENTED_EDGE('',*,*,#1306,.T.);
#1062=ORIENTED_EDGE('',*,*,#1305,.F.);
#1063=ORIENTED_EDGE('',*,*,#1446,.T.);
#1064=ORIENTED_EDGE('',*,*,#1302,.F.);
#1065=ORIENTED_EDGE('',*,*,#1451,.T.);
#1066=ORIENTED_EDGE('',*,*,#1474,.F.);
#1067=ORIENTED_EDGE('',*,*,#1298,.T.);
#1068=ORIENTED_EDGE('',*,*,#1297,.F.);
#1069=ORIENTED_EDGE('',*,*,#1456,.T.);
#1070=ORIENTED_EDGE('',*,*,#1454,.F.);
#1071=ORIENTED_EDGE('',*,*,#1470,.T.);
#1072=ORIENTED_EDGE('',*,*,#1471,.T.);
#1073=ORIENTED_EDGE('',*,*,#1472,.T.);
#1074=ORIENTED_EDGE('',*,*,#1473,.T.);
#1075=ORIENTED_EDGE('',*,*,#1474,.T.);
#1076=ORIENTED_EDGE('',*,*,#1458,.T.);
#1077=ORIENTED_EDGE('',*,*,#1457,.T.);
#1078=ORIENTED_EDGE('',*,*,#1459,.T.);
#1079=ORIENTED_EDGE('',*,*,#1460,.T.);
#1080=ORIENTED_EDGE('',*,*,#1461,.T.);
#1081=ORIENTED_EDGE('',*,*,#1462,.T.);
#1082=ORIENTED_EDGE('',*,*,#1463,.T.);
#1083=ORIENTED_EDGE('',*,*,#1464,.T.);
#1084=ORIENTED_EDGE('',*,*,#1465,.T.);
#1085=ORIENTED_EDGE('',*,*,#1466,.T.);
#1086=ORIENTED_EDGE('',*,*,#1467,.T.);
#1087=ORIENTED_EDGE('',*,*,#1468,.T.);
#1088=ORIENTED_EDGE('',*,*,#1469,.T.);
#1089=ORIENTED_EDGE('',*,*,#1165,.F.);
#1090=ORIENTED_EDGE('',*,*,#1475,.T.);
#1091=ORIENTED_EDGE('',*,*,#1158,.F.);
#1092=ORIENTED_EDGE('',*,*,#1476,.F.);
#1093=ORIENTED_EDGE('',*,*,#1194,.F.);
#1094=ORIENTED_EDGE('',*,*,#1477,.T.);
#1095=ORIENTED_EDGE('',*,*,#1478,.T.);
#1096=ORIENTED_EDGE('',*,*,#1188,.F.);
#1097=ORIENTED_EDGE('',*,*,#1479,.F.);
#1098=ORIENTED_EDGE('',*,*,#1476,.T.);
#1099=ORIENTED_EDGE('',*,*,#1161,.F.);
#1100=ORIENTED_EDGE('',*,*,#1480,.F.);
#1101=ORIENTED_EDGE('',*,*,#1197,.F.);
#1102=ORIENTED_EDGE('',*,*,#1160,.F.);
#1103=ORIENTED_EDGE('',*,*,#1481,.T.);
#1104=ORIENTED_EDGE('',*,*,#1479,.T.);
#1105=ORIENTED_EDGE('',*,*,#1199,.F.);
#1106=ORIENTED_EDGE('',*,*,#1480,.T.);
#1107=ORIENTED_EDGE('',*,*,#1157,.F.);
#1108=ORIENTED_EDGE('',*,*,#1200,.F.);
#1109=ORIENTED_EDGE('',*,*,#1482,.T.);
#1110=ORIENTED_EDGE('',*,*,#1483,.T.);
#1111=ORIENTED_EDGE('',*,*,#1484,.T.);
#1112=ORIENTED_EDGE('',*,*,#1485,.T.);
#1113=ORIENTED_EDGE('',*,*,#1486,.T.);
#1114=ORIENTED_EDGE('',*,*,#1487,.F.);
#1115=ORIENTED_EDGE('',*,*,#1487,.T.);
#1116=ORIENTED_EDGE('',*,*,#1488,.T.);
#1117=ORIENTED_EDGE('',*,*,#1484,.F.);
#1118=ORIENTED_EDGE('',*,*,#1489,.T.);
#1119=ORIENTED_EDGE('',*,*,#1477,.F.);
#1120=ORIENTED_EDGE('',*,*,#1481,.F.);
#1121=ORIENTED_EDGE('',*,*,#1159,.F.);
#1122=ORIENTED_EDGE('',*,*,#1475,.F.);
#1123=ORIENTED_EDGE('',*,*,#1164,.F.);
#1124=ORIENTED_EDGE('',*,*,#1490,.T.);
#1125=ORIENTED_EDGE('',*,*,#1482,.F.);
#1126=ORIENTED_EDGE('',*,*,#1488,.F.);
#1127=ORIENTED_EDGE('',*,*,#1486,.F.);
#1128=ORIENTED_EDGE('',*,*,#1491,.T.);
#1129=ORIENTED_EDGE('',*,*,#1190,.F.);
#1130=ORIENTED_EDGE('',*,*,#1492,.T.);
#1131=ORIENTED_EDGE('',*,*,#1492,.F.);
#1132=ORIENTED_EDGE('',*,*,#1189,.F.);
#1133=ORIENTED_EDGE('',*,*,#1478,.F.);
#1134=ORIENTED_EDGE('',*,*,#1489,.F.);
#1135=ORIENTED_EDGE('',*,*,#1483,.F.);
#1136=ORIENTED_EDGE('',*,*,#1163,.F.);
#1137=ORIENTED_EDGE('',*,*,#1191,.F.);
#1138=ORIENTED_EDGE('',*,*,#1491,.F.);
#1139=ORIENTED_EDGE('',*,*,#1485,.F.);
#1140=ORIENTED_EDGE('',*,*,#1490,.F.);
#1141=ORIENTED_EDGE('',*,*,#1493,.F.);
#1142=ORIENTED_EDGE('',*,*,#1204,.F.);
#1143=ORIENTED_EDGE('',*,*,#1494,.F.);
#1144=ORIENTED_EDGE('',*,*,#1193,.F.);
#1145=ORIENTED_EDGE('',*,*,#1494,.T.);
#1146=ORIENTED_EDGE('',*,*,#1203,.F.);
#1147=ORIENTED_EDGE('',*,*,#1495,.F.);
#1148=ORIENTED_EDGE('',*,*,#1186,.F.);
#1149=ORIENTED_EDGE('',*,*,#1493,.T.);
#1150=ORIENTED_EDGE('',*,*,#1196,.F.);
#1151=ORIENTED_EDGE('',*,*,#1496,.F.);
#1152=ORIENTED_EDGE('',*,*,#1201,.F.);
#1153=ORIENTED_EDGE('',*,*,#1495,.T.);
#1154=ORIENTED_EDGE('',*,*,#1202,.F.);
#1155=ORIENTED_EDGE('',*,*,#1496,.T.);
#1156=ORIENTED_EDGE('',*,*,#1198,.F.);
#1157=EDGE_CURVE('',#1497,#1497,#1710,.F.);
#1158=EDGE_CURVE('',#1498,#1499,#1711,.T.);
#1159=EDGE_CURVE('',#1499,#1500,#1712,.T.);
#1160=EDGE_CURVE('',#1500,#1501,#1713,.T.);
#1161=EDGE_CURVE('',#1501,#1498,#1714,.T.);
#1162=EDGE_CURVE('',#1502,#1503,#289,.T.);
#1163=EDGE_CURVE('',#1502,#1504,#290,.T.);
#1164=EDGE_CURVE('',#1504,#1505,#135,.T.);
#1165=EDGE_CURVE('',#1505,#1503,#291,.T.);
#1166=EDGE_CURVE('',#1506,#1506,#1715,.T.);
#1167=EDGE_CURVE('',#1507,#1508,#1716,.T.);
#1168=EDGE_CURVE('',#1509,#1507,#1717,.T.);
#1169=EDGE_CURVE('',#1510,#1509,#1718,.T.);
#1170=EDGE_CURVE('',#1511,#1510,#1719,.T.);
#1171=EDGE_CURVE('',#1512,#1511,#1720,.T.);
#1172=EDGE_CURVE('',#1513,#1512,#1721,.T.);
#1173=EDGE_CURVE('',#1514,#1513,#1722,.T.);
#1174=EDGE_CURVE('',#1515,#1514,#1723,.T.);
#1175=EDGE_CURVE('',#1516,#1515,#1724,.T.);
#1176=EDGE_CURVE('',#1517,#1516,#1725,.T.);
#1177=EDGE_CURVE('',#1518,#1517,#1726,.T.);
#1178=EDGE_CURVE('',#1519,#1518,#1727,.T.);
#1179=EDGE_CURVE('',#1520,#1519,#1728,.T.);
#1180=EDGE_CURVE('',#1521,#1520,#1729,.T.);
#1181=EDGE_CURVE('',#1522,#1521,#1730,.T.);
#1182=EDGE_CURVE('',#1523,#1522,#1731,.T.);
#1183=EDGE_CURVE('',#1524,#1523,#1732,.T.);
#1184=EDGE_CURVE('',#1508,#1524,#1733,.T.);
#1185=EDGE_CURVE('',#1525,#1503,#292,.T.);
#1186=EDGE_CURVE('',#1525,#1526,#293,.T.);
#1187=EDGE_CURVE('',#1526,#1527,#294,.F.);
#1188=EDGE_CURVE('',#1527,#1528,#295,.T.);
#1189=EDGE_CURVE('',#1528,#1529,#296,.T.);
#1190=EDGE_CURVE('',#1529,#1530,#297,.T.);
#1191=EDGE_CURVE('',#1530,#1502,#298,.T.);
#1192=EDGE_CURVE('',#1531,#1532,#299,.T.);
#1193=EDGE_CURVE('',#1531,#1525,#1734,.T.);
#1194=EDGE_CURVE('',#1503,#1532,#1735,.F.);
#1195=EDGE_CURVE('',#1533,#1534,#300,.T.);
#1196=EDGE_CURVE('',#1533,#1531,#1736,.T.);
#1197=EDGE_CURVE('',#1532,#1534,#1737,.F.);
#1198=EDGE_CURVE('',#1526,#1533,#1738,.T.);
#1199=EDGE_CURVE('',#1534,#1527,#1739,.F.);
#1200=EDGE_CURVE('',#1535,#1535,#1740,.T.);
#1201=EDGE_CURVE('',#1536,#1537,#1741,.F.);
#1202=EDGE_CURVE('',#1537,#1538,#1742,.F.);
#1203=EDGE_CURVE('',#1538,#1539,#301,.T.);
#1204=EDGE_CURVE('',#1539,#1536,#1743,.F.);
#1205=EDGE_CURVE('',#1540,#1541,#1744,.T.);
#1206=EDGE_CURVE('',#1542,#1540,#136,.T.);
#1207=EDGE_CURVE('',#1542,#1521,#137,.T.);
#1208=EDGE_CURVE('',#1520,#1543,#138,.T.);
#1209=EDGE_CURVE('',#1541,#1543,#139,.T.);
#1210=EDGE_CURVE('',#1544,#1522,#140,.T.);
#1211=EDGE_CURVE('',#1521,#1545,#141,.T.);
#1212=EDGE_CURVE('',#1546,#1545,#142,.T.);
#1213=EDGE_CURVE('',#1547,#1546,#1745,.T.);
#1214=EDGE_CURVE('',#1544,#1547,#143,.T.);
#1215=EDGE_CURVE('',#1548,#1549,#1746,.T.);
#1216=EDGE_CURVE('',#1550,#1548,#144,.T.);
#1217=EDGE_CURVE('',#1550,#1520,#145,.T.);
#1218=EDGE_CURVE('',#1519,#1551,#146,.T.);
#1219=EDGE_CURVE('',#1549,#1551,#147,.T.);
#1220=EDGE_CURVE('',#1552,#1553,#1747,.T.);
#1221=EDGE_CURVE('',#1554,#1552,#148,.T.);
#1222=EDGE_CURVE('',#1554,#1519,#149,.T.);
#1223=EDGE_CURVE('',#1518,#1555,#150,.T.);
#1224=EDGE_CURVE('',#1553,#1555,#151,.T.);
#1225=EDGE_CURVE('',#1556,#1557,#1748,.T.);
#1226=EDGE_CURVE('',#1558,#1556,#152,.T.);
#1227=EDGE_CURVE('',#1558,#1518,#153,.T.);
#1228=EDGE_CURVE('',#1517,#1559,#154,.T.);
#1229=EDGE_CURVE('',#1557,#1559,#155,.T.);
#1230=EDGE_CURVE('',#1560,#1561,#1749,.T.);
#1231=EDGE_CURVE('',#1562,#1560,#156,.T.);
#1232=EDGE_CURVE('',#1562,#1517,#157,.T.);
#1233=EDGE_CURVE('',#1516,#1563,#158,.T.);
#1234=EDGE_CURVE('',#1561,#1563,#159,.T.);
#1235=EDGE_CURVE('',#1564,#1565,#1750,.T.);
#1236=EDGE_CURVE('',#1566,#1564,#160,.T.);
#1237=EDGE_CURVE('',#1566,#1516,#161,.T.);
#1238=EDGE_CURVE('',#1515,#1567,#162,.T.);
#1239=EDGE_CURVE('',#1565,#1567,#163,.T.);
#1240=EDGE_CURVE('',#1568,#1569,#1751,.T.);
#1241=EDGE_CURVE('',#1570,#1568,#164,.T.);
#1242=EDGE_CURVE('',#1570,#1515,#165,.T.);
#1243=EDGE_CURVE('',#1514,#1571,#166,.T.);
#1244=EDGE_CURVE('',#1569,#1571,#167,.T.);
#1245=EDGE_CURVE('',#1572,#1573,#1752,.T.);
#1246=EDGE_CURVE('',#1574,#1572,#168,.T.);
#1247=EDGE_CURVE('',#1574,#1514,#169,.T.);
#1248=EDGE_CURVE('',#1513,#1575,#170,.T.);
#1249=EDGE_CURVE('',#1573,#1575,#171,.T.);
#1250=EDGE_CURVE('',#1576,#1577,#1753,.T.);
#1251=EDGE_CURVE('',#1578,#1576,#172,.T.);
#1252=EDGE_CURVE('',#1578,#1513,#173,.T.);
#1253=EDGE_CURVE('',#1512,#1579,#174,.T.);
#1254=EDGE_CURVE('',#1577,#1579,#175,.T.);
#1255=EDGE_CURVE('',#1580,#1581,#1754,.T.);
#1256=EDGE_CURVE('',#1582,#1580,#176,.T.);
#1257=EDGE_CURVE('',#1582,#1512,#177,.T.);
#1258=EDGE_CURVE('',#1511,#1583,#178,.T.);
#1259=EDGE_CURVE('',#1581,#1583,#179,.T.);
#1260=EDGE_CURVE('',#1584,#1585,#1755,.T.);
#1261=EDGE_CURVE('',#1586,#1584,#180,.T.);
#1262=EDGE_CURVE('',#1586,#1511,#181,.T.);
#1263=EDGE_CURVE('',#1510,#1587,#182,.T.);
#1264=EDGE_CURVE('',#1585,#1587,#183,.T.);
#1265=EDGE_CURVE('',#1588,#1589,#1756,.T.);
#1266=EDGE_CURVE('',#1590,#1588,#184,.T.);
#1267=EDGE_CURVE('',#1590,#1510,#185,.T.);
#1268=EDGE_CURVE('',#1509,#1591,#186,.T.);
#1269=EDGE_CURVE('',#1589,#1591,#187,.T.);
#1270=EDGE_CURVE('',#1592,#1593,#1757,.T.);
#1271=EDGE_CURVE('',#1594,#1592,#188,.T.);
#1272=EDGE_CURVE('',#1594,#1509,#189,.T.);
#1273=EDGE_CURVE('',#1507,#1595,#190,.T.);
#1274=EDGE_CURVE('',#1593,#1595,#191,.T.);
#1275=EDGE_CURVE('',#1596,#1597,#1758,.T.);
#1276=EDGE_CURVE('',#1598,#1596,#192,.T.);
#1277=EDGE_CURVE('',#1598,#1507,#193,.T.);
#1278=EDGE_CURVE('',#1508,#1599,#194,.T.);
#1279=EDGE_CURVE('',#1597,#1599,#195,.T.);
#1280=EDGE_CURVE('',#1600,#1601,#1759,.T.);
#1281=EDGE_CURVE('',#1602,#1600,#196,.T.);
#1282=EDGE_CURVE('',#1602,#1508,#197,.T.);
#1283=EDGE_CURVE('',#1524,#1603,#198,.T.);
#1284=EDGE_CURVE('',#1601,#1603,#199,.T.);
#1285=EDGE_CURVE('',#1604,#1605,#1760,.T.);
#1286=EDGE_CURVE('',#1606,#1604,#200,.T.);
#1287=EDGE_CURVE('',#1606,#1524,#201,.T.);
#1288=EDGE_CURVE('',#1523,#1607,#202,.T.);
#1289=EDGE_CURVE('',#1605,#1607,#203,.T.);
#1290=EDGE_CURVE('',#1608,#1609,#1761,.T.);
#1291=EDGE_CURVE('',#1610,#1608,#204,.T.);
#1292=EDGE_CURVE('',#1610,#1523,#205,.T.);
#1293=EDGE_CURVE('',#1522,#1611,#206,.T.);
#1294=EDGE_CURVE('',#1609,#1611,#207,.T.);
#1295=EDGE_CURVE('',#1612,#1610,#302,.T.);
#1296=EDGE_CURVE('',#1613,#1608,#303,.T.);
#1297=EDGE_CURVE('',#1613,#1612,#208,.T.);
#1298=EDGE_CURVE('',#1614,#1612,#209,.T.);
#1299=EDGE_CURVE('',#1615,#1614,#210,.T.);
#1300=EDGE_CURVE('',#1615,#1607,#304,.T.);
#1301=EDGE_CURVE('',#1616,#1605,#305,.T.);
#1302=EDGE_CURVE('',#1615,#1616,#211,.T.);
#1303=EDGE_CURVE('',#1617,#1606,#306,.T.);
#1304=EDGE_CURVE('',#1618,#1604,#307,.T.);
#1305=EDGE_CURVE('',#1618,#1617,#212,.T.);
#1306=EDGE_CURVE('',#1619,#1617,#213,.T.);
#1307=EDGE_CURVE('',#1620,#1619,#214,.T.);
#1308=EDGE_CURVE('',#1620,#1603,#308,.T.);
#1309=EDGE_CURVE('',#1621,#1601,#309,.T.);
#1310=EDGE_CURVE('',#1620,#1621,#215,.T.);
#1311=EDGE_CURVE('',#1622,#1602,#310,.T.);
#1312=EDGE_CURVE('',#1623,#1600,#311,.T.);
#1313=EDGE_CURVE('',#1623,#1622,#216,.T.);
#1314=EDGE_CURVE('',#1624,#1622,#217,.T.);
#1315=EDGE_CURVE('',#1625,#1624,#218,.T.);
#1316=EDGE_CURVE('',#1625,#1599,#312,.T.);
#1317=EDGE_CURVE('',#1626,#1597,#313,.T.);
#1318=EDGE_CURVE('',#1625,#1626,#219,.T.);
#1319=EDGE_CURVE('',#1627,#1598,#314,.T.);
#1320=EDGE_CURVE('',#1628,#1596,#315,.T.);
#1321=EDGE_CURVE('',#1628,#1627,#220,.T.);
#1322=EDGE_CURVE('',#1629,#1627,#221,.T.);
#1323=EDGE_CURVE('',#1630,#1629,#222,.T.);
#1324=EDGE_CURVE('',#1630,#1595,#316,.T.);
#1325=EDGE_CURVE('',#1631,#1593,#317,.T.);
#1326=EDGE_CURVE('',#1630,#1631,#223,.T.);
#1327=EDGE_CURVE('',#1632,#1594,#318,.T.);
#1328=EDGE_CURVE('',#1633,#1592,#319,.T.);
#1329=EDGE_CURVE('',#1633,#1632,#224,.T.);
#1330=EDGE_CURVE('',#1634,#1632,#225,.T.);
#1331=EDGE_CURVE('',#1635,#1634,#226,.T.);
#1332=EDGE_CURVE('',#1635,#1591,#320,.T.);
#1333=EDGE_CURVE('',#1636,#1589,#321,.T.);
#1334=EDGE_CURVE('',#1635,#1636,#227,.T.);
#1335=EDGE_CURVE('',#1637,#1590,#322,.T.);
#1336=EDGE_CURVE('',#1638,#1588,#323,.T.);
#1337=EDGE_CURVE('',#1638,#1637,#228,.T.);
#1338=EDGE_CURVE('',#1639,#1637,#229,.T.);
#1339=EDGE_CURVE('',#1640,#1639,#230,.T.);
#1340=EDGE_CURVE('',#1640,#1587,#324,.T.);
#1341=EDGE_CURVE('',#1641,#1585,#325,.T.);
#1342=EDGE_CURVE('',#1640,#1641,#231,.T.);
#1343=EDGE_CURVE('',#1642,#1586,#326,.T.);
#1344=EDGE_CURVE('',#1643,#1584,#327,.T.);
#1345=EDGE_CURVE('',#1643,#1642,#232,.T.);
#1346=EDGE_CURVE('',#1644,#1642,#233,.T.);
#1347=EDGE_CURVE('',#1645,#1644,#234,.T.);
#1348=EDGE_CURVE('',#1645,#1583,#328,.T.);
#1349=EDGE_CURVE('',#1646,#1581,#329,.T.);
#1350=EDGE_CURVE('',#1645,#1646,#235,.T.);
#1351=EDGE_CURVE('',#1647,#1582,#330,.T.);
#1352=EDGE_CURVE('',#1648,#1580,#331,.T.);
#1353=EDGE_CURVE('',#1648,#1647,#236,.T.);
#1354=EDGE_CURVE('',#1649,#1647,#237,.T.);
#1355=EDGE_CURVE('',#1650,#1649,#238,.T.);
#1356=EDGE_CURVE('',#1650,#1579,#332,.T.);
#1357=EDGE_CURVE('',#1651,#1577,#333,.T.);
#1358=EDGE_CURVE('',#1650,#1651,#239,.T.);
#1359=EDGE_CURVE('',#1652,#1578,#334,.T.);
#1360=EDGE_CURVE('',#1653,#1576,#335,.T.);
#1361=EDGE_CURVE('',#1653,#1652,#240,.T.);
#1362=EDGE_CURVE('',#1654,#1652,#241,.T.);
#1363=EDGE_CURVE('',#1655,#1654,#242,.T.);
#1364=EDGE_CURVE('',#1655,#1575,#336,.T.);
#1365=EDGE_CURVE('',#1656,#1573,#337,.T.);
#1366=EDGE_CURVE('',#1655,#1656,#243,.T.);
#1367=EDGE_CURVE('',#1657,#1574,#338,.T.);
#1368=EDGE_CURVE('',#1658,#1572,#339,.T.);
#1369=EDGE_CURVE('',#1658,#1657,#244,.T.);
#1370=EDGE_CURVE('',#1659,#1657,#245,.T.);
#1371=EDGE_CURVE('',#1660,#1659,#246,.T.);
#1372=EDGE_CURVE('',#1660,#1571,#340,.T.);
#1373=EDGE_CURVE('',#1661,#1569,#341,.T.);
#1374=EDGE_CURVE('',#1660,#1661,#247,.T.);
#1375=EDGE_CURVE('',#1662,#1570,#342,.T.);
#1376=EDGE_CURVE('',#1663,#1568,#343,.T.);
#1377=EDGE_CURVE('',#1663,#1662,#248,.T.);
#1378=EDGE_CURVE('',#1664,#1662,#249,.T.);
#1379=EDGE_CURVE('',#1665,#1664,#250,.T.);
#1380=EDGE_CURVE('',#1665,#1567,#344,.T.);
#1381=EDGE_CURVE('',#1666,#1565,#345,.T.);
#1382=EDGE_CURVE('',#1665,#1666,#251,.T.);
#1383=EDGE_CURVE('',#1667,#1566,#346,.T.);
#1384=EDGE_CURVE('',#1668,#1564,#347,.T.);
#1385=EDGE_CURVE('',#1668,#1667,#252,.T.);
#1386=EDGE_CURVE('',#1669,#1667,#253,.T.);
#1387=EDGE_CURVE('',#1670,#1669,#254,.T.);
#1388=EDGE_CURVE('',#1670,#1563,#348,.T.);
#1389=EDGE_CURVE('',#1671,#1561,#349,.T.);
#1390=EDGE_CURVE('',#1670,#1671,#255,.T.);
#1391=EDGE_CURVE('',#1672,#1562,#350,.T.);
#1392=EDGE_CURVE('',#1673,#1560,#351,.T.);
#1393=EDGE_CURVE('',#1673,#1672,#256,.T.);
#1394=EDGE_CURVE('',#1674,#1672,#257,.T.);
#1395=EDGE_CURVE('',#1675,#1674,#258,.T.);
#1396=EDGE_CURVE('',#1675,#1559,#352,.T.);
#1397=EDGE_CURVE('',#1676,#1557,#353,.T.);
#1398=EDGE_CURVE('',#1675,#1676,#259,.T.);
#1399=EDGE_CURVE('',#1677,#1558,#354,.T.);
#1400=EDGE_CURVE('',#1678,#1556,#355,.T.);
#1401=EDGE_CURVE('',#1678,#1677,#260,.T.);
#1402=EDGE_CURVE('',#1679,#1677,#261,.T.);
#1403=EDGE_CURVE('',#1680,#1679,#262,.T.);
#1404=EDGE_CURVE('',#1680,#1555,#356,.T.);
#1405=EDGE_CURVE('',#1681,#1553,#357,.T.);
#1406=EDGE_CURVE('',#1680,#1681,#263,.T.);
#1407=EDGE_CURVE('',#1682,#1554,#358,.T.);
#1408=EDGE_CURVE('',#1683,#1552,#359,.T.);
#1409=EDGE_CURVE('',#1683,#1682,#264,.T.);
#1410=EDGE_CURVE('',#1684,#1682,#265,.T.);
#1411=EDGE_CURVE('',#1685,#1684,#266,.T.);
#1412=EDGE_CURVE('',#1685,#1551,#360,.T.);
#1413=EDGE_CURVE('',#1686,#1549,#361,.T.);
#1414=EDGE_CURVE('',#1685,#1686,#267,.T.);
#1415=EDGE_CURVE('',#1687,#1550,#362,.T.);
#1416=EDGE_CURVE('',#1688,#1548,#363,.T.);
#1417=EDGE_CURVE('',#1688,#1687,#268,.T.);
#1418=EDGE_CURVE('',#1689,#1687,#269,.T.);
#1419=EDGE_CURVE('',#1690,#1689,#270,.T.);
#1420=EDGE_CURVE('',#1690,#1543,#364,.T.);
#1421=EDGE_CURVE('',#1691,#1541,#365,.T.);
#1422=EDGE_CURVE('',#1690,#1691,#271,.T.);
#1423=EDGE_CURVE('',#1692,#1542,#366,.T.);
#1424=EDGE_CURVE('',#1693,#1540,#367,.T.);
#1425=EDGE_CURVE('',#1693,#1692,#272,.T.);
#1426=EDGE_CURVE('',#1694,#1692,#273,.T.);
#1427=EDGE_CURVE('',#1695,#1694,#274,.T.);
#1428=EDGE_CURVE('',#1695,#1545,#368,.T.);
#1429=EDGE_CURVE('',#1696,#1546,#369,.T.);
#1430=EDGE_CURVE('',#1695,#1696,#275,.T.);
#1431=EDGE_CURVE('',#1693,#1691,#1762,.T.);
#1432=EDGE_CURVE('',#1688,#1686,#1763,.T.);
#1433=EDGE_CURVE('',#1683,#1681,#1764,.T.);
#1434=EDGE_CURVE('',#1678,#1676,#1765,.T.);
#1435=EDGE_CURVE('',#1673,#1671,#1766,.T.);
#1436=EDGE_CURVE('',#1668,#1666,#1767,.T.);
#1437=EDGE_CURVE('',#1663,#1661,#1768,.T.);
#1438=EDGE_CURVE('',#1658,#1656,#1769,.T.);
#1439=EDGE_CURVE('',#1653,#1651,#1770,.T.);
#1440=EDGE_CURVE('',#1648,#1646,#1771,.T.);
#1441=EDGE_CURVE('',#1643,#1641,#1772,.T.);
#1442=EDGE_CURVE('',#1638,#1636,#1773,.T.);
#1443=EDGE_CURVE('',#1633,#1631,#1774,.T.);
#1444=EDGE_CURVE('',#1628,#1626,#1775,.T.);
#1445=EDGE_CURVE('',#1623,#1621,#1776,.T.);
#1446=EDGE_CURVE('',#1618,#1616,#1777,.T.);
#1447=EDGE_CURVE('',#1697,#1544,#370,.T.);
#1448=EDGE_CURVE('',#1698,#1547,#371,.T.);
#1449=EDGE_CURVE('',#1698,#1697,#276,.T.);
#1450=EDGE_CURVE('',#1699,#1697,#277,.T.);
#1451=EDGE_CURVE('',#1700,#1699,#278,.T.);
#1452=EDGE_CURVE('',#1700,#1611,#372,.T.);
#1453=EDGE_CURVE('',#1701,#1609,#373,.T.);
#1454=EDGE_CURVE('',#1700,#1701,#279,.T.);
#1455=EDGE_CURVE('',#1698,#1696,#1778,.T.);
#1456=EDGE_CURVE('',#1613,#1701,#1779,.T.);
#1457=EDGE_CURVE('',#1694,#1689,#1780,.T.);
#1458=EDGE_CURVE('',#1699,#1694,#1781,.T.);
#1459=EDGE_CURVE('',#1689,#1684,#1782,.T.);
#1460=EDGE_CURVE('',#1684,#1679,#1783,.T.);
#1461=EDGE_CURVE('',#1679,#1674,#1784,.T.);
#1462=EDGE_CURVE('',#1674,#1669,#1785,.T.);
#1463=EDGE_CURVE('',#1669,#1664,#1786,.T.);
#1464=EDGE_CURVE('',#1664,#1659,#1787,.T.);
#1465=EDGE_CURVE('',#1659,#1654,#1788,.T.);
#1466=EDGE_CURVE('',#1654,#1649,#1789,.T.);
#1467=EDGE_CURVE('',#1649,#1644,#1790,.T.);
#1468=EDGE_CURVE('',#1644,#1639,#1791,.T.);
#1469=EDGE_CURVE('',#1639,#1634,#1792,.T.);
#1470=EDGE_CURVE('',#1634,#1629,#1793,.T.);
#1471=EDGE_CURVE('',#1629,#1624,#1794,.T.);
#1472=EDGE_CURVE('',#1624,#1619,#1795,.T.);
#1473=EDGE_CURVE('',#1619,#1614,#1796,.T.);
#1474=EDGE_CURVE('',#1614,#1699,#1797,.T.);
#1475=EDGE_CURVE('',#1505,#1499,#280,.T.);
#1476=EDGE_CURVE('',#1532,#1498,#281,.T.);
#1477=EDGE_CURVE('',#1702,#1703,#282,.T.);
#1478=EDGE_CURVE('',#1703,#1528,#374,.F.);
#1479=EDGE_CURVE('',#1702,#1527,#375,.T.);
#1480=EDGE_CURVE('',#1534,#1501,#283,.F.);
#1481=EDGE_CURVE('',#1500,#1702,#284,.T.);
#1482=EDGE_CURVE('',#1704,#1705,#12,.T.);
#1483=EDGE_CURVE('',#1705,#1706,#376,.T.);
#1484=EDGE_CURVE('',#1706,#1707,#1798,.F.);
#1485=EDGE_CURVE('',#1707,#1708,#377,.F.);
#1486=EDGE_CURVE('',#1708,#1709,#13,.T.);
#1487=EDGE_CURVE('',#1704,#1709,#1799,.T.);
#1488=EDGE_CURVE('',#1709,#1704,#378,.T.);
#1489=EDGE_CURVE('',#1706,#1703,#285,.T.);
#1490=EDGE_CURVE('',#1504,#1707,#286,.T.);
#1491=EDGE_CURVE('',#1708,#1530,#379,.F.);
#1492=EDGE_CURVE('',#1529,#1705,#380,.T.);
#1493=EDGE_CURVE('',#1536,#1531,#287,.T.);
#1494=EDGE_CURVE('',#1525,#1539,#381,.T.);
#1495=EDGE_CURVE('',#1526,#1538,#382,.T.);
#1496=EDGE_CURVE('',#1537,#1533,#288,.F.);
#1497=VERTEX_POINT('',#3006);
#1498=VERTEX_POINT('',#3008);
#1499=VERTEX_POINT('',#3009);
#1500=VERTEX_POINT('',#3011);
#1501=VERTEX_POINT('',#3013);
#1502=VERTEX_POINT('',#3017);
#1503=VERTEX_POINT('',#3018);
#1504=VERTEX_POINT('',#3020);
#1505=VERTEX_POINT('',#3025);
#1506=VERTEX_POINT('',#3029);
#1507=VERTEX_POINT('',#3031);
#1508=VERTEX_POINT('',#3032);
#1509=VERTEX_POINT('',#3034);
#1510=VERTEX_POINT('',#3036);
#1511=VERTEX_POINT('',#3038);
#1512=VERTEX_POINT('',#3040);
#1513=VERTEX_POINT('',#3042);
#1514=VERTEX_POINT('',#3044);
#1515=VERTEX_POINT('',#3046);
#1516=VERTEX_POINT('',#3048);
#1517=VERTEX_POINT('',#3050);
#1518=VERTEX_POINT('',#3052);
#1519=VERTEX_POINT('',#3054);
#1520=VERTEX_POINT('',#3056);
#1521=VERTEX_POINT('',#3058);
#1522=VERTEX_POINT('',#3060);
#1523=VERTEX_POINT('',#3062);
#1524=VERTEX_POINT('',#3064);
#1525=VERTEX_POINT('',#3068);
#1526=VERTEX_POINT('',#3070);
#1527=VERTEX_POINT('',#3072);
#1528=VERTEX_POINT('',#3074);
#1529=VERTEX_POINT('',#3076);
#1530=VERTEX_POINT('',#3078);
#1531=VERTEX_POINT('',#3082);
#1532=VERTEX_POINT('',#3083);
#1533=VERTEX_POINT('',#3088);
#1534=VERTEX_POINT('',#3089);
#1535=VERTEX_POINT('',#3097);
#1536=VERTEX_POINT('',#3100);
#1537=VERTEX_POINT('',#3101);
#1538=VERTEX_POINT('',#3103);
#1539=VERTEX_POINT('',#3105);
#1540=VERTEX_POINT('',#3109);
#1541=VERTEX_POINT('',#3110);
#1542=VERTEX_POINT('',#3116);
#1543=VERTEX_POINT('',#3127);
#1544=VERTEX_POINT('',#3139);
#1545=VERTEX_POINT('',#3145);
#1546=VERTEX_POINT('',#3151);
#1547=VERTEX_POINT('',#3153);
#1548=VERTEX_POINT('',#3161);
#1549=VERTEX_POINT('',#3162);
#1550=VERTEX_POINT('',#3168);
#1551=VERTEX_POINT('',#3179);
#1552=VERTEX_POINT('',#3187);
#1553=VERTEX_POINT('',#3188);
#1554=VERTEX_POINT('',#3194);
#1555=VERTEX_POINT('',#3205);
#1556=VERTEX_POINT('',#3213);
#1557=VERTEX_POINT('',#3214);
#1558=VERTEX_POINT('',#3220);
#1559=VERTEX_POINT('',#3231);
#1560=VERTEX_POINT('',#3239);
#1561=VERTEX_POINT('',#3240);
#1562=VERTEX_POINT('',#3246);
#1563=VERTEX_POINT('',#3257);
#1564=VERTEX_POINT('',#3265);
#1565=VERTEX_POINT('',#3266);
#1566=VERTEX_POINT('',#3272);
#1567=VERTEX_POINT('',#3283);
#1568=VERTEX_POINT('',#3291);
#1569=VERTEX_POINT('',#3292);
#1570=VERTEX_POINT('',#3298);
#1571=VERTEX_POINT('',#3309);
#1572=VERTEX_POINT('',#3317);
#1573=VERTEX_POINT('',#3318);
#1574=VERTEX_POINT('',#3324);
#1575=VERTEX_POINT('',#3335);
#1576=VERTEX_POINT('',#3343);
#1577=VERTEX_POINT('',#3344);
#1578=VERTEX_POINT('',#3350);
#1579=VERTEX_POINT('',#3361);
#1580=VERTEX_POINT('',#3369);
#1581=VERTEX_POINT('',#3370);
#1582=VERTEX_POINT('',#3376);
#1583=VERTEX_POINT('',#3387);
#1584=VERTEX_POINT('',#3395);
#1585=VERTEX_POINT('',#3396);
#1586=VERTEX_POINT('',#3402);
#1587=VERTEX_POINT('',#3413);
#1588=VERTEX_POINT('',#3421);
#1589=VERTEX_POINT('',#3422);
#1590=VERTEX_POINT('',#3428);
#1591=VERTEX_POINT('',#3439);
#1592=VERTEX_POINT('',#3447);
#1593=VERTEX_POINT('',#3448);
#1594=VERTEX_POINT('',#3454);
#1595=VERTEX_POINT('',#3465);
#1596=VERTEX_POINT('',#3473);
#1597=VERTEX_POINT('',#3474);
#1598=VERTEX_POINT('',#3480);
#1599=VERTEX_POINT('',#3491);
#1600=VERTEX_POINT('',#3499);
#1601=VERTEX_POINT('',#3500);
#1602=VERTEX_POINT('',#3506);
#1603=VERTEX_POINT('',#3517);
#1604=VERTEX_POINT('',#3525);
#1605=VERTEX_POINT('',#3526);
#1606=VERTEX_POINT('',#3532);
#1607=VERTEX_POINT('',#3543);
#1608=VERTEX_POINT('',#3551);
#1609=VERTEX_POINT('',#3552);
#1610=VERTEX_POINT('',#3558);
#1611=VERTEX_POINT('',#3569);
#1612=VERTEX_POINT('',#3577);
#1613=VERTEX_POINT('',#3579);
#1614=VERTEX_POINT('',#3591);
#1615=VERTEX_POINT('',#3597);
#1616=VERTEX_POINT('',#3601);
#1617=VERTEX_POINT('',#3609);
#1618=VERTEX_POINT('',#3611);
#1619=VERTEX_POINT('',#3623);
#1620=VERTEX_POINT('',#3629);
#1621=VERTEX_POINT('',#3633);
#1622=VERTEX_POINT('',#3641);
#1623=VERTEX_POINT('',#3643);
#1624=VERTEX_POINT('',#3655);
#1625=VERTEX_POINT('',#3661);
#1626=VERTEX_POINT('',#3665);
#1627=VERTEX_POINT('',#3673);
#1628=VERTEX_POINT('',#3675);
#1629=VERTEX_POINT('',#3687);
#1630=VERTEX_POINT('',#3693);
#1631=VERTEX_POINT('',#3697);
#1632=VERTEX_POINT('',#3705);
#1633=VERTEX_POINT('',#3707);
#1634=VERTEX_POINT('',#3719);
#1635=VERTEX_POINT('',#3725);
#1636=VERTEX_POINT('',#3729);
#1637=VERTEX_POINT('',#3737);
#1638=VERTEX_POINT('',#3739);
#1639=VERTEX_POINT('',#3751);
#1640=VERTEX_POINT('',#3757);
#1641=VERTEX_POINT('',#3761);
#1642=VERTEX_POINT('',#3769);
#1643=VERTEX_POINT('',#3771);
#1644=VERTEX_POINT('',#3783);
#1645=VERTEX_POINT('',#3789);
#1646=VERTEX_POINT('',#3793);
#1647=VERTEX_POINT('',#3801);
#1648=VERTEX_POINT('',#3803);
#1649=VERTEX_POINT('',#3815);
#1650=VERTEX_POINT('',#3821);
#1651=VERTEX_POINT('',#3825);
#1652=VERTEX_POINT('',#3833);
#1653=VERTEX_POINT('',#3835);
#1654=VERTEX_POINT('',#3847);
#1655=VERTEX_POINT('',#3853);
#1656=VERTEX_POINT('',#3857);
#1657=VERTEX_POINT('',#3865);
#1658=VERTEX_POINT('',#3867);
#1659=VERTEX_POINT('',#3879);
#1660=VERTEX_POINT('',#3885);
#1661=VERTEX_POINT('',#3889);
#1662=VERTEX_POINT('',#3897);
#1663=VERTEX_POINT('',#3899);
#1664=VERTEX_POINT('',#3911);
#1665=VERTEX_POINT('',#3917);
#1666=VERTEX_POINT('',#3921);
#1667=VERTEX_POINT('',#3929);
#1668=VERTEX_POINT('',#3931);
#1669=VERTEX_POINT('',#3943);
#1670=VERTEX_POINT('',#3949);
#1671=VERTEX_POINT('',#3953);
#1672=VERTEX_POINT('',#3961);
#1673=VERTEX_POINT('',#3963);
#1674=VERTEX_POINT('',#3975);
#1675=VERTEX_POINT('',#3981);
#1676=VERTEX_POINT('',#3985);
#1677=VERTEX_POINT('',#3993);
#1678=VERTEX_POINT('',#3995);
#1679=VERTEX_POINT('',#4007);
#1680=VERTEX_POINT('',#4013);
#1681=VERTEX_POINT('',#4017);
#1682=VERTEX_POINT('',#4025);
#1683=VERTEX_POINT('',#4027);
#1684=VERTEX_POINT('',#4039);
#1685=VERTEX_POINT('',#4045);
#1686=VERTEX_POINT('',#4049);
#1687=VERTEX_POINT('',#4057);
#1688=VERTEX_POINT('',#4059);
#1689=VERTEX_POINT('',#4071);
#1690=VERTEX_POINT('',#4077);
#1691=VERTEX_POINT('',#4081);
#1692=VERTEX_POINT('',#4089);
#1693=VERTEX_POINT('',#4091);
#1694=VERTEX_POINT('',#4103);
#1695=VERTEX_POINT('',#4109);
#1696=VERTEX_POINT('',#4113);
#1697=VERTEX_POINT('',#4153);
#1698=VERTEX_POINT('',#4155);
#1699=VERTEX_POINT('',#4167);
#1700=VERTEX_POINT('',#4173);
#1701=VERTEX_POINT('',#4177);
#1702=VERTEX_POINT('',#4238);
#1703=VERTEX_POINT('',#4239);
#1704=VERTEX_POINT('',#4255);
#1705=VERTEX_POINT('',#4256);
#1706=VERTEX_POINT('',#4258);
#1707=VERTEX_POINT('',#4260);
#1708=VERTEX_POINT('',#4262);
#1709=VERTEX_POINT('',#4264);
#1710=CIRCLE('',#2233,0.0056);
#1711=CIRCLE('',#2234,0.00075);
#1712=CIRCLE('',#2235,0.00355);
#1713=CIRCLE('',#2236,0.00075);
#1714=CIRCLE('',#2237,0.00355);
#1715=CIRCLE('',#2240,0.006);
#1716=CIRCLE('',#2241,0.008);
#1717=CIRCLE('',#2242,0.008);
#1718=CIRCLE('',#2243,0.008);
#1719=CIRCLE('',#2244,0.008);
#1720=CIRCLE('',#2245,0.008);
#1721=CIRCLE('',#2246,0.008);
#1722=CIRCLE('',#2247,0.008);
#1723=CIRCLE('',#2248,0.008);
#1724=CIRCLE('',#2249,0.008);
#1725=CIRCLE('',#2250,0.008);
#1726=CIRCLE('',#2251,0.008);
#1727=CIRCLE('',#2252,0.008);
#1728=CIRCLE('',#2253,0.008);
#1729=CIRCLE('',#2254,0.008);
#1730=CIRCLE('',#2255,0.008);
#1731=CIRCLE('',#2256,0.008);
#1732=CIRCLE('',#2257,0.008);
#1733=CIRCLE('',#2258,0.008);
#1734=CIRCLE('',#2261,0.00035);
#1735=CIRCLE('',#2262,0.00035);
#1736=CIRCLE('',#2264,0.00315);
#1737=CIRCLE('',#2265,0.00315);
#1738=CIRCLE('',#2267,0.00035);
#1739=CIRCLE('',#2268,0.00035);
#1740=CIRCLE('',#2270,0.006);
#1741=CIRCLE('',#2272,0.00295);
#1742=CIRCLE('',#2273,0.00015);
#1743=CIRCLE('',#2274,0.00015);
#1744=CIRCLE('',#2276,0.009);
#1745=CIRCLE('',#2278,0.009);
#1746=CIRCLE('',#2280,0.009);
#1747=CIRCLE('',#2282,0.009);
#1748=CIRCLE('',#2284,0.009);
#1749=CIRCLE('',#2286,0.009);
#1750=CIRCLE('',#2288,0.009);
#1751=CIRCLE('',#2290,0.009);
#1752=CIRCLE('',#2292,0.009);
#1753=CIRCLE('',#2294,0.009);
#1754=CIRCLE('',#2296,0.009);
#1755=CIRCLE('',#2298,0.009);
#1756=CIRCLE('',#2300,0.009);
#1757=CIRCLE('',#2302,0.009);
#1758=CIRCLE('',#2304,0.009);
#1759=CIRCLE('',#2306,0.009);
#1760=CIRCLE('',#2308,0.009);
#1761=CIRCLE('',#2310,0.009);
#1762=CIRCLE('',#2363,0.009);
#1763=CIRCLE('',#2365,0.009);
#1764=CIRCLE('',#2367,0.009);
#1765=CIRCLE('',#2369,0.009);
#1766=CIRCLE('',#2371,0.009);
#1767=CIRCLE('',#2373,0.009);
#1768=CIRCLE('',#2375,0.009);
#1769=CIRCLE('',#2377,0.009);
#1770=CIRCLE('',#2379,0.009);
#1771=CIRCLE('',#2381,0.009);
#1772=CIRCLE('',#2383,0.009);
#1773=CIRCLE('',#2385,0.009);
#1774=CIRCLE('',#2387,0.009);
#1775=CIRCLE('',#2389,0.009);
#1776=CIRCLE('',#2391,0.009);
#1777=CIRCLE('',#2393,0.009);
#1778=CIRCLE('',#2398,0.009);
#1779=CIRCLE('',#2400,0.009);
#1780=CIRCLE('',#2402,0.008);
#1781=CIRCLE('',#2404,0.008);
#1782=CIRCLE('',#2406,0.008);
#1783=CIRCLE('',#2408,0.008);
#1784=CIRCLE('',#2410,0.008);
#1785=CIRCLE('',#2412,0.008);
#1786=CIRCLE('',#2414,0.008);
#1787=CIRCLE('',#2416,0.008);
#1788=CIRCLE('',#2418,0.008);
#1789=CIRCLE('',#2420,0.008);
#1790=CIRCLE('',#2422,0.008);
#1791=CIRCLE('',#2424,0.008);
#1792=CIRCLE('',#2426,0.008);
#1793=CIRCLE('',#2428,0.008);
#1794=CIRCLE('',#2430,0.008);
#1795=CIRCLE('',#2432,0.008);
#1796=CIRCLE('',#2434,0.008);
#1797=CIRCLE('',#2436,0.008);
#1798=CIRCLE('',#2445,0.00315);
#1799=CIRCLE('',#2447,0.00315);
#1800=EDGE_LOOP('',(#477));
#1801=EDGE_LOOP('',(#478,#479,#480,#481));
#1802=EDGE_LOOP('',(#482,#483,#484,#485));
#1803=EDGE_LOOP('',(#486));
#1804=EDGE_LOOP('',(#487,#488,#489,#490,#491,#492,#493,#494,#495,#496,#497,
#498,#499,#500,#501,#502,#503,#504));
#1805=EDGE_LOOP('',(#505,#506,#507,#508,#509,#510,#511,#512));
#1806=EDGE_LOOP('',(#513,#514,#515,#516));
#1807=EDGE_LOOP('',(#517,#518,#519,#520));
#1808=EDGE_LOOP('',(#521,#522,#523,#524));
#1809=EDGE_LOOP('',(#525));
#1810=EDGE_LOOP('',(#526));
#1811=EDGE_LOOP('',(#527,#528,#529,#530));
#1812=EDGE_LOOP('',(#531,#532,#533,#534,#535,#536));
#1813=EDGE_LOOP('',(#537,#538,#539,#540,#541,#542));
#1814=EDGE_LOOP('',(#543,#544,#545,#546,#547,#548));
#1815=EDGE_LOOP('',(#549,#550,#551,#552,#553,#554));
#1816=EDGE_LOOP('',(#555,#556,#557,#558,#559,#560));
#1817=EDGE_LOOP('',(#561,#562,#563,#564,#565,#566));
#1818=EDGE_LOOP('',(#567,#568,#569,#570,#571,#572));
#1819=EDGE_LOOP('',(#573,#574,#575,#576,#577,#578));
#1820=EDGE_LOOP('',(#579,#580,#581,#582,#583,#584));
#1821=EDGE_LOOP('',(#585,#586,#587,#588,#589,#590));
#1822=EDGE_LOOP('',(#591,#592,#593,#594,#595,#596));
#1823=EDGE_LOOP('',(#597,#598,#599,#600,#601,#602));
#1824=EDGE_LOOP('',(#603,#604,#605,#606,#607,#608));
#1825=EDGE_LOOP('',(#609,#610,#611,#612,#613,#614));
#1826=EDGE_LOOP('',(#615,#616,#617,#618,#619,#620));
#1827=EDGE_LOOP('',(#621,#622,#623,#624,#625,#626));
#1828=EDGE_LOOP('',(#627,#628,#629,#630,#631,#632));
#1829=EDGE_LOOP('',(#633,#634,#635,#636,#637,#638));
#1830=EDGE_LOOP('',(#639,#640,#641,#642));
#1831=EDGE_LOOP('',(#643,#644,#645,#646,#647,#648));
#1832=EDGE_LOOP('',(#649,#650,#651,#652));
#1833=EDGE_LOOP('',(#653,#654,#655,#656));
#1834=EDGE_LOOP('',(#657,#658,#659,#660,#661,#662));
#1835=EDGE_LOOP('',(#663,#664,#665,#666));
#1836=EDGE_LOOP('',(#667,#668,#669,#670));
#1837=EDGE_LOOP('',(#671,#672,#673,#674,#675,#676));
#1838=EDGE_LOOP('',(#677,#678,#679,#680));
#1839=EDGE_LOOP('',(#681,#682,#683,#684));
#1840=EDGE_LOOP('',(#685,#686,#687,#688,#689,#690));
#1841=EDGE_LOOP('',(#691,#692,#693,#694));
#1842=EDGE_LOOP('',(#695,#696,#697,#698));
#1843=EDGE_LOOP('',(#699,#700,#701,#702,#703,#704));
#1844=EDGE_LOOP('',(#705,#706,#707,#708));
#1845=EDGE_LOOP('',(#709,#710,#711,#712));
#1846=EDGE_LOOP('',(#713,#714,#715,#716,#717,#718));
#1847=EDGE_LOOP('',(#719,#720,#721,#722));
#1848=EDGE_LOOP('',(#723,#724,#725,#726));
#1849=EDGE_LOOP('',(#727,#728,#729,#730,#731,#732));
#1850=EDGE_LOOP('',(#733,#734,#735,#736));
#1851=EDGE_LOOP('',(#737,#738,#739,#740));
#1852=EDGE_LOOP('',(#741,#742,#743,#744,#745,#746));
#1853=EDGE_LOOP('',(#747,#748,#749,#750));
#1854=EDGE_LOOP('',(#751,#752,#753,#754));
#1855=EDGE_LOOP('',(#755,#756,#757,#758,#759,#760));
#1856=EDGE_LOOP('',(#761,#762,#763,#764));
#1857=EDGE_LOOP('',(#765,#766,#767,#768));
#1858=EDGE_LOOP('',(#769,#770,#771,#772,#773,#774));
#1859=EDGE_LOOP('',(#775,#776,#777,#778));
#1860=EDGE_LOOP('',(#779,#780,#781,#782));
#1861=EDGE_LOOP('',(#783,#784,#785,#786,#787,#788));
#1862=EDGE_LOOP('',(#789,#790,#791,#792));
#1863=EDGE_LOOP('',(#793,#794,#795,#796));
#1864=EDGE_LOOP('',(#797,#798,#799,#800,#801,#802));
#1865=EDGE_LOOP('',(#803,#804,#805,#806));
#1866=EDGE_LOOP('',(#807,#808,#809,#810));
#1867=EDGE_LOOP('',(#811,#812,#813,#814,#815,#816));
#1868=EDGE_LOOP('',(#817,#818,#819,#820));
#1869=EDGE_LOOP('',(#821,#822,#823,#824));
#1870=EDGE_LOOP('',(#825,#826,#827,#828,#829,#830));
#1871=EDGE_LOOP('',(#831,#832,#833,#834));
#1872=EDGE_LOOP('',(#835,#836,#837,#838));
#1873=EDGE_LOOP('',(#839,#840,#841,#842,#843,#844));
#1874=EDGE_LOOP('',(#845,#846,#847,#848));
#1875=EDGE_LOOP('',(#849,#850,#851,#852));
#1876=EDGE_LOOP('',(#853,#854,#855,#856,#857,#858));
#1877=EDGE_LOOP('',(#859,#860,#861,#862));
#1878=EDGE_LOOP('',(#863,#864,#865,#866));
#1879=EDGE_LOOP('',(#867,#868,#869,#870,#871,#872));
#1880=EDGE_LOOP('',(#873,#874,#875,#876));
#1881=EDGE_LOOP('',(#877,#878,#879,#880));
#1882=EDGE_LOOP('',(#881,#882,#883,#884));
#1883=EDGE_LOOP('',(#885,#886,#887,#888));
#1884=EDGE_LOOP('',(#889,#890,#891,#892));
#1885=EDGE_LOOP('',(#893,#894,#895,#896));
#1886=EDGE_LOOP('',(#897,#898,#899,#900));
#1887=EDGE_LOOP('',(#901,#902,#903,#904));
#1888=EDGE_LOOP('',(#905,#906,#907,#908));
#1889=EDGE_LOOP('',(#909,#910,#911,#912));
#1890=EDGE_LOOP('',(#913,#914,#915,#916));
#1891=EDGE_LOOP('',(#917,#918,#919,#920));
#1892=EDGE_LOOP('',(#921,#922,#923,#924));
#1893=EDGE_LOOP('',(#925,#926,#927,#928));
#1894=EDGE_LOOP('',(#929,#930,#931,#932));
#1895=EDGE_LOOP('',(#933,#934,#935,#936));
#1896=EDGE_LOOP('',(#937,#938,#939,#940));
#1897=EDGE_LOOP('',(#941,#942,#943,#944));
#1898=EDGE_LOOP('',(#945,#946,#947,#948,#949,#950));
#1899=EDGE_LOOP('',(#951,#952,#953,#954));
#1900=EDGE_LOOP('',(#955,#956,#957,#958));
#1901=EDGE_LOOP('',(#959,#960,#961,#962));
#1902=EDGE_LOOP('',(#963,#964,#965,#966,#967,#968));
#1903=EDGE_LOOP('',(#969,#970,#971,#972,#973,#974));
#1904=EDGE_LOOP('',(#975,#976,#977,#978,#979,#980));
#1905=EDGE_LOOP('',(#981,#982,#983,#984,#985,#986));
#1906=EDGE_LOOP('',(#987,#988,#989,#990,#991,#992));
#1907=EDGE_LOOP('',(#993,#994,#995,#996,#997,#998));
#1908=EDGE_LOOP('',(#999,#1000,#1001,#1002,#1003,#1004));
#1909=EDGE_LOOP('',(#1005,#1006,#1007,#1008,#1009,#1010));
#1910=EDGE_LOOP('',(#1011,#1012,#1013,#1014,#1015,#1016));
#1911=EDGE_LOOP('',(#1017,#1018,#1019,#1020,#1021,#1022));
#1912=EDGE_LOOP('',(#1023,#1024,#1025,#1026,#1027,#1028));
#1913=EDGE_LOOP('',(#1029,#1030,#1031,#1032,#1033,#1034));
#1914=EDGE_LOOP('',(#1035,#1036,#1037,#1038,#1039,#1040));
#1915=EDGE_LOOP('',(#1041,#1042,#1043,#1044,#1045,#1046));
#1916=EDGE_LOOP('',(#1047,#1048,#1049,#1050,#1051,#1052));
#1917=EDGE_LOOP('',(#1053,#1054,#1055,#1056,#1057,#1058));
#1918=EDGE_LOOP('',(#1059,#1060,#1061,#1062,#1063,#1064));
#1919=EDGE_LOOP('',(#1065,#1066,#1067,#1068,#1069,#1070));
#1920=EDGE_LOOP('',(#1071,#1072,#1073,#1074,#1075,#1076,#1077,#1078,#1079,
#1080,#1081,#1082,#1083,#1084,#1085,#1086,#1087,#1088));
#1921=EDGE_LOOP('',(#1089,#1090,#1091,#1092,#1093));
#1922=EDGE_LOOP('',(#1094,#1095,#1096,#1097));
#1923=EDGE_LOOP('',(#1098,#1099,#1100,#1101));
#1924=EDGE_LOOP('',(#1102,#1103,#1104,#1105,#1106));
#1925=EDGE_LOOP('',(#1107));
#1926=EDGE_LOOP('',(#1108));
#1927=EDGE_LOOP('',(#1109,#1110,#1111,#1112,#1113,#1114));
#1928=EDGE_LOOP('',(#1115,#1116));
#1929=EDGE_LOOP('',(#1117,#1118,#1119,#1120,#1121,#1122,#1123,#1124));
#1930=EDGE_LOOP('',(#1125,#1126,#1127,#1128,#1129,#1130));
#1931=EDGE_LOOP('',(#1131,#1132,#1133,#1134,#1135));
#1932=EDGE_LOOP('',(#1136,#1137,#1138,#1139,#1140));
#1933=EDGE_LOOP('',(#1141,#1142,#1143,#1144));
#1934=EDGE_LOOP('',(#1145,#1146,#1147,#1148));
#1935=EDGE_LOOP('',(#1149,#1150,#1151,#1152));
#1936=EDGE_LOOP('',(#1153,#1154,#1155,#1156));
#1937=FACE_BOUND('',#1800,.T.);
#1938=FACE_BOUND('',#1801,.T.);
#1939=FACE_BOUND('',#1802,.T.);
#1940=FACE_BOUND('',#1803,.T.);
#1941=FACE_BOUND('',#1804,.T.);
#1942=FACE_BOUND('',#1805,.T.);
#1943=FACE_BOUND('',#1806,.T.);
#1944=FACE_BOUND('',#1807,.T.);
#1945=FACE_BOUND('',#1808,.T.);
#1946=FACE_BOUND('',#1809,.T.);
#1947=FACE_BOUND('',#1810,.T.);
#1948=FACE_BOUND('',#1811,.T.);
#1949=FACE_BOUND('',#1812,.T.);
#1950=FACE_BOUND('',#1813,.T.);
#1951=FACE_BOUND('',#1814,.T.);
#1952=FACE_BOUND('',#1815,.T.);
#1953=FACE_BOUND('',#1816,.T.);
#1954=FACE_BOUND('',#1817,.T.);
#1955=FACE_BOUND('',#1818,.T.);
#1956=FACE_BOUND('',#1819,.T.);
#1957=FACE_BOUND('',#1820,.T.);
#1958=FACE_BOUND('',#1821,.T.);
#1959=FACE_BOUND('',#1822,.T.);
#1960=FACE_BOUND('',#1823,.T.);
#1961=FACE_BOUND('',#1824,.T.);
#1962=FACE_BOUND('',#1825,.T.);
#1963=FACE_BOUND('',#1826,.T.);
#1964=FACE_BOUND('',#1827,.T.);
#1965=FACE_BOUND('',#1828,.T.);
#1966=FACE_BOUND('',#1829,.T.);
#1967=FACE_BOUND('',#1830,.T.);
#1968=FACE_BOUND('',#1831,.T.);
#1969=FACE_BOUND('',#1832,.T.);
#1970=FACE_BOUND('',#1833,.T.);
#1971=FACE_BOUND('',#1834,.T.);
#1972=FACE_BOUND('',#1835,.T.);
#1973=FACE_BOUND('',#1836,.T.);
#1974=FACE_BOUND('',#1837,.T.);
#1975=FACE_BOUND('',#1838,.T.);
#1976=FACE_BOUND('',#1839,.T.);
#1977=FACE_BOUND('',#1840,.T.);
#1978=FACE_BOUND('',#1841,.T.);
#1979=FACE_BOUND('',#1842,.T.);
#1980=FACE_BOUND('',#1843,.T.);
#1981=FACE_BOUND('',#1844,.T.);
#1982=FACE_BOUND('',#1845,.T.);
#1983=FACE_BOUND('',#1846,.T.);
#1984=FACE_BOUND('',#1847,.T.);
#1985=FACE_BOUND('',#1848,.T.);
#1986=FACE_BOUND('',#1849,.T.);
#1987=FACE_BOUND('',#1850,.T.);
#1988=FACE_BOUND('',#1851,.T.);
#1989=FACE_BOUND('',#1852,.T.);
#1990=FACE_BOUND('',#1853,.T.);
#1991=FACE_BOUND('',#1854,.T.);
#1992=FACE_BOUND('',#1855,.T.);
#1993=FACE_BOUND('',#1856,.T.);
#1994=FACE_BOUND('',#1857,.T.);
#1995=FACE_BOUND('',#1858,.T.);
#1996=FACE_BOUND('',#1859,.T.);
#1997=FACE_BOUND('',#1860,.T.);
#1998=FACE_BOUND('',#1861,.T.);
#1999=FACE_BOUND('',#1862,.T.);
#2000=FACE_BOUND('',#1863,.T.);
#2001=FACE_BOUND('',#1864,.T.);
#2002=FACE_BOUND('',#1865,.T.);
#2003=FACE_BOUND('',#1866,.T.);
#2004=FACE_BOUND('',#1867,.T.);
#2005=FACE_BOUND('',#1868,.T.);
#2006=FACE_BOUND('',#1869,.T.);
#2007=FACE_BOUND('',#1870,.T.);
#2008=FACE_BOUND('',#1871,.T.);
#2009=FACE_BOUND('',#1872,.T.);
#2010=FACE_BOUND('',#1873,.T.);
#2011=FACE_BOUND('',#1874,.T.);
#2012=FACE_BOUND('',#1875,.T.);
#2013=FACE_BOUND('',#1876,.T.);
#2014=FACE_BOUND('',#1877,.T.);
#2015=FACE_BOUND('',#1878,.T.);
#2016=FACE_BOUND('',#1879,.T.);
#2017=FACE_BOUND('',#1880,.T.);
#2018=FACE_BOUND('',#1881,.T.);
#2019=FACE_BOUND('',#1882,.T.);
#2020=FACE_BOUND('',#1883,.T.);
#2021=FACE_BOUND('',#1884,.T.);
#2022=FACE_BOUND('',#1885,.T.);
#2023=FACE_BOUND('',#1886,.T.);
#2024=FACE_BOUND('',#1887,.T.);
#2025=FACE_BOUND('',#1888,.T.);
#2026=FACE_BOUND('',#1889,.T.);
#2027=FACE_BOUND('',#1890,.T.);
#2028=FACE_BOUND('',#1891,.T.);
#2029=FACE_BOUND('',#1892,.T.);
#2030=FACE_BOUND('',#1893,.T.);
#2031=FACE_BOUND('',#1894,.T.);
#2032=FACE_BOUND('',#1895,.T.);
#2033=FACE_BOUND('',#1896,.T.);
#2034=FACE_BOUND('',#1897,.T.);
#2035=FACE_BOUND('',#1898,.T.);
#2036=FACE_BOUND('',#1899,.T.);
#2037=FACE_BOUND('',#1900,.T.);
#2038=FACE_BOUND('',#1901,.T.);
#2039=FACE_BOUND('',#1902,.T.);
#2040=FACE_BOUND('',#1903,.T.);
#2041=FACE_BOUND('',#1904,.T.);
#2042=FACE_BOUND('',#1905,.T.);
#2043=FACE_BOUND('',#1906,.T.);
#2044=FACE_BOUND('',#1907,.T.);
#2045=FACE_BOUND('',#1908,.T.);
#2046=FACE_BOUND('',#1909,.T.);
#2047=FACE_BOUND('',#1910,.T.);
#2048=FACE_BOUND('',#1911,.T.);
#2049=FACE_BOUND('',#1912,.T.);
#2050=FACE_BOUND('',#1913,.T.);
#2051=FACE_BOUND('',#1914,.T.);
#2052=FACE_BOUND('',#1915,.T.);
#2053=FACE_BOUND('',#1916,.T.);
#2054=FACE_BOUND('',#1917,.T.);
#2055=FACE_BOUND('',#1918,.T.);
#2056=FACE_BOUND('',#1919,.T.);
#2057=FACE_BOUND('',#1920,.T.);
#2058=FACE_BOUND('',#1921,.T.);
#2059=FACE_BOUND('',#1922,.T.);
#2060=FACE_BOUND('',#1923,.T.);
#2061=FACE_BOUND('',#1924,.T.);
#2062=FACE_BOUND('',#1925,.T.);
#2063=FACE_BOUND('',#1926,.T.);
#2064=FACE_BOUND('',#1927,.T.);
#2065=FACE_BOUND('',#1928,.T.);
#2066=FACE_BOUND('',#1929,.T.);
#2067=FACE_BOUND('',#1930,.T.);
#2068=FACE_BOUND('',#1931,.T.);
#2069=FACE_BOUND('',#1932,.T.);
#2070=FACE_BOUND('',#1933,.T.);
#2071=FACE_BOUND('',#1934,.T.);
#2072=FACE_BOUND('',#1935,.T.);
#2073=FACE_BOUND('',#1936,.T.);
#2074=PLANE('',#2232);
#2075=PLANE('',#2238);
#2076=PLANE('',#2239);
#2077=PLANE('',#2259);
#2078=PLANE('',#2271);
#2079=PLANE('',#2437);
#2080=PLANE('',#2439);
#2081=PLANE('',#2448);
#2082=PLANE('',#2450);
#2083=PLANE('',#2451);
#2084=PLANE('',#2452);
#2085=PLANE('',#2454);
#2086=ADVANCED_FACE('',(#1937,#1938),#2074,.F.);
#2087=ADVANCED_FACE('',(#1939),#2075,.T.);
#2088=ADVANCED_FACE('',(#1940,#1941),#2076,.F.);
#2089=ADVANCED_FACE('',(#1942),#2077,.T.);
#2090=ADVANCED_FACE('',(#1943),#58,.F.);
#2091=ADVANCED_FACE('',(#1944),#59,.F.);
#2092=ADVANCED_FACE('',(#1945),#60,.F.);
#2093=ADVANCED_FACE('',(#1946,#1947),#61,.T.);
#2094=ADVANCED_FACE('',(#1948),#2078,.F.);
#2095=ADVANCED_FACE('',(#1949),#14,.T.);
#2096=ADVANCED_FACE('',(#1950),#15,.T.);
#2097=ADVANCED_FACE('',(#1951),#16,.T.);
#2098=ADVANCED_FACE('',(#1952),#17,.T.);
#2099=ADVANCED_FACE('',(#1953),#18,.T.);
#2100=ADVANCED_FACE('',(#1954),#19,.T.);
#2101=ADVANCED_FACE('',(#1955),#20,.T.);
#2102=ADVANCED_FACE('',(#1956),#21,.T.);
#2103=ADVANCED_FACE('',(#1957),#22,.T.);
#2104=ADVANCED_FACE('',(#1958),#23,.T.);
#2105=ADVANCED_FACE('',(#1959),#24,.T.);
#2106=ADVANCED_FACE('',(#1960),#25,.T.);
#2107=ADVANCED_FACE('',(#1961),#26,.T.);
#2108=ADVANCED_FACE('',(#1962),#27,.T.);
#2109=ADVANCED_FACE('',(#1963),#28,.T.);
#2110=ADVANCED_FACE('',(#1964),#29,.T.);
#2111=ADVANCED_FACE('',(#1965),#30,.T.);
#2112=ADVANCED_FACE('',(#1966),#31,.T.);
#2113=ADVANCED_FACE('',(#1967),#62,.T.);
#2114=ADVANCED_FACE('',(#1968),#63,.F.);
#2115=ADVANCED_FACE('',(#1969),#64,.T.);
#2116=ADVANCED_FACE('',(#1970),#65,.T.);
#2117=ADVANCED_FACE('',(#1971),#66,.F.);
#2118=ADVANCED_FACE('',(#1972),#67,.T.);
#2119=ADVANCED_FACE('',(#1973),#68,.T.);
#2120=ADVANCED_FACE('',(#1974),#69,.F.);
#2121=ADVANCED_FACE('',(#1975),#70,.T.);
#2122=ADVANCED_FACE('',(#1976),#71,.T.);
#2123=ADVANCED_FACE('',(#1977),#72,.F.);
#2124=ADVANCED_FACE('',(#1978),#73,.T.);
#2125=ADVANCED_FACE('',(#1979),#74,.T.);
#2126=ADVANCED_FACE('',(#1980),#75,.F.);
#2127=ADVANCED_FACE('',(#1981),#76,.T.);
#2128=ADVANCED_FACE('',(#1982),#77,.T.);
#2129=ADVANCED_FACE('',(#1983),#78,.F.);
#2130=ADVANCED_FACE('',(#1984),#79,.T.);
#2131=ADVANCED_FACE('',(#1985),#80,.T.);
#2132=ADVANCED_FACE('',(#1986),#81,.F.);
#2133=ADVANCED_FACE('',(#1987),#82,.T.);
#2134=ADVANCED_FACE('',(#1988),#83,.T.);
#2135=ADVANCED_FACE('',(#1989),#84,.F.);
#2136=ADVANCED_FACE('',(#1990),#85,.T.);
#2137=ADVANCED_FACE('',(#1991),#86,.T.);
#2138=ADVANCED_FACE('',(#1992),#87,.F.);
#2139=ADVANCED_FACE('',(#1993),#88,.T.);
#2140=ADVANCED_FACE('',(#1994),#89,.T.);
#2141=ADVANCED_FACE('',(#1995),#90,.F.);
#2142=ADVANCED_FACE('',(#1996),#91,.T.);
#2143=ADVANCED_FACE('',(#1997),#92,.T.);
#2144=ADVANCED_FACE('',(#1998),#93,.F.);
#2145=ADVANCED_FACE('',(#1999),#94,.T.);
#2146=ADVANCED_FACE('',(#2000),#95,.T.);
#2147=ADVANCED_FACE('',(#2001),#96,.F.);
#2148=ADVANCED_FACE('',(#2002),#97,.T.);
#2149=ADVANCED_FACE('',(#2003),#98,.T.);
#2150=ADVANCED_FACE('',(#2004),#99,.F.);
#2151=ADVANCED_FACE('',(#2005),#100,.T.);
#2152=ADVANCED_FACE('',(#2006),#101,.T.);
#2153=ADVANCED_FACE('',(#2007),#102,.F.);
#2154=ADVANCED_FACE('',(#2008),#103,.T.);
#2155=ADVANCED_FACE('',(#2009),#104,.T.);
#2156=ADVANCED_FACE('',(#2010),#105,.F.);
#2157=ADVANCED_FACE('',(#2011),#106,.T.);
#2158=ADVANCED_FACE('',(#2012),#107,.T.);
#2159=ADVANCED_FACE('',(#2013),#108,.F.);
#2160=ADVANCED_FACE('',(#2014),#109,.T.);
#2161=ADVANCED_FACE('',(#2015),#110,.T.);
#2162=ADVANCED_FACE('',(#2016),#111,.F.);
#2163=ADVANCED_FACE('',(#2017),#112,.T.);
#2164=ADVANCED_FACE('',(#2018),#113,.T.);
#2165=ADVANCED_FACE('',(#2019),#114,.T.);
#2166=ADVANCED_FACE('',(#2020),#115,.T.);
#2167=ADVANCED_FACE('',(#2021),#116,.T.);
#2168=ADVANCED_FACE('',(#2022),#117,.T.);
#2169=ADVANCED_FACE('',(#2023),#118,.T.);
#2170=ADVANCED_FACE('',(#2024),#119,.T.);
#2171=ADVANCED_FACE('',(#2025),#120,.T.);
#2172=ADVANCED_FACE('',(#2026),#121,.T.);
#2173=ADVANCED_FACE('',(#2027),#122,.T.);
#2174=ADVANCED_FACE('',(#2028),#123,.T.);
#2175=ADVANCED_FACE('',(#2029),#124,.T.);
#2176=ADVANCED_FACE('',(#2030),#125,.T.);
#2177=ADVANCED_FACE('',(#2031),#126,.T.);
#2178=ADVANCED_FACE('',(#2032),#127,.T.);
#2179=ADVANCED_FACE('',(#2033),#128,.T.);
#2180=ADVANCED_FACE('',(#2034),#129,.T.);
#2181=ADVANCED_FACE('',(#2035),#130,.F.);
#2182=ADVANCED_FACE('',(#2036),#131,.T.);
#2183=ADVANCED_FACE('',(#2037),#132,.T.);
#2184=ADVANCED_FACE('',(#2038),#133,.T.);
#2185=ADVANCED_FACE('',(#2039),#32,.T.);
#2186=ADVANCED_FACE('',(#2040),#33,.T.);
#2187=ADVANCED_FACE('',(#2041),#34,.T.);
#2188=ADVANCED_FACE('',(#2042),#35,.T.);
#2189=ADVANCED_FACE('',(#2043),#36,.T.);
#2190=ADVANCED_FACE('',(#2044),#37,.T.);
#2191=ADVANCED_FACE('',(#2045),#38,.T.);
#2192=ADVANCED_FACE('',(#2046),#39,.T.);
#2193=ADVANCED_FACE('',(#2047),#40,.T.);
#2194=ADVANCED_FACE('',(#2048),#41,.T.);
#2195=ADVANCED_FACE('',(#2049),#42,.T.);
#2196=ADVANCED_FACE('',(#2050),#43,.T.);
#2197=ADVANCED_FACE('',(#2051),#44,.T.);
#2198=ADVANCED_FACE('',(#2052),#45,.T.);
#2199=ADVANCED_FACE('',(#2053),#46,.T.);
#2200=ADVANCED_FACE('',(#2054),#47,.T.);
#2201=ADVANCED_FACE('',(#2055),#48,.T.);
#2202=ADVANCED_FACE('',(#2056),#49,.T.);
#2203=ADVANCED_FACE('',(#2057),#2079,.T.);
#2204=ADVANCED_FACE('',(#2058),#50,.F.);
#2205=ADVANCED_FACE('',(#2059),#2080,.T.);
#2206=ADVANCED_FACE('',(#2060),#51,.F.);
#2207=ADVANCED_FACE('',(#2061),#52,.F.);
#2208=ADVANCED_FACE('',(#2062,#2063),#53,.T.);
#2209=ADVANCED_FACE('',(#2064),#134,.F.);
#2210=ADVANCED_FACE('',(#2065),#2081,.T.);
#2211=ADVANCED_FACE('',(#2066),#54,.F.);
#2212=ADVANCED_FACE('',(#2067),#2082,.F.);
#2213=ADVANCED_FACE('',(#2068),#2083,.F.);
#2214=ADVANCED_FACE('',(#2069),#2084,.T.);
#2215=ADVANCED_FACE('',(#2070),#55,.F.);
#2216=ADVANCED_FACE('',(#2071),#2085,.F.);
#2217=ADVANCED_FACE('',(#2072),#56,.F.);
#2218=ADVANCED_FACE('',(#2073),#57,.F.);
#2219=CLOSED_SHELL('',(#2086,#2087,#2088,#2089,#2090,#2091,#2092,#2093,
#2094,#2095,#2096,#2097,#2098,#2099,#2100,#2101,#2102,#2103,#2104,#2105,
#2106,#2107,#2108,#2109,#2110,#2111,#2112,#2113,#2114,#2115,#2116,#2117,
#2118,#2119,#2120,#2121,#2122,#2123,#2124,#2125,#2126,#2127,#2128,#2129,
#2130,#2131,#2132,#2133,#2134,#2135,#2136,#2137,#2138,#2139,#2140,#2141,
#2142,#2143,#2144,#2145,#2146,#2147,#2148,#2149,#2150,#2151,#2152,#2153,
#2154,#2155,#2156,#2157,#2158,#2159,#2160,#2161,#2162,#2163,#2164,#2165,
#2166,#2167,#2168,#2169,#2170,#2171,#2172,#2173,#2174,#2175,#2176,#2177,
#2178,#2179,#2180,#2181,#2182,#2183,#2184,#2185,#2186,#2187,#2188,#2189,
#2190,#2191,#2192,#2193,#2194,#2195,#2196,#2197,#2198,#2199,#2200,#2201,
#2202,#2203,#2204,#2205,#2206,#2207,#2208,#2209,#2210,#2211,#2212,#2213,
#2214,#2215,#2216,#2217,#2218));
#2220=STYLED_ITEM('',(#2221),#2228);
#2221=PRESENTATION_STYLE_ASSIGNMENT((#2222));
#2222=SURFACE_STYLE_USAGE(.BOTH.,#2223);
#2223=SURFACE_SIDE_STYLE('',(#2224));
#2224=SURFACE_STYLE_FILL_AREA(#2225);
#2225=FILL_AREA_STYLE('',(#2226));
#2226=FILL_AREA_STYLE_COLOUR('',#2227);
#2227=COLOUR_RGB('',0.917647058823529,0.917647058823529,0.917647058823529);
#2228=MANIFOLD_SOLID_BREP('Knob',#2219);
#2229=SHAPE_DEFINITION_REPRESENTATION(#4302,#2230);
#2230=SHAPE_REPRESENTATION('Knob',(#2231),#4297);
#2231=AXIS2_PLACEMENT_3D('',#3003,#2457,#2458);
#2232=AXIS2_PLACEMENT_3D('',#3004,#2459,#2460);
#2233=AXIS2_PLACEMENT_3D('',#3005,#2461,#2462);
#2234=AXIS2_PLACEMENT_3D('',#3007,#2463,#2464);
#2235=AXIS2_PLACEMENT_3D('',#3010,#2465,#2466);
#2236=AXIS2_PLACEMENT_3D('',#3012,#2467,#2468);
#2237=AXIS2_PLACEMENT_3D('',#3014,#2469,#2470);
#2238=AXIS2_PLACEMENT_3D('',#3015,#2471,#2472);
#2239=AXIS2_PLACEMENT_3D('',#3027,#2476,#2477);
#2240=AXIS2_PLACEMENT_3D('',#3028,#2478,#2479);
#2241=AXIS2_PLACEMENT_3D('',#3030,#2480,#2481);
#2242=AXIS2_PLACEMENT_3D('',#3033,#2482,#2483);
#2243=AXIS2_PLACEMENT_3D('',#3035,#2484,#2485);
#2244=AXIS2_PLACEMENT_3D('',#3037,#2486,#2487);
#2245=AXIS2_PLACEMENT_3D('',#3039,#2488,#2489);
#2246=AXIS2_PLACEMENT_3D('',#3041,#2490,#2491);
#2247=AXIS2_PLACEMENT_3D('',#3043,#2492,#2493);
#2248=AXIS2_PLACEMENT_3D('',#3045,#2494,#2495);
#2249=AXIS2_PLACEMENT_3D('',#3047,#2496,#2497);
#2250=AXIS2_PLACEMENT_3D('',#3049,#2498,#2499);
#2251=AXIS2_PLACEMENT_3D('',#3051,#2500,#2501);
#2252=AXIS2_PLACEMENT_3D('',#3053,#2502,#2503);
#2253=AXIS2_PLACEMENT_3D('',#3055,#2504,#2505);
#2254=AXIS2_PLACEMENT_3D('',#3057,#2506,#2507);
#2255=AXIS2_PLACEMENT_3D('',#3059,#2508,#2509);
#2256=AXIS2_PLACEMENT_3D('',#3061,#2510,#2511);
#2257=AXIS2_PLACEMENT_3D('',#3063,#2512,#2513);
#2258=AXIS2_PLACEMENT_3D('',#3065,#2514,#2515);
#2259=AXIS2_PLACEMENT_3D('',#3066,#2516,#2517);
#2260=AXIS2_PLACEMENT_3D('',#3080,#2525,#2526);
#2261=AXIS2_PLACEMENT_3D('',#3084,#2528,#2529);
#2262=AXIS2_PLACEMENT_3D('',#3085,#2530,#2531);
#2263=AXIS2_PLACEMENT_3D('',#3086,#2532,#2533);
#2264=AXIS2_PLACEMENT_3D('',#3090,#2535,#2536);
#2265=AXIS2_PLACEMENT_3D('',#3091,#2537,#2538);
#2266=AXIS2_PLACEMENT_3D('',#3092,#2539,#2540);
#2267=AXIS2_PLACEMENT_3D('',#3093,#2541,#2542);
#2268=AXIS2_PLACEMENT_3D('',#3094,#2543,#2544);
#2269=AXIS2_PLACEMENT_3D('',#3095,#2545,#2546);
#2270=AXIS2_PLACEMENT_3D('',#3096,#2547,#2548);
#2271=AXIS2_PLACEMENT_3D('',#3098,#2549,#2550);
#2272=AXIS2_PLACEMENT_3D('',#3099,#2551,#2552);
#2273=AXIS2_PLACEMENT_3D('',#3102,#2553,#2554);
#2274=AXIS2_PLACEMENT_3D('',#3106,#2556,#2557);
#2275=AXIS2_PLACEMENT_3D('',#3107,#2558,#2559);
#2276=AXIS2_PLACEMENT_3D('',#3108,#2560,#2561);
#2277=AXIS2_PLACEMENT_3D('',#3133,#2562,#2563);
#2278=AXIS2_PLACEMENT_3D('',#3152,#2564,#2565);
#2279=AXIS2_PLACEMENT_3D('',#3159,#2566,#2567);
#2280=AXIS2_PLACEMENT_3D('',#3160,#2568,#2569);
#2281=AXIS2_PLACEMENT_3D('',#3185,#2570,#2571);
#2282=AXIS2_PLACEMENT_3D('',#3186,#2572,#2573);
#2283=AXIS2_PLACEMENT_3D('',#3211,#2574,#2575);
#2284=AXIS2_PLACEMENT_3D('',#3212,#2576,#2577);
#2285=AXIS2_PLACEMENT_3D('',#3237,#2578,#2579);
#2286=AXIS2_PLACEMENT_3D('',#3238,#2580,#2581);
#2287=AXIS2_PLACEMENT_3D('',#3263,#2582,#2583);
#2288=AXIS2_PLACEMENT_3D('',#3264,#2584,#2585);
#2289=AXIS2_PLACEMENT_3D('',#3289,#2586,#2587);
#2290=AXIS2_PLACEMENT_3D('',#3290,#2588,#2589);
#2291=AXIS2_PLACEMENT_3D('',#3315,#2590,#2591);
#2292=AXIS2_PLACEMENT_3D('',#3316,#2592,#2593);
#2293=AXIS2_PLACEMENT_3D('',#3341,#2594,#2595);
#2294=AXIS2_PLACEMENT_3D('',#3342,#2596,#2597);
#2295=AXIS2_PLACEMENT_3D('',#3367,#2598,#2599);
#2296=AXIS2_PLACEMENT_3D('',#3368,#2600,#2601);
#2297=AXIS2_PLACEMENT_3D('',#3393,#2602,#2603);
#2298=AXIS2_PLACEMENT_3D('',#3394,#2604,#2605);
#2299=AXIS2_PLACEMENT_3D('',#3419,#2606,#2607);
#2300=AXIS2_PLACEMENT_3D('',#3420,#2608,#2609);
#2301=AXIS2_PLACEMENT_3D('',#3445,#2610,#2611);
#2302=AXIS2_PLACEMENT_3D('',#3446,#2612,#2613);
#2303=AXIS2_PLACEMENT_3D('',#3471,#2614,#2615);
#2304=AXIS2_PLACEMENT_3D('',#3472,#2616,#2617);
#2305=AXIS2_PLACEMENT_3D('',#3497,#2618,#2619);
#2306=AXIS2_PLACEMENT_3D('',#3498,#2620,#2621);
#2307=AXIS2_PLACEMENT_3D('',#3523,#2622,#2623);
#2308=AXIS2_PLACEMENT_3D('',#3524,#2624,#2625);
#2309=AXIS2_PLACEMENT_3D('',#3549,#2626,#2627);
#2310=AXIS2_PLACEMENT_3D('',#3550,#2628,#2629);
#2311=AXIS2_PLACEMENT_3D('',#3575,#2630,#2631);
#2312=AXIS2_PLACEMENT_3D('',#3585,#2634,#2635);
#2313=AXIS2_PLACEMENT_3D('',#3599,#2637,#2638);
#2314=AXIS2_PLACEMENT_3D('',#3607,#2640,#2641);
#2315=AXIS2_PLACEMENT_3D('',#3617,#2644,#2645);
#2316=AXIS2_PLACEMENT_3D('',#3631,#2647,#2648);
#2317=AXIS2_PLACEMENT_3D('',#3639,#2650,#2651);
#2318=AXIS2_PLACEMENT_3D('',#3649,#2654,#2655);
#2319=AXIS2_PLACEMENT_3D('',#3663,#2657,#2658);
#2320=AXIS2_PLACEMENT_3D('',#3671,#2660,#2661);
#2321=AXIS2_PLACEMENT_3D('',#3681,#2664,#2665);
#2322=AXIS2_PLACEMENT_3D('',#3695,#2667,#2668);
#2323=AXIS2_PLACEMENT_3D('',#3703,#2670,#2671);
#2324=AXIS2_PLACEMENT_3D('',#3713,#2674,#2675);
#2325=AXIS2_PLACEMENT_3D('',#3727,#2677,#2678);
#2326=AXIS2_PLACEMENT_3D('',#3735,#2680,#2681);
#2327=AXIS2_PLACEMENT_3D('',#3745,#2684,#2685);
#2328=AXIS2_PLACEMENT_3D('',#3759,#2687,#2688);
#2329=AXIS2_PLACEMENT_3D('',#3767,#2690,#2691);
#2330=AXIS2_PLACEMENT_3D('',#3777,#2694,#2695);
#2331=AXIS2_PLACEMENT_3D('',#3791,#2697,#2698);
#2332=AXIS2_PLACEMENT_3D('',#3799,#2700,#2701);
#2333=AXIS2_PLACEMENT_3D('',#3809,#2704,#2705);
#2334=AXIS2_PLACEMENT_3D('',#3823,#2707,#2708);
#2335=AXIS2_PLACEMENT_3D('',#3831,#2710,#2711);
#2336=AXIS2_PLACEMENT_3D('',#3841,#2714,#2715);
#2337=AXIS2_PLACEMENT_3D('',#3855,#2717,#2718);
#2338=AXIS2_PLACEMENT_3D('',#3863,#2720,#2721);
#2339=AXIS2_PLACEMENT_3D('',#3873,#2724,#2725);
#2340=AXIS2_PLACEMENT_3D('',#3887,#2727,#2728);
#2341=AXIS2_PLACEMENT_3D('',#3895,#2730,#2731);
#2342=AXIS2_PLACEMENT_3D('',#3905,#2734,#2735);
#2343=AXIS2_PLACEMENT_3D('',#3919,#2737,#2738);
#2344=AXIS2_PLACEMENT_3D('',#3927,#2740,#2741);
#2345=AXIS2_PLACEMENT_3D('',#3937,#2744,#2745);
#2346=AXIS2_PLACEMENT_3D('',#3951,#2747,#2748);
#2347=AXIS2_PLACEMENT_3D('',#3959,#2750,#2751);
#2348=AXIS2_PLACEMENT_3D('',#3969,#2754,#2755);
#2349=AXIS2_PLACEMENT_3D('',#3983,#2757,#2758);
#2350=AXIS2_PLACEMENT_3D('',#3991,#2760,#2761);
#2351=AXIS2_PLACEMENT_3D('',#4001,#2764,#2765);
#2352=AXIS2_PLACEMENT_3D('',#4015,#2767,#2768);
#2353=AXIS2_PLACEMENT_3D('',#4023,#2770,#2771);
#2354=AXIS2_PLACEMENT_3D('',#4033,#2774,#2775);
#2355=AXIS2_PLACEMENT_3D('',#4047,#2777,#2778);
#2356=AXIS2_PLACEMENT_3D('',#4055,#2780,#2781);
#2357=AXIS2_PLACEMENT_3D('',#4065,#2784,#2785);
#2358=AXIS2_PLACEMENT_3D('',#4079,#2787,#2788);
#2359=AXIS2_PLACEMENT_3D('',#4087,#2790,#2791);
#2360=AXIS2_PLACEMENT_3D('',#4097,#2794,#2795);
#2361=AXIS2_PLACEMENT_3D('',#4111,#2797,#2798);
#2362=AXIS2_PLACEMENT_3D('',#4119,#2800,#2801);
#2363=AXIS2_PLACEMENT_3D('',#4120,#2802,#2803);
#2364=AXIS2_PLACEMENT_3D('',#4121,#2804,#2805);
#2365=AXIS2_PLACEMENT_3D('',#4122,#2806,#2807);
#2366=AXIS2_PLACEMENT_3D('',#4123,#2808,#2809);
#2367=AXIS2_PLACEMENT_3D('',#4124,#2810,#2811);
#2368=AXIS2_PLACEMENT_3D('',#4125,#2812,#2813);
#2369=AXIS2_PLACEMENT_3D('',#4126,#2814,#2815);
#2370=AXIS2_PLACEMENT_3D('',#4127,#2816,#2817);
#2371=AXIS2_PLACEMENT_3D('',#4128,#2818,#2819);
#2372=AXIS2_PLACEMENT_3D('',#4129,#2820,#2821);
#2373=AXIS2_PLACEMENT_3D('',#4130,#2822,#2823);
#2374=AXIS2_PLACEMENT_3D('',#4131,#2824,#2825);
#2375=AXIS2_PLACEMENT_3D('',#4132,#2826,#2827);
#2376=AXIS2_PLACEMENT_3D('',#4133,#2828,#2829);
#2377=AXIS2_PLACEMENT_3D('',#4134,#2830,#2831);
#2378=AXIS2_PLACEMENT_3D('',#4135,#2832,#2833);
#2379=AXIS2_PLACEMENT_3D('',#4136,#2834,#2835);
#2380=AXIS2_PLACEMENT_3D('',#4137,#2836,#2837);
#2381=AXIS2_PLACEMENT_3D('',#4138,#2838,#2839);
#2382=AXIS2_PLACEMENT_3D('',#4139,#2840,#2841);
#2383=AXIS2_PLACEMENT_3D('',#4140,#2842,#2843);
#2384=AXIS2_PLACEMENT_3D('',#4141,#2844,#2845);
#2385=AXIS2_PLACEMENT_3D('',#4142,#2846,#2847);
#2386=AXIS2_PLACEMENT_3D('',#4143,#2848,#2849);
#2387=AXIS2_PLACEMENT_3D('',#4144,#2850,#2851);
#2388=AXIS2_PLACEMENT_3D('',#4145,#2852,#2853);
#2389=AXIS2_PLACEMENT_3D('',#4146,#2854,#2855);
#2390=AXIS2_PLACEMENT_3D('',#4147,#2856,#2857);
#2391=AXIS2_PLACEMENT_3D('',#4148,#2858,#2859);
#2392=AXIS2_PLACEMENT_3D('',#4149,#2860,#2861);
#2393=AXIS2_PLACEMENT_3D('',#4150,#2862,#2863);
#2394=AXIS2_PLACEMENT_3D('',#4151,#2864,#2865);
#2395=AXIS2_PLACEMENT_3D('',#4161,#2868,#2869);
#2396=AXIS2_PLACEMENT_3D('',#4175,#2871,#2872);
#2397=AXIS2_PLACEMENT_3D('',#4183,#2874,#2875);
#2398=AXIS2_PLACEMENT_3D('',#4184,#2876,#2877);
#2399=AXIS2_PLACEMENT_3D('',#4185,#2878,#2879);
#2400=AXIS2_PLACEMENT_3D('',#4186,#2880,#2881);
#2401=AXIS2_PLACEMENT_3D('',#4187,#2882,#2883);
#2402=AXIS2_PLACEMENT_3D('',#4188,#2884,#2885);
#2403=AXIS2_PLACEMENT_3D('',#4189,#2886,#2887);
#2404=AXIS2_PLACEMENT_3D('',#4190,#2888,#2889);
#2405=AXIS2_PLACEMENT_3D('',#4191,#2890,#2891);
#2406=AXIS2_PLACEMENT_3D('',#4192,#2892,#2893);
#2407=AXIS2_PLACEMENT_3D('',#4193,#2894,#2895);
#2408=AXIS2_PLACEMENT_3D('',#4194,#2896,#2897);
#2409=AXIS2_PLACEMENT_3D('',#4195,#2898,#2899);
#2410=AXIS2_PLACEMENT_3D('',#4196,#2900,#2901);
#2411=AXIS2_PLACEMENT_3D('',#4197,#2902,#2903);
#2412=AXIS2_PLACEMENT_3D('',#4198,#2904,#2905);
#2413=AXIS2_PLACEMENT_3D('',#4199,#2906,#2907);
#2414=AXIS2_PLACEMENT_3D('',#4200,#2908,#2909);
#2415=AXIS2_PLACEMENT_3D('',#4201,#2910,#2911);
#2416=AXIS2_PLACEMENT_3D('',#4202,#2912,#2913);
#2417=AXIS2_PLACEMENT_3D('',#4203,#2914,#2915);
#2418=AXIS2_PLACEMENT_3D('',#4204,#2916,#2917);
#2419=AXIS2_PLACEMENT_3D('',#4205,#2918,#2919);
#2420=AXIS2_PLACEMENT_3D('',#4206,#2920,#2921);
#2421=AXIS2_PLACEMENT_3D('',#4207,#2922,#2923);
#2422=AXIS2_PLACEMENT_3D('',#4208,#2924,#2925);
#2423=AXIS2_PLACEMENT_3D('',#4209,#2926,#2927);
#2424=AXIS2_PLACEMENT_3D('',#4210,#2928,#2929);
#2425=AXIS2_PLACEMENT_3D('',#4211,#2930,#2931);
#2426=AXIS2_PLACEMENT_3D('',#4212,#2932,#2933);
#2427=AXIS2_PLACEMENT_3D('',#4213,#2934,#2935);
#2428=AXIS2_PLACEMENT_3D('',#4214,#2936,#2937);
#2429=AXIS2_PLACEMENT_3D('',#4215,#2938,#2939);
#2430=AXIS2_PLACEMENT_3D('',#4216,#2940,#2941);
#2431=AXIS2_PLACEMENT_3D('',#4217,#2942,#2943);
#2432=AXIS2_PLACEMENT_3D('',#4218,#2944,#2945);
#2433=AXIS2_PLACEMENT_3D('',#4219,#2946,#2947);
#2434=AXIS2_PLACEMENT_3D('',#4220,#2948,#2949);
#2435=AXIS2_PLACEMENT_3D('',#4221,#2950,#2951);
#2436=AXIS2_PLACEMENT_3D('',#4222,#2952,#2953);
#2437=AXIS2_PLACEMENT_3D('',#4223,#2954,#2955);
#2438=AXIS2_PLACEMENT_3D('',#4224,#2956,#2957);
#2439=AXIS2_PLACEMENT_3D('',#4233,#2958,#2959);
#2440=AXIS2_PLACEMENT_3D('',#4242,#2962,#2963);
#2441=AXIS2_PLACEMENT_3D('',#4247,#2964,#2965);
#2442=AXIS2_PLACEMENT_3D('',#4252,#2966,#2967);
#2443=AXIS2_PLACEMENT_3D('',#4253,#2968,#2969);
#2444=AXIS2_PLACEMENT_3D('',#4254,#2970,#2971);
#2445=AXIS2_PLACEMENT_3D('',#4259,#2973,#2974);
#2446=AXIS2_PLACEMENT_3D('',#4263,#2976,#2977);
#2447=AXIS2_PLACEMENT_3D('',#4265,#2978,#2979);
#2448=AXIS2_PLACEMENT_3D('',#4266,#2980,#2981);
#2449=AXIS2_PLACEMENT_3D('',#4268,#2983,#2984);
#2450=AXIS2_PLACEMENT_3D('',#4277,#2985,#2986);
#2451=AXIS2_PLACEMENT_3D('',#4280,#2989,#2990);
#2452=AXIS2_PLACEMENT_3D('',#4281,#2991,#2992);
#2453=AXIS2_PLACEMENT_3D('',#4282,#2993,#2994);
#2454=AXIS2_PLACEMENT_3D('',#4288,#2996,#2997);
#2455=AXIS2_PLACEMENT_3D('',#4290,#2999,#3000);
#2456=AXIS2_PLACEMENT_3D('',#4295,#3001,#3002);
#2457=DIRECTION('',(0.,0.,1.));
#2458=DIRECTION('',(1.,0.,0.));
#2459=DIRECTION('',(0.,0.,1.));
#2460=DIRECTION('',(1.,0.,0.));
#2461=DIRECTION('',(0.,0.,1.));
#2462=DIRECTION('',(1.,0.,0.));
#2463=DIRECTION('',(0.,0.,1.));
#2464=DIRECTION('',(1.,0.,0.));
#2465=DIRECTION('',(0.,0.,1.));
#2466=DIRECTION('',(1.,0.,0.));
#2467=DIRECTION('',(0.,0.,1.));
#2468=DIRECTION('',(1.,0.,0.));
#2469=DIRECTION('',(0.,0.,1.));
#2470=DIRECTION('',(1.,0.,0.));
#2471=DIRECTION('',(5.90164911245885E-17,-0.707106781186548,-0.707106781186548));
#2472=DIRECTION('',(1.,8.34619221520644E-17,0.));
#2473=DIRECTION('',(1.,8.34619221520644E-17,0.));
#2474=DIRECTION('',(-0.790069808839944,0.433468393980239,-0.433468393980239));
#2475=DIRECTION('',(0.,-0.707106781186548,0.707106781186548));
#2476=DIRECTION('',(0.,0.,1.));
#2477=DIRECTION('',(1.,0.,0.));
#2478=DIRECTION('',(0.,0.,1.));
#2479=DIRECTION('',(1.,0.,0.));
#2480=DIRECTION('',(0.,0.,1.));
#2481=DIRECTION('',(1.,0.,0.));
#2482=DIRECTION('',(0.,0.,1.));
#2483=DIRECTION('',(1.,0.,0.));
#2484=DIRECTION('',(0.,0.,1.));
#2485=DIRECTION('',(1.,0.,0.));
#2486=DIRECTION('',(0.,0.,1.));
#2487=DIRECTION('',(1.,0.,0.));
#2488=DIRECTION('',(0.,0.,1.));
#2489=DIRECTION('',(1.,0.,0.));
#2490=DIRECTION('',(0.,0.,1.));
#2491=DIRECTION('',(1.,0.,0.));
#2492=DIRECTION('',(0.,0.,1.));
#2493=DIRECTION('',(1.,0.,0.));
#2494=DIRECTION('',(0.,0.,1.));
#2495=DIRECTION('',(1.,0.,0.));
#2496=DIRECTION('',(0.,0.,1.));
#2497=DIRECTION('',(1.,0.,0.));
#2498=DIRECTION('',(0.,0.,1.));
#2499=DIRECTION('',(1.,0.,0.));
#2500=DIRECTION('',(0.,0.,1.));
#2501=DIRECTION('',(1.,0.,0.));
#2502=DIRECTION('',(0.,0.,1.));
#2503=DIRECTION('',(1.,0.,0.));
#2504=DIRECTION('',(0.,0.,1.));
#2505=DIRECTION('',(1.,0.,0.));
#2506=DIRECTION('',(0.,0.,1.));
#2507=DIRECTION('',(1.,0.,0.));
#2508=DIRECTION('',(0.,0.,1.));
#2509=DIRECTION('',(1.,0.,0.));
#2510=DIRECTION('',(0.,0.,1.));
#2511=DIRECTION('',(1.,0.,0.));
#2512=DIRECTION('',(0.,0.,1.));
#2513=DIRECTION('',(1.,0.,0.));
#2514=DIRECTION('',(0.,0.,1.));
#2515=DIRECTION('',(1.,0.,0.));
#2516=DIRECTION('',(8.34619221520644E-17,-1.,0.));
#2517=DIRECTION('',(1.,8.34619221520644E-17,0.));
#2518=DIRECTION('',(0.,0.,-1.));
#2519=DIRECTION('',(-1.,-8.34619221520644E-17,0.));
#2520=DIRECTION('',(0.,0.,1.));
#2521=DIRECTION('',(1.,8.34619221520644E-17,0.));
#2522=DIRECTION('',(0.,0.,1.));
#2523=DIRECTION('',(1.,8.34619221520644E-17,0.));
#2524=DIRECTION('',(0.,0.,-1.));
#2525=DIRECTION('',(0.,0.,-1.));
#2526=DIRECTION('',(-1.,0.,0.));
#2527=DIRECTION('',(0.,0.,-1.));
#2528=DIRECTION('',(0.,0.,1.));
#2529=DIRECTION('',(1.,0.,0.));
#2530=DIRECTION('',(0.,0.,1.));
#2531=DIRECTION('',(1.,0.,0.));
#2532=DIRECTION('',(0.,0.,-1.));
#2533=DIRECTION('',(-1.,0.,0.));
#2534=DIRECTION('',(0.,0.,-1.));
#2535=DIRECTION('',(0.,0.,1.));
#2536=DIRECTION('',(1.,0.,0.));
#2537=DIRECTION('',(0.,0.,1.));
#2538=DIRECTION('',(1.,0.,0.));
#2539=DIRECTION('',(0.,0.,-1.));
#2540=DIRECTION('',(-1.,0.,0.));
#2541=DIRECTION('',(0.,0.,1.));
#2542=DIRECTION('',(1.,0.,0.));
#2543=DIRECTION('',(0.,0.,1.));
#2544=DIRECTION('',(1.,0.,0.));
#2545=DIRECTION('',(0.,0.,-1.));
#2546=DIRECTION('',(-1.,0.,0.));
#2547=DIRECTION('',(0.,0.,1.));
#2548=DIRECTION('',(1.,0.,0.));
#2549=DIRECTION('',(0.,0.,1.));
#2550=DIRECTION('',(1.,0.,0.));
#2551=DIRECTION('',(0.,0.,1.));
#2552=DIRECTION('',(1.,0.,0.));
#2553=DIRECTION('',(0.,0.,1.));
#2554=DIRECTION('',(1.,0.,0.));
#2555=DIRECTION('',(1.,8.34619221520644E-17,0.));
#2556=DIRECTION('',(0.,0.,1.));
#2557=DIRECTION('',(1.,0.,0.));
#2558=DIRECTION('',(0.,0.,1.));
#2559=DIRECTION('',(1.,0.,0.));
#2560=DIRECTION('',(0.,0.,1.));
#2561=DIRECTION('',(1.,0.,0.));
#2562=DIRECTION('',(0.,0.,1.));
#2563=DIRECTION('',(1.,0.,0.));
#2564=DIRECTION('',(0.,0.,1.));
#2565=DIRECTION('',(1.,0.,0.));
#2566=DIRECTION('',(0.,0.,1.));
#2567=DIRECTION('',(1.,0.,0.));
#2568=DIRECTION('',(0.,0.,1.));
#2569=DIRECTION('',(1.,0.,0.));
#2570=DIRECTION('',(0.,0.,1.));
#2571=DIRECTION('',(1.,0.,0.));
#2572=DIRECTION('',(0.,0.,1.));
#2573=DIRECTION('',(1.,0.,0.));
#2574=DIRECTION('',(0.,0.,1.));
#2575=DIRECTION('',(1.,0.,0.));
#2576=DIRECTION('',(0.,0.,1.));
#2577=DIRECTION('',(1.,0.,0.));
#2578=DIRECTION('',(0.,0.,1.));
#2579=DIRECTION('',(1.,0.,0.));
#2580=DIRECTION('',(0.,0.,1.));
#2581=DIRECTION('',(1.,0.,0.));
#2582=DIRECTION('',(0.,0.,1.));
#2583=DIRECTION('',(1.,0.,0.));
#2584=DIRECTION('',(0.,0.,1.));
#2585=DIRECTION('',(1.,0.,0.));
#2586=DIRECTION('',(0.,0.,1.));
#2587=DIRECTION('',(1.,0.,0.));
#2588=DIRECTION('',(0.,0.,1.));
#2589=DIRECTION('',(1.,0.,0.));
#2590=DIRECTION('',(0.,0.,1.));
#2591=DIRECTION('',(1.,0.,0.));
#2592=DIRECTION('',(0.,0.,1.));
#2593=DIRECTION('',(1.,0.,0.));
#2594=DIRECTION('',(0.,0.,1.));
#2595=DIRECTION('',(1.,0.,0.));
#2596=DIRECTION('',(0.,0.,1.));
#2597=DIRECTION('',(1.,0.,0.));
#2598=DIRECTION('',(0.,0.,1.));
#2599=DIRECTION('',(1.,0.,0.));
#2600=DIRECTION('',(0.,0.,1.));
#2601=DIRECTION('',(1.,0.,0.));
#2602=DIRECTION('',(0.,0.,1.));
#2603=DIRECTION('',(1.,0.,0.));
#2604=DIRECTION('',(0.,0.,1.));
#2605=DIRECTION('',(1.,0.,0.));
#2606=DIRECTION('',(0.,0.,1.));
#2607=DIRECTION('',(1.,0.,0.));
#2608=DIRECTION('',(0.,0.,1.));
#2609=DIRECTION('',(1.,0.,0.));
#2610=DIRECTION('',(0.,0.,1.));
#2611=DIRECTION('',(1.,0.,0.));
#2612=DIRECTION('',(0.,0.,1.));
#2613=DIRECTION('',(1.,0.,0.));
#2614=DIRECTION('',(0.,0.,1.));
#2615=DIRECTION('',(1.,0.,0.));
#2616=DIRECTION('',(0.,0.,1.));
#2617=DIRECTION('',(1.,0.,0.));
#2618=DIRECTION('',(0.,0.,1.));
#2619=DIRECTION('',(1.,0.,0.));
#2620=DIRECTION('',(0.,0.,1.));
#2621=DIRECTION('',(1.,0.,0.));
#2622=DIRECTION('',(0.,0.,1.));
#2623=DIRECTION('',(1.,0.,0.));
#2624=DIRECTION('',(0.,0.,1.));
#2625=DIRECTION('',(1.,0.,0.));
#2626=DIRECTION('',(0.,0.,1.));
#2627=DIRECTION('',(1.,0.,0.));
#2628=DIRECTION('',(0.,0.,1.));
#2629=DIRECTION('',(1.,0.,0.));
#2630=DIRECTION('',(0.,0.,-1.));
#2631=DIRECTION('',(-0.939692620785908,0.342020143325668,0.));
#2632=DIRECTION('',(0.,0.,-1.));
#2633=DIRECTION('',(0.,0.,-1.));
#2634=DIRECTION('',(0.,0.,-1.));
#2635=DIRECTION('',(-0.939692620785908,0.342020143325668,0.));
#2636=DIRECTION('',(0.,0.,-1.));
#2637=DIRECTION('',(0.,0.,-1.));
#2638=DIRECTION('',(-0.939692620785908,0.342020143325668,0.));
#2639=DIRECTION('',(0.,0.,-1.));
#2640=DIRECTION('',(0.,0.,-1.));
#2641=DIRECTION('',(-0.766044443118978,0.642787609686539,0.));
#2642=DIRECTION('',(0.,0.,-1.));
#2643=DIRECTION('',(0.,0.,-1.));
#2644=DIRECTION('',(0.,0.,-1.));
#2645=DIRECTION('',(-0.766044443118978,0.642787609686539,0.));
#2646=DIRECTION('',(0.,0.,-1.));
#2647=DIRECTION('',(0.,0.,-1.));
#2648=DIRECTION('',(-0.766044443118978,0.642787609686539,0.));
#2649=DIRECTION('',(0.,0.,-1.));
#2650=DIRECTION('',(0.,0.,-1.));
#2651=DIRECTION('',(-0.5,0.866025403784439,0.));
#2652=DIRECTION('',(0.,0.,-1.));
#2653=DIRECTION('',(0.,0.,-1.));
#2654=DIRECTION('',(0.,0.,-1.));
#2655=DIRECTION('',(-0.5,0.866025403784439,0.));
#2656=DIRECTION('',(0.,0.,-1.));
#2657=DIRECTION('',(0.,0.,-1.));
#2658=DIRECTION('',(-0.5,0.866025403784439,0.));
#2659=DIRECTION('',(0.,0.,-1.));
#2660=DIRECTION('',(0.,0.,-1.));
#2661=DIRECTION('',(-0.17364817766693,0.984807753012208,0.));
#2662=DIRECTION('',(0.,0.,-1.));
#2663=DIRECTION('',(0.,0.,-1.));
#2664=DIRECTION('',(0.,0.,-1.));
#2665=DIRECTION('',(-0.17364817766693,0.984807753012208,0.));
#2666=DIRECTION('',(0.,0.,-1.));
#2667=DIRECTION('',(0.,0.,-1.));
#2668=DIRECTION('',(-0.17364817766693,0.984807753012208,0.));
#2669=DIRECTION('',(0.,0.,-1.));
#2670=DIRECTION('',(0.,0.,-1.));
#2671=DIRECTION('',(0.17364817766693,0.984807753012208,0.));
#2672=DIRECTION('',(0.,0.,-1.));
#2673=DIRECTION('',(0.,0.,-1.));
#2674=DIRECTION('',(0.,0.,-1.));
#2675=DIRECTION('',(0.17364817766693,0.984807753012208,0.));
#2676=DIRECTION('',(0.,0.,-1.));
#2677=DIRECTION('',(0.,0.,-1.));
#2678=DIRECTION('',(0.17364817766693,0.984807753012208,0.));
#2679=DIRECTION('',(0.,0.,-1.));
#2680=DIRECTION('',(0.,0.,-1.));
#2681=DIRECTION('',(0.5,0.866025403784439,0.));
#2682=DIRECTION('',(0.,0.,-1.));
#2683=DIRECTION('',(0.,0.,-1.));
#2684=DIRECTION('',(0.,0.,-1.));
#2685=DIRECTION('',(0.5,0.866025403784439,0.));
#2686=DIRECTION('',(0.,0.,-1.));
#2687=DIRECTION('',(0.,0.,-1.));
#2688=DIRECTION('',(0.5,0.866025403784439,0.));
#2689=DIRECTION('',(0.,0.,-1.));
#2690=DIRECTION('',(0.,0.,-1.));
#2691=DIRECTION('',(0.766044443118978,0.64278760968654,0.));
#2692=DIRECTION('',(0.,0.,-1.));
#2693=DIRECTION('',(0.,0.,-1.));
#2694=DIRECTION('',(0.,0.,-1.));
#2695=DIRECTION('',(0.766044443118978,0.64278760968654,0.));
#2696=DIRECTION('',(0.,0.,-1.));
#2697=DIRECTION('',(0.,0.,-1.));
#2698=DIRECTION('',(0.766044443118978,0.64278760968654,0.));
#2699=DIRECTION('',(0.,0.,-1.));
#2700=DIRECTION('',(0.,0.,-1.));
#2701=DIRECTION('',(0.939692620785908,0.342020143325669,0.));
#2702=DIRECTION('',(0.,0.,-1.));
#2703=DIRECTION('',(0.,0.,-1.));
#2704=DIRECTION('',(0.,0.,-1.));
#2705=DIRECTION('',(0.939692620785908,0.342020143325669,0.));
#2706=DIRECTION('',(0.,0.,-1.));
#2707=DIRECTION('',(0.,0.,-1.));
#2708=DIRECTION('',(0.939692620785908,0.342020143325669,0.));
#2709=DIRECTION('',(0.,0.,-1.));
#2710=DIRECTION('',(0.,0.,-1.));
#2711=DIRECTION('',(1.,1.22464679914735E-16,0.));
#2712=DIRECTION('',(0.,0.,-1.));
#2713=DIRECTION('',(0.,0.,-1.));
#2714=DIRECTION('',(0.,0.,-1.));
#2715=DIRECTION('',(1.,1.22464679914735E-16,0.));
#2716=DIRECTION('',(0.,0.,-1.));
#2717=DIRECTION('',(0.,0.,-1.));
#2718=DIRECTION('',(1.,1.22464679914735E-16,0.));
#2719=DIRECTION('',(0.,0.,-1.));
#2720=DIRECTION('',(0.,0.,-1.));
#2721=DIRECTION('',(0.939692620785908,-0.342020143325668,0.));
#2722=DIRECTION('',(0.,0.,-1.));
#2723=DIRECTION('',(0.,0.,-1.));
#2724=DIRECTION('',(0.,0.,-1.));
#2725=DIRECTION('',(0.939692620785908,-0.342020143325668,0.));
#2726=DIRECTION('',(0.,0.,-1.));
#2727=DIRECTION('',(0.,0.,-1.));
#2728=DIRECTION('',(0.939692620785908,-0.342020143325668,0.));
#2729=DIRECTION('',(0.,0.,-1.));
#2730=DIRECTION('',(0.,0.,-1.));
#2731=DIRECTION('',(0.766044443118978,-0.642787609686539,0.));
#2732=DIRECTION('',(0.,0.,-1.));
#2733=DIRECTION('',(0.,0.,-1.));
#2734=DIRECTION('',(0.,0.,-1.));
#2735=DIRECTION('',(0.766044443118978,-0.642787609686539,0.));
#2736=DIRECTION('',(0.,0.,-1.));
#2737=DIRECTION('',(0.,0.,-1.));
#2738=DIRECTION('',(0.766044443118978,-0.642787609686539,0.));
#2739=DIRECTION('',(0.,0.,-1.));
#2740=DIRECTION('',(0.,0.,-1.));
#2741=DIRECTION('',(0.5,-0.866025403784438,0.));
#2742=DIRECTION('',(0.,0.,-1.));
#2743=DIRECTION('',(0.,0.,-1.));
#2744=DIRECTION('',(0.,0.,-1.));
#2745=DIRECTION('',(0.5,-0.866025403784438,0.));
#2746=DIRECTION('',(0.,0.,-1.));
#2747=DIRECTION('',(0.,0.,-1.));
#2748=DIRECTION('',(0.5,-0.866025403784438,0.));
#2749=DIRECTION('',(0.,0.,-1.));
#2750=DIRECTION('',(0.,0.,-1.));
#2751=DIRECTION('',(0.17364817766693,-0.984807753012208,0.));
#2752=DIRECTION('',(0.,0.,-1.));
#2753=DIRECTION('',(0.,0.,-1.));
#2754=DIRECTION('',(0.,0.,-1.));
#2755=DIRECTION('',(0.17364817766693,-0.984807753012208,0.));
#2756=DIRECTION('',(0.,0.,-1.));
#2757=DIRECTION('',(0.,0.,-1.));
#2758=DIRECTION('',(0.17364817766693,-0.984807753012208,0.));
#2759=DIRECTION('',(0.,0.,-1.));
#2760=DIRECTION('',(0.,0.,-1.));
#2761=DIRECTION('',(-0.17364817766693,-0.984807753012208,0.));
#2762=DIRECTION('',(0.,0.,-1.));
#2763=DIRECTION('',(0.,0.,-1.));
#2764=DIRECTION('',(0.,0.,-1.));
#2765=DIRECTION('',(-0.17364817766693,-0.984807753012208,0.));
#2766=DIRECTION('',(0.,0.,-1.));
#2767=DIRECTION('',(0.,0.,-1.));
#2768=DIRECTION('',(-0.17364817766693,-0.984807753012208,0.));
#2769=DIRECTION('',(0.,0.,-1.));
#2770=DIRECTION('',(0.,0.,-1.));
#2771=DIRECTION('',(-0.5,-0.866025403784439,0.));
#2772=DIRECTION('',(0.,0.,-1.));
#2773=DIRECTION('',(0.,0.,-1.));
#2774=DIRECTION('',(0.,0.,-1.));
#2775=DIRECTION('',(-0.5,-0.866025403784439,0.));
#2776=DIRECTION('',(0.,0.,-1.));
#2777=DIRECTION('',(0.,0.,-1.));
#2778=DIRECTION('',(-0.5,-0.866025403784439,0.));
#2779=DIRECTION('',(0.,0.,-1.));
#2780=DIRECTION('',(0.,0.,-1.));
#2781=DIRECTION('',(-0.766044443118978,-0.64278760968654,0.));
#2782=DIRECTION('',(0.,0.,-1.));
#2783=DIRECTION('',(0.,0.,-1.));
#2784=DIRECTION('',(0.,0.,-1.));
#2785=DIRECTION('',(-0.766044443118978,-0.64278760968654,0.));
#2786=DIRECTION('',(0.,0.,-1.));
#2787=DIRECTION('',(0.,0.,-1.));
#2788=DIRECTION('',(-0.766044443118978,-0.64278760968654,0.));
#2789=DIRECTION('',(0.,0.,-1.));
#2790=DIRECTION('',(0.,0.,-1.));
#2791=DIRECTION('',(-0.939692620785908,-0.342020143325669,0.));
#2792=DIRECTION('',(0.,0.,-1.));
#2793=DIRECTION('',(0.,0.,-1.));
#2794=DIRECTION('',(0.,0.,-1.));
#2795=DIRECTION('',(-0.939692620785908,-0.342020143325669,0.));
#2796=DIRECTION('',(0.,0.,-1.));
#2797=DIRECTION('',(0.,0.,-1.));
#2798=DIRECTION('',(-0.939692620785908,-0.342020143325669,0.));
#2799=DIRECTION('',(0.,0.,-1.));
#2800=DIRECTION('',(0.,0.,-1.));
#2801=DIRECTION('',(-0.766044443118978,-0.64278760968654,0.));
#2802=DIRECTION('',(0.,0.,1.));
#2803=DIRECTION('',(1.,0.,0.));
#2804=DIRECTION('',(0.,0.,-1.));
#2805=DIRECTION('',(-0.5,-0.866025403784439,0.));
#2806=DIRECTION('',(0.,0.,1.));
#2807=DIRECTION('',(1.,0.,0.));
#2808=DIRECTION('',(0.,0.,-1.));
#2809=DIRECTION('',(-0.17364817766693,-0.984807753012208,0.));
#2810=DIRECTION('',(0.,0.,1.));
#2811=DIRECTION('',(1.,0.,0.));
#2812=DIRECTION('',(0.,0.,-1.));
#2813=DIRECTION('',(0.17364817766693,-0.984807753012208,0.));
#2814=DIRECTION('',(0.,0.,1.));
#2815=DIRECTION('',(1.,0.,0.));
#2816=DIRECTION('',(0.,0.,-1.));
#2817=DIRECTION('',(0.5,-0.866025403784438,0.));
#2818=DIRECTION('',(0.,0.,1.));
#2819=DIRECTION('',(1.,0.,0.));
#2820=DIRECTION('',(0.,0.,-1.));
#2821=DIRECTION('',(0.766044443118978,-0.642787609686539,0.));
#2822=DIRECTION('',(0.,0.,1.));
#2823=DIRECTION('',(1.,0.,0.));
#2824=DIRECTION('',(0.,0.,-1.));
#2825=DIRECTION('',(0.939692620785908,-0.342020143325668,0.));
#2826=DIRECTION('',(0.,0.,1.));
#2827=DIRECTION('',(1.,0.,0.));
#2828=DIRECTION('',(0.,0.,-1.));
#2829=DIRECTION('',(1.,1.22464679914735E-16,0.));
#2830=DIRECTION('',(0.,0.,1.));
#2831=DIRECTION('',(1.,0.,0.));
#2832=DIRECTION('',(0.,0.,-1.));
#2833=DIRECTION('',(0.939692620785908,0.342020143325669,0.));
#2834=DIRECTION('',(0.,0.,1.));
#2835=DIRECTION('',(1.,0.,0.));
#2836=DIRECTION('',(0.,0.,-1.));
#2837=DIRECTION('',(0.766044443118978,0.64278760968654,0.));
#2838=DIRECTION('',(0.,0.,1.));
#2839=DIRECTION('',(1.,0.,0.));
#2840=DIRECTION('',(0.,0.,-1.));
#2841=DIRECTION('',(0.5,0.866025403784439,0.));
#2842=DIRECTION('',(0.,0.,1.));
#2843=DIRECTION('',(1.,0.,0.));
#2844=DIRECTION('',(0.,0.,-1.));
#2845=DIRECTION('',(0.17364817766693,0.984807753012208,0.));
#2846=DIRECTION('',(0.,0.,1.));
#2847=DIRECTION('',(1.,0.,0.));
#2848=DIRECTION('',(0.,0.,-1.));
#2849=DIRECTION('',(-0.17364817766693,0.984807753012208,0.));
#2850=DIRECTION('',(0.,0.,1.));
#2851=DIRECTION('',(1.,0.,0.));
#2852=DIRECTION('',(0.,0.,-1.));
#2853=DIRECTION('',(-0.5,0.866025403784439,0.));
#2854=DIRECTION('',(0.,0.,1.));
#2855=DIRECTION('',(1.,0.,0.));
#2856=DIRECTION('',(0.,0.,-1.));
#2857=DIRECTION('',(-0.766044443118978,0.642787609686539,0.));
#2858=DIRECTION('',(0.,0.,1.));
#2859=DIRECTION('',(1.,0.,0.));
#2860=DIRECTION('',(0.,0.,-1.));
#2861=DIRECTION('',(-0.939692620785908,0.342020143325668,0.));
#2862=DIRECTION('',(0.,0.,1.));
#2863=DIRECTION('',(1.,0.,0.));
#2864=DIRECTION('',(0.,0.,-1.));
#2865=DIRECTION('',(-1.,0.,0.));
#2866=DIRECTION('',(0.,0.,-1.));
#2867=DIRECTION('',(0.,0.,-1.));
#2868=DIRECTION('',(0.,0.,-1.));
#2869=DIRECTION('',(-1.,0.,0.));
#2870=DIRECTION('',(0.,0.,-1.));
#2871=DIRECTION('',(0.,0.,-1.));
#2872=DIRECTION('',(-1.,0.,0.));
#2873=DIRECTION('',(0.,0.,-1.));
#2874=DIRECTION('',(0.,0.,-1.));
#2875=DIRECTION('',(-1.,0.,0.));
#2876=DIRECTION('',(0.,0.,1.));
#2877=DIRECTION('',(1.,0.,0.));
#2878=DIRECTION('',(0.,0.,-1.));
#2879=DIRECTION('',(-1.,0.,0.));
#2880=DIRECTION('',(0.,0.,1.));
#2881=DIRECTION('',(1.,0.,0.));
#2882=DIRECTION('',(0.,0.,-1.));
#2883=DIRECTION('',(-1.,0.,0.));
#2884=DIRECTION('',(0.,0.,1.));
#2885=DIRECTION('',(1.,0.,0.));
#2886=DIRECTION('',(0.,0.,-1.));
#2887=DIRECTION('',(-1.,0.,0.));
#2888=DIRECTION('',(0.,0.,1.));
#2889=DIRECTION('',(1.,0.,0.));
#2890=DIRECTION('',(0.,0.,-1.));
#2891=DIRECTION('',(-1.,0.,0.));
#2892=DIRECTION('',(0.,0.,1.));
#2893=DIRECTION('',(1.,0.,0.));
#2894=DIRECTION('',(0.,0.,-1.));
#2895=DIRECTION('',(-1.,0.,0.));
#2896=DIRECTION('',(0.,0.,1.));
#2897=DIRECTION('',(1.,0.,0.));
#2898=DIRECTION('',(0.,0.,-1.));
#2899=DIRECTION('',(-1.,0.,0.));
#2900=DIRECTION('',(0.,0.,1.));
#2901=DIRECTION('',(1.,0.,0.));
#2902=DIRECTION('',(0.,0.,-1.));
#2903=DIRECTION('',(-1.,0.,0.));
#2904=DIRECTION('',(0.,0.,1.));
#2905=DIRECTION('',(1.,0.,0.));
#2906=DIRECTION('',(0.,0.,-1.));
#2907=DIRECTION('',(-1.,0.,0.));
#2908=DIRECTION('',(0.,0.,1.));
#2909=DIRECTION('',(1.,0.,0.));
#2910=DIRECTION('',(0.,0.,-1.));
#2911=DIRECTION('',(-1.,0.,0.));
#2912=DIRECTION('',(0.,0.,1.));
#2913=DIRECTION('',(1.,0.,0.));
#2914=DIRECTION('',(0.,0.,-1.));
#2915=DIRECTION('',(-1.,0.,0.));
#2916=DIRECTION('',(0.,0.,1.));
#2917=DIRECTION('',(1.,0.,0.));
#2918=DIRECTION('',(0.,0.,-1.));
#2919=DIRECTION('',(-1.,0.,0.));
#2920=DIRECTION('',(0.,0.,1.));
#2921=DIRECTION('',(1.,0.,0.));
#2922=DIRECTION('',(0.,0.,-1.));
#2923=DIRECTION('',(-1.,0.,0.));
#2924=DIRECTION('',(0.,0.,1.));
#2925=DIRECTION('',(1.,0.,0.));
#2926=DIRECTION('',(0.,0.,-1.));
#2927=DIRECTION('',(-1.,0.,0.));
#2928=DIRECTION('',(0.,0.,1.));
#2929=DIRECTION('',(1.,0.,0.));
#2930=DIRECTION('',(0.,0.,-1.));
#2931=DIRECTION('',(-1.,0.,0.));
#2932=DIRECTION('',(0.,0.,1.));
#2933=DIRECTION('',(1.,0.,0.));
#2934=DIRECTION('',(0.,0.,-1.));
#2935=DIRECTION('',(-1.,0.,0.));
#2936=DIRECTION('',(0.,0.,1.));
#2937=DIRECTION('',(1.,0.,0.));
#2938=DIRECTION('',(0.,0.,-1.));
#2939=DIRECTION('',(-1.,0.,0.));
#2940=DIRECTION('',(0.,0.,1.));
#2941=DIRECTION('',(1.,0.,0.));
#2942=DIRECTION('',(0.,0.,-1.));
#2943=DIRECTION('',(-1.,0.,0.));
#2944=DIRECTION('',(0.,0.,1.));
#2945=DIRECTION('',(1.,0.,0.));
#2946=DIRECTION('',(0.,0.,-1.));
#2947=DIRECTION('',(-1.,0.,0.));
#2948=DIRECTION('',(0.,0.,1.));
#2949=DIRECTION('',(1.,0.,0.));
#2950=DIRECTION('',(0.,0.,-1.));
#2951=DIRECTION('',(-1.,0.,0.));
#2952=DIRECTION('',(0.,0.,1.));
#2953=DIRECTION('',(1.,0.,0.));
#2954=DIRECTION('',(0.,0.,1.));
#2955=DIRECTION('',(1.,0.,0.));
#2956=DIRECTION('',(0.,0.,-1.));
#2957=DIRECTION('',(-1.,0.,0.));
#2958=DIRECTION('',(5.90164911245885E-17,-0.707106781186548,-0.707106781186548));
#2959=DIRECTION('',(1.,8.34619221520644E-17,0.));
#2960=DIRECTION('',(0.790069808839942,0.433468393980241,-0.433468393980241));
#2961=DIRECTION('',(0.,-0.707106781186547,0.707106781186548));
#2962=DIRECTION('',(0.,0.,-1.));
#2963=DIRECTION('',(-1.,0.,0.));
#2964=DIRECTION('',(0.,0.,-1.));
#2965=DIRECTION('',(-1.,0.,0.));
#2966=DIRECTION('',(0.,0.,1.));
#2967=DIRECTION('',(1.,0.,0.));
#2968=DIRECTION('',(0.,0.,-1.));
#2969=DIRECTION('',(-1.,0.,0.));
#2970=DIRECTION('',(-5.90164911245885E-17,0.707106781186548,0.707106781186548));
#2971=DIRECTION('',(-5.90164911245885E-17,0.707106781186548,-0.707106781186548));
#2972=DIRECTION('',(0.,0.,-1.));
#2973=DIRECTION('',(0.,0.,1.));
#2974=DIRECTION('',(1.,0.,0.));
#2975=DIRECTION('',(0.,0.,-1.));
#2976=DIRECTION('',(-5.90164911245885E-17,0.707106781186548,0.707106781186548));
#2977=DIRECTION('',(-5.90164911245885E-17,0.707106781186548,-0.707106781186548));
#2978=DIRECTION('',(0.,0.,-1.));
#2979=DIRECTION('',(-1.,0.,0.));
#2980=DIRECTION('',(0.,0.,-1.));
#2981=DIRECTION('',(1.,0.,0.));
#2982=DIRECTION('',(-1.,-8.34619221520644E-17,0.));
#2983=DIRECTION('',(0.,0.,-1.));
#2984=DIRECTION('',(-1.,0.,0.));
#2985=DIRECTION('',(-5.90164911245885E-17,0.707106781186548,0.707106781186548));
#2986=DIRECTION('',(1.,8.34619221520644E-17,0.));
#2987=DIRECTION('',(-0.790069808839944,0.433468393980239,-0.433468393980239));
#2988=DIRECTION('',(0.790069808839942,0.433468393980241,-0.433468393980241));
#2989=DIRECTION('',(-0.481006897455181,0.876716809808356,0.));
#2990=DIRECTION('',(0.,0.,-1.));
#2991=DIRECTION('',(-0.481006897455178,-0.876716809808358,0.));
#2992=DIRECTION('',(0.,0.,-1.));
#2993=DIRECTION('',(0.,0.,-1.));
#2994=DIRECTION('',(-1.,0.,0.));
#2995=DIRECTION('',(0.,-0.707106781186547,0.707106781186548));
#2996=DIRECTION('',(-5.90164911245886E-17,0.707106781186548,0.707106781186547));
#2997=DIRECTION('',(-1.,-8.34619221520644E-17,0.));
#2998=DIRECTION('',(0.,-0.707106781186547,0.707106781186548));
#2999=DIRECTION('',(0.,0.,-1.));
#3000=DIRECTION('',(-1.,0.,0.));
#3001=DIRECTION('',(0.,0.,-1.));
#3002=DIRECTION('',(-1.,0.,0.));
#3003=CARTESIAN_POINT('',(0.,0.,0.));
#3004=CARTESIAN_POINT('',(0.,0.,0.003));
#3005=CARTESIAN_POINT('',(0.,3.67394039744206E-19,0.003));
#3006=CARTESIAN_POINT('',(0.0056,3.67394039744206E-19,0.003));
#3007=CARTESIAN_POINT('',(0.00279105714739058,0.0013,0.003));
#3008=CARTESIAN_POINT('',(0.00343147471697752,0.00090965997314604,0.003));
#3009=CARTESIAN_POINT('',(0.00290434277372344,0.00204139487917464,0.003));
#3010=CARTESIAN_POINT('',(0.,-1.92881870865708E-19,0.003));
#3011=CARTESIAN_POINT('',(-0.00290434277372344,0.00204139487917464,0.003));
#3012=CARTESIAN_POINT('',(-0.00279105714739058,0.0013,0.003));
#3013=CARTESIAN_POINT('',(-0.00343147471697752,0.000909659973146041,0.003));
#3014=CARTESIAN_POINT('',(-5.42101086242752E-19,4.33680868994202E-19,0.003));
#3015=CARTESIAN_POINT('',(-1.71096940411732E-19,0.00205,0.003));
#3016=CARTESIAN_POINT('',(0.00279105714739058,0.00165,0.0034));
#3017=CARTESIAN_POINT('',(0.00278328157299975,0.00165,0.0034));
#3018=CARTESIAN_POINT('',(0.00279105714739058,0.00165,0.0034));
#3019=CARTESIAN_POINT('',(0.000771952306491411,0.00275350712957751,0.00229649287042249));
#3020=CARTESIAN_POINT('',(0.00270667500598677,0.00169202986267784,0.00335797013732216));
#3021=CARTESIAN_POINT('',(0.00270667500598678,0.00169202986267784,0.00335797013732216));
#3022=CARTESIAN_POINT('',(0.00273518302941543,0.00174347116566746,0.00330652883433254));
#3023=CARTESIAN_POINT('',(0.0027633003790248,0.00179501951550947,0.00325498048449053));
#3024=CARTESIAN_POINT('',(0.00279105714739058,0.00184666666666667,0.00320333333333333));
#3025=CARTESIAN_POINT('',(0.00279105714739058,0.00184666666666667,0.00320333333333333));
#3026=CARTESIAN_POINT('',(0.00279105714739058,0.00205,0.003));
#3027=CARTESIAN_POINT('',(0.,0.00408910227452214,0.004));
#3028=CARTESIAN_POINT('',(0.,3.67394039744206E-19,0.004));
#3029=CARTESIAN_POINT('',(0.006,3.67394039744206E-19,0.004));
#3030=CARTESIAN_POINT('',(0.,3.67394039744206E-19,0.004));
#3031=CARTESIAN_POINT('',(0.00787846202409766,0.00138918542133544,0.004));
#3032=CARTESIAN_POINT('',(0.00692820323027551,0.004,0.004));
#3033=CARTESIAN_POINT('',(0.,3.67394039744206E-19,0.004));
#3034=CARTESIAN_POINT('',(0.00787846202409766,-0.00138918542133545,0.004));
#3035=CARTESIAN_POINT('',(0.,3.67394039744206E-19,0.004));
#3036=CARTESIAN_POINT('',(0.00692820323027551,-0.004,0.004));
#3037=CARTESIAN_POINT('',(0.,3.67394039744206E-19,0.004));
#3038=CARTESIAN_POINT('',(0.00514230087749232,-0.00612835554495182,0.004));
#3039=CARTESIAN_POINT('',(0.,3.67394039744206E-19,0.004));
#3040=CARTESIAN_POINT('',(0.00273616114660535,-0.00751754096628727,0.004));
#3041=CARTESIAN_POINT('',(0.,3.67394039744206E-19,0.004));
#3042=CARTESIAN_POINT('',(1.26883801864735E-18,-0.008,0.004));
#3043=CARTESIAN_POINT('',(0.,3.67394039744206E-19,0.004));
#3044=CARTESIAN_POINT('',(-0.00273616114660535,-0.00751754096628727,0.004));
#3045=CARTESIAN_POINT('',(0.,3.67394039744206E-19,0.004));
#3046=CARTESIAN_POINT('',(-0.00514230087749232,-0.00612835554495182,0.004));
#3047=CARTESIAN_POINT('',(0.,3.67394039744206E-19,0.004));
#3048=CARTESIAN_POINT('',(-0.00692820323027551,-0.004,0.004));
#3049=CARTESIAN_POINT('',(0.,3.67394039744206E-19,0.004));
#3050=CARTESIAN_POINT('',(-0.00787846202409766,-0.00138918542133544,0.004));
#3051=CARTESIAN_POINT('',(0.,3.67394039744206E-19,0.004));
#3052=CARTESIAN_POINT('',(-0.00787846202409767,0.00138918542133544,0.004));
#3053=CARTESIAN_POINT('',(0.,3.67394039744206E-19,0.004));
#3054=CARTESIAN_POINT('',(-0.00692820323027551,0.004,0.004));
#3055=CARTESIAN_POINT('',(0.,3.67394039744206E-19,0.004));
#3056=CARTESIAN_POINT('',(-0.00514230087749232,0.00612835554495182,0.004));
#3057=CARTESIAN_POINT('',(0.,3.67394039744206E-19,0.004));
#3058=CARTESIAN_POINT('',(-0.00273616114660536,0.00751754096628727,0.004));
#3059=CARTESIAN_POINT('',(0.,3.67394039744206E-19,0.004));
#3060=CARTESIAN_POINT('',(-2.89120579329468E-19,0.008,0.004));
#3061=CARTESIAN_POINT('',(0.,3.67394039744206E-19,0.004));
#3062=CARTESIAN_POINT('',(0.00273616114660535,0.00751754096628727,0.004));
#3063=CARTESIAN_POINT('',(0.,3.67394039744206E-19,0.004));
#3064=CARTESIAN_POINT('',(0.00514230087749231,0.00612835554495182,0.004));
#3065=CARTESIAN_POINT('',(0.,3.67394039744206E-19,0.004));
#3066=CARTESIAN_POINT('',(4.21161580671392E-19,0.00165,0.004));
#3067=CARTESIAN_POINT('',(0.00279105714739058,0.00165,0.004));
#3068=CARTESIAN_POINT('',(0.00279105714739058,0.00165,0.0152));
#3069=CARTESIAN_POINT('',(4.21161580671392E-19,0.00165,0.0152));
#3070=CARTESIAN_POINT('',(-0.00279105714739058,0.00165,0.0152));
#3071=CARTESIAN_POINT('',(-0.00279105714739058,0.00165,0.004));
#3072=CARTESIAN_POINT('',(-0.00279105714739058,0.00165,0.0034));
#3073=CARTESIAN_POINT('',(0.00279105714739058,0.00165,0.0034));
#3074=CARTESIAN_POINT('',(-0.00278328157299975,0.00165,0.0034));
#3075=CARTESIAN_POINT('',(-0.00278328157299975,0.00165,0.0064));
#3076=CARTESIAN_POINT('',(-0.00278328157299975,0.00165,0.0064));
#3077=CARTESIAN_POINT('',(4.21161580671392E-19,0.00165,0.0064));
#3078=CARTESIAN_POINT('',(0.00278328157299975,0.00165,0.0064));
#3079=CARTESIAN_POINT('',(0.00278328157299975,0.00165,0.0034));
#3080=CARTESIAN_POINT('',(0.00279105714739058,0.0013,0.004));
#3081=CARTESIAN_POINT('',(0.0029843028315507,0.0010081848092482,0.016));
#3082=CARTESIAN_POINT('',(0.0029843028315507,0.0010081848092482,0.0152));
#3083=CARTESIAN_POINT('',(0.0029843028315507,0.0010081848092482,0.0034));
#3084=CARTESIAN_POINT('',(0.00279105714739058,0.0013,0.0152));
#3085=CARTESIAN_POINT('',(0.00279105714739058,0.0013,0.0034));
#3086=CARTESIAN_POINT('',(-5.42101086242752E-19,4.33680868994202E-19,0.004));
#3087=CARTESIAN_POINT('',(-0.0029843028315507,0.0010081848092482,0.016));
#3088=CARTESIAN_POINT('',(-0.0029843028315507,0.0010081848092482,0.0152));
#3089=CARTESIAN_POINT('',(-0.0029843028315507,0.0010081848092482,0.0034));
#3090=CARTESIAN_POINT('',(-5.42101086242752E-19,4.33680868994202E-19,0.0152));
#3091=CARTESIAN_POINT('',(-5.42101086242752E-19,4.33680868994202E-19,0.0034));
#3092=CARTESIAN_POINT('',(-0.00279105714739058,0.0013,0.004));
#3093=CARTESIAN_POINT('',(-0.00279105714739058,0.0013,0.0152));
#3094=CARTESIAN_POINT('',(-0.00279105714739058,0.0013,0.0034));
#3095=CARTESIAN_POINT('',(0.,3.67394039744206E-19,0.004));
#3096=CARTESIAN_POINT('',(0.,3.67394039744206E-19,0.0034));
#3097=CARTESIAN_POINT('',(0.006,3.67394039744206E-19,0.0034));
#3098=CARTESIAN_POINT('',(0.,0.,0.0154));
#3099=CARTESIAN_POINT('',(-5.42101086242752E-19,4.33680868994202E-19,0.0154));
#3100=CARTESIAN_POINT('',(0.00270495012706148,0.00117717662655614,0.0154));
#3101=CARTESIAN_POINT('',(-0.00270495012706148,0.00117717662655614,0.0154));
#3102=CARTESIAN_POINT('',(-0.00279105714739058,0.0013,0.0154));
#3103=CARTESIAN_POINT('',(-0.00279105714739058,0.00145,0.0154));
#3104=CARTESIAN_POINT('',(-1.21019787120493E-19,0.00145,0.0154));
#3105=CARTESIAN_POINT('',(0.00279105714739058,0.00145,0.0154));
#3106=CARTESIAN_POINT('',(0.00279105714739058,0.0013,0.0154));
#3107=CARTESIAN_POINT('',(0.,3.67394039744206E-19,0.004));
#3108=CARTESIAN_POINT('',(0.,3.67394039744206E-19,0.005));
#3109=CARTESIAN_POINT('',(-0.00440092112014195,0.0078505982762009,0.005));
#3110=CARTESIAN_POINT('',(-0.00459835698202534,0.00773660862819484,0.005));
#3111=CARTESIAN_POINT('',(-0.0037970107648812,0.00776204714737311,0.00464098759787715));
#3112=CARTESIAN_POINT('',(-0.00386164593188876,0.00782888053264944,0.0047294247474269));
#3113=CARTESIAN_POINT('',(-0.00402994986377656,0.00793566753890814,0.00489902445852825));
#3114=CARTESIAN_POINT('',(-0.00428809772726395,0.00791384528427518,0.005));
#3115=CARTESIAN_POINT('',(-0.00440092112014195,0.0078505982762009,0.005));
#3116=CARTESIAN_POINT('',(-0.0037970107648812,0.00776204714737311,0.00464098759787715));
#3117=CARTESIAN_POINT('',(-0.0037970107648812,0.00776204714737311,0.00464098759787715));
#3118=CARTESIAN_POINT('',(-0.0036831049404694,0.00764426742774707,0.00448513580860404));
#3119=CARTESIAN_POINT('',(-0.00339694304288008,0.00745104575967706,0.00418484223274313));
#3120=CARTESIAN_POINT('',(-0.00294816813238456,0.00744037673400714,0.004));
#3121=CARTESIAN_POINT('',(-0.00273616114660535,0.00751754096628727,0.004));
#3122=CARTESIAN_POINT('',(-0.00514230087749232,0.00612835554495182,0.004));
#3123=CARTESIAN_POINT('',(-0.00496982665043348,0.00627307860526448,0.00399999999999999));
#3124=CARTESIAN_POINT('',(-0.00475397356964217,0.00666798637359403,0.00418512536324466));
#3125=CARTESIAN_POINT('',(-0.00477863633257175,0.00701200254596373,0.00448533999198965));
#3126=CARTESIAN_POINT('',(-0.00482362463255705,0.00716933135451665,0.00464098759787715));
#3127=CARTESIAN_POINT('',(-0.00482362463255705,0.00716933135451665,0.00464098759787715));
#3128=CARTESIAN_POINT('',(-0.00459835698202534,0.00773660862819484,0.005));
#3129=CARTESIAN_POINT('',(-0.00470961247957493,0.00767048243278649,0.005));
#3130=CARTESIAN_POINT('',(-0.00485722794309937,0.00745861963616099,0.00489949798524926));
#3131=CARTESIAN_POINT('',(-0.0048492010072375,0.00725877462214164,0.00472947508212515));
#3132=CARTESIAN_POINT('',(-0.00482362463255705,0.00716933135451665,0.00464098759787715));
#3133=CARTESIAN_POINT('',(0.,3.67394039744206E-19,0.004));
#3134=CARTESIAN_POINT('',(-0.000913246518958367,0.00859259259259259,0.00464098759787715));
#3135=CARTESIAN_POINT('',(-0.00084649261039467,0.00844295669124606,0.00448513468212367));
#3136=CARTESIAN_POINT('',(-0.000643675599948276,0.00816351607674309,0.00418484265580561));
#3137=CARTESIAN_POINT('',(-0.000225611198147357,0.00799999999999999,0.00399999999999999));
#3138=CARTESIAN_POINT('',(-2.03794608457479E-18,0.00799999999999999,0.00399999999999999));
#3139=CARTESIAN_POINT('',(-0.000913246518958368,0.00859259259259259,0.00464098759787715));
#3140=CARTESIAN_POINT('',(-0.00273616114660535,0.00751754096628727,0.004));
#3141=CARTESIAN_POINT('',(-0.00252458854406602,0.00759454709599782,0.004));
#3142=CARTESIAN_POINT('',(-0.00218668911854825,0.00789181196445031,0.00418512533579412));
#3143=CARTESIAN_POINT('',(-0.00209220319205953,0.00822351680972581,0.00448533987468655));
#3144=CARTESIAN_POINT('',(-0.00208066873523401,0.00838674455798472,0.00464098759787715));
#3145=CARTESIAN_POINT('',(-0.00208066873523401,0.00838674455798472,0.00464098759787715));
#3146=CARTESIAN_POINT('',(-0.00167496613187876,0.00884276475187818,0.005));
#3147=CARTESIAN_POINT('',(-0.00180213052599259,0.00881867770904734,0.005));
#3148=CARTESIAN_POINT('',(-0.00201330270730789,0.00867007906632526,0.00489949738463245));
#3149=CARTESIAN_POINT('',(-0.00207411126469992,0.00847954139842073,0.00472947510742874));
#3150=CARTESIAN_POINT('',(-0.00208066873523401,0.00838674455798472,0.00464098759787715));
#3151=CARTESIAN_POINT('',(-0.00167496613187877,0.00884276475187818,0.005));
#3152=CARTESIAN_POINT('',(0.,3.67394039744206E-19,0.005));
#3153=CARTESIAN_POINT('',(-0.00145045035363976,0.00888235294117647,0.005));
#3154=CARTESIAN_POINT('',(-0.000913246518958366,0.00859259259259259,0.00464098759787715));
#3155=CARTESIAN_POINT('',(-0.000951125836489436,0.0086775030636513,0.00472942589626286));
#3156=CARTESIAN_POINT('',(-0.00107275671928513,0.00883541209808056,0.00489902440346638));
#3157=CARTESIAN_POINT('',(-0.00132279875771145,0.00890319790238023,0.005));
#3158=CARTESIAN_POINT('',(-0.00145045035363976,0.00888235294117647,0.005));
#3159=CARTESIAN_POINT('',(0.,3.67394039744206E-19,0.004));
#3160=CARTESIAN_POINT('',(0.,3.67394039744206E-19,0.005));
#3161=CARTESIAN_POINT('',(-0.00682057584887672,0.00587194559662465,0.005));
#3162=CARTESIAN_POINT('',(-0.00696711811561837,0.00569730332376839,0.005));
#3163=CARTESIAN_POINT('',(-0.00622279947464867,0.00599528426056505,0.00464098759787715));
#3164=CARTESIAN_POINT('',(-0.00630639606398865,0.00603598107472335,0.00472942584326861));
#3165=CARTESIAN_POINT('',(-0.00650107244551004,0.00607876406398068,0.00489902446727365));
#3166=CARTESIAN_POINT('',(-0.00673618870555116,0.00596996573360495,0.005));
#3167=CARTESIAN_POINT('',(-0.00682057584887672,0.00587194559662465,0.005));
#3168=CARTESIAN_POINT('',(-0.00622279947464867,0.00599528426056504,0.00464098759787715));
#3169=CARTESIAN_POINT('',(-0.00622279947464867,0.00599528426056505,0.00464098759787715));
#3170=CARTESIAN_POINT('',(-0.00607547896426006,0.00592356512129958,0.00448513473890516));
#3171=CARTESIAN_POINT('',(-0.00574049104906099,0.0058398694439505,0.00418484263447862));
#3172=CARTESIAN_POINT('',(-0.00531512915639017,0.00598333539987162,0.004));
#3173=CARTESIAN_POINT('',(-0.00514230087749232,0.00612835554495182,0.00399999999999999));
#3174=CARTESIAN_POINT('',(-0.00692820323027551,0.004,0.004));
#3175=CARTESIAN_POINT('',(-0.00681562890452892,0.0041949844518209,0.004));
#3176=CARTESIAN_POINT('',(-0.00674785933910868,0.00463990345748126,0.00418512550927054));
#3177=CARTESIAN_POINT('',(-0.00688869570959532,0.00495473757223658,0.00448534046935386));
#3178=CARTESIAN_POINT('',(-0.006984780210076,0.00508719098163195,0.00464098759787715));
#3179=CARTESIAN_POINT('',(-0.00698478021007599,0.00508719098163195,0.00464098759787715));
#3180=CARTESIAN_POINT('',(-0.00696711811561837,0.00569730332376839,0.005));
#3181=CARTESIAN_POINT('',(-0.00704904649553902,0.00559711474901811,0.005));
#3182=CARTESIAN_POINT('',(-0.00711530003591,0.00534754021753197,0.0048994985589988));
#3183=CARTESIAN_POINT('',(-0.00703940544656156,0.00516249239627578,0.00472947493101985));
#3184=CARTESIAN_POINT('',(-0.006984780210076,0.00508719098163195,0.00464098759787715));
#3185=CARTESIAN_POINT('',(0.,3.67394039744206E-19,0.004));
#3186=CARTESIAN_POINT('',(0.,3.67394039744206E-19,0.005));
#3187=CARTESIAN_POINT('',(-0.00841756846925813,0.00318504961740808,0.005));
#3188=CARTESIAN_POINT('',(-0.00849554198075548,0.00297081915525352,0.005));
#3189=CARTESIAN_POINT('',(-0.00789802672903436,0.00350540161096064,0.00464098759787715));
#3190=CARTESIAN_POINT('',(-0.00799050138102328,0.00351505243366019,0.00472942624843052));
#3191=CARTESIAN_POINT('',(-0.00818806971933937,0.00348867142210599,0.00489902440646294));
#3192=CARTESIAN_POINT('',(-0.0083717950101803,0.0033060214301411,0.005));
#3193=CARTESIAN_POINT('',(-0.00841756846925813,0.00318504961740808,0.005));
#3194=CARTESIAN_POINT('',(-0.00789802672903436,0.00350540161096065,0.00464098759787715));
#3195=CARTESIAN_POINT('',(-0.00789802672903436,0.00350540161096064,0.00464098759787715));
#3196=CARTESIAN_POINT('',(-0.00773506097609773,0.00348839420889031,0.00448513438874198));
#3197=CARTESIAN_POINT('',(-0.00739165033356868,0.00352431843902936,0.0041848427660026));
#3198=CARTESIAN_POINT('',(-0.00704100857897403,0.00380461540468863,0.004));
#3199=CARTESIAN_POINT('',(-0.00692820323027551,0.004,0.004));
#3200=CARTESIAN_POINT('',(-0.00787846202409767,0.00138918542133544,0.004));
#3201=CARTESIAN_POINT('',(-0.00783936528969208,0.00161091402037624,0.004));
#3202=CARTESIAN_POINT('',(-0.00792785426997581,0.00205218009173294,0.00418512592206254));
#3203=CARTESIAN_POINT('',(-0.00816787772939681,0.00229985841731848,0.00448534178905334));
#3204=CARTESIAN_POINT('',(-0.00830346820988267,0.00239146029741967,0.00464098759787715));
#3205=CARTESIAN_POINT('',(-0.00830346820988267,0.00239146029741968,0.00464098759787715));
#3206=CARTESIAN_POINT('',(-0.00849554198075548,0.00297081915525353,0.005));
#3207=CARTESIAN_POINT('',(-0.00853826400327325,0.00284864856295722,0.005));
#3208=CARTESIAN_POINT('',(-0.00851516032357559,0.00259146823632195,0.00489949760657753));
#3209=CARTESIAN_POINT('',(-0.00838055375616259,0.00244353755935258,0.00472947494710972));
#3210=CARTESIAN_POINT('',(-0.00830346820988267,0.00239146029741968,0.00464098759787715));
#3211=CARTESIAN_POINT('',(0.,3.67394039744206E-19,0.004));
#3212=CARTESIAN_POINT('',(0.,3.67394039744206E-19,0.005));
#3213=CARTESIAN_POINT('',(-0.00899927810216728,0.000113989648006056,0.005));
#3214=CARTESIAN_POINT('',(-0.00899927810216728,-0.000113989648006059,0.005));
#3215=CARTESIAN_POINT('',(-0.00862063539743824,0.000592715792856455,0.00464098759787715));
#3216=CARTESIAN_POINT('',(-0.00871083381700213,0.000570156432086457,0.00472942614618244));
#3217=CARTESIAN_POINT('',(-0.00888746458081467,0.000477793941999624,0.00489902439480665));
#3218=CARTESIAN_POINT('',(-0.00899763991384012,0.000243321675937894,0.005));
#3219=CARTESIAN_POINT('',(-0.00899927810216728,0.000113989648006056,0.005));
#3220=CARTESIAN_POINT('',(-0.00862063539743824,0.000592715792856454,0.00464098759787715));
#3221=CARTESIAN_POINT('',(-0.00862063539743824,0.000592715792856456,0.00464098759787715));
#3222=CARTESIAN_POINT('',(-0.00846168089257232,0.000632471611623846,0.00448513447179247));
#3223=CARTESIAN_POINT('',(-0.00815126712839365,0.000783682793268718,0.00418484273480744));
#3224=CARTESIAN_POINT('',(-0.00791763893517593,0.00116700211778851,0.004));
#3225=CARTESIAN_POINT('',(-0.00787846202409767,0.00138918542133544,0.004));
#3226=CARTESIAN_POINT('',(-0.00787846202409766,-0.00138918542133544,0.004));
#3227=CARTESIAN_POINT('',(-0.00791803357704511,-0.00116476399253052,0.004));
#3228=CARTESIAN_POINT('',(-0.00815222618292311,-0.000783638215475514,0.00418587296859367));
#3229=CARTESIAN_POINT('',(-0.00846183198563706,-0.000632433822015408,0.00448528261686384));
#3230=CARTESIAN_POINT('',(-0.00862063539743824,-0.000592715792856459,0.00464098759787715));
#3231=CARTESIAN_POINT('',(-0.00862063539743824,-0.000592715792856458,0.00464098759787715));
#3232=CARTESIAN_POINT('',(-0.00899927810216728,-0.000113989648006059,0.005));
#3233=CARTESIAN_POINT('',(-0.00899763885789554,-0.000243405040866588,0.005));
#3234=CARTESIAN_POINT('',(-0.00888796736257418,-0.000477172651667304,0.00489949732005351));
#3235=CARTESIAN_POINT('',(-0.00871088372916429,-0.00057014394864741,0.00472947508450293));
#3236=CARTESIAN_POINT('',(-0.00862063539743824,-0.000592715792856458,0.00464098759787715));
#3237=CARTESIAN_POINT('',(0.,3.67394039744206E-19,0.004));
#3238=CARTESIAN_POINT('',(0.,3.67394039744206E-19,0.005));
#3239=CARTESIAN_POINT('',(-0.00849554198075548,-0.00297081915525352,0.005));
#3240=CARTESIAN_POINT('',(-0.00841756846925813,-0.00318504961740808,0.005));
#3241=CARTESIAN_POINT('',(-0.00830346820988267,-0.00239146029741968,0.00464098759787715));
#3242=CARTESIAN_POINT('',(-0.00838051064744367,-0.00244350843607129,0.00472942546213554));
#3243=CARTESIAN_POINT('',(-0.00851490018907613,-0.00259071209311814,0.00489902442333329));
#3244=CARTESIAN_POINT('',(-0.00853823666486854,-0.002848726741585,0.005));
#3245=CARTESIAN_POINT('',(-0.00849554198075548,-0.00297081915525352,0.005));
#3246=CARTESIAN_POINT('',(-0.00830346820988267,-0.00239146029741968,0.00464098759787715));
#3247=CARTESIAN_POINT('',(-0.00830346820988267,-0.00239146029741968,0.00464098759787715));
#3248=CARTESIAN_POINT('',(-0.00816782145706058,-0.00229982040099331,0.0044852771934176));
#3249=CARTESIAN_POINT('',(-0.00792830163799676,-0.00205124886734592,0.00418542979509432));
#3250=CARTESIAN_POINT('',(-0.00783889726808668,-0.00161356830279814,0.004));
#3251=CARTESIAN_POINT('',(-0.00787846202409766,-0.00138918542133544,0.004));
#3252=CARTESIAN_POINT('',(-0.00692820323027551,-0.004,0.00399999999999999));
#3253=CARTESIAN_POINT('',(-0.0070407781106485,-0.00380501458753798,0.00399999999999999));
#3254=CARTESIAN_POINT('',(-0.00739220330930411,-0.0035238666772181,0.00418512533756435));
#3255=CARTESIAN_POINT('',(-0.00773527586467662,-0.00348841663505284,0.00448533989863608));
#3256=CARTESIAN_POINT('',(-0.00789802672903436,-0.00350540161096064,0.00464098759787715));
#3257=CARTESIAN_POINT('',(-0.00789802672903436,-0.00350540161096065,0.00464098759787715));
#3258=CARTESIAN_POINT('',(-0.00841756846925812,-0.00318504961740808,0.005));
#3259=CARTESIAN_POINT('',(-0.00837176574361261,-0.00330609877692275,0.005));
#3260=CARTESIAN_POINT('',(-0.00818875490755435,-0.00348825971486823,0.00489949759421194));
#3261=CARTESIAN_POINT('',(-0.00799055246897966,-0.00351505776529214,0.00472947510668329));
#3262=CARTESIAN_POINT('',(-0.00789802672903436,-0.00350540161096065,0.00464098759787715));
#3263=CARTESIAN_POINT('',(0.,3.67394039744206E-19,0.004));
#3264=CARTESIAN_POINT('',(0.,3.67394039744206E-19,0.005));
#3265=CARTESIAN_POINT('',(-0.00696711811561837,-0.00569730332376839,0.005));
#3266=CARTESIAN_POINT('',(-0.00682057584887672,-0.00587194559662465,0.005));
#3267=CARTESIAN_POINT('',(-0.00698478021007599,-0.00508719098163196,0.00464098759787715));
#3268=CARTESIAN_POINT('',(-0.00703937484546432,-0.00516245021236851,0.00472942536035143));
#3269=CARTESIAN_POINT('',(-0.00711531346883069,-0.00534674011369955,0.00489902447340156));
#3270=CARTESIAN_POINT('',(-0.00704899549112807,-0.00559717712129061,0.005));
#3271=CARTESIAN_POINT('',(-0.00696711811561837,-0.00569730332376839,0.005));
#3272=CARTESIAN_POINT('',(-0.00698478021007599,-0.00508719098163195,0.00464098759787715));
#3273=CARTESIAN_POINT('',(-0.006984780210076,-0.00508719098163195,0.00464098759787715));
#3274=CARTESIAN_POINT('',(-0.00688856895690905,-0.00495456284243767,0.00448513514288025));
#3275=CARTESIAN_POINT('',(-0.00674797457063128,-0.00463919701122756,0.00418484248275282));
#3276=CARTESIAN_POINT('',(-0.00681539723787556,-0.00419538571023493,0.004));
#3277=CARTESIAN_POINT('',(-0.00692820323027551,-0.004,0.00399999999999999));
#3278=CARTESIAN_POINT('',(-0.00514230087749232,-0.00612835554495182,0.004));
#3279=CARTESIAN_POINT('',(-0.0053147748380961,-0.0059836327082215,0.004));
#3280=CARTESIAN_POINT('',(-0.00574116610047141,-0.00583963354368131,0.00418512541708998));
#3281=CARTESIAN_POINT('',(-0.00607567314970008,-0.0059236596554047,0.00448534017096561));
#3282=CARTESIAN_POINT('',(-0.00622279947464867,-0.00599528426056504,0.00464098759787715));
#3283=CARTESIAN_POINT('',(-0.00622279947464866,-0.00599528426056505,0.00464098759787715));
#3284=CARTESIAN_POINT('',(-0.00682057584887672,-0.00587194559662465,0.005));
#3285=CARTESIAN_POINT('',(-0.00673613632117932,-0.00597002658082765,0.005));
#3286=CARTESIAN_POINT('',(-0.00650185798309563,-0.00607861211700457,0.00489949863770423));
#3287=CARTESIAN_POINT('',(-0.00630644255760599,-0.00603600370892553,0.00472947502965256));
#3288=CARTESIAN_POINT('',(-0.00622279947464867,-0.00599528426056505,0.00464098759787715));
#3289=CARTESIAN_POINT('',(0.,3.67394039744206E-19,0.004));
#3290=CARTESIAN_POINT('',(0.,3.67394039744206E-19,0.005));
#3291=CARTESIAN_POINT('',(-0.00459835698202533,-0.00773660862819484,0.005));
#3292=CARTESIAN_POINT('',(-0.00440092112014194,-0.0078505982762009,0.005));
#3293=CARTESIAN_POINT('',(-0.00482362463255705,-0.00716933135451665,0.00464098759787715));
#3294=CARTESIAN_POINT('',(-0.00484918685453843,-0.00725872512866706,0.00472942611753375));
#3295=CARTESIAN_POINT('',(-0.00485751424660872,-0.00745787301475081,0.00489902442878632));
#3296=CARTESIAN_POINT('',(-0.00470954216931096,-0.00767052422263381,0.005));
#3297=CARTESIAN_POINT('',(-0.00459835698202533,-0.00773660862819485,0.00500000000000001));
#3298=CARTESIAN_POINT('',(-0.00482362463255705,-0.00716933135451665,0.00464098759787715));
#3299=CARTESIAN_POINT('',(-0.00482362463255705,-0.00716933135451665,0.00464098759787715));
#3300=CARTESIAN_POINT('',(-0.0047785769379703,-0.00701179483680637,0.00448513450239521));
#3301=CARTESIAN_POINT('',(-0.00475432278584932,-0.00666736298305228,0.00418484272331266));
#3302=CARTESIAN_POINT('',(-0.0049694729078514,-0.00627337543053463,0.004));
#3303=CARTESIAN_POINT('',(-0.00514230087749232,-0.00612835554495182,0.004));
#3304=CARTESIAN_POINT('',(-0.00273616114660535,-0.00751754096628727,0.004));
#3305=CARTESIAN_POINT('',(-0.00294773177264063,-0.00744053555596536,0.004));
#3306=CARTESIAN_POINT('',(-0.00339765978070914,-0.00745105497771587,0.00418512566134314));
#3307=CARTESIAN_POINT('',(-0.00368325487497628,-0.00764442246147141,0.00448534095668396));
#3308=CARTESIAN_POINT('',(-0.00379701076488119,-0.00776204714737311,0.00464098759787715));
#3309=CARTESIAN_POINT('',(-0.00379701076488119,-0.00776204714737311,0.00464098759787715));
#3310=CARTESIAN_POINT('',(-0.00440092112014194,-0.0078505982762009,0.005));
#3311=CARTESIAN_POINT('',(-0.004288026196849,-0.00791388538309349,0.005));
#3312=CARTESIAN_POINT('',(-0.00403074013613354,-0.0079357926169287,0.00489949800781329));
#3313=CARTESIAN_POINT('',(-0.00386168251608931,-0.00782891836106521,0.0047294748038059));
#3314=CARTESIAN_POINT('',(-0.0037970107648812,-0.00776204714737311,0.00464098759787715));
#3315=CARTESIAN_POINT('',(0.,3.67394039744206E-19,0.004));
#3316=CARTESIAN_POINT('',(0.,3.67394039744206E-19,0.005));
#3317=CARTESIAN_POINT('',(-0.00167496613187876,-0.00884276475187818,0.005));
#3318=CARTESIAN_POINT('',(-0.00145045035363976,-0.00888235294117647,0.005));
#3319=CARTESIAN_POINT('',(-0.002080668735234,-0.00838674455798473,0.00464098759787715));
#3320=CARTESIAN_POINT('',(-0.0020741148847803,-0.00847949016951774,0.00472942625751077));
#3321=CARTESIAN_POINT('',(-0.0020138271879268,-0.00866947598270765,0.00489902439576342));
#3322=CARTESIAN_POINT('',(-0.00180204878319606,-0.00881869319248713,0.005));
#3323=CARTESIAN_POINT('',(-0.00167496613187876,-0.00884276475187818,0.005));
#3324=CARTESIAN_POINT('',(-0.002080668735234,-0.00838674455798473,0.00464098759787715));
#3325=CARTESIAN_POINT('',(-0.002080668735234,-0.00838674455798473,0.00464098759787715));
#3326=CARTESIAN_POINT('',(-0.00209221842055398,-0.00822330130648222,0.00448513437905505));
#3327=CARTESIAN_POINT('',(-0.00218722950537666,-0.00789134603686746,0.00418484276964121));
#3328=CARTESIAN_POINT('',(-0.00252415645462597,-0.00759470436369254,0.004));
#3329=CARTESIAN_POINT('',(-0.00273616114660535,-0.00751754096628727,0.004));
#3330=CARTESIAN_POINT('',(2.93050722076507E-18,-0.00799999999999999,0.00399999999999999));
#3331=CARTESIAN_POINT('',(-0.000225149052247835,-0.00799999999999999,0.00399999999999999));
#3332=CARTESIAN_POINT('',(-0.000644344122951916,-0.00816376924990419,0.00418512540425636));
#3333=CARTESIAN_POINT('',(-0.000846580604306841,-0.00844315393884765,0.00448534012489212));
#3334=CARTESIAN_POINT('',(-0.000913246518958366,-0.00859259259259259,0.00464098759787715));
#3335=CARTESIAN_POINT('',(-0.000913246518958365,-0.00859259259259259,0.00464098759787715));
#3336=CARTESIAN_POINT('',(-0.00145045035363976,-0.00888235294117647,0.005));
#3337=CARTESIAN_POINT('',(-0.00132271659331065,-0.00890321131947646,0.005));
#3338=CARTESIAN_POINT('',(-0.0010734559931728,-0.00883579940464897,0.00489949739017645));
#3339=CARTESIAN_POINT('',(-0.000951146882911421,-0.00867755024141799,0.00472947503415311));
#3340=CARTESIAN_POINT('',(-0.000913246518958366,-0.00859259259259259,0.00464098759787715));
#3341=CARTESIAN_POINT('',(0.,3.67394039744206E-19,0.004));
#3342=CARTESIAN_POINT('',(0.,3.67394039744206E-19,0.005));
#3343=CARTESIAN_POINT('',(0.00145045035363976,-0.00888235294117647,0.005));
#3344=CARTESIAN_POINT('',(0.00167496613187876,-0.00884276475187818,0.005));
#3345=CARTESIAN_POINT('',(0.000913246518958368,-0.00859259259259259,0.00464098759787715));
#3346=CARTESIAN_POINT('',(0.000951125836489438,-0.0086775030636513,0.00472942589626286));
#3347=CARTESIAN_POINT('',(0.00107275671928513,-0.00883541209808056,0.00489902440346638));
#3348=CARTESIAN_POINT('',(0.00132279875771145,-0.00890319790238023,0.005));
#3349=CARTESIAN_POINT('',(0.00145045035363976,-0.00888235294117647,0.005));
#3350=CARTESIAN_POINT('',(0.000913246518958369,-0.00859259259259259,0.00464098759787715));
#3351=CARTESIAN_POINT('',(0.000913246518958368,-0.00859259259259259,0.00464098759787715));
#3352=CARTESIAN_POINT('',(0.000846492610394671,-0.00844295669124606,0.00448513468212367));
#3353=CARTESIAN_POINT('',(0.000643675599948277,-0.00816351607674309,0.00418484265580561));
#3354=CARTESIAN_POINT('',(0.000225611198147357,-0.00799999999999999,0.00399999999999999));
#3355=CARTESIAN_POINT('',(2.93050722076507E-18,-0.00799999999999999,0.00399999999999999));
#3356=CARTESIAN_POINT('',(0.00273616114660535,-0.00751754096628727,0.004));
#3357=CARTESIAN_POINT('',(0.00252458854406602,-0.00759454709599782,0.004));
#3358=CARTESIAN_POINT('',(0.00218668911854825,-0.00789181196445031,0.00418512533579412));
#3359=CARTESIAN_POINT('',(0.00209220319205952,-0.00822351680972581,0.00448533987468655));
#3360=CARTESIAN_POINT('',(0.002080668735234,-0.00838674455798473,0.00464098759787715));
#3361=CARTESIAN_POINT('',(0.00208066873523401,-0.00838674455798472,0.00464098759787715));
#3362=CARTESIAN_POINT('',(0.00167496613187876,-0.00884276475187818,0.005));
#3363=CARTESIAN_POINT('',(0.00180213052599259,-0.00881867770904734,0.005));
#3364=CARTESIAN_POINT('',(0.00201330270730789,-0.00867007906632526,0.00489949738463246));
#3365=CARTESIAN_POINT('',(0.00207411126469991,-0.00847954139842073,0.00472947510742874));
#3366=CARTESIAN_POINT('',(0.002080668735234,-0.00838674455798472,0.00464098759787715));
#3367=CARTESIAN_POINT('',(0.,3.67394039744206E-19,0.004));
#3368=CARTESIAN_POINT('',(0.,3.67394039744206E-19,0.005));
#3369=CARTESIAN_POINT('',(0.00440092112014194,-0.0078505982762009,0.005));
#3370=CARTESIAN_POINT('',(0.00459835698202533,-0.00773660862819484,0.005));
#3371=CARTESIAN_POINT('',(0.00379701076488119,-0.00776204714737311,0.00464098759787715));
#3372=CARTESIAN_POINT('',(0.00386164593188875,-0.00782888053264944,0.0047294247474269));
#3373=CARTESIAN_POINT('',(0.00402994986377655,-0.00793566753890815,0.00489902445852826));
#3374=CARTESIAN_POINT('',(0.00428809772726395,-0.00791384528427519,0.00500000000000001));
#3375=CARTESIAN_POINT('',(0.00440092112014195,-0.00785059827620091,0.00500000000000001));
#3376=CARTESIAN_POINT('',(0.00379701076488119,-0.00776204714737311,0.00464098759787715));
#3377=CARTESIAN_POINT('',(0.00379701076488119,-0.00776204714737311,0.00464098759787715));
#3378=CARTESIAN_POINT('',(0.0036831049404694,-0.00764426742774707,0.00448513580860404));
#3379=CARTESIAN_POINT('',(0.00339694304288007,-0.00745104575967706,0.00418484223274313));
#3380=CARTESIAN_POINT('',(0.00294816813238455,-0.00744037673400714,0.004));
#3381=CARTESIAN_POINT('',(0.00273616114660535,-0.00751754096628727,0.004));
#3382=CARTESIAN_POINT('',(0.00514230087749232,-0.00612835554495182,0.00399999999999999));
#3383=CARTESIAN_POINT('',(0.00496982665043348,-0.00627307860526448,0.00399999999999999));
#3384=CARTESIAN_POINT('',(0.00475397356964217,-0.00666798637359403,0.00418512536324465));
#3385=CARTESIAN_POINT('',(0.00477863633257175,-0.00701200254596373,0.00448533999198965));
#3386=CARTESIAN_POINT('',(0.00482362463255706,-0.00716933135451665,0.00464098759787715));
#3387=CARTESIAN_POINT('',(0.00482362463255705,-0.00716933135451665,0.00464098759787715));
#3388=CARTESIAN_POINT('',(0.00459835698202533,-0.00773660862819484,0.005));
#3389=CARTESIAN_POINT('',(0.00470961247957493,-0.0076704824327865,0.005));
#3390=CARTESIAN_POINT('',(0.00485722794309937,-0.00745861963616099,0.00489949798524926));
#3391=CARTESIAN_POINT('',(0.0048492010072375,-0.00725877462214164,0.00472947508212516));
#3392=CARTESIAN_POINT('',(0.00482362463255705,-0.00716933135451665,0.00464098759787715));
#3393=CARTESIAN_POINT('',(0.,3.67394039744206E-19,0.004));
#3394=CARTESIAN_POINT('',(0.,3.67394039744206E-19,0.005));
#3395=CARTESIAN_POINT('',(0.00682057584887672,-0.00587194559662465,0.005));
#3396=CARTESIAN_POINT('',(0.00696711811561837,-0.00569730332376839,0.005));
#3397=CARTESIAN_POINT('',(0.00622279947464867,-0.00599528426056505,0.00464098759787715));
#3398=CARTESIAN_POINT('',(0.00630639606398865,-0.00603598107472335,0.00472942584326862));
#3399=CARTESIAN_POINT('',(0.00650107244551004,-0.00607876406398068,0.00489902446727365));
#3400=CARTESIAN_POINT('',(0.00673618870555116,-0.00596996573360495,0.005));
#3401=CARTESIAN_POINT('',(0.00682057584887672,-0.00587194559662465,0.005));
#3402=CARTESIAN_POINT('',(0.00622279947464867,-0.00599528426056505,0.00464098759787715));
#3403=CARTESIAN_POINT('',(0.00622279947464867,-0.00599528426056505,0.00464098759787715));
#3404=CARTESIAN_POINT('',(0.00607547896426007,-0.00592356512129958,0.00448513473890516));
#3405=CARTESIAN_POINT('',(0.00574049104906099,-0.0058398694439505,0.00418484263447862));
#3406=CARTESIAN_POINT('',(0.00531512915639017,-0.00598333539987162,0.004));
#3407=CARTESIAN_POINT('',(0.00514230087749232,-0.00612835554495182,0.00399999999999999));
#3408=CARTESIAN_POINT('',(0.00692820323027551,-0.004,0.004));
#3409=CARTESIAN_POINT('',(0.00681562890452892,-0.0041949844518209,0.004));
#3410=CARTESIAN_POINT('',(0.00674785933910868,-0.00463990345748126,0.00418512550927054));
#3411=CARTESIAN_POINT('',(0.00688869570959532,-0.00495473757223658,0.00448534046935386));
#3412=CARTESIAN_POINT('',(0.006984780210076,-0.00508719098163195,0.00464098759787715));
#3413=CARTESIAN_POINT('',(0.00698478021007599,-0.00508719098163195,0.00464098759787715));
#3414=CARTESIAN_POINT('',(0.00696711811561837,-0.00569730332376839,0.005));
#3415=CARTESIAN_POINT('',(0.00704904649553902,-0.00559711474901811,0.005));
#3416=CARTESIAN_POINT('',(0.00711530003591,-0.00534754021753197,0.00489949855899879));
#3417=CARTESIAN_POINT('',(0.00703940544656156,-0.00516249239627578,0.00472947493101985));
#3418=CARTESIAN_POINT('',(0.006984780210076,-0.00508719098163195,0.00464098759787715));
#3419=CARTESIAN_POINT('',(0.,3.67394039744206E-19,0.004));
#3420=CARTESIAN_POINT('',(0.,3.67394039744206E-19,0.005));
#3421=CARTESIAN_POINT('',(0.00841756846925813,-0.00318504961740808,0.005));
#3422=CARTESIAN_POINT('',(0.00849554198075548,-0.00297081915525353,0.005));
#3423=CARTESIAN_POINT('',(0.00789802672903436,-0.00350540161096064,0.00464098759787715));
#3424=CARTESIAN_POINT('',(0.00799050138102328,-0.00351505243366019,0.00472942624843052));
#3425=CARTESIAN_POINT('',(0.00818806971933937,-0.00348867142210599,0.00489902440646294));
#3426=CARTESIAN_POINT('',(0.0083717950101803,-0.0033060214301411,0.005));
#3427=CARTESIAN_POINT('',(0.00841756846925813,-0.00318504961740808,0.005));
#3428=CARTESIAN_POINT('',(0.00789802672903436,-0.00350540161096064,0.00464098759787715));
#3429=CARTESIAN_POINT('',(0.00789802672903436,-0.00350540161096064,0.00464098759787715));
#3430=CARTESIAN_POINT('',(0.00773506097609773,-0.00348839420889031,0.00448513438874198));
#3431=CARTESIAN_POINT('',(0.00739165033356867,-0.00352431843902936,0.0041848427660026));
#3432=CARTESIAN_POINT('',(0.00704100857897403,-0.00380461540468863,0.004));
#3433=CARTESIAN_POINT('',(0.00692820323027551,-0.004,0.004));
#3434=CARTESIAN_POINT('',(0.00787846202409766,-0.00138918542133545,0.00399999999999999));
#3435=CARTESIAN_POINT('',(0.00783936528969207,-0.00161091402037625,0.00399999999999999));
#3436=CARTESIAN_POINT('',(0.0079278542699758,-0.00205218009173296,0.00418512592206254));
#3437=CARTESIAN_POINT('',(0.00816787772939681,-0.00229985841731849,0.00448534178905335));
#3438=CARTESIAN_POINT('',(0.00830346820988267,-0.00239146029741968,0.00464098759787715));
#3439=CARTESIAN_POINT('',(0.00830346820988267,-0.00239146029741968,0.00464098759787715));
#3440=CARTESIAN_POINT('',(0.00849554198075548,-0.00297081915525353,0.005));
#3441=CARTESIAN_POINT('',(0.00853826400327325,-0.00284864856295723,0.005));
#3442=CARTESIAN_POINT('',(0.00851516032357559,-0.00259146823632195,0.00489949760657753));
#3443=CARTESIAN_POINT('',(0.00838055375616259,-0.00244353755935258,0.00472947494710972));
#3444=CARTESIAN_POINT('',(0.00830346820988267,-0.00239146029741968,0.00464098759787715));
#3445=CARTESIAN_POINT('',(0.,3.67394039744206E-19,0.004));
#3446=CARTESIAN_POINT('',(0.,3.67394039744206E-19,0.005));
#3447=CARTESIAN_POINT('',(0.00899927810216728,-0.000113989648006059,0.005));
#3448=CARTESIAN_POINT('',(0.00899927810216728,0.00011398964800606,0.005));
#3449=CARTESIAN_POINT('',(0.00862063539743824,-0.000592715792856458,0.00464098759787715));
#3450=CARTESIAN_POINT('',(0.00871083381700213,-0.00057015643208646,0.00472942614618244));
#3451=CARTESIAN_POINT('',(0.00888746458081467,-0.000477793941999627,0.00489902439480665));
#3452=CARTESIAN_POINT('',(0.00899763991384012,-0.000243321675937897,0.005));
#3453=CARTESIAN_POINT('',(0.00899927810216728,-0.000113989648006059,0.005));
#3454=CARTESIAN_POINT('',(0.00862063539743824,-0.000592715792856457,0.00464098759787715));
#3455=CARTESIAN_POINT('',(0.00862063539743825,-0.000592715792856459,0.00464098759787715));
#3456=CARTESIAN_POINT('',(0.00846168089257232,-0.000632471611623847,0.00448513447179247));
#3457=CARTESIAN_POINT('',(0.00815126712839365,-0.000783682793268717,0.00418484273480744));
#3458=CARTESIAN_POINT('',(0.00791763893517592,-0.00116700211778852,0.00399999999999999));
#3459=CARTESIAN_POINT('',(0.00787846202409766,-0.00138918542133545,0.00399999999999999));
#3460=CARTESIAN_POINT('',(0.00787846202409766,0.00138918542133544,0.004));
#3461=CARTESIAN_POINT('',(0.00791803357704511,0.00116476399253052,0.004));
#3462=CARTESIAN_POINT('',(0.0081522261829231,0.000783638215475516,0.00418587296859366));
#3463=CARTESIAN_POINT('',(0.00846183198563705,0.000632433822015408,0.00448528261686385));
#3464=CARTESIAN_POINT('',(0.00862063539743824,0.000592715792856459,0.00464098759787715));
#3465=CARTESIAN_POINT('',(0.00862063539743824,0.000592715792856459,0.00464098759787715));
#3466=CARTESIAN_POINT('',(0.00899927810216728,0.00011398964800606,0.005));
#3467=CARTESIAN_POINT('',(0.00899763885789554,0.000243405040866589,0.005));
#3468=CARTESIAN_POINT('',(0.00888796736257418,0.000477172651667305,0.00489949732005351));
#3469=CARTESIAN_POINT('',(0.00871088372916429,0.00057014394864741,0.00472947508450293));
#3470=CARTESIAN_POINT('',(0.00862063539743824,0.000592715792856459,0.00464098759787715));
#3471=CARTESIAN_POINT('',(0.,3.67394039744206E-19,0.004));
#3472=CARTESIAN_POINT('',(0.,3.67394039744206E-19,0.005));
#3473=CARTESIAN_POINT('',(0.00849554198075548,0.00297081915525353,0.005));
#3474=CARTESIAN_POINT('',(0.00841756846925813,0.00318504961740808,0.005));
#3475=CARTESIAN_POINT('',(0.00830346820988267,0.00239146029741968,0.00464098759787715));
#3476=CARTESIAN_POINT('',(0.00838051064744367,0.00244350843607129,0.00472942546213555));
#3477=CARTESIAN_POINT('',(0.00851490018907613,0.00259071209311814,0.00489902442333329));
#3478=CARTESIAN_POINT('',(0.00853823666486853,0.00284872674158501,0.005));
#3479=CARTESIAN_POINT('',(0.00849554198075548,0.00297081915525353,0.005));
#3480=CARTESIAN_POINT('',(0.00830346820988267,0.00239146029741968,0.00464098759787715));
#3481=CARTESIAN_POINT('',(0.00830346820988267,0.00239146029741968,0.00464098759787715));
#3482=CARTESIAN_POINT('',(0.00816782145706058,0.00229982040099331,0.0044852771934176));
#3483=CARTESIAN_POINT('',(0.00792830163799676,0.00205124886734593,0.00418542979509432));
#3484=CARTESIAN_POINT('',(0.00783889726808668,0.00161356830279814,0.004));
#3485=CARTESIAN_POINT('',(0.00787846202409766,0.00138918542133544,0.004));
#3486=CARTESIAN_POINT('',(0.00692820323027551,0.004,0.00399999999999999));
#3487=CARTESIAN_POINT('',(0.0070407781106485,0.00380501458753798,0.00399999999999999));
#3488=CARTESIAN_POINT('',(0.00739220330930411,0.0035238666772181,0.00418512533756435));
#3489=CARTESIAN_POINT('',(0.00773527586467662,0.00348841663505284,0.00448533989863608));
#3490=CARTESIAN_POINT('',(0.00789802672903436,0.00350540161096064,0.00464098759787715));
#3491=CARTESIAN_POINT('',(0.00789802672903436,0.00350540161096065,0.00464098759787715));
#3492=CARTESIAN_POINT('',(0.00841756846925813,0.00318504961740808,0.005));
#3493=CARTESIAN_POINT('',(0.00837176574361262,0.00330609877692275,0.005));
#3494=CARTESIAN_POINT('',(0.00818875490755436,0.00348825971486823,0.00489949759421194));
#3495=CARTESIAN_POINT('',(0.00799055246897966,0.00351505776529214,0.00472947510668329));
#3496=CARTESIAN_POINT('',(0.00789802672903436,0.00350540161096064,0.00464098759787715));
#3497=CARTESIAN_POINT('',(0.,3.67394039744206E-19,0.004));
#3498=CARTESIAN_POINT('',(0.,3.67394039744206E-19,0.005));
#3499=CARTESIAN_POINT('',(0.00696711811561837,0.00569730332376839,0.005));
#3500=CARTESIAN_POINT('',(0.00682057584887672,0.00587194559662465,0.005));
#3501=CARTESIAN_POINT('',(0.00698478021007599,0.00508719098163195,0.00464098759787715));
#3502=CARTESIAN_POINT('',(0.00703937484546433,0.00516245021236851,0.00472942536035144));
#3503=CARTESIAN_POINT('',(0.00711531346883071,0.00534674011369954,0.00489902447340156));
#3504=CARTESIAN_POINT('',(0.00704899549112808,0.00559717712129062,0.00500000000000001));
#3505=CARTESIAN_POINT('',(0.00696711811561838,0.00569730332376839,0.00500000000000001));
#3506=CARTESIAN_POINT('',(0.00698478021007599,0.00508719098163195,0.00464098759787715));
#3507=CARTESIAN_POINT('',(0.006984780210076,0.00508719098163195,0.00464098759787715));
#3508=CARTESIAN_POINT('',(0.00688856895690905,0.00495456284243767,0.00448513514288025));
#3509=CARTESIAN_POINT('',(0.00674797457063128,0.00463919701122756,0.00418484248275282));
#3510=CARTESIAN_POINT('',(0.00681539723787556,0.00419538571023493,0.004));
#3511=CARTESIAN_POINT('',(0.00692820323027551,0.004,0.00399999999999999));
#3512=CARTESIAN_POINT('',(0.00514230087749231,0.00612835554495182,0.00399999999999999));
#3513=CARTESIAN_POINT('',(0.00531477483809609,0.0059836327082215,0.00399999999999999));
#3514=CARTESIAN_POINT('',(0.00574116610047141,0.00583963354368131,0.00418512541708997));
#3515=CARTESIAN_POINT('',(0.00607567314970008,0.00592365965540471,0.00448534017096561));
#3516=CARTESIAN_POINT('',(0.00622279947464867,0.00599528426056505,0.00464098759787715));
#3517=CARTESIAN_POINT('',(0.00622279947464866,0.00599528426056505,0.00464098759787715));
#3518=CARTESIAN_POINT('',(0.00682057584887672,0.00587194559662465,0.005));
#3519=CARTESIAN_POINT('',(0.00673613632117932,0.00597002658082765,0.005));
#3520=CARTESIAN_POINT('',(0.00650185798309563,0.00607861211700457,0.00489949863770423));
#3521=CARTESIAN_POINT('',(0.00630644255760599,0.00603600370892553,0.00472947502965256));
#3522=CARTESIAN_POINT('',(0.00622279947464866,0.00599528426056505,0.00464098759787715));
#3523=CARTESIAN_POINT('',(0.,3.67394039744206E-19,0.004));
#3524=CARTESIAN_POINT('',(0.,3.67394039744206E-19,0.005));
#3525=CARTESIAN_POINT('',(0.00459835698202533,0.00773660862819484,0.005));
#3526=CARTESIAN_POINT('',(0.00440092112014194,0.0078505982762009,0.005));
#3527=CARTESIAN_POINT('',(0.00482362463255705,0.00716933135451665,0.00464098759787715));
#3528=CARTESIAN_POINT('',(0.00484918685453843,0.00725872512866705,0.00472942611753375));
#3529=CARTESIAN_POINT('',(0.00485751424660872,0.00745787301475081,0.00489902442878632));
#3530=CARTESIAN_POINT('',(0.00470954216931096,0.00767052422263381,0.005));
#3531=CARTESIAN_POINT('',(0.00459835698202533,0.00773660862819485,0.00500000000000001));
#3532=CARTESIAN_POINT('',(0.00482362463255705,0.00716933135451665,0.00464098759787715));
#3533=CARTESIAN_POINT('',(0.00482362463255705,0.00716933135451665,0.00464098759787715));
#3534=CARTESIAN_POINT('',(0.00477857693797029,0.00701179483680638,0.00448513450239521));
#3535=CARTESIAN_POINT('',(0.00475432278584931,0.00666736298305228,0.00418484272331266));
#3536=CARTESIAN_POINT('',(0.00496947290785139,0.00627337543053463,0.00399999999999999));
#3537=CARTESIAN_POINT('',(0.00514230087749231,0.00612835554495182,0.00399999999999999));
#3538=CARTESIAN_POINT('',(0.00273616114660535,0.00751754096628727,0.004));
#3539=CARTESIAN_POINT('',(0.00294773177264063,0.00744053555596536,0.004));
#3540=CARTESIAN_POINT('',(0.00339765978070914,0.00745105497771587,0.00418512566134314));
#3541=CARTESIAN_POINT('',(0.00368325487497628,0.00764442246147141,0.00448534095668396));
#3542=CARTESIAN_POINT('',(0.00379701076488119,0.00776204714737311,0.00464098759787715));
#3543=CARTESIAN_POINT('',(0.00379701076488119,0.00776204714737311,0.00464098759787715));
#3544=CARTESIAN_POINT('',(0.00440092112014194,0.0078505982762009,0.005));
#3545=CARTESIAN_POINT('',(0.004288026196849,0.00791388538309349,0.005));
#3546=CARTESIAN_POINT('',(0.00403074013613354,0.0079357926169287,0.0048994980078133));
#3547=CARTESIAN_POINT('',(0.00386168251608931,0.00782891836106521,0.0047294748038059));
#3548=CARTESIAN_POINT('',(0.0037970107648812,0.00776204714737311,0.00464098759787715));
#3549=CARTESIAN_POINT('',(0.,3.67394039744206E-19,0.004));
#3550=CARTESIAN_POINT('',(0.,3.67394039744206E-19,0.005));
#3551=CARTESIAN_POINT('',(0.00167496613187876,0.00884276475187818,0.005));
#3552=CARTESIAN_POINT('',(0.00145045035363976,0.00888235294117647,0.005));
#3553=CARTESIAN_POINT('',(0.002080668735234,0.00838674455798473,0.00464098759787715));
#3554=CARTESIAN_POINT('',(0.0020741148847803,0.00847949016951774,0.00472942625751077));
#3555=CARTESIAN_POINT('',(0.0020138271879268,0.00866947598270765,0.00489902439576342));
#3556=CARTESIAN_POINT('',(0.00180204878319606,0.00881869319248714,0.005));
#3557=CARTESIAN_POINT('',(0.00167496613187876,0.00884276475187818,0.005));
#3558=CARTESIAN_POINT('',(0.002080668735234,0.00838674455798473,0.00464098759787715));
#3559=CARTESIAN_POINT('',(0.002080668735234,0.00838674455798473,0.00464098759787715));
#3560=CARTESIAN_POINT('',(0.00209221842055398,0.00822330130648222,0.00448513437905505));
#3561=CARTESIAN_POINT('',(0.00218722950537666,0.00789134603686746,0.00418484276964121));
#3562=CARTESIAN_POINT('',(0.00252415645462597,0.00759470436369254,0.004));
#3563=CARTESIAN_POINT('',(0.00273616114660535,0.00751754096628727,0.004));
#3564=CARTESIAN_POINT('',(-1.84821069146513E-18,0.00799999999999999,0.00399999999999999));
#3565=CARTESIAN_POINT('',(0.000225149052247836,0.00799999999999999,0.00399999999999999));
#3566=CARTESIAN_POINT('',(0.000644344122951918,0.00816376924990419,0.00418512540425636));
#3567=CARTESIAN_POINT('',(0.000846580604306842,0.00844315393884765,0.00448534012489213));
#3568=CARTESIAN_POINT('',(0.000913246518958367,0.00859259259259259,0.00464098759787715));
#3569=CARTESIAN_POINT('',(0.000913246518958366,0.00859259259259259,0.00464098759787715));
#3570=CARTESIAN_POINT('',(0.00145045035363976,0.00888235294117647,0.005));
#3571=CARTESIAN_POINT('',(0.00132271659331066,0.00890321131947646,0.005));
#3572=CARTESIAN_POINT('',(0.0010734559931728,0.00883579940464897,0.00489949739017645));
#3573=CARTESIAN_POINT('',(0.000951146882911421,0.00867755024141799,0.00472947503415311));
#3574=CARTESIAN_POINT('',(0.000913246518958366,0.00859259259259259,0.00464098759787715));
#3575=CARTESIAN_POINT('',(0.00158191245788549,0.0083515000434405,0.018002));
#3576=CARTESIAN_POINT('',(0.00208066873523401,0.00838674455798473,0.018002));
#3577=CARTESIAN_POINT('',(0.002080668735234,0.00838674455798473,0.0173590124021228));
#3578=CARTESIAN_POINT('',(0.00167496613187876,0.00884276475187818,0.018002));
#3579=CARTESIAN_POINT('',(0.00167496613187876,0.00884276475187818,0.017));
#3580=CARTESIAN_POINT('',(0.00167496613187876,0.00884276475187818,0.017));
#3581=CARTESIAN_POINT('',(0.00180213052599258,0.00881867770904734,0.017));
#3582=CARTESIAN_POINT('',(0.00201330270730788,0.00867007906632527,0.0171005026153675));
#3583=CARTESIAN_POINT('',(0.00207411126469991,0.00847954139842074,0.0172705248925713));
#3584=CARTESIAN_POINT('',(0.002080668735234,0.00838674455798473,0.0173590124021228));
#3585=CARTESIAN_POINT('',(0.00307818128993102,0.00845723358707318,0.018002));
#3586=CARTESIAN_POINT('',(0.00273616114660535,0.00751754096628727,0.018));
#3587=CARTESIAN_POINT('',(0.00252458854406602,0.00759454709599782,0.018));
#3588=CARTESIAN_POINT('',(0.00218668911854824,0.00789181196445032,0.0178148746642059));
#3589=CARTESIAN_POINT('',(0.00209220319205952,0.00822351680972581,0.0175146601253135));
#3590=CARTESIAN_POINT('',(0.002080668735234,0.00838674455798473,0.0173590124021228));
#3591=CARTESIAN_POINT('',(0.00273616114660535,0.00751754096628727,0.018));
#3592=CARTESIAN_POINT('',(0.0037970107648812,0.00776204714737311,0.0173590124021228));
#3593=CARTESIAN_POINT('',(0.0036831049404694,0.00764426742774707,0.017514864191396));
#3594=CARTESIAN_POINT('',(0.00339694304288007,0.00745104575967705,0.0178151577672569));
#3595=CARTESIAN_POINT('',(0.00294816813238455,0.00744037673400714,0.018));
#3596=CARTESIAN_POINT('',(0.00273616114660535,0.00751754096628727,0.018));
#3597=CARTESIAN_POINT('',(0.00379701076488119,0.00776204714737311,0.0173590124021228));
#3598=CARTESIAN_POINT('',(0.00379701076488119,0.00776204714737311,0.018002));
#3599=CARTESIAN_POINT('',(0.00415642550235628,0.00741445392752307,0.018002));
#3600=CARTESIAN_POINT('',(0.00440092112014194,0.0078505982762009,0.018002));
#3601=CARTESIAN_POINT('',(0.00440092112014194,0.0078505982762009,0.017));
#3602=CARTESIAN_POINT('',(0.0037970107648812,0.00776204714737311,0.0173590124021229));
#3603=CARTESIAN_POINT('',(0.00386164593188875,0.00782888053264944,0.0172705752525731));
#3604=CARTESIAN_POINT('',(0.00402994986377656,0.00793566753890814,0.0171009755414718));
#3605=CARTESIAN_POINT('',(0.00428809772726394,0.00791384528427518,0.017));
#3606=CARTESIAN_POINT('',(0.00440092112014194,0.0078505982762009,0.017));
#3607=CARTESIAN_POINT('',(0.00434289270524614,0.00730679703773958,0.018002));
#3608=CARTESIAN_POINT('',(0.00482362463255705,0.00716933135451665,0.018002));
#3609=CARTESIAN_POINT('',(0.00482362463255705,0.00716933135451665,0.0173590124021228));
#3610=CARTESIAN_POINT('',(0.00459835698202533,0.00773660862819484,0.018002));
#3611=CARTESIAN_POINT('',(0.00459835698202533,0.00773660862819484,0.017));
#3612=CARTESIAN_POINT('',(0.00459835698202533,0.00773660862819485,0.017));
#3613=CARTESIAN_POINT('',(0.00470961247957493,0.0076704824327865,0.017));
#3614=CARTESIAN_POINT('',(0.00485722794309937,0.00745861963616099,0.0171005020147507));
#3615=CARTESIAN_POINT('',(0.0048492010072375,0.00725877462214164,0.0172705249178748));
#3616=CARTESIAN_POINT('',(0.00482362463255705,0.00716933135451665,0.0173590124021229));
#3617=CARTESIAN_POINT('',(0.00578508848717885,0.0068943999880708,0.018002));
#3618=CARTESIAN_POINT('',(0.00514230087749231,0.00612835554495181,0.018));
#3619=CARTESIAN_POINT('',(0.00496982665043347,0.00627307860526448,0.018));
#3620=CARTESIAN_POINT('',(0.00475397356964216,0.00666798637359404,0.0178148746367553));
#3621=CARTESIAN_POINT('',(0.00477863633257174,0.00701200254596373,0.0175146600080104));
#3622=CARTESIAN_POINT('',(0.00482362463255705,0.00716933135451665,0.0173590124021229));
#3623=CARTESIAN_POINT('',(0.00514230087749232,0.00612835554495183,0.018));
#3624=CARTESIAN_POINT('',(0.00622279947464867,0.00599528426056505,0.0173590124021229));
#3625=CARTESIAN_POINT('',(0.00607547896426006,0.00592356512129959,0.0175148652610949));
#3626=CARTESIAN_POINT('',(0.00574049104906099,0.0058398694439505,0.0178151573655214));
#3627=CARTESIAN_POINT('',(0.00531512915639016,0.00598333539987162,0.018));
#3628=CARTESIAN_POINT('',(0.00514230087749231,0.00612835554495181,0.018));
#3629=CARTESIAN_POINT('',(0.00622279947464866,0.00599528426056505,0.0173590124021228));
#3630=CARTESIAN_POINT('',(0.00622279947464866,0.00599528426056505,0.018002));
#3631=CARTESIAN_POINT('',(0.00644165496838357,0.00554572639681217,0.018002));
#3632=CARTESIAN_POINT('',(0.00682057584887672,0.00587194559662465,0.018002));
#3633=CARTESIAN_POINT('',(0.00682057584887672,0.00587194559662465,0.017));
#3634=CARTESIAN_POINT('',(0.00622279947464867,0.00599528426056505,0.0173590124021229));
#3635=CARTESIAN_POINT('',(0.00630639606398864,0.00603598107472335,0.0172705741567314));
#3636=CARTESIAN_POINT('',(0.00650107244551004,0.00607876406398068,0.0171009755327264));
#3637=CARTESIAN_POINT('',(0.00673618870555116,0.00596996573360495,0.017));
#3638=CARTESIAN_POINT('',(0.00682057584887672,0.00587194559662465,0.017));
#3639=CARTESIAN_POINT('',(0.00658005599808402,0.00538078647244793,0.018002));
#3640=CARTESIAN_POINT('',(0.00698478021007599,0.00508719098163195,0.018002));
#3641=CARTESIAN_POINT('',(0.00698478021007599,0.00508719098163195,0.0173590124021228));
#3642=CARTESIAN_POINT('',(0.00696711811561837,0.00569730332376839,0.018002));
#3643=CARTESIAN_POINT('',(0.00696711811561837,0.00569730332376839,0.017));
#3644=CARTESIAN_POINT('',(0.00696711811561838,0.00569730332376839,0.017));
#3645=CARTESIAN_POINT('',(0.00704904649553902,0.00559711474901811,0.017));
#3646=CARTESIAN_POINT('',(0.00711530003591,0.00534754021753197,0.0171005014410012));
#3647=CARTESIAN_POINT('',(0.00703940544656156,0.00516249239627578,0.0172705250689802));
#3648=CARTESIAN_POINT('',(0.00698478021007599,0.00508719098163195,0.0173590124021229));
#3649=CARTESIAN_POINT('',(0.00779422863405995,0.0045,0.018002));
#3650=CARTESIAN_POINT('',(0.00692820323027551,0.004,0.018));
#3651=CARTESIAN_POINT('',(0.00681562890452892,0.0041949844518209,0.018));
#3652=CARTESIAN_POINT('',(0.00674785933910868,0.00463990345748125,0.0178148744907295));
#3653=CARTESIAN_POINT('',(0.00688869570959532,0.00495473757223658,0.0175146595306461));
#3654=CARTESIAN_POINT('',(0.006984780210076,0.00508719098163195,0.0173590124021229));
#3655=CARTESIAN_POINT('',(0.00692820323027551,0.004,0.018));
#3656=CARTESIAN_POINT('',(0.00789802672903436,0.00350540161096064,0.0173590124021229));
#3657=CARTESIAN_POINT('',(0.00773506097609773,0.00348839420889031,0.017514865611258));
#3658=CARTESIAN_POINT('',(0.00739165033356867,0.00352431843902936,0.0178151572339974));
#3659=CARTESIAN_POINT('',(0.00704100857897403,0.00380461540468863,0.018));
#3660=CARTESIAN_POINT('',(0.00692820323027551,0.004,0.018));
#3661=CARTESIAN_POINT('',(0.00789802672903436,0.00350540161096065,0.0173590124021228));
#3662=CARTESIAN_POINT('',(0.00789802672903436,0.00350540161096065,0.018002));
#3663=CARTESIAN_POINT('',(0.00794992577652157,0.00300810241644096,0.018002));
#3664=CARTESIAN_POINT('',(0.00841756846925813,0.00318504961740808,0.018002));
#3665=CARTESIAN_POINT('',(0.00841756846925813,0.00318504961740808,0.017));
#3666=CARTESIAN_POINT('',(0.00789802672903436,0.00350540161096064,0.0173590124021229));
#3667=CARTESIAN_POINT('',(0.00799050138102328,0.00351505243366019,0.0172705737515695));
#3668=CARTESIAN_POINT('',(0.00818806971933936,0.00348867142210599,0.0171009755935371));
#3669=CARTESIAN_POINT('',(0.0083717950101803,0.00330602143014109,0.017));
#3670=CARTESIAN_POINT('',(0.00841756846925813,0.00318504961740808,0.017));
#3671=CARTESIAN_POINT('',(0.00802356742626906,0.00280577364662833,0.018002));
#3672=CARTESIAN_POINT('',(0.00830346820988267,0.00239146029741968,0.018002));
#3673=CARTESIAN_POINT('',(0.00830346820988267,0.00239146029741968,0.0173590124021228));
#3674=CARTESIAN_POINT('',(0.00849554198075548,0.00297081915525352,0.018002));
#3675=CARTESIAN_POINT('',(0.00849554198075548,0.00297081915525353,0.017));
#3676=CARTESIAN_POINT('',(0.00849554198075548,0.00297081915525353,0.017));
#3677=CARTESIAN_POINT('',(0.00853826400327325,0.00284864856295723,0.017));
#3678=CARTESIAN_POINT('',(0.00851516032357559,0.00259146823632195,0.0171005023934225));
#3679=CARTESIAN_POINT('',(0.00838055375616259,0.00244353755935258,0.0172705250528903));
#3680=CARTESIAN_POINT('',(0.00830346820988267,0.00239146029741968,0.0173590124021228));
#3681=CARTESIAN_POINT('',(0.00886326977710987,0.00156283359900238,0.018002));
#3682=CARTESIAN_POINT('',(0.00787846202409765,0.00138918542133545,0.018));
#3683=CARTESIAN_POINT('',(0.00783936528969207,0.00161091402037626,0.018));
#3684=CARTESIAN_POINT('',(0.0079278542699758,0.00205218009173296,0.0178148740779375));
#3685=CARTESIAN_POINT('',(0.00816787772939681,0.00229985841731849,0.0175146582109467));
#3686=CARTESIAN_POINT('',(0.00830346820988267,0.00239146029741968,0.0173590124021229));
#3687=CARTESIAN_POINT('',(0.00787846202409766,0.00138918542133545,0.018));
#3688=CARTESIAN_POINT('',(0.00862063539743824,0.000592715792856459,0.0173590124021229));
#3689=CARTESIAN_POINT('',(0.00846168089257232,0.000632471611623847,0.0175148655282075));
#3690=CARTESIAN_POINT('',(0.00815126712839365,0.000783682793268719,0.0178151572651926));
#3691=CARTESIAN_POINT('',(0.00791763893517591,0.00116700211778852,0.018));
#3692=CARTESIAN_POINT('',(0.00787846202409765,0.00138918542133545,0.018));
#3693=CARTESIAN_POINT('',(0.00862063539743824,0.000592715792856459,0.0173590124021228));
#3694=CARTESIAN_POINT('',(0.00862063539743824,0.000592715792856459,0.018002));
#3695=CARTESIAN_POINT('',(0.00849931820760243,0.000107656889783501,0.018002));
#3696=CARTESIAN_POINT('',(0.00899927810216728,0.00011398964800606,0.018002));
#3697=CARTESIAN_POINT('',(0.00899927810216728,0.00011398964800606,0.017));
#3698=CARTESIAN_POINT('',(0.00862063539743824,0.000592715792856459,0.0173590124021229));
#3699=CARTESIAN_POINT('',(0.00871083381700213,0.000570156432086461,0.0172705738538176));
#3700=CARTESIAN_POINT('',(0.00888746458081466,0.000477793941999631,0.0171009756051933));
#3701=CARTESIAN_POINT('',(0.00899763991384012,0.000243321675937901,0.017));
#3702=CARTESIAN_POINT('',(0.00899927810216728,0.00011398964800606,0.017));
#3703=CARTESIAN_POINT('',(0.00849931820760243,-0.0001076568897835,0.018002));
#3704=CARTESIAN_POINT('',(0.00862063539743824,-0.000592715792856458,0.018002));
#3705=CARTESIAN_POINT('',(0.00862063539743824,-0.000592715792856456,0.0173590124021228));
#3706=CARTESIAN_POINT('',(0.00899927810216728,-0.00011398964800606,0.018002));
#3707=CARTESIAN_POINT('',(0.00899927810216728,-0.000113989648006059,0.017));
#3708=CARTESIAN_POINT('',(0.00899927810216728,-0.000113989648006059,0.017));
#3709=CARTESIAN_POINT('',(0.00899763885789554,-0.000243405040866588,0.017));
#3710=CARTESIAN_POINT('',(0.00888796736257418,-0.000477172651667305,0.0171005026799465));
#3711=CARTESIAN_POINT('',(0.00871088372916429,-0.00057014394864741,0.0172705249154971));
#3712=CARTESIAN_POINT('',(0.00862063539743824,-0.000592715792856458,0.0173590124021229));
#3713=CARTESIAN_POINT('',(0.00886326977710987,-0.00156283359900238,0.018002));
#3714=CARTESIAN_POINT('',(0.00787846202409766,-0.00138918542133544,0.018));
#3715=CARTESIAN_POINT('',(0.00791803357704512,-0.00116476399253051,0.018));
#3716=CARTESIAN_POINT('',(0.00815222618292311,-0.000783638215475516,0.0178141270314063));
#3717=CARTESIAN_POINT('',(0.00846183198563706,-0.000632433822015408,0.0175147173831362));
#3718=CARTESIAN_POINT('',(0.00862063539743824,-0.000592715792856459,0.0173590124021229));
#3719=CARTESIAN_POINT('',(0.00787846202409767,-0.00138918542133544,0.018));
#3720=CARTESIAN_POINT('',(0.00830346820988267,-0.00239146029741968,0.0173590124021229));
#3721=CARTESIAN_POINT('',(0.00816782145706058,-0.00229982040099331,0.0175147228065824));
#3722=CARTESIAN_POINT('',(0.00792830163799677,-0.00205124886734593,0.0178145702049057));
#3723=CARTESIAN_POINT('',(0.00783889726808668,-0.00161356830279814,0.018));
#3724=CARTESIAN_POINT('',(0.00787846202409766,-0.00138918542133544,0.018));
#3725=CARTESIAN_POINT('',(0.00830346820988267,-0.00239146029741968,0.0173590124021228));
#3726=CARTESIAN_POINT('',(0.00830346820988267,-0.00239146029741968,0.018002));
#3727=CARTESIAN_POINT('',(0.00802356742626906,-0.00280577364662833,0.018002));
#3728=CARTESIAN_POINT('',(0.00849554198075548,-0.00297081915525352,0.018002));
#3729=CARTESIAN_POINT('',(0.00849554198075548,-0.00297081915525353,0.017));
#3730=CARTESIAN_POINT('',(0.00830346820988267,-0.00239146029741968,0.0173590124021229));
#3731=CARTESIAN_POINT('',(0.00838051064744367,-0.00244350843607129,0.0172705745378645));
#3732=CARTESIAN_POINT('',(0.00851490018907613,-0.00259071209311814,0.0171009755766667));
#3733=CARTESIAN_POINT('',(0.00853823666486854,-0.00284872674158501,0.017));
#3734=CARTESIAN_POINT('',(0.00849554198075548,-0.00297081915525353,0.017));
#3735=CARTESIAN_POINT('',(0.00794992577652157,-0.00300810241644096,0.018002));
#3736=CARTESIAN_POINT('',(0.00789802672903436,-0.00350540161096065,0.018002));
#3737=CARTESIAN_POINT('',(0.00789802672903436,-0.00350540161096064,0.0173590124021228));
#3738=CARTESIAN_POINT('',(0.00841756846925813,-0.00318504961740808,0.018002));
#3739=CARTESIAN_POINT('',(0.00841756846925813,-0.00318504961740808,0.017));
#3740=CARTESIAN_POINT('',(0.00841756846925813,-0.00318504961740808,0.017));
#3741=CARTESIAN_POINT('',(0.00837176574361262,-0.00330609877692275,0.017));
#3742=CARTESIAN_POINT('',(0.00818875490755436,-0.00348825971486824,0.0171005024057881));
#3743=CARTESIAN_POINT('',(0.00799055246897966,-0.00351505776529214,0.0172705248933167));
#3744=CARTESIAN_POINT('',(0.00789802672903436,-0.00350540161096064,0.0173590124021229));
#3745=CARTESIAN_POINT('',(0.00779422863405995,-0.0045,0.018002));
#3746=CARTESIAN_POINT('',(0.00692820323027551,-0.004,0.018));
#3747=CARTESIAN_POINT('',(0.0070407781106485,-0.00380501458753798,0.018));
#3748=CARTESIAN_POINT('',(0.00739220330930411,-0.0035238666772181,0.0178148746624357));
#3749=CARTESIAN_POINT('',(0.00773527586467662,-0.00348841663505284,0.0175146601013639));
#3750=CARTESIAN_POINT('',(0.00789802672903436,-0.00350540161096064,0.0173590124021229));
#3751=CARTESIAN_POINT('',(0.00692820323027551,-0.004,0.018));
#3752=CARTESIAN_POINT('',(0.006984780210076,-0.00508719098163195,0.0173590124021229));
#3753=CARTESIAN_POINT('',(0.00688856895690905,-0.00495456284243767,0.0175148648571198));
#3754=CARTESIAN_POINT('',(0.00674797457063128,-0.00463919701122756,0.0178151575172472));
#3755=CARTESIAN_POINT('',(0.00681539723787556,-0.00419538571023493,0.018));
#3756=CARTESIAN_POINT('',(0.00692820323027551,-0.004,0.018));
#3757=CARTESIAN_POINT('',(0.00698478021007599,-0.00508719098163195,0.0173590124021228));
#3758=CARTESIAN_POINT('',(0.00698478021007599,-0.00508719098163195,0.018002));
#3759=CARTESIAN_POINT('',(0.00658005599808402,-0.00538078647244792,0.018002));
#3760=CARTESIAN_POINT('',(0.00696711811561837,-0.00569730332376839,0.018002));
#3761=CARTESIAN_POINT('',(0.00696711811561837,-0.00569730332376839,0.017));
#3762=CARTESIAN_POINT('',(0.006984780210076,-0.00508719098163195,0.0173590124021228));
#3763=CARTESIAN_POINT('',(0.00703937484546433,-0.00516245021236851,0.0172705746396486));
#3764=CARTESIAN_POINT('',(0.00711531346883071,-0.00534674011369954,0.0171009755265984));
#3765=CARTESIAN_POINT('',(0.00704899549112808,-0.00559717712129061,0.017));
#3766=CARTESIAN_POINT('',(0.00696711811561837,-0.00569730332376839,0.017));
#3767=CARTESIAN_POINT('',(0.00644165496838357,-0.00554572639681217,0.018002));
#3768=CARTESIAN_POINT('',(0.00622279947464867,-0.00599528426056505,0.018002));
#3769=CARTESIAN_POINT('',(0.00622279947464867,-0.00599528426056505,0.0173590124021228));
#3770=CARTESIAN_POINT('',(0.00682057584887672,-0.00587194559662465,0.018002));
#3771=CARTESIAN_POINT('',(0.00682057584887672,-0.00587194559662465,0.017));
#3772=CARTESIAN_POINT('',(0.00682057584887672,-0.00587194559662465,0.017));
#3773=CARTESIAN_POINT('',(0.00673613632117933,-0.00597002658082765,0.017));
#3774=CARTESIAN_POINT('',(0.00650185798309564,-0.00607861211700456,0.0171005013622958));
#3775=CARTESIAN_POINT('',(0.00630644255760599,-0.00603600370892553,0.0172705249703474));
#3776=CARTESIAN_POINT('',(0.00622279947464867,-0.00599528426056505,0.0173590124021228));
#3777=CARTESIAN_POINT('',(0.00578508848717886,-0.0068943999880708,0.018002));
#3778=CARTESIAN_POINT('',(0.00514230087749231,-0.00612835554495182,0.018));
#3779=CARTESIAN_POINT('',(0.0053147748380961,-0.0059836327082215,0.018));
#3780=CARTESIAN_POINT('',(0.00574116610047141,-0.00583963354368131,0.01781487458291));
#3781=CARTESIAN_POINT('',(0.00607567314970008,-0.00592365965540471,0.0175146598290344));
#3782=CARTESIAN_POINT('',(0.00622279947464867,-0.00599528426056505,0.0173590124021229));
#3783=CARTESIAN_POINT('',(0.00514230087749232,-0.00612835554495183,0.018));
#3784=CARTESIAN_POINT('',(0.00482362463255706,-0.00716933135451665,0.0173590124021228));
#3785=CARTESIAN_POINT('',(0.0047785769379703,-0.00701179483680638,0.0175148654976048));
#3786=CARTESIAN_POINT('',(0.00475432278584932,-0.00666736298305228,0.0178151572766873));
#3787=CARTESIAN_POINT('',(0.00496947290785139,-0.00627337543053464,0.018));
#3788=CARTESIAN_POINT('',(0.00514230087749231,-0.00612835554495182,0.018));
#3789=CARTESIAN_POINT('',(0.00482362463255705,-0.00716933135451665,0.0173590124021228));
#3790=CARTESIAN_POINT('',(0.00482362463255705,-0.00716933135451665,0.018002));
#3791=CARTESIAN_POINT('',(0.00434289270524614,-0.00730679703773957,0.018002));
#3792=CARTESIAN_POINT('',(0.00459835698202533,-0.00773660862819484,0.018002));
#3793=CARTESIAN_POINT('',(0.00459835698202533,-0.00773660862819484,0.017));
#3794=CARTESIAN_POINT('',(0.00482362463255705,-0.00716933135451665,0.0173590124021229));
#3795=CARTESIAN_POINT('',(0.00484918685453843,-0.00725872512866706,0.0172705738824662));
#3796=CARTESIAN_POINT('',(0.00485751424660871,-0.00745787301475081,0.0171009755712137));
#3797=CARTESIAN_POINT('',(0.00470954216931096,-0.0076705242226338,0.017));
#3798=CARTESIAN_POINT('',(0.00459835698202533,-0.00773660862819484,0.017));
#3799=CARTESIAN_POINT('',(0.00415642550235629,-0.00741445392752308,0.018002));
#3800=CARTESIAN_POINT('',(0.00379701076488119,-0.00776204714737311,0.018002));
#3801=CARTESIAN_POINT('',(0.00379701076488119,-0.00776204714737311,0.0173590124021228));
#3802=CARTESIAN_POINT('',(0.00440092112014194,-0.0078505982762009,0.018002));
#3803=CARTESIAN_POINT('',(0.00440092112014194,-0.0078505982762009,0.017));
#3804=CARTESIAN_POINT('',(0.00440092112014195,-0.00785059827620091,0.017));
#3805=CARTESIAN_POINT('',(0.00428802619684901,-0.0079138853830935,0.017));
#3806=CARTESIAN_POINT('',(0.00403074013613354,-0.00793579261692872,0.0171005019921867));
#3807=CARTESIAN_POINT('',(0.00386168251608931,-0.00782891836106522,0.0172705251961941));
#3808=CARTESIAN_POINT('',(0.0037970107648812,-0.00776204714737311,0.0173590124021228));
#3809=CARTESIAN_POINT('',(0.00307818128993102,-0.00845723358707318,0.018002));
#3810=CARTESIAN_POINT('',(0.00273616114660535,-0.00751754096628727,0.018));
#3811=CARTESIAN_POINT('',(0.00294773177264063,-0.00744053555596536,0.018));
#3812=CARTESIAN_POINT('',(0.00339765978070915,-0.00745105497771587,0.0178148743386569));
#3813=CARTESIAN_POINT('',(0.00368325487497628,-0.00764442246147141,0.017514659043316));
#3814=CARTESIAN_POINT('',(0.00379701076488119,-0.00776204714737311,0.0173590124021229));
#3815=CARTESIAN_POINT('',(0.00273616114660535,-0.00751754096628727,0.018));
#3816=CARTESIAN_POINT('',(0.002080668735234,-0.00838674455798472,0.0173590124021229));
#3817=CARTESIAN_POINT('',(0.00209221842055398,-0.00822330130648221,0.017514865620945));
#3818=CARTESIAN_POINT('',(0.00218722950537666,-0.00789134603686747,0.0178151572303588));
#3819=CARTESIAN_POINT('',(0.00252415645462597,-0.00759470436369254,0.018));
#3820=CARTESIAN_POINT('',(0.00273616114660535,-0.00751754096628727,0.018));
#3821=CARTESIAN_POINT('',(0.00208066873523401,-0.00838674455798472,0.0173590124021228));
#3822=CARTESIAN_POINT('',(0.00208066873523401,-0.00838674455798472,0.018002));
#3823=CARTESIAN_POINT('',(0.00158191245788549,-0.0083515000434405,0.018002));
#3824=CARTESIAN_POINT('',(0.00167496613187876,-0.00884276475187818,0.018002));
#3825=CARTESIAN_POINT('',(0.00167496613187876,-0.00884276475187818,0.017));
#3826=CARTESIAN_POINT('',(0.002080668735234,-0.00838674455798473,0.0173590124021229));
#3827=CARTESIAN_POINT('',(0.0020741148847803,-0.00847949016951774,0.0172705737424892));
#3828=CARTESIAN_POINT('',(0.0020138271879268,-0.00866947598270764,0.0171009756042366));
#3829=CARTESIAN_POINT('',(0.00180204878319606,-0.00881869319248714,0.017));
#3830=CARTESIAN_POINT('',(0.00167496613187876,-0.00884276475187818,0.017));
#3831=CARTESIAN_POINT('',(0.00136986977843755,-0.00838888888888889,0.018002));
#3832=CARTESIAN_POINT('',(0.000913246518958368,-0.00859259259259259,0.018002));
#3833=CARTESIAN_POINT('',(0.000913246518958369,-0.00859259259259259,0.0173590124021228));
#3834=CARTESIAN_POINT('',(0.00145045035363976,-0.00888235294117647,0.018002));
#3835=CARTESIAN_POINT('',(0.00145045035363976,-0.00888235294117647,0.017));
#3836=CARTESIAN_POINT('',(0.00145045035363976,-0.00888235294117647,0.017));
#3837=CARTESIAN_POINT('',(0.00132271659331065,-0.00890321131947646,0.017));
#3838=CARTESIAN_POINT('',(0.0010734559931728,-0.00883579940464897,0.0171005026098235));
#3839=CARTESIAN_POINT('',(0.000951146882911424,-0.00867755024141799,0.0172705249658469));
#3840=CARTESIAN_POINT('',(0.000913246518958369,-0.0085925925925926,0.0173590124021229));
#3841=CARTESIAN_POINT('',(1.42744277097827E-18,-0.009,0.018002));
#3842=CARTESIAN_POINT('',(-1.20310652918195E-18,-0.00799999999999999,0.018));
#3843=CARTESIAN_POINT('',(0.000225149052247838,-0.00799999999999999,0.018));
#3844=CARTESIAN_POINT('',(0.000644344122951918,-0.00816376924990419,0.0178148745957436));
#3845=CARTESIAN_POINT('',(0.000846580604306845,-0.00844315393884765,0.0175146598751079));
#3846=CARTESIAN_POINT('',(0.000913246518958369,-0.00859259259259259,0.0173590124021229));
#3847=CARTESIAN_POINT('',(1.26883801864735E-18,-0.008,0.018));
#3848=CARTESIAN_POINT('',(-0.000913246518958366,-0.00859259259259259,0.0173590124021229));
#3849=CARTESIAN_POINT('',(-0.000846492610394669,-0.00844295669124606,0.0175148653178763));
#3850=CARTESIAN_POINT('',(-0.000643675599948273,-0.0081635160767431,0.0178151573441944));
#3851=CARTESIAN_POINT('',(-0.000225611198147357,-0.00799999999999999,0.018));
#3852=CARTESIAN_POINT('',(-9.59161040372711E-19,-0.00799999999999999,0.018));
#3853=CARTESIAN_POINT('',(-0.000913246518958366,-0.00859259259259259,0.0173590124021228));
#3854=CARTESIAN_POINT('',(-0.000913246518958366,-0.00859259259259259,0.018002));
#3855=CARTESIAN_POINT('',(-0.00136986977843755,-0.00838888888888889,0.018002));
#3856=CARTESIAN_POINT('',(-0.00145045035363976,-0.00888235294117647,0.018002));
#3857=CARTESIAN_POINT('',(-0.00145045035363976,-0.00888235294117647,0.017));
#3858=CARTESIAN_POINT('',(-0.000913246518958366,-0.00859259259259259,0.0173590124021229));
#3859=CARTESIAN_POINT('',(-0.000951125836489437,-0.0086775030636513,0.0172705741037371));
#3860=CARTESIAN_POINT('',(-0.00107275671928513,-0.00883541209808055,0.0171009755965336));
#3861=CARTESIAN_POINT('',(-0.00132279875771145,-0.00890319790238023,0.017));
#3862=CARTESIAN_POINT('',(-0.00145045035363976,-0.00888235294117647,0.017));
#3863=CARTESIAN_POINT('',(-0.00158191245788549,-0.0083515000434405,0.018002));
#3864=CARTESIAN_POINT('',(-0.00208066873523401,-0.00838674455798473,0.018002));
#3865=CARTESIAN_POINT('',(-0.002080668735234,-0.00838674455798473,0.0173590124021228));
#3866=CARTESIAN_POINT('',(-0.00167496613187876,-0.00884276475187818,0.018002));
#3867=CARTESIAN_POINT('',(-0.00167496613187876,-0.00884276475187818,0.017));
#3868=CARTESIAN_POINT('',(-0.00167496613187876,-0.00884276475187818,0.017));
#3869=CARTESIAN_POINT('',(-0.00180213052599258,-0.00881867770904734,0.017));
#3870=CARTESIAN_POINT('',(-0.00201330270730789,-0.00867007906632527,0.0171005026153675));
#3871=CARTESIAN_POINT('',(-0.00207411126469991,-0.00847954139842074,0.0172705248925713));
#3872=CARTESIAN_POINT('',(-0.002080668735234,-0.00838674455798473,0.0173590124021228));
#3873=CARTESIAN_POINT('',(-0.00307818128993102,-0.00845723358707318,0.018002));
#3874=CARTESIAN_POINT('',(-0.00273616114660535,-0.00751754096628727,0.018));
#3875=CARTESIAN_POINT('',(-0.00252458854406602,-0.00759454709599782,0.018));
#3876=CARTESIAN_POINT('',(-0.00218668911854824,-0.00789181196445032,0.0178148746642059));
#3877=CARTESIAN_POINT('',(-0.00209220319205952,-0.00822351680972582,0.0175146601253135));
#3878=CARTESIAN_POINT('',(-0.002080668735234,-0.00838674455798473,0.0173590124021228));
#3879=CARTESIAN_POINT('',(-0.00273616114660535,-0.00751754096628727,0.018));
#3880=CARTESIAN_POINT('',(-0.0037970107648812,-0.00776204714737311,0.0173590124021228));
#3881=CARTESIAN_POINT('',(-0.0036831049404694,-0.00764426742774707,0.017514864191396));
#3882=CARTESIAN_POINT('',(-0.00339694304288007,-0.00745104575967705,0.0178151577672569));
#3883=CARTESIAN_POINT('',(-0.00294816813238455,-0.00744037673400714,0.018));
#3884=CARTESIAN_POINT('',(-0.00273616114660535,-0.00751754096628727,0.018));
#3885=CARTESIAN_POINT('',(-0.00379701076488119,-0.00776204714737311,0.0173590124021228));
#3886=CARTESIAN_POINT('',(-0.00379701076488119,-0.00776204714737311,0.018002));
#3887=CARTESIAN_POINT('',(-0.00415642550235628,-0.00741445392752307,0.018002));
#3888=CARTESIAN_POINT('',(-0.00440092112014194,-0.0078505982762009,0.018002));
#3889=CARTESIAN_POINT('',(-0.00440092112014194,-0.0078505982762009,0.017));
#3890=CARTESIAN_POINT('',(-0.0037970107648812,-0.00776204714737311,0.0173590124021229));
#3891=CARTESIAN_POINT('',(-0.00386164593188875,-0.00782888053264944,0.0172705752525731));
#3892=CARTESIAN_POINT('',(-0.00402994986377656,-0.00793566753890814,0.0171009755414718));
#3893=CARTESIAN_POINT('',(-0.00428809772726394,-0.00791384528427518,0.017));
#3894=CARTESIAN_POINT('',(-0.00440092112014194,-0.0078505982762009,0.017));
#3895=CARTESIAN_POINT('',(-0.00434289270524614,-0.00730679703773958,0.018002));
#3896=CARTESIAN_POINT('',(-0.00482362463255705,-0.00716933135451665,0.018002));
#3897=CARTESIAN_POINT('',(-0.00482362463255705,-0.00716933135451665,0.0173590124021228));
#3898=CARTESIAN_POINT('',(-0.00459835698202533,-0.00773660862819484,0.018002));
#3899=CARTESIAN_POINT('',(-0.00459835698202533,-0.00773660862819484,0.017));
#3900=CARTESIAN_POINT('',(-0.00459835698202533,-0.00773660862819485,0.017));
#3901=CARTESIAN_POINT('',(-0.00470961247957493,-0.0076704824327865,0.017));
#3902=CARTESIAN_POINT('',(-0.00485722794309937,-0.00745861963616099,0.0171005020147507));
#3903=CARTESIAN_POINT('',(-0.0048492010072375,-0.00725877462214164,0.0172705249178748));
#3904=CARTESIAN_POINT('',(-0.00482362463255705,-0.00716933135451665,0.0173590124021229));
#3905=CARTESIAN_POINT('',(-0.00578508848717886,-0.0068943999880708,0.018002));
#3906=CARTESIAN_POINT('',(-0.00514230087749231,-0.00612835554495182,0.018));
#3907=CARTESIAN_POINT('',(-0.00496982665043347,-0.00627307860526448,0.018));
#3908=CARTESIAN_POINT('',(-0.00475397356964217,-0.00666798637359403,0.0178148746367553));
#3909=CARTESIAN_POINT('',(-0.00477863633257175,-0.00701200254596373,0.0175146600080104));
#3910=CARTESIAN_POINT('',(-0.00482362463255706,-0.00716933135451665,0.0173590124021229));
#3911=CARTESIAN_POINT('',(-0.00514230087749232,-0.00612835554495183,0.018));
#3912=CARTESIAN_POINT('',(-0.00622279947464867,-0.00599528426056504,0.0173590124021229));
#3913=CARTESIAN_POINT('',(-0.00607547896426006,-0.00592356512129958,0.0175148652610948));
#3914=CARTESIAN_POINT('',(-0.00574049104906099,-0.0058398694439505,0.0178151573655214));
#3915=CARTESIAN_POINT('',(-0.00531512915639017,-0.00598333539987163,0.018));
#3916=CARTESIAN_POINT('',(-0.00514230087749231,-0.00612835554495182,0.018));
#3917=CARTESIAN_POINT('',(-0.00622279947464866,-0.00599528426056505,0.0173590124021228));
#3918=CARTESIAN_POINT('',(-0.00622279947464866,-0.00599528426056505,0.018002));
#3919=CARTESIAN_POINT('',(-0.00644165496838357,-0.00554572639681217,0.018002));
#3920=CARTESIAN_POINT('',(-0.00682057584887672,-0.00587194559662465,0.018002));
#3921=CARTESIAN_POINT('',(-0.00682057584887672,-0.00587194559662465,0.017));
#3922=CARTESIAN_POINT('',(-0.00622279947464867,-0.00599528426056505,0.0173590124021229));
#3923=CARTESIAN_POINT('',(-0.00630639606398864,-0.00603598107472335,0.0172705741567314));
#3924=CARTESIAN_POINT('',(-0.00650107244551004,-0.00607876406398068,0.0171009755327264));
#3925=CARTESIAN_POINT('',(-0.00673618870555116,-0.00596996573360495,0.017));
#3926=CARTESIAN_POINT('',(-0.00682057584887672,-0.00587194559662465,0.017));
#3927=CARTESIAN_POINT('',(-0.00658005599808401,-0.00538078647244793,0.018002));
#3928=CARTESIAN_POINT('',(-0.00698478021007599,-0.00508719098163195,0.018002));
#3929=CARTESIAN_POINT('',(-0.00698478021007599,-0.00508719098163195,0.0173590124021228));
#3930=CARTESIAN_POINT('',(-0.00696711811561837,-0.00569730332376839,0.018002));
#3931=CARTESIAN_POINT('',(-0.00696711811561837,-0.00569730332376839,0.017));
#3932=CARTESIAN_POINT('',(-0.00696711811561837,-0.00569730332376839,0.017));
#3933=CARTESIAN_POINT('',(-0.00704904649553901,-0.00559711474901811,0.017));
#3934=CARTESIAN_POINT('',(-0.00711530003590999,-0.00534754021753198,0.0171005014410012));
#3935=CARTESIAN_POINT('',(-0.00703940544656155,-0.00516249239627579,0.0172705250689802));
#3936=CARTESIAN_POINT('',(-0.00698478021007599,-0.00508719098163196,0.0173590124021229));
#3937=CARTESIAN_POINT('',(-0.00779422863405995,-0.0045,0.018002));
#3938=CARTESIAN_POINT('',(-0.00692820323027551,-0.004,0.018));
#3939=CARTESIAN_POINT('',(-0.00681562890452892,-0.0041949844518209,0.018));
#3940=CARTESIAN_POINT('',(-0.00674785933910868,-0.00463990345748125,0.0178148744907295));
#3941=CARTESIAN_POINT('',(-0.00688869570959532,-0.00495473757223658,0.0175146595306461));
#3942=CARTESIAN_POINT('',(-0.006984780210076,-0.00508719098163195,0.0173590124021229));
#3943=CARTESIAN_POINT('',(-0.00692820323027551,-0.004,0.018));
#3944=CARTESIAN_POINT('',(-0.00789802672903436,-0.00350540161096064,0.0173590124021229));
#3945=CARTESIAN_POINT('',(-0.00773506097609773,-0.00348839420889031,0.017514865611258));
#3946=CARTESIAN_POINT('',(-0.00739165033356868,-0.00352431843902936,0.0178151572339974));
#3947=CARTESIAN_POINT('',(-0.00704100857897403,-0.00380461540468863,0.018));
#3948=CARTESIAN_POINT('',(-0.00692820323027551,-0.004,0.018));
#3949=CARTESIAN_POINT('',(-0.00789802672903436,-0.00350540161096065,0.0173590124021228));
#3950=CARTESIAN_POINT('',(-0.00789802672903436,-0.00350540161096065,0.018002));
#3951=CARTESIAN_POINT('',(-0.00794992577652156,-0.00300810241644097,0.018002));
#3952=CARTESIAN_POINT('',(-0.00841756846925813,-0.00318504961740808,0.018002));
#3953=CARTESIAN_POINT('',(-0.00841756846925813,-0.00318504961740808,0.017));
#3954=CARTESIAN_POINT('',(-0.00789802672903436,-0.00350540161096065,0.0173590124021229));
#3955=CARTESIAN_POINT('',(-0.00799050138102328,-0.00351505243366019,0.0172705737515695));
#3956=CARTESIAN_POINT('',(-0.00818806971933937,-0.00348867142210599,0.0171009755935371));
#3957=CARTESIAN_POINT('',(-0.00837179501018029,-0.00330602143014109,0.017));
#3958=CARTESIAN_POINT('',(-0.00841756846925812,-0.00318504961740808,0.017));
#3959=CARTESIAN_POINT('',(-0.00802356742626906,-0.00280577364662833,0.018002));
#3960=CARTESIAN_POINT('',(-0.00830346820988267,-0.00239146029741968,0.018002));
#3961=CARTESIAN_POINT('',(-0.00830346820988267,-0.00239146029741968,0.0173590124021228));
#3962=CARTESIAN_POINT('',(-0.00849554198075548,-0.00297081915525352,0.018002));
#3963=CARTESIAN_POINT('',(-0.00849554198075548,-0.00297081915525352,0.017));
#3964=CARTESIAN_POINT('',(-0.00849554198075548,-0.00297081915525352,0.017));
#3965=CARTESIAN_POINT('',(-0.00853826400327325,-0.00284864856295722,0.017));
#3966=CARTESIAN_POINT('',(-0.00851516032357558,-0.00259146823632195,0.0171005023934225));
#3967=CARTESIAN_POINT('',(-0.0083805537561626,-0.00244353755935258,0.0172705250528903));
#3968=CARTESIAN_POINT('',(-0.00830346820988267,-0.00239146029741968,0.0173590124021228));
#3969=CARTESIAN_POINT('',(-0.00886326977710987,-0.00156283359900238,0.018002));
#3970=CARTESIAN_POINT('',(-0.00787846202409766,-0.00138918542133544,0.018));
#3971=CARTESIAN_POINT('',(-0.00783936528969207,-0.00161091402037625,0.018));
#3972=CARTESIAN_POINT('',(-0.0079278542699758,-0.00205218009173295,0.0178148740779375));
#3973=CARTESIAN_POINT('',(-0.00816787772939681,-0.00229985841731849,0.0175146582109467));
#3974=CARTESIAN_POINT('',(-0.00830346820988267,-0.00239146029741968,0.0173590124021229));
#3975=CARTESIAN_POINT('',(-0.00787846202409767,-0.00138918542133544,0.018));
#3976=CARTESIAN_POINT('',(-0.00862063539743825,-0.000592715792856459,0.0173590124021229));
#3977=CARTESIAN_POINT('',(-0.00846168089257233,-0.000632471611623846,0.0175148655282075));
#3978=CARTESIAN_POINT('',(-0.00815126712839366,-0.000783682793268717,0.0178151572651926));
#3979=CARTESIAN_POINT('',(-0.00791763893517592,-0.00116700211778851,0.018));
#3980=CARTESIAN_POINT('',(-0.00787846202409766,-0.00138918542133544,0.018));
#3981=CARTESIAN_POINT('',(-0.00862063539743824,-0.000592715792856458,0.0173590124021228));
#3982=CARTESIAN_POINT('',(-0.00862063539743824,-0.000592715792856458,0.018002));
#3983=CARTESIAN_POINT('',(-0.00849931820760243,-0.0001076568897835,0.018002));
#3984=CARTESIAN_POINT('',(-0.00899927810216728,-0.00011398964800606,0.018002));
#3985=CARTESIAN_POINT('',(-0.00899927810216728,-0.000113989648006059,0.017));
#3986=CARTESIAN_POINT('',(-0.00862063539743825,-0.000592715792856459,0.0173590124021229));
#3987=CARTESIAN_POINT('',(-0.00871083381700213,-0.00057015643208646,0.0172705738538176));
#3988=CARTESIAN_POINT('',(-0.00888746458081466,-0.000477793941999631,0.0171009756051933));
#3989=CARTESIAN_POINT('',(-0.00899763991384012,-0.0002433216759379,0.017));
#3990=CARTESIAN_POINT('',(-0.00899927810216728,-0.000113989648006059,0.017));
#3991=CARTESIAN_POINT('',(-0.00849931820760243,0.000107656889783497,0.018002));
#3992=CARTESIAN_POINT('',(-0.00862063539743824,0.000592715792856455,0.018002));
#3993=CARTESIAN_POINT('',(-0.00862063539743824,0.000592715792856454,0.0173590124021228));
#3994=CARTESIAN_POINT('',(-0.00899927810216728,0.000113989648006057,0.018002));
#3995=CARTESIAN_POINT('',(-0.00899927810216728,0.000113989648006056,0.017));
#3996=CARTESIAN_POINT('',(-0.00899927810216728,0.000113989648006056,0.017));
#3997=CARTESIAN_POINT('',(-0.00899763885789554,0.000243405040866585,0.017));
#3998=CARTESIAN_POINT('',(-0.00888796736257418,0.000477172651667302,0.0171005026799465));
#3999=CARTESIAN_POINT('',(-0.00871088372916429,0.000570143948647407,0.0172705249154971));
#4000=CARTESIAN_POINT('',(-0.00862063539743824,0.000592715792856455,0.0173590124021229));
#4001=CARTESIAN_POINT('',(-0.00886326977710988,0.00156283359900237,0.018002));
#4002=CARTESIAN_POINT('',(-0.00787846202409767,0.00138918542133544,0.018));
#4003=CARTESIAN_POINT('',(-0.00791803357704512,0.00116476399253051,0.018));
#4004=CARTESIAN_POINT('',(-0.00815222618292311,0.000783638215475523,0.0178141270314063));
#4005=CARTESIAN_POINT('',(-0.00846183198563706,0.000632433822015407,0.0175147173831362));
#4006=CARTESIAN_POINT('',(-0.00862063539743824,0.000592715792856457,0.0173590124021229));
#4007=CARTESIAN_POINT('',(-0.00787846202409767,0.00138918542133544,0.018));
#4008=CARTESIAN_POINT('',(-0.00830346820988267,0.00239146029741967,0.0173590124021229));
#4009=CARTESIAN_POINT('',(-0.00816782145706058,0.0022998204009933,0.0175147228065824));
#4010=CARTESIAN_POINT('',(-0.00792830163799677,0.00205124886734591,0.0178145702049057));
#4011=CARTESIAN_POINT('',(-0.00783889726808669,0.00161356830279814,0.018));
#4012=CARTESIAN_POINT('',(-0.00787846202409767,0.00138918542133544,0.018));
#4013=CARTESIAN_POINT('',(-0.00830346820988267,0.00239146029741968,0.0173590124021228));
#4014=CARTESIAN_POINT('',(-0.00830346820988267,0.00239146029741968,0.018002));
#4015=CARTESIAN_POINT('',(-0.00802356742626906,0.00280577364662833,0.018002));
#4016=CARTESIAN_POINT('',(-0.00849554198075548,0.00297081915525352,0.018002));
#4017=CARTESIAN_POINT('',(-0.00849554198075548,0.00297081915525352,0.017));
#4018=CARTESIAN_POINT('',(-0.00830346820988267,0.00239146029741968,0.0173590124021229));
#4019=CARTESIAN_POINT('',(-0.00838051064744366,0.00244350843607129,0.0172705745378645));
#4020=CARTESIAN_POINT('',(-0.00851490018907613,0.00259071209311813,0.0171009755766667));
#4021=CARTESIAN_POINT('',(-0.00853823666486854,0.002848726741585,0.017));
#4022=CARTESIAN_POINT('',(-0.00849554198075548,0.00297081915525352,0.017));
#4023=CARTESIAN_POINT('',(-0.00794992577652157,0.00300810241644096,0.018002));
#4024=CARTESIAN_POINT('',(-0.00789802672903436,0.00350540161096065,0.018002));
#4025=CARTESIAN_POINT('',(-0.00789802672903436,0.00350540161096065,0.0173590124021228));
#4026=CARTESIAN_POINT('',(-0.00841756846925813,0.00318504961740808,0.018002));
#4027=CARTESIAN_POINT('',(-0.00841756846925813,0.00318504961740808,0.017));
#4028=CARTESIAN_POINT('',(-0.00841756846925813,0.00318504961740808,0.017));
#4029=CARTESIAN_POINT('',(-0.00837176574361262,0.00330609877692275,0.017));
#4030=CARTESIAN_POINT('',(-0.00818875490755436,0.00348825971486823,0.0171005024057881));
#4031=CARTESIAN_POINT('',(-0.00799055246897966,0.00351505776529214,0.0172705248933167));
#4032=CARTESIAN_POINT('',(-0.00789802672903436,0.00350540161096064,0.0173590124021229));
#4033=CARTESIAN_POINT('',(-0.00779422863405995,0.0045,0.018002));
#4034=CARTESIAN_POINT('',(-0.00692820323027551,0.004,0.018));
#4035=CARTESIAN_POINT('',(-0.0070407781106485,0.00380501458753798,0.018));
#4036=CARTESIAN_POINT('',(-0.0073922033093041,0.0035238666772181,0.0178148746624357));
#4037=CARTESIAN_POINT('',(-0.00773527586467662,0.00348841663505284,0.0175146601013639));
#4038=CARTESIAN_POINT('',(-0.00789802672903436,0.00350540161096064,0.0173590124021229));
#4039=CARTESIAN_POINT('',(-0.00692820323027551,0.004,0.018));
#4040=CARTESIAN_POINT('',(-0.006984780210076,0.00508719098163195,0.0173590124021229));
#4041=CARTESIAN_POINT('',(-0.00688856895690905,0.00495456284243767,0.0175148648571198));
#4042=CARTESIAN_POINT('',(-0.00674797457063127,0.00463919701122756,0.0178151575172472));
#4043=CARTESIAN_POINT('',(-0.00681539723787556,0.00419538571023493,0.018));
#4044=CARTESIAN_POINT('',(-0.00692820323027551,0.004,0.018));
#4045=CARTESIAN_POINT('',(-0.00698478021007599,0.00508719098163195,0.0173590124021228));
#4046=CARTESIAN_POINT('',(-0.00698478021007599,0.00508719098163195,0.018002));
#4047=CARTESIAN_POINT('',(-0.00658005599808402,0.00538078647244792,0.018002));
#4048=CARTESIAN_POINT('',(-0.00696711811561837,0.00569730332376839,0.018002));
#4049=CARTESIAN_POINT('',(-0.00696711811561837,0.00569730332376839,0.017));
#4050=CARTESIAN_POINT('',(-0.006984780210076,0.00508719098163195,0.0173590124021229));
#4051=CARTESIAN_POINT('',(-0.00703937484546433,0.00516245021236851,0.0172705746396486));
#4052=CARTESIAN_POINT('',(-0.00711531346883071,0.00534674011369953,0.0171009755265984));
#4053=CARTESIAN_POINT('',(-0.00704899549112808,0.00559717712129061,0.017));
#4054=CARTESIAN_POINT('',(-0.00696711811561837,0.00569730332376839,0.017));
#4055=CARTESIAN_POINT('',(-0.00644165496838357,0.00554572639681217,0.018002));
#4056=CARTESIAN_POINT('',(-0.00622279947464867,0.00599528426056505,0.018002));
#4057=CARTESIAN_POINT('',(-0.00622279947464867,0.00599528426056504,0.0173590124021228));
#4058=CARTESIAN_POINT('',(-0.00682057584887672,0.00587194559662465,0.018002));
#4059=CARTESIAN_POINT('',(-0.00682057584887672,0.00587194559662465,0.017));
#4060=CARTESIAN_POINT('',(-0.00682057584887672,0.00587194559662465,0.017));
#4061=CARTESIAN_POINT('',(-0.00673613632117933,0.00597002658082765,0.017));
#4062=CARTESIAN_POINT('',(-0.00650185798309563,0.00607861211700456,0.0171005013622958));
#4063=CARTESIAN_POINT('',(-0.00630644255760599,0.00603600370892553,0.0172705249703474));
#4064=CARTESIAN_POINT('',(-0.00622279947464867,0.00599528426056505,0.0173590124021229));
#4065=CARTESIAN_POINT('',(-0.00578508848717886,0.0068943999880708,0.018002));
#4066=CARTESIAN_POINT('',(-0.00514230087749231,0.00612835554495182,0.018));
#4067=CARTESIAN_POINT('',(-0.0053147748380961,0.0059836327082215,0.018));
#4068=CARTESIAN_POINT('',(-0.00574116610047141,0.00583963354368131,0.01781487458291));
#4069=CARTESIAN_POINT('',(-0.00607567314970008,0.0059236596554047,0.0175146598290344));
#4070=CARTESIAN_POINT('',(-0.00622279947464867,0.00599528426056505,0.0173590124021229));
#4071=CARTESIAN_POINT('',(-0.00514230087749232,0.00612835554495183,0.018));
#4072=CARTESIAN_POINT('',(-0.00482362463255706,0.00716933135451665,0.0173590124021228));
#4073=CARTESIAN_POINT('',(-0.0047785769379703,0.00701179483680638,0.0175148654976048));
#4074=CARTESIAN_POINT('',(-0.00475432278584932,0.00666736298305228,0.0178151572766873));
#4075=CARTESIAN_POINT('',(-0.00496947290785139,0.00627337543053464,0.018));
#4076=CARTESIAN_POINT('',(-0.00514230087749231,0.00612835554495182,0.018));
#4077=CARTESIAN_POINT('',(-0.00482362463255705,0.00716933135451665,0.0173590124021228));
#4078=CARTESIAN_POINT('',(-0.00482362463255705,0.00716933135451665,0.018002));
#4079=CARTESIAN_POINT('',(-0.00434289270524615,0.00730679703773957,0.018002));
#4080=CARTESIAN_POINT('',(-0.00459835698202533,0.00773660862819484,0.018002));
#4081=CARTESIAN_POINT('',(-0.00459835698202534,0.00773660862819484,0.017));
#4082=CARTESIAN_POINT('',(-0.00482362463255705,0.00716933135451665,0.0173590124021229));
#4083=CARTESIAN_POINT('',(-0.00484918685453844,0.00725872512866705,0.0172705738824662));
#4084=CARTESIAN_POINT('',(-0.00485751424660872,0.00745787301475081,0.0171009755712137));
#4085=CARTESIAN_POINT('',(-0.00470954216931097,0.0076705242226338,0.017));
#4086=CARTESIAN_POINT('',(-0.00459835698202534,0.00773660862819484,0.017));
#4087=CARTESIAN_POINT('',(-0.00415642550235629,0.00741445392752307,0.018002));
#4088=CARTESIAN_POINT('',(-0.0037970107648812,0.0077620471473731,0.018002));
#4089=CARTESIAN_POINT('',(-0.0037970107648812,0.0077620471473731,0.0173590124021228));
#4090=CARTESIAN_POINT('',(-0.00440092112014195,0.0078505982762009,0.018002));
#4091=CARTESIAN_POINT('',(-0.00440092112014195,0.0078505982762009,0.017));
#4092=CARTESIAN_POINT('',(-0.00440092112014195,0.0078505982762009,0.017));
#4093=CARTESIAN_POINT('',(-0.00428802619684901,0.00791388538309349,0.017));
#4094=CARTESIAN_POINT('',(-0.00403074013613355,0.00793579261692871,0.0171005019921867));
#4095=CARTESIAN_POINT('',(-0.00386168251608932,0.00782891836106521,0.0172705251961941));
#4096=CARTESIAN_POINT('',(-0.0037970107648812,0.0077620471473731,0.0173590124021229));
#4097=CARTESIAN_POINT('',(-0.00307818128993103,0.00845723358707318,0.018002));
#4098=CARTESIAN_POINT('',(-0.00273616114660535,0.00751754096628727,0.018));
#4099=CARTESIAN_POINT('',(-0.00294773177264063,0.00744053555596536,0.018));
#4100=CARTESIAN_POINT('',(-0.00339765978070915,0.00745105497771587,0.0178148743386569));
#4101=CARTESIAN_POINT('',(-0.00368325487497628,0.00764442246147141,0.017514659043316));
#4102=CARTESIAN_POINT('',(-0.0037970107648812,0.00776204714737311,0.0173590124021229));
#4103=CARTESIAN_POINT('',(-0.00273616114660536,0.00751754096628727,0.018));
#4104=CARTESIAN_POINT('',(-0.00208066873523401,0.00838674455798473,0.0173590124021229));
#4105=CARTESIAN_POINT('',(-0.00209221842055398,0.00822330130648222,0.0175148656209449));
#4106=CARTESIAN_POINT('',(-0.00218722950537667,0.00789134603686746,0.0178151572303588));
#4107=CARTESIAN_POINT('',(-0.00252415645462597,0.00759470436369254,0.018));
#4108=CARTESIAN_POINT('',(-0.00273616114660535,0.00751754096628727,0.018));
#4109=CARTESIAN_POINT('',(-0.00208066873523401,0.00838674455798472,0.0173590124021228));
#4110=CARTESIAN_POINT('',(-0.00208066873523401,0.00838674455798472,0.018002));
#4111=CARTESIAN_POINT('',(-0.0015819124578855,0.0083515000434405,0.018002));
#4112=CARTESIAN_POINT('',(-0.00167496613187877,0.00884276475187817,0.018002));
#4113=CARTESIAN_POINT('',(-0.00167496613187877,0.00884276475187818,0.017));
#4114=CARTESIAN_POINT('',(-0.00208066873523401,0.00838674455798473,0.0173590124021229));
#4115=CARTESIAN_POINT('',(-0.0020741148847803,0.00847949016951774,0.0172705737424892));
#4116=CARTESIAN_POINT('',(-0.00201382718792681,0.00866947598270764,0.0171009756042366));
#4117=CARTESIAN_POINT('',(-0.00180204878319606,0.00881869319248713,0.017));
#4118=CARTESIAN_POINT('',(-0.00167496613187876,0.00884276475187818,0.017));
#4119=CARTESIAN_POINT('',(-9.34089236660009E-15,1.58251694068757E-14,0.018002));
#4120=CARTESIAN_POINT('',(0.,3.67394039744206E-19,0.017));
#4121=CARTESIAN_POINT('',(-1.41900943371421E-14,1.16760215683137E-14,0.018002));
#4122=CARTESIAN_POINT('',(0.,3.67394039744206E-19,0.017));
#4123=CARTESIAN_POINT('',(-1.73277615071366E-14,6.11857320888742E-15,0.018002));
#4124=CARTESIAN_POINT('',(0.,3.67394039744206E-19,0.017));
#4125=CARTESIAN_POINT('',(-1.83754449088467E-14,-1.76865380053998E-16,0.018002));
#4126=CARTESIAN_POINT('',(0.,3.67394039744206E-19,0.017));
#4127=CARTESIAN_POINT('',(-1.72067784618658E-14,-6.45097139390591E-15,0.018002));
#4128=CARTESIAN_POINT('',(0.,3.67394039744206E-19,0.017));
#4129=CARTESIAN_POINT('',(-1.39627205873797E-14,-1.19469950514547E-14,0.018002));
#4130=CARTESIAN_POINT('',(0.,3.67394039744206E-19,0.017));
#4131=CARTESIAN_POINT('',(-9.03455254224658E-15,-1.60020347869297E-14,0.018002));
#4132=CARTESIAN_POINT('',(0.,3.67394039744206E-19,0.017));
#4133=CARTESIAN_POINT('',(-3.01668412472367E-15,-1.81269929622197E-14,0.018002));
#4134=CARTESIAN_POINT('',(0.,3.67394039744206E-19,0.017));
#4135=CARTESIAN_POINT('',(3.36504091975693E-15,-1.80655682603422E-14,0.018002));
#4136=CARTESIAN_POINT('',(0.,3.67394039744206E-19,0.017));
#4137=CARTESIAN_POINT('',(9.34089236660009E-15,-1.58251694068757E-14,0.018002));
#4138=CARTESIAN_POINT('',(0.,3.67394039744206E-19,0.017));
#4139=CARTESIAN_POINT('',(1.41900943371421E-14,-1.16760215683137E-14,0.018002));
#4140=CARTESIAN_POINT('',(0.,3.67394039744206E-19,0.017));
#4141=CARTESIAN_POINT('',(1.73277615071366E-14,-6.11857320888743E-15,0.018002));
#4142=CARTESIAN_POINT('',(0.,3.67394039744206E-19,0.017));
#4143=CARTESIAN_POINT('',(1.83754449088467E-14,1.76865380053999E-16,0.018002));
#4144=CARTESIAN_POINT('',(0.,3.67394039744206E-19,0.017));
#4145=CARTESIAN_POINT('',(1.72067784618658E-14,6.45097139390591E-15,0.018002));
#4146=CARTESIAN_POINT('',(0.,3.67394039744206E-19,0.017));
#4147=CARTESIAN_POINT('',(1.39627205873797E-14,1.19469950514547E-14,0.018002));
#4148=CARTESIAN_POINT('',(0.,3.67394039744206E-19,0.017));
#4149=CARTESIAN_POINT('',(9.03455254224658E-15,1.60020347869297E-14,0.018002));
#4150=CARTESIAN_POINT('',(0.,3.67394039744206E-19,0.017));
#4151=CARTESIAN_POINT('',(-0.00136986977843755,0.00838888888888889,0.018002));
#4152=CARTESIAN_POINT('',(-0.000913246518958366,0.00859259259259259,0.018002));
#4153=CARTESIAN_POINT('',(-0.000913246518958368,0.00859259259259259,0.0173590124021228));
#4154=CARTESIAN_POINT('',(-0.00145045035363976,0.00888235294117647,0.018002));
#4155=CARTESIAN_POINT('',(-0.00145045035363976,0.00888235294117647,0.017));
#4156=CARTESIAN_POINT('',(-0.00145045035363976,0.00888235294117647,0.017));
#4157=CARTESIAN_POINT('',(-0.00132271659331065,0.00890321131947646,0.017));
#4158=CARTESIAN_POINT('',(-0.0010734559931728,0.00883579940464897,0.0171005026098235));
#4159=CARTESIAN_POINT('',(-0.000951146882911422,0.00867755024141799,0.0172705249658469));
#4160=CARTESIAN_POINT('',(-0.000913246518958367,0.0085925925925926,0.0173590124021229));
#4161=CARTESIAN_POINT('',(-3.25260651745652E-19,0.009,0.018002));
#4162=CARTESIAN_POINT('',(2.34130709082901E-18,0.00799999999999999,0.018));
#4163=CARTESIAN_POINT('',(-0.000225149052247836,0.00799999999999999,0.018));
#4164=CARTESIAN_POINT('',(-0.000644344122951915,0.00816376924990419,0.0178148745957437));
#4165=CARTESIAN_POINT('',(-0.000846580604306844,0.00844315393884765,0.0175146598751079));
#4166=CARTESIAN_POINT('',(-0.000913246518958368,0.00859259259259259,0.0173590124021229));
#4167=CARTESIAN_POINT('',(-2.89120579329468E-19,0.008,0.018));
#4168=CARTESIAN_POINT('',(0.000913246518958367,0.00859259259259259,0.0173590124021229));
#4169=CARTESIAN_POINT('',(0.00084649261039467,0.00844295669124606,0.0175148653178763));
#4170=CARTESIAN_POINT('',(0.000643675599948278,0.0081635160767431,0.0178151573441944));
#4171=CARTESIAN_POINT('',(0.000225611198147358,0.00799999999999999,0.018));
#4172=CARTESIAN_POINT('',(1.9076262218348E-18,0.00799999999999999,0.018));
#4173=CARTESIAN_POINT('',(0.000913246518958367,0.00859259259259259,0.0173590124021228));
#4174=CARTESIAN_POINT('',(0.000913246518958367,0.00859259259259259,0.018002));
#4175=CARTESIAN_POINT('',(0.00136986977843755,0.00838888888888889,0.018002));
#4176=CARTESIAN_POINT('',(0.00145045035363976,0.00888235294117647,0.018002));
#4177=CARTESIAN_POINT('',(0.00145045035363976,0.00888235294117647,0.017));
#4178=CARTESIAN_POINT('',(0.000913246518958367,0.00859259259259259,0.0173590124021229));
#4179=CARTESIAN_POINT('',(0.000951125836489437,0.0086775030636513,0.0172705741037371));
#4180=CARTESIAN_POINT('',(0.00107275671928513,0.00883541209808055,0.0171009755965336));
#4181=CARTESIAN_POINT('',(0.00132279875771145,0.00890319790238023,0.017));
#4182=CARTESIAN_POINT('',(0.00145045035363976,0.00888235294117647,0.017));
#4183=CARTESIAN_POINT('',(2.02973488711012E-15,-1.21543400344315E-14,0.018002));
#4184=CARTESIAN_POINT('',(0.,3.67394039744206E-19,0.017));
#4185=CARTESIAN_POINT('',(3.01668412472367E-15,1.81269929622197E-14,0.018002));
#4186=CARTESIAN_POINT('',(0.,3.67394039744206E-19,0.017));
#4187=CARTESIAN_POINT('',(0.,3.67394039744206E-19,0.017));
#4188=CARTESIAN_POINT('',(0.,3.67394039744206E-19,0.018));
#4189=CARTESIAN_POINT('',(0.,3.67394039744206E-19,0.017));
#4190=CARTESIAN_POINT('',(0.,3.67394039744206E-19,0.018));
#4191=CARTESIAN_POINT('',(0.,3.67394039744206E-19,0.017));
#4192=CARTESIAN_POINT('',(0.,3.67394039744206E-19,0.018));
#4193=CARTESIAN_POINT('',(0.,3.67394039744206E-19,0.017));
#4194=CARTESIAN_POINT('',(0.,3.67394039744206E-19,0.018));
#4195=CARTESIAN_POINT('',(0.,3.67394039744206E-19,0.017));
#4196=CARTESIAN_POINT('',(0.,3.67394039744206E-19,0.018));
#4197=CARTESIAN_POINT('',(0.,3.67394039744206E-19,0.017));
#4198=CARTESIAN_POINT('',(0.,3.67394039744206E-19,0.018));
#4199=CARTESIAN_POINT('',(0.,3.67394039744206E-19,0.017));
#4200=CARTESIAN_POINT('',(0.,3.67394039744206E-19,0.018));
#4201=CARTESIAN_POINT('',(0.,3.67394039744206E-19,0.017));
#4202=CARTESIAN_POINT('',(0.,3.67394039744206E-19,0.018));
#4203=CARTESIAN_POINT('',(0.,3.67394039744206E-19,0.017));
#4204=CARTESIAN_POINT('',(0.,3.67394039744206E-19,0.018));
#4205=CARTESIAN_POINT('',(0.,3.67394039744206E-19,0.017));
#4206=CARTESIAN_POINT('',(0.,3.67394039744206E-19,0.018));
#4207=CARTESIAN_POINT('',(0.,3.67394039744206E-19,0.017));
#4208=CARTESIAN_POINT('',(0.,3.67394039744206E-19,0.018));
#4209=CARTESIAN_POINT('',(0.,3.67394039744206E-19,0.017));
#4210=CARTESIAN_POINT('',(0.,3.67394039744206E-19,0.018));
#4211=CARTESIAN_POINT('',(0.,3.67394039744206E-19,0.017));
#4212=CARTESIAN_POINT('',(0.,3.67394039744206E-19,0.018));
#4213=CARTESIAN_POINT('',(0.,3.67394039744206E-19,0.017));
#4214=CARTESIAN_POINT('',(0.,3.67394039744206E-19,0.018));
#4215=CARTESIAN_POINT('',(0.,3.67394039744206E-19,0.017));
#4216=CARTESIAN_POINT('',(0.,3.67394039744206E-19,0.018));
#4217=CARTESIAN_POINT('',(0.,3.67394039744206E-19,0.017));
#4218=CARTESIAN_POINT('',(0.,3.67394039744206E-19,0.018));
#4219=CARTESIAN_POINT('',(0.,3.67394039744206E-19,0.017));
#4220=CARTESIAN_POINT('',(0.,3.67394039744206E-19,0.018));
#4221=CARTESIAN_POINT('',(0.,3.67394039744206E-19,0.017));
#4222=CARTESIAN_POINT('',(0.,3.67394039744206E-19,0.018));
#4223=CARTESIAN_POINT('',(0.,0.,0.018));
#4224=CARTESIAN_POINT('',(0.00279105714739058,0.0013,0.0034));
#4225=CARTESIAN_POINT('',(0.00279105714739058,0.00184666666666667,0.00320333333333333));
#4226=CARTESIAN_POINT('',(0.00282700617121292,0.00191355718658739,0.00313644281341261));
#4227=CARTESIAN_POINT('',(0.00286510716355778,0.0019780959979155,0.00306849906279357));
#4228=CARTESIAN_POINT('',(0.00290434277372344,0.00204139487917464,0.003));
#4229=CARTESIAN_POINT('',(0.0029843028315507,0.0010081848092482,0.0034));
#4230=CARTESIAN_POINT('',(0.00313502644950715,0.000956550854003735,0.00327373068237139));
#4231=CARTESIAN_POINT('',(0.00328363840970138,0.000931115583743024,0.00313740260296189));
#4232=CARTESIAN_POINT('',(0.00343147471697822,0.000909659973143438,0.00300000000000129));
#4233=CARTESIAN_POINT('',(-1.71096940411732E-19,0.00205,0.003));
#4234=CARTESIAN_POINT('',(-0.00279105714739058,0.00184666666666667,0.00320333333333333));
#4235=CARTESIAN_POINT('',(-0.00276330037902479,0.00179501951550947,0.00325498048449053));
#4236=CARTESIAN_POINT('',(-0.00273518302941543,0.00174347116566746,0.00330652883433254));
#4237=CARTESIAN_POINT('',(-0.00270667500598678,0.00169202986267784,0.00335797013732216));
#4238=CARTESIAN_POINT('',(-0.00279105714739058,0.00184666666666667,0.00320333333333333));
#4239=CARTESIAN_POINT('',(-0.00270667500598677,0.00169202986267784,0.00335797013732216));
#4240=CARTESIAN_POINT('',(-0.00077195230649142,0.00275350712957752,0.00229649287042248));
#4241=CARTESIAN_POINT('',(-0.00279105714739058,0.00205,0.003));
#4242=CARTESIAN_POINT('',(-5.42101086242752E-19,4.33680868994202E-19,0.003));
#4243=CARTESIAN_POINT('',(-0.00343147471697752,0.000909659973146041,0.003));
#4244=CARTESIAN_POINT('',(-0.00328359029931439,0.00093112256604718,0.00313744731790532));
#4245=CARTESIAN_POINT('',(-0.00313530703023341,0.000956454734411715,0.00327349562473857));
#4246=CARTESIAN_POINT('',(-0.00298430283155067,0.00100818480924819,0.0034));
#4247=CARTESIAN_POINT('',(-0.00279105714739058,0.0013,0.003));
#4248=CARTESIAN_POINT('',(-0.00290434277372344,0.00204139487917464,0.003));
#4249=CARTESIAN_POINT('',(-0.00286510716355778,0.0019780959979155,0.00306849906279357));
#4250=CARTESIAN_POINT('',(-0.00282700617121292,0.00191355718658739,0.00313644281341261));
#4251=CARTESIAN_POINT('',(-0.00279105714739057,0.00184666666666667,0.00320333333333333));
#4252=CARTESIAN_POINT('',(0.,3.67394039744206E-19,0.0034));
#4253=CARTESIAN_POINT('',(0.,-1.92881870865708E-19,0.006));
#4254=CARTESIAN_POINT('',(0.,-1.92881870865708E-19,0.00805));
#4255=CARTESIAN_POINT('',(-0.00239165214862028,0.00205,0.006));
#4256=CARTESIAN_POINT('',(-0.00262955510007964,0.00173434136652654,0.00631565863347346));
#4257=CARTESIAN_POINT('',(-0.00262955510007964,0.00173434136652654,0.006));
#4258=CARTESIAN_POINT('',(-0.00262955510007964,0.00173434136652654,0.0034));
#4259=CARTESIAN_POINT('',(0.,-1.92881870865708E-19,0.0034));
#4260=CARTESIAN_POINT('',(0.00262955510007964,0.00173434136652654,0.0034));
#4261=CARTESIAN_POINT('',(0.00262955510007964,0.00173434136652654,0.006));
#4262=CARTESIAN_POINT('',(0.00262955510007964,0.00173434136652654,0.00631565863347346));
#4263=CARTESIAN_POINT('',(0.,-1.92881870865708E-19,0.00805));
#4264=CARTESIAN_POINT('',(0.00239165214862028,0.00205,0.006));
#4265=CARTESIAN_POINT('',(0.,-1.92881870865708E-19,0.006));
#4266=CARTESIAN_POINT('',(0.,0.,0.006));
#4267=CARTESIAN_POINT('',(-1.71096940411732E-19,0.00205,0.006));
#4268=CARTESIAN_POINT('',(0.,-1.92881870865708E-19,0.0034));
#4269=CARTESIAN_POINT('',(-0.00262955510007964,0.00173434136652654,0.0034));
#4270=CARTESIAN_POINT('',(-0.00265536993679098,0.00172017816767383,0.00338624834480019));
#4271=CARTESIAN_POINT('',(-0.00268107426185051,0.00170607560056237,0.00337223287554922));
#4272=CARTESIAN_POINT('',(-0.00270667500598677,0.00169202986267784,0.00335797013732216));
#4273=CARTESIAN_POINT('',(0.00270667500598677,0.00169202986267784,0.00335797013732216));
#4274=CARTESIAN_POINT('',(0.00268107426185051,0.00170607560056237,0.00337223287554922));
#4275=CARTESIAN_POINT('',(0.00265536993679098,0.00172017816767383,0.00338624834480019));
#4276=CARTESIAN_POINT('',(0.00262955510007964,0.00173434136652654,0.0034));
#4277=CARTESIAN_POINT('',(4.21161580671392E-19,0.00165,0.0064));
#4278=CARTESIAN_POINT('',(0.00252145139596362,0.00179365199766595,0.00625634800233405));
#4279=CARTESIAN_POINT('',(-0.00252145139596362,0.00179365199766595,0.00625634800233405));
#4280=CARTESIAN_POINT('',(-0.00262955510007964,0.00173434136652654,0.006));
#4281=CARTESIAN_POINT('',(0.00262955510007964,0.00173434136652654,0.006));
#4282=CARTESIAN_POINT('',(0.00279105714739058,0.0013,0.0154));
#4283=CARTESIAN_POINT('',(0.00270495012711195,0.0011771766265781,0.0154));
#4284=CARTESIAN_POINT('',(0.00278522005995684,0.00107890567912208,0.0153656122363955));
#4285=CARTESIAN_POINT('',(0.00288811172466808,0.00104113735759482,0.0152805844869748));
#4286=CARTESIAN_POINT('',(0.00298430283155069,0.00100818480924816,0.0152));
#4287=CARTESIAN_POINT('',(0.00279105714739058,0.00165,0.0152));
#4288=CARTESIAN_POINT('',(4.21161580671392E-19,0.00165,0.0152));
#4289=CARTESIAN_POINT('',(-0.00279105714739058,0.00165,0.0152));
#4290=CARTESIAN_POINT('',(-5.42101086242752E-19,4.33680868994202E-19,0.0152));
#4291=CARTESIAN_POINT('',(-0.0029843028315507,0.0010081848092482,0.0152));
#4292=CARTESIAN_POINT('',(-0.00288815820289229,0.00104112143537523,0.0152805455496554));
#4293=CARTESIAN_POINT('',(-0.00278483557567541,0.00107937638625834,0.0153657769500242));
#4294=CARTESIAN_POINT('',(-0.00270495012708547,0.00117717662656522,0.0153999999999744));
#4295=CARTESIAN_POINT('',(-0.00279105714739058,0.0013,0.0152));
#4296=MECHANICAL_DESIGN_GEOMETRIC_PRESENTATION_REPRESENTATION('',(#2220),
#4297);
#4297=(
GEOMETRIC_REPRESENTATION_CONTEXT(3)
GLOBAL_UNCERTAINTY_ASSIGNED_CONTEXT((#4298))
GLOBAL_UNIT_ASSIGNED_CONTEXT((#4301,#4300,#4299))
REPRESENTATION_CONTEXT('Knob','TOP_LEVEL_ASSEMBLY_PART')
);
#4298=UNCERTAINTY_MEASURE_WITH_UNIT(LENGTH_MEASURE(2.E-5),#4301,
'DISTANCE_ACCURACY_VALUE','Maximum Tolerance applied to model');
#4299=(
NAMED_UNIT(*)
SI_UNIT($,.STERADIAN.)
SOLID_ANGLE_UNIT()
);
#4300=(
NAMED_UNIT(*)
PLANE_ANGLE_UNIT()
SI_UNIT($,.RADIAN.)
);
#4301=(
LENGTH_UNIT()
NAMED_UNIT(*)
SI_UNIT($,.METRE.)
);
#4302=PRODUCT_DEFINITION_SHAPE('','',#4303);
#4303=PRODUCT_DEFINITION('','',#4305,#4304);
#4304=PRODUCT_DEFINITION_CONTEXT('',#4311,'design');
#4305=PRODUCT_DEFINITION_FORMATION_WITH_SPECIFIED_SOURCE('','',#4307,
 .NOT_KNOWN.);
#4306=PRODUCT_RELATED_PRODUCT_CATEGORY('','',(#4307));
#4307=PRODUCT('Knob','Knob','Knob',(#4309));
#4308=PRODUCT_CATEGORY('','');
#4309=PRODUCT_CONTEXT('',#4311,'mechanical');
#4310=APPLICATION_PROTOCOL_DEFINITION('international standard',
'ap242_managed_model_based_3d_engineering',2020,#4311);
#4311=APPLICATION_CONTEXT('managed model based 3d engineering');
ENDSEC;
END-ISO-10303-21;
