ISO-10303-21;
HEADER;
/* Generated by software containing ST-Developer
 * from STEP Tools, Inc. (www.steptools.com) 
 */
/* OPTION: using custom renumber hook */

FILE_DESCRIPTION(
/* description */ ('STEP AP242 Edition 2',
'CAx-IF Rec.Pracs.---Representation and Presentation of Product Manufa
cturing Information (PMI)---4.0---2014-10-13',
'CAx-IF Rec.Pracs.---3D Tessellated Geometry---0.4---2014-09-14','2;1',
'CAx-IF Rec.Pracs.---User Defined Attributes---1.5---2016-08-15'),
/* implementation_level */ '2;1');

FILE_NAME(
/* name */ 'Plate - Plate',
/* time_stamp */ '2026-08-29T20:14:59Z',
/* author */ (''),
/* organization */ (''),
/* preprocessor_version */ 'ST-DEVELOPER v20',
/* originating_system */ 'ONSHAPE BY PTC INC, 1.220',
/* authorisation */ '  ');

FILE_SCHEMA (('AP242_MANAGED_MODEL_BASED_3D_ENGINEERING_MIM_LF { 1 0 10303 442 3 1 4 }'));
ENDSEC;

DATA;
#10=SHAPE_REPRESENTATION_RELATIONSHIP('','',#7781,#11);
#11=ADVANCED_BREP_SHAPE_REPRESENTATION('',(#7779),#13157);
#12=B_SPLINE_CURVE_WITH_KNOTS('',3,(#12800,#12801,#12802,#12803),
 .UNSPECIFIED.,.F.,.F.,(4,4),(0.,8.71293180837762E-5),.UNSPECIFIED.);
#13=B_SPLINE_CURVE_WITH_KNOTS('',3,(#12805,#12806,#12807,#12808,#12809),
 .UNSPECIFIED.,.F.,.F.,(4,1,4),(0.,0.000923469954471624,0.00184693990894325),
 .UNSPECIFIED.);
#14=B_SPLINE_CURVE_WITH_KNOTS('',3,(#12813,#12814,#12815,#12816),
 .UNSPECIFIED.,.F.,.F.,(4,4),(0.,8.71293180837757E-5),.UNSPECIFIED.);
#15=B_SPLINE_CURVE_WITH_KNOTS('',3,(#12820,#12821,#12822,#12823,#12824),
 .UNSPECIFIED.,.F.,.F.,(4,1,4),(0.,0.00092407730413054,0.00184815460826108),
 .UNSPECIFIED.);
#16=B_SPLINE_CURVE_WITH_KNOTS('',3,(#13145,#13146,#13147,#13148),
 .UNSPECIFIED.,.F.,.F.,(4,4),(0.,1.),.UNSPECIFIED.);
#17=B_SPLINE_CURVE_WITH_KNOTS('',3,(#13151,#13152,#13153,#13154),
 .UNSPECIFIED.,.F.,.F.,(4,4),(0.,1.),.UNSPECIFIED.);
#18=CONICAL_SURFACE('',#8263,0.000699999999999992,0.785398163397429);
#19=CONICAL_SURFACE('',#8264,0.000699999999999992,0.785398163397429);
#20=CONICAL_SURFACE('',#8267,0.000699999999999992,0.785398163397429);
#21=CONICAL_SURFACE('',#8268,0.0007,0.785398163397438);
#22=CONICAL_SURFACE('',#8270,0.0011,0.785398163397448);
#23=CONICAL_SURFACE('',#8273,0.0011,0.785398163397439);
#24=CONICAL_SURFACE('',#8274,0.0011,0.785398163397439);
#25=CONICAL_SURFACE('',#8277,0.0011,0.785398163397439);
#26=CONICAL_SURFACE('',#8278,0.0011,0.785398163397448);
#27=CONICAL_SURFACE('',#8281,0.0011,0.785398163397439);
#28=CONICAL_SURFACE('',#8282,0.0011,0.785398163397439);
#29=CONICAL_SURFACE('',#8285,0.0011,0.785398163397439);
#30=CONICAL_SURFACE('',#8286,0.0011,0.785398163397448);
#31=CONICAL_SURFACE('',#8289,0.0011,0.785398163397439);
#32=CONICAL_SURFACE('',#8290,0.0011,0.785398163397439);
#33=CONICAL_SURFACE('',#8293,0.0011,0.785398163397439);
#34=CONICAL_SURFACE('',#8294,0.0011,0.785398163397448);
#35=CONICAL_SURFACE('',#8297,0.0011,0.785398163397439);
#36=CONICAL_SURFACE('',#8298,0.0011,0.785398163397439);
#37=CONICAL_SURFACE('',#8301,0.0011,0.785398163397439);
#38=CONICAL_SURFACE('',#8302,0.0011,0.785398163397439);
#39=CONICAL_SURFACE('',#8305,0.0011,0.785398163397439);
#40=CONICAL_SURFACE('',#8306,0.0011,0.785398163397439);
#41=CONICAL_SURFACE('',#8309,0.0011,0.785398163397443);
#42=CONICAL_SURFACE('',#8310,0.0011,0.785398163397439);
#43=CONICAL_SURFACE('',#8313,0.0011,0.785398163397443);
#44=CONICAL_SURFACE('',#8314,0.0011,0.785398163397439);
#45=CONICAL_SURFACE('',#8317,0.0011,0.785398163397443);
#46=CONICAL_SURFACE('',#8318,0.0011,0.785398163397439);
#47=CONICAL_SURFACE('',#8321,0.0011,0.785398163397439);
#48=CONICAL_SURFACE('',#8322,0.0011,0.785398163397443);
#49=CONICAL_SURFACE('',#8325,0.0011,0.785398163397443);
#50=CONICAL_SURFACE('',#8326,0.0011,0.785398163397439);
#51=CONICAL_SURFACE('',#8329,0.0011,0.785398163397439);
#52=CONICAL_SURFACE('',#8330,0.0011,0.785398163397439);
#53=CONICAL_SURFACE('',#8333,0.0011,0.785398163397443);
#54=CONICAL_SURFACE('',#8334,0.0011,0.785398163397439);
#55=CONICAL_SURFACE('',#8337,0.0011,0.785398163397439);
#56=CONICAL_SURFACE('',#8338,0.0011,0.785398163397439);
#57=CONICAL_SURFACE('',#8341,0.0011,0.785398163397439);
#58=CONICAL_SURFACE('',#8342,0.0011,0.785398163397439);
#59=CONICAL_SURFACE('',#8345,0.0011,0.785398163397439);
#60=CONICAL_SURFACE('',#8346,0.0011,0.785398163397439);
#61=CONICAL_SURFACE('',#8349,0.0011,0.785398163397439);
#62=CONICAL_SURFACE('',#8350,0.0011,0.785398163397439);
#63=CONICAL_SURFACE('',#8353,0.0011,0.785398163397439);
#64=CONICAL_SURFACE('',#8354,0.0011,0.785398163397439);
#65=CONICAL_SURFACE('',#8357,0.0011,0.785398163397439);
#66=CONICAL_SURFACE('',#8358,0.0011,0.785398163397439);
#67=CONICAL_SURFACE('',#8361,0.0011,0.785398163397439);
#68=CONICAL_SURFACE('',#8362,0.0011,0.785398163397439);
#69=CONICAL_SURFACE('',#8365,0.0011,0.785398163397439);
#70=CONICAL_SURFACE('',#8366,0.0011,0.785398163397439);
#71=CONICAL_SURFACE('',#8369,0.0011,0.785398163397439);
#72=CONICAL_SURFACE('',#8370,0.0011,0.785398163397439);
#73=CONICAL_SURFACE('',#8373,0.0011,0.785398163397439);
#74=CONICAL_SURFACE('',#8374,0.0011,0.785398163397439);
#75=CONICAL_SURFACE('',#8377,0.0011,0.785398163397439);
#76=CONICAL_SURFACE('',#8378,0.0011,0.785398163397439);
#77=CONICAL_SURFACE('',#8381,0.0011,0.785398163397439);
#78=CONICAL_SURFACE('',#8382,0.0011,0.785398163397439);
#79=CONICAL_SURFACE('',#8385,0.0011,0.785398163397439);
#80=CONICAL_SURFACE('',#8386,0.0011,0.785398163397439);
#81=CONICAL_SURFACE('',#8389,0.0011,0.785398163397439);
#82=CONICAL_SURFACE('',#8391,0.0058,0.785398163397432);
#83=CONICAL_SURFACE('',#8392,0.0058,0.785398163397432);
#84=CONICAL_SURFACE('',#8395,0.0058,0.785398163397432);
#85=CONICAL_SURFACE('',#8396,0.0058,0.785398163397432);
#86=CONICAL_SURFACE('',#8398,0.00185,0.785398163397443);
#87=CONICAL_SURFACE('',#8399,0.00185,0.785398163397448);
#88=CONICAL_SURFACE('',#8400,0.00185,0.785398163397443);
#89=CONICAL_SURFACE('',#8401,0.00165,0.785398163397443);
#90=CONICAL_SURFACE('',#8402,0.00165,0.785398163397442);
#91=CONICAL_SURFACE('',#8403,0.00165,0.785398163397452);
#92=CONICAL_SURFACE('',#8404,0.0011,0.785398163397443);
#93=CONICAL_SURFACE('',#8407,0.0011,0.785398163397443);
#94=CONICAL_SURFACE('',#8408,0.0011,0.785398163397443);
#95=CONICAL_SURFACE('',#8411,0.0011,0.785398163397452);
#96=CONICAL_SURFACE('',#8419,0.0007,0.785398163397446);
#97=CONICAL_SURFACE('',#8420,0.0007,0.785398163397446);
#98=CONICAL_SURFACE('',#8423,0.0007,0.785398163397446);
#99=CONICAL_SURFACE('',#8424,0.0007,0.785398163397446);
#100=CONICAL_SURFACE('',#8426,0.0013,0.785398163397457);
#101=CONICAL_SURFACE('',#8429,0.0013,0.785398163397448);
#102=CONICAL_SURFACE('',#8430,0.0013,0.785398163397448);
#103=CONICAL_SURFACE('',#8433,0.0013,0.785398163397448);
#104=CONICAL_SURFACE('',#8434,0.0013,0.785398163397448);
#105=CONICAL_SURFACE('',#8437,0.0013,0.785398163397448);
#106=CONICAL_SURFACE('',#8438,0.0013,0.785398163397448);
#107=CONICAL_SURFACE('',#8441,0.0013,0.785398163397448);
#108=CONICAL_SURFACE('',#8442,0.0013,0.785398163397448);
#109=CONICAL_SURFACE('',#8445,0.0013,0.785398163397448);
#110=CONICAL_SURFACE('',#8446,0.0013,0.785398163397448);
#111=CONICAL_SURFACE('',#8449,0.0013,0.785398163397448);
#112=CONICAL_SURFACE('',#8450,0.0013,0.785398163397448);
#113=CONICAL_SURFACE('',#8453,0.0013,0.785398163397448);
#114=CONICAL_SURFACE('',#8454,0.0013,0.785398163397448);
#115=CONICAL_SURFACE('',#8457,0.0013,0.785398163397448);
#116=CONICAL_SURFACE('',#8458,0.0013,0.785398163397457);
#117=CONICAL_SURFACE('',#8461,0.0013,0.785398163397448);
#118=CONICAL_SURFACE('',#8462,0.0013,0.785398163397448);
#119=CONICAL_SURFACE('',#8465,0.0013,0.785398163397448);
#120=CONICAL_SURFACE('',#8466,0.0013,0.785398163397448);
#121=CONICAL_SURFACE('',#8469,0.0013,0.785398163397448);
#122=CONICAL_SURFACE('',#8470,0.0013,0.785398163397448);
#123=CONICAL_SURFACE('',#8473,0.0013,0.785398163397448);
#124=CONICAL_SURFACE('',#8474,0.0013,0.785398163397448);
#125=CONICAL_SURFACE('',#8477,0.0013,0.785398163397448);
#126=CONICAL_SURFACE('',#8478,0.0013,0.785398163397448);
#127=CONICAL_SURFACE('',#8481,0.0013,0.785398163397448);
#128=CONICAL_SURFACE('',#8482,0.0013,0.785398163397448);
#129=CONICAL_SURFACE('',#8485,0.0013,0.785398163397448);
#130=CONICAL_SURFACE('',#8486,0.0013,0.785398163397448);
#131=CONICAL_SURFACE('',#8489,0.0013,0.785398163397448);
#132=CONICAL_SURFACE('',#8490,0.0013,0.785398163397457);
#133=CONICAL_SURFACE('',#8493,0.0013,0.785398163397452);
#134=CONICAL_SURFACE('',#8494,0.0013,0.785398163397448);
#135=CONICAL_SURFACE('',#8497,0.0013,0.785398163397448);
#136=CONICAL_SURFACE('',#8498,0.0013,0.785398163397448);
#137=CONICAL_SURFACE('',#8501,0.0013,0.785398163397452);
#138=CONICAL_SURFACE('',#8502,0.0013,0.785398163397448);
#139=CONICAL_SURFACE('',#8505,0.0013,0.785398163397452);
#140=CONICAL_SURFACE('',#8506,0.0013,0.785398163397452);
#141=CONICAL_SURFACE('',#8509,0.0013,0.785398163397452);
#142=CONICAL_SURFACE('',#8510,0.0013,0.785398163397448);
#143=CONICAL_SURFACE('',#8513,0.0013,0.785398163397448);
#144=CONICAL_SURFACE('',#8514,0.0013,0.785398163397448);
#145=CONICAL_SURFACE('',#8517,0.0013,0.785398163397452);
#146=CONICAL_SURFACE('',#8518,0.0013,0.785398163397448);
#147=CONICAL_SURFACE('',#8521,0.0013,0.785398163397448);
#148=CONICAL_SURFACE('',#8522,0.0013,0.785398163397457);
#149=CONICAL_SURFACE('',#8525,0.0013,0.785398163397448);
#150=CONICAL_SURFACE('',#8526,0.0013,0.785398163397448);
#151=CONICAL_SURFACE('',#8529,0.0013,0.785398163397448);
#152=CONICAL_SURFACE('',#8530,0.0013,0.785398163397448);
#153=CONICAL_SURFACE('',#8533,0.0013,0.785398163397448);
#154=CONICAL_SURFACE('',#8534,0.0013,0.785398163397448);
#155=CONICAL_SURFACE('',#8537,0.0013,0.785398163397448);
#156=CONICAL_SURFACE('',#8538,0.0013,0.785398163397448);
#157=CONICAL_SURFACE('',#8541,0.0013,0.785398163397448);
#158=CONICAL_SURFACE('',#8542,0.0013,0.785398163397448);
#159=CONICAL_SURFACE('',#8545,0.0013,0.785398163397448);
#160=CONICAL_SURFACE('',#8546,0.00185,0.785398163397443);
#161=CONICAL_SURFACE('',#8547,0.00185,0.785398163397447);
#162=CONICAL_SURFACE('',#8548,0.00185,0.785398163397443);
#163=CONICAL_SURFACE('',#8549,0.00165,0.785398163397443);
#164=CONICAL_SURFACE('',#8550,0.00165,0.785398163397442);
#165=CONICAL_SURFACE('',#8551,0.00165,0.785398163397452);
#166=CONICAL_SURFACE('',#8552,0.0013,0.785398163397443);
#167=CONICAL_SURFACE('',#8555,0.0013,0.785398163397443);
#168=CONICAL_SURFACE('',#8556,0.0013,0.785398163397443);
#169=CONICAL_SURFACE('',#8559,0.0013,0.785398163397452);
#170=CONICAL_SURFACE('',#8562,0.0058,0.785398163397467);
#171=CONICAL_SURFACE('',#8564,0.0058,0.785398163397467);
#172=CONICAL_SURFACE('',#8566,0.0058,0.785398163397467);
#173=CONICAL_SURFACE('',#8568,0.0058,0.785398163397467);
#174=CYLINDRICAL_SURFACE('',#7961,0.0011);
#175=CYLINDRICAL_SURFACE('',#7965,0.0011);
#176=CYLINDRICAL_SURFACE('',#7969,0.0011);
#177=CYLINDRICAL_SURFACE('',#7973,0.0011);
#178=CYLINDRICAL_SURFACE('',#7978,0.00165);
#179=CYLINDRICAL_SURFACE('',#7981,0.00165);
#180=CYLINDRICAL_SURFACE('',#7984,0.00165);
#181=CYLINDRICAL_SURFACE('',#7988,0.00165);
#182=CYLINDRICAL_SURFACE('',#7991,0.00165);
#183=CYLINDRICAL_SURFACE('',#7994,0.00165);
#184=CYLINDRICAL_SURFACE('',#7998,0.006);
#185=CYLINDRICAL_SURFACE('',#8001,0.006);
#186=CYLINDRICAL_SURFACE('',#8004,0.006);
#187=CYLINDRICAL_SURFACE('',#8007,0.006);
#188=CYLINDRICAL_SURFACE('',#8010,0.0011);
#189=CYLINDRICAL_SURFACE('',#8014,0.0011);
#190=CYLINDRICAL_SURFACE('',#8018,0.0011);
#191=CYLINDRICAL_SURFACE('',#8022,0.0011);
#192=CYLINDRICAL_SURFACE('',#8026,0.0011);
#193=CYLINDRICAL_SURFACE('',#8030,0.0011);
#194=CYLINDRICAL_SURFACE('',#8034,0.0011);
#195=CYLINDRICAL_SURFACE('',#8038,0.0011);
#196=CYLINDRICAL_SURFACE('',#8042,0.0011);
#197=CYLINDRICAL_SURFACE('',#8046,0.0011);
#198=CYLINDRICAL_SURFACE('',#8050,0.0011);
#199=CYLINDRICAL_SURFACE('',#8054,0.0011);
#200=CYLINDRICAL_SURFACE('',#8058,0.0011);
#201=CYLINDRICAL_SURFACE('',#8062,0.0011);
#202=CYLINDRICAL_SURFACE('',#8066,0.0011);
#203=CYLINDRICAL_SURFACE('',#8070,0.0011);
#204=CYLINDRICAL_SURFACE('',#8074,0.0011);
#205=CYLINDRICAL_SURFACE('',#8078,0.0011);
#206=CYLINDRICAL_SURFACE('',#8082,0.0011);
#207=CYLINDRICAL_SURFACE('',#8086,0.0011);
#208=CYLINDRICAL_SURFACE('',#8090,0.0011);
#209=CYLINDRICAL_SURFACE('',#8094,0.0011);
#210=CYLINDRICAL_SURFACE('',#8098,0.0011);
#211=CYLINDRICAL_SURFACE('',#8102,0.0011);
#212=CYLINDRICAL_SURFACE('',#8106,0.0011);
#213=CYLINDRICAL_SURFACE('',#8110,0.0011);
#214=CYLINDRICAL_SURFACE('',#8114,0.0011);
#215=CYLINDRICAL_SURFACE('',#8118,0.0011);
#216=CYLINDRICAL_SURFACE('',#8122,0.0011);
#217=CYLINDRICAL_SURFACE('',#8126,0.0011);
#218=CYLINDRICAL_SURFACE('',#8130,0.0011);
#219=CYLINDRICAL_SURFACE('',#8134,0.0011);
#220=CYLINDRICAL_SURFACE('',#8138,0.0011);
#221=CYLINDRICAL_SURFACE('',#8142,0.0011);
#222=CYLINDRICAL_SURFACE('',#8146,0.0011);
#223=CYLINDRICAL_SURFACE('',#8150,0.0011);
#224=CYLINDRICAL_SURFACE('',#8154,0.0011);
#225=CYLINDRICAL_SURFACE('',#8158,0.0011);
#226=CYLINDRICAL_SURFACE('',#8162,0.0011);
#227=CYLINDRICAL_SURFACE('',#8166,0.0011);
#228=CYLINDRICAL_SURFACE('',#8170,0.0011);
#229=CYLINDRICAL_SURFACE('',#8174,0.0011);
#230=CYLINDRICAL_SURFACE('',#8178,0.0011);
#231=CYLINDRICAL_SURFACE('',#8182,0.0011);
#232=CYLINDRICAL_SURFACE('',#8186,0.0011);
#233=CYLINDRICAL_SURFACE('',#8190,0.0011);
#234=CYLINDRICAL_SURFACE('',#8194,0.0011);
#235=CYLINDRICAL_SURFACE('',#8198,0.0011);
#236=CYLINDRICAL_SURFACE('',#8202,0.0011);
#237=CYLINDRICAL_SURFACE('',#8206,0.0011);
#238=CYLINDRICAL_SURFACE('',#8210,0.0011);
#239=CYLINDRICAL_SURFACE('',#8214,0.0011);
#240=CYLINDRICAL_SURFACE('',#8218,0.0011);
#241=CYLINDRICAL_SURFACE('',#8222,0.0011);
#242=CYLINDRICAL_SURFACE('',#8226,0.0011);
#243=CYLINDRICAL_SURFACE('',#8230,0.0011);
#244=CYLINDRICAL_SURFACE('',#8234,0.0011);
#245=CYLINDRICAL_SURFACE('',#8238,0.0011);
#246=CYLINDRICAL_SURFACE('',#8242,0.0011);
#247=CYLINDRICAL_SURFACE('',#8246,0.0011);
#248=CYLINDRICAL_SURFACE('',#8250,0.0005);
#249=CYLINDRICAL_SURFACE('',#8253,0.0005);
#250=CYLINDRICAL_SURFACE('',#8256,0.0005);
#251=CYLINDRICAL_SURFACE('',#8259,0.0005);
#252=CYLINDRICAL_SURFACE('',#8412,0.003);
#253=CYLINDRICAL_SURFACE('',#8414,0.003);
#254=CYLINDRICAL_SURFACE('',#8573,0.001);
#255=CYLINDRICAL_SURFACE('',#8575,0.001);
#256=CYLINDRICAL_SURFACE('',#8576,0.001);
#257=CYLINDRICAL_SURFACE('',#8578,0.001);
#258=CYLINDRICAL_SURFACE('',#8579,0.0001);
#259=CYLINDRICAL_SURFACE('',#8580,0.0001);
#260=CYLINDRICAL_SURFACE('',#8581,0.0001);
#261=CYLINDRICAL_SURFACE('',#8582,0.0001);
#262=ELLIPSE('',#7787,0.00141432127866749,0.001);
#263=ELLIPSE('',#7790,0.00141432127866749,0.001);
#264=ELLIPSE('',#7877,0.00141432127866749,0.001);
#265=ELLIPSE('',#7878,0.00141432127866749,0.001);
#266=ELLIPSE('',#8561,0.000141421356237307,0.0001);
#267=ELLIPSE('',#8570,0.000141421356237307,0.0001);
#268=ELLIPSE('',#8574,0.00108240927379314,0.001);
#269=ELLIPSE('',#8577,0.00108240927379314,0.001);
#270=CIRCLE('',#7784,0.0001);
#271=CIRCLE('',#7785,0.001);
#272=CIRCLE('',#7788,0.003);
#273=CIRCLE('',#7789,0.003);
#274=CIRCLE('',#7795,0.003);
#275=CIRCLE('',#7796,0.003);
#276=CIRCLE('',#7798,0.0007);
#277=CIRCLE('',#7799,0.000699999999999992);
#278=CIRCLE('',#7800,0.000699999999999992);
#279=CIRCLE('',#7801,0.000699999999999992);
#280=CIRCLE('',#7802,0.0013);
#281=CIRCLE('',#7803,0.0013);
#282=CIRCLE('',#7804,0.0013);
#283=CIRCLE('',#7805,0.0013);
#284=CIRCLE('',#7806,0.0013);
#285=CIRCLE('',#7807,0.0013);
#286=CIRCLE('',#7808,0.0013);
#287=CIRCLE('',#7809,0.0013);
#288=CIRCLE('',#7810,0.0013);
#289=CIRCLE('',#7811,0.0013);
#290=CIRCLE('',#7812,0.0013);
#291=CIRCLE('',#7813,0.0013);
#292=CIRCLE('',#7814,0.0013);
#293=CIRCLE('',#7815,0.0013);
#294=CIRCLE('',#7816,0.0013);
#295=CIRCLE('',#7817,0.0013);
#296=CIRCLE('',#7818,0.0013);
#297=CIRCLE('',#7819,0.0013);
#298=CIRCLE('',#7820,0.0013);
#299=CIRCLE('',#7821,0.0013);
#300=CIRCLE('',#7822,0.0013);
#301=CIRCLE('',#7823,0.0013);
#302=CIRCLE('',#7824,0.0013);
#303=CIRCLE('',#7825,0.0013);
#304=CIRCLE('',#7826,0.0013);
#305=CIRCLE('',#7827,0.0013);
#306=CIRCLE('',#7828,0.0013);
#307=CIRCLE('',#7829,0.0013);
#308=CIRCLE('',#7830,0.0013);
#309=CIRCLE('',#7831,0.0013);
#310=CIRCLE('',#7832,0.0013);
#311=CIRCLE('',#7833,0.0013);
#312=CIRCLE('',#7834,0.0013);
#313=CIRCLE('',#7835,0.0013);
#314=CIRCLE('',#7836,0.0013);
#315=CIRCLE('',#7837,0.0013);
#316=CIRCLE('',#7838,0.0013);
#317=CIRCLE('',#7839,0.0013);
#318=CIRCLE('',#7840,0.0013);
#319=CIRCLE('',#7841,0.0013);
#320=CIRCLE('',#7842,0.0013);
#321=CIRCLE('',#7843,0.0013);
#322=CIRCLE('',#7844,0.0013);
#323=CIRCLE('',#7845,0.0013);
#324=CIRCLE('',#7846,0.0013);
#325=CIRCLE('',#7847,0.0013);
#326=CIRCLE('',#7848,0.0013);
#327=CIRCLE('',#7849,0.0013);
#328=CIRCLE('',#7850,0.0013);
#329=CIRCLE('',#7851,0.0013);
#330=CIRCLE('',#7852,0.0013);
#331=CIRCLE('',#7853,0.0013);
#332=CIRCLE('',#7854,0.0013);
#333=CIRCLE('',#7855,0.0013);
#334=CIRCLE('',#7856,0.0013);
#335=CIRCLE('',#7857,0.0013);
#336=CIRCLE('',#7858,0.0013);
#337=CIRCLE('',#7859,0.0013);
#338=CIRCLE('',#7860,0.0013);
#339=CIRCLE('',#7861,0.0013);
#340=CIRCLE('',#7862,0.0058);
#341=CIRCLE('',#7863,0.0058);
#342=CIRCLE('',#7864,0.0058);
#343=CIRCLE('',#7865,0.0058);
#344=CIRCLE('',#7866,0.00185);
#345=CIRCLE('',#7867,0.00185);
#346=CIRCLE('',#7868,0.00185);
#347=CIRCLE('',#7869,0.00185);
#348=CIRCLE('',#7870,0.00185);
#349=CIRCLE('',#7871,0.00185);
#350=CIRCLE('',#7872,0.0013);
#351=CIRCLE('',#7873,0.0013);
#352=CIRCLE('',#7874,0.0013);
#353=CIRCLE('',#7875,0.0013);
#354=CIRCLE('',#7879,0.0058);
#355=CIRCLE('',#7880,0.0058);
#356=CIRCLE('',#7881,0.0058);
#357=CIRCLE('',#7882,0.0058);
#358=CIRCLE('',#7883,0.0013);
#359=CIRCLE('',#7884,0.0013);
#360=CIRCLE('',#7885,0.0013);
#361=CIRCLE('',#7886,0.0013);
#362=CIRCLE('',#7887,0.00185);
#363=CIRCLE('',#7888,0.00185);
#364=CIRCLE('',#7889,0.00185);
#365=CIRCLE('',#7890,0.00185);
#366=CIRCLE('',#7891,0.00185);
#367=CIRCLE('',#7892,0.00185);
#368=CIRCLE('',#7893,0.0013);
#369=CIRCLE('',#7894,0.0013);
#370=CIRCLE('',#7895,0.0013);
#371=CIRCLE('',#7896,0.0013);
#372=CIRCLE('',#7897,0.0013);
#373=CIRCLE('',#7898,0.0013);
#374=CIRCLE('',#7899,0.0013);
#375=CIRCLE('',#7900,0.0013);
#376=CIRCLE('',#7901,0.0013);
#377=CIRCLE('',#7902,0.0013);
#378=CIRCLE('',#7903,0.0013);
#379=CIRCLE('',#7904,0.0013);
#380=CIRCLE('',#7905,0.0013);
#381=CIRCLE('',#7906,0.0013);
#382=CIRCLE('',#7907,0.0013);
#383=CIRCLE('',#7908,0.0013);
#384=CIRCLE('',#7909,0.0013);
#385=CIRCLE('',#7910,0.0013);
#386=CIRCLE('',#7911,0.0013);
#387=CIRCLE('',#7912,0.0013);
#388=CIRCLE('',#7913,0.0013);
#389=CIRCLE('',#7914,0.0013);
#390=CIRCLE('',#7915,0.0013);
#391=CIRCLE('',#7916,0.0013);
#392=CIRCLE('',#7917,0.0013);
#393=CIRCLE('',#7918,0.0013);
#394=CIRCLE('',#7919,0.0013);
#395=CIRCLE('',#7920,0.0013);
#396=CIRCLE('',#7921,0.0013);
#397=CIRCLE('',#7922,0.0013);
#398=CIRCLE('',#7923,0.0013);
#399=CIRCLE('',#7924,0.0013);
#400=CIRCLE('',#7925,0.0013);
#401=CIRCLE('',#7926,0.0013);
#402=CIRCLE('',#7927,0.0013);
#403=CIRCLE('',#7928,0.0013);
#404=CIRCLE('',#7929,0.0013);
#405=CIRCLE('',#7930,0.0013);
#406=CIRCLE('',#7931,0.0013);
#407=CIRCLE('',#7932,0.0013);
#408=CIRCLE('',#7933,0.0013);
#409=CIRCLE('',#7934,0.0013);
#410=CIRCLE('',#7935,0.0013);
#411=CIRCLE('',#7936,0.0013);
#412=CIRCLE('',#7937,0.0013);
#413=CIRCLE('',#7938,0.0013);
#414=CIRCLE('',#7939,0.0013);
#415=CIRCLE('',#7940,0.0013);
#416=CIRCLE('',#7941,0.0013);
#417=CIRCLE('',#7942,0.0013);
#418=CIRCLE('',#7943,0.0013);
#419=CIRCLE('',#7944,0.0013);
#420=CIRCLE('',#7945,0.0013);
#421=CIRCLE('',#7946,0.0013);
#422=CIRCLE('',#7947,0.0013);
#423=CIRCLE('',#7948,0.0013);
#424=CIRCLE('',#7949,0.0013);
#425=CIRCLE('',#7950,0.0013);
#426=CIRCLE('',#7951,0.0013);
#427=CIRCLE('',#7952,0.0013);
#428=CIRCLE('',#7953,0.0007);
#429=CIRCLE('',#7954,0.0007);
#430=CIRCLE('',#7955,0.0007);
#431=CIRCLE('',#7956,0.0007);
#432=CIRCLE('',#7962,0.0011);
#433=CIRCLE('',#7963,0.0011);
#434=CIRCLE('',#7966,0.0011);
#435=CIRCLE('',#7967,0.0011);
#436=CIRCLE('',#7970,0.0011);
#437=CIRCLE('',#7971,0.0011);
#438=CIRCLE('',#7974,0.0011);
#439=CIRCLE('',#7975,0.0011);
#440=CIRCLE('',#7979,0.00165);
#441=CIRCLE('',#7980,0.00165);
#442=CIRCLE('',#7982,0.00165);
#443=CIRCLE('',#7983,0.00165);
#444=CIRCLE('',#7985,0.00165);
#445=CIRCLE('',#7986,0.00165);
#446=CIRCLE('',#7989,0.00165);
#447=CIRCLE('',#7990,0.00165);
#448=CIRCLE('',#7992,0.00165);
#449=CIRCLE('',#7993,0.00165);
#450=CIRCLE('',#7995,0.00165);
#451=CIRCLE('',#7996,0.00165);
#452=CIRCLE('',#7999,0.006);
#453=CIRCLE('',#8000,0.006);
#454=CIRCLE('',#8002,0.006);
#455=CIRCLE('',#8003,0.006);
#456=CIRCLE('',#8005,0.006);
#457=CIRCLE('',#8006,0.006);
#458=CIRCLE('',#8008,0.006);
#459=CIRCLE('',#8009,0.006);
#460=CIRCLE('',#8011,0.0011);
#461=CIRCLE('',#8012,0.0011);
#462=CIRCLE('',#8015,0.0011);
#463=CIRCLE('',#8016,0.0011);
#464=CIRCLE('',#8019,0.0011);
#465=CIRCLE('',#8020,0.0011);
#466=CIRCLE('',#8023,0.0011);
#467=CIRCLE('',#8024,0.0011);
#468=CIRCLE('',#8027,0.0011);
#469=CIRCLE('',#8028,0.0011);
#470=CIRCLE('',#8031,0.0011);
#471=CIRCLE('',#8032,0.0011);
#472=CIRCLE('',#8035,0.0011);
#473=CIRCLE('',#8036,0.0011);
#474=CIRCLE('',#8039,0.0011);
#475=CIRCLE('',#8040,0.0011);
#476=CIRCLE('',#8043,0.0011);
#477=CIRCLE('',#8044,0.0011);
#478=CIRCLE('',#8047,0.0011);
#479=CIRCLE('',#8048,0.0011);
#480=CIRCLE('',#8051,0.0011);
#481=CIRCLE('',#8052,0.0011);
#482=CIRCLE('',#8055,0.0011);
#483=CIRCLE('',#8056,0.0011);
#484=CIRCLE('',#8059,0.0011);
#485=CIRCLE('',#8060,0.0011);
#486=CIRCLE('',#8063,0.0011);
#487=CIRCLE('',#8064,0.0011);
#488=CIRCLE('',#8067,0.0011);
#489=CIRCLE('',#8068,0.0011);
#490=CIRCLE('',#8071,0.0011);
#491=CIRCLE('',#8072,0.0011);
#492=CIRCLE('',#8075,0.0011);
#493=CIRCLE('',#8076,0.0011);
#494=CIRCLE('',#8079,0.0011);
#495=CIRCLE('',#8080,0.0011);
#496=CIRCLE('',#8083,0.0011);
#497=CIRCLE('',#8084,0.0011);
#498=CIRCLE('',#8087,0.0011);
#499=CIRCLE('',#8088,0.0011);
#500=CIRCLE('',#8091,0.0011);
#501=CIRCLE('',#8092,0.0011);
#502=CIRCLE('',#8095,0.0011);
#503=CIRCLE('',#8096,0.0011);
#504=CIRCLE('',#8099,0.0011);
#505=CIRCLE('',#8100,0.0011);
#506=CIRCLE('',#8103,0.0011);
#507=CIRCLE('',#8104,0.0011);
#508=CIRCLE('',#8107,0.0011);
#509=CIRCLE('',#8108,0.0011);
#510=CIRCLE('',#8111,0.0011);
#511=CIRCLE('',#8112,0.0011);
#512=CIRCLE('',#8115,0.0011);
#513=CIRCLE('',#8116,0.0011);
#514=CIRCLE('',#8119,0.0011);
#515=CIRCLE('',#8120,0.0011);
#516=CIRCLE('',#8123,0.0011);
#517=CIRCLE('',#8124,0.0011);
#518=CIRCLE('',#8127,0.0011);
#519=CIRCLE('',#8128,0.0011);
#520=CIRCLE('',#8131,0.0011);
#521=CIRCLE('',#8132,0.0011);
#522=CIRCLE('',#8135,0.0011);
#523=CIRCLE('',#8136,0.0011);
#524=CIRCLE('',#8139,0.0011);
#525=CIRCLE('',#8140,0.0011);
#526=CIRCLE('',#8143,0.0011);
#527=CIRCLE('',#8144,0.0011);
#528=CIRCLE('',#8147,0.0011);
#529=CIRCLE('',#8148,0.0011);
#530=CIRCLE('',#8151,0.0011);
#531=CIRCLE('',#8152,0.0011);
#532=CIRCLE('',#8155,0.0011);
#533=CIRCLE('',#8156,0.0011);
#534=CIRCLE('',#8159,0.0011);
#535=CIRCLE('',#8160,0.0011);
#536=CIRCLE('',#8163,0.0011);
#537=CIRCLE('',#8164,0.0011);
#538=CIRCLE('',#8167,0.0011);
#539=CIRCLE('',#8168,0.0011);
#540=CIRCLE('',#8171,0.0011);
#541=CIRCLE('',#8172,0.0011);
#542=CIRCLE('',#8175,0.0011);
#543=CIRCLE('',#8176,0.0011);
#544=CIRCLE('',#8179,0.0011);
#545=CIRCLE('',#8180,0.0011);
#546=CIRCLE('',#8183,0.0011);
#547=CIRCLE('',#8184,0.0011);
#548=CIRCLE('',#8187,0.0011);
#549=CIRCLE('',#8188,0.0011);
#550=CIRCLE('',#8191,0.0011);
#551=CIRCLE('',#8192,0.0011);
#552=CIRCLE('',#8195,0.0011);
#553=CIRCLE('',#8196,0.0011);
#554=CIRCLE('',#8199,0.0011);
#555=CIRCLE('',#8200,0.0011);
#556=CIRCLE('',#8203,0.0011);
#557=CIRCLE('',#8204,0.0011);
#558=CIRCLE('',#8207,0.0011);
#559=CIRCLE('',#8208,0.0011);
#560=CIRCLE('',#8211,0.0011);
#561=CIRCLE('',#8212,0.0011);
#562=CIRCLE('',#8215,0.0011);
#563=CIRCLE('',#8216,0.0011);
#564=CIRCLE('',#8219,0.0011);
#565=CIRCLE('',#8220,0.0011);
#566=CIRCLE('',#8223,0.0011);
#567=CIRCLE('',#8224,0.0011);
#568=CIRCLE('',#8227,0.0011);
#569=CIRCLE('',#8228,0.0011);
#570=CIRCLE('',#8231,0.0011);
#571=CIRCLE('',#8232,0.0011);
#572=CIRCLE('',#8235,0.0011);
#573=CIRCLE('',#8236,0.0011);
#574=CIRCLE('',#8239,0.0011);
#575=CIRCLE('',#8240,0.0011);
#576=CIRCLE('',#8243,0.0011);
#577=CIRCLE('',#8244,0.0011);
#578=CIRCLE('',#8247,0.0011);
#579=CIRCLE('',#8248,0.0011);
#580=CIRCLE('',#8251,0.0005);
#581=CIRCLE('',#8252,0.0005);
#582=CIRCLE('',#8254,0.0005);
#583=CIRCLE('',#8255,0.0005);
#584=CIRCLE('',#8257,0.0005);
#585=CIRCLE('',#8258,0.0005);
#586=CIRCLE('',#8260,0.0005);
#587=CIRCLE('',#8261,0.0005);
#588=CIRCLE('',#8416,0.0001);
#589=CIRCLE('',#8417,0.001);
#590=ORIENTED_EDGE('',*,*,#2766,.T.);
#591=ORIENTED_EDGE('',*,*,#2767,.T.);
#592=ORIENTED_EDGE('',*,*,#2768,.F.);
#593=ORIENTED_EDGE('',*,*,#2769,.T.);
#594=ORIENTED_EDGE('',*,*,#2770,.T.);
#595=ORIENTED_EDGE('',*,*,#2771,.T.);
#596=ORIENTED_EDGE('',*,*,#2772,.T.);
#597=ORIENTED_EDGE('',*,*,#2773,.F.);
#598=ORIENTED_EDGE('',*,*,#2774,.T.);
#599=ORIENTED_EDGE('',*,*,#2775,.T.);
#600=ORIENTED_EDGE('',*,*,#2776,.T.);
#601=ORIENTED_EDGE('',*,*,#2777,.T.);
#602=ORIENTED_EDGE('',*,*,#2778,.F.);
#603=ORIENTED_EDGE('',*,*,#2779,.T.);
#604=ORIENTED_EDGE('',*,*,#2777,.F.);
#605=ORIENTED_EDGE('',*,*,#2780,.T.);
#606=ORIENTED_EDGE('',*,*,#2781,.T.);
#607=ORIENTED_EDGE('',*,*,#2782,.T.);
#608=ORIENTED_EDGE('',*,*,#2783,.T.);
#609=ORIENTED_EDGE('',*,*,#2784,.T.);
#610=ORIENTED_EDGE('',*,*,#2785,.T.);
#611=ORIENTED_EDGE('',*,*,#2786,.T.);
#612=ORIENTED_EDGE('',*,*,#2787,.T.);
#613=ORIENTED_EDGE('',*,*,#2788,.T.);
#614=ORIENTED_EDGE('',*,*,#2789,.T.);
#615=ORIENTED_EDGE('',*,*,#2790,.T.);
#616=ORIENTED_EDGE('',*,*,#2791,.T.);
#617=ORIENTED_EDGE('',*,*,#2792,.T.);
#618=ORIENTED_EDGE('',*,*,#2793,.T.);
#619=ORIENTED_EDGE('',*,*,#2794,.T.);
#620=ORIENTED_EDGE('',*,*,#2795,.T.);
#621=ORIENTED_EDGE('',*,*,#2796,.F.);
#622=ORIENTED_EDGE('',*,*,#2797,.T.);
#623=ORIENTED_EDGE('',*,*,#2798,.F.);
#624=ORIENTED_EDGE('',*,*,#2799,.T.);
#625=ORIENTED_EDGE('',*,*,#2800,.T.);
#626=ORIENTED_EDGE('',*,*,#2801,.T.);
#627=ORIENTED_EDGE('',*,*,#2802,.T.);
#628=ORIENTED_EDGE('',*,*,#2803,.T.);
#629=ORIENTED_EDGE('',*,*,#2804,.T.);
#630=ORIENTED_EDGE('',*,*,#2805,.T.);
#631=ORIENTED_EDGE('',*,*,#2806,.T.);
#632=ORIENTED_EDGE('',*,*,#2807,.T.);
#633=ORIENTED_EDGE('',*,*,#2808,.T.);
#634=ORIENTED_EDGE('',*,*,#2809,.T.);
#635=ORIENTED_EDGE('',*,*,#2810,.T.);
#636=ORIENTED_EDGE('',*,*,#2811,.T.);
#637=ORIENTED_EDGE('',*,*,#2812,.T.);
#638=ORIENTED_EDGE('',*,*,#2813,.T.);
#639=ORIENTED_EDGE('',*,*,#2814,.T.);
#640=ORIENTED_EDGE('',*,*,#2815,.T.);
#641=ORIENTED_EDGE('',*,*,#2816,.T.);
#642=ORIENTED_EDGE('',*,*,#2817,.T.);
#643=ORIENTED_EDGE('',*,*,#2818,.T.);
#644=ORIENTED_EDGE('',*,*,#2819,.T.);
#645=ORIENTED_EDGE('',*,*,#2820,.T.);
#646=ORIENTED_EDGE('',*,*,#2821,.T.);
#647=ORIENTED_EDGE('',*,*,#2822,.T.);
#648=ORIENTED_EDGE('',*,*,#2823,.T.);
#649=ORIENTED_EDGE('',*,*,#2824,.T.);
#650=ORIENTED_EDGE('',*,*,#2825,.T.);
#651=ORIENTED_EDGE('',*,*,#2826,.T.);
#652=ORIENTED_EDGE('',*,*,#2827,.T.);
#653=ORIENTED_EDGE('',*,*,#2828,.T.);
#654=ORIENTED_EDGE('',*,*,#2829,.T.);
#655=ORIENTED_EDGE('',*,*,#2830,.T.);
#656=ORIENTED_EDGE('',*,*,#2831,.T.);
#657=ORIENTED_EDGE('',*,*,#2832,.T.);
#658=ORIENTED_EDGE('',*,*,#2833,.T.);
#659=ORIENTED_EDGE('',*,*,#2834,.T.);
#660=ORIENTED_EDGE('',*,*,#2835,.T.);
#661=ORIENTED_EDGE('',*,*,#2836,.T.);
#662=ORIENTED_EDGE('',*,*,#2837,.T.);
#663=ORIENTED_EDGE('',*,*,#2838,.T.);
#664=ORIENTED_EDGE('',*,*,#2839,.T.);
#665=ORIENTED_EDGE('',*,*,#2840,.T.);
#666=ORIENTED_EDGE('',*,*,#2841,.T.);
#667=ORIENTED_EDGE('',*,*,#2842,.T.);
#668=ORIENTED_EDGE('',*,*,#2843,.T.);
#669=ORIENTED_EDGE('',*,*,#2844,.T.);
#670=ORIENTED_EDGE('',*,*,#2845,.T.);
#671=ORIENTED_EDGE('',*,*,#2846,.T.);
#672=ORIENTED_EDGE('',*,*,#2847,.T.);
#673=ORIENTED_EDGE('',*,*,#2848,.T.);
#674=ORIENTED_EDGE('',*,*,#2849,.T.);
#675=ORIENTED_EDGE('',*,*,#2850,.T.);
#676=ORIENTED_EDGE('',*,*,#2851,.T.);
#677=ORIENTED_EDGE('',*,*,#2852,.T.);
#678=ORIENTED_EDGE('',*,*,#2853,.T.);
#679=ORIENTED_EDGE('',*,*,#2854,.T.);
#680=ORIENTED_EDGE('',*,*,#2855,.T.);
#681=ORIENTED_EDGE('',*,*,#2856,.T.);
#682=ORIENTED_EDGE('',*,*,#2857,.T.);
#683=ORIENTED_EDGE('',*,*,#2858,.T.);
#684=ORIENTED_EDGE('',*,*,#2859,.T.);
#685=ORIENTED_EDGE('',*,*,#2860,.T.);
#686=ORIENTED_EDGE('',*,*,#2861,.T.);
#687=ORIENTED_EDGE('',*,*,#2862,.T.);
#688=ORIENTED_EDGE('',*,*,#2863,.T.);
#689=ORIENTED_EDGE('',*,*,#2864,.T.);
#690=ORIENTED_EDGE('',*,*,#2865,.T.);
#691=ORIENTED_EDGE('',*,*,#2866,.T.);
#692=ORIENTED_EDGE('',*,*,#2867,.T.);
#693=ORIENTED_EDGE('',*,*,#2868,.T.);
#694=ORIENTED_EDGE('',*,*,#2869,.T.);
#695=ORIENTED_EDGE('',*,*,#2870,.T.);
#696=ORIENTED_EDGE('',*,*,#2871,.T.);
#697=ORIENTED_EDGE('',*,*,#2872,.T.);
#698=ORIENTED_EDGE('',*,*,#2873,.T.);
#699=ORIENTED_EDGE('',*,*,#2874,.T.);
#700=ORIENTED_EDGE('',*,*,#2875,.T.);
#701=ORIENTED_EDGE('',*,*,#2876,.T.);
#702=ORIENTED_EDGE('',*,*,#2877,.T.);
#703=ORIENTED_EDGE('',*,*,#2878,.T.);
#704=ORIENTED_EDGE('',*,*,#2879,.T.);
#705=ORIENTED_EDGE('',*,*,#2880,.T.);
#706=ORIENTED_EDGE('',*,*,#2881,.T.);
#707=ORIENTED_EDGE('',*,*,#2882,.T.);
#708=ORIENTED_EDGE('',*,*,#2883,.T.);
#709=ORIENTED_EDGE('',*,*,#2884,.T.);
#710=ORIENTED_EDGE('',*,*,#2885,.T.);
#711=ORIENTED_EDGE('',*,*,#2886,.T.);
#712=ORIENTED_EDGE('',*,*,#2887,.T.);
#713=ORIENTED_EDGE('',*,*,#2888,.T.);
#714=ORIENTED_EDGE('',*,*,#2889,.T.);
#715=ORIENTED_EDGE('',*,*,#2890,.T.);
#716=ORIENTED_EDGE('',*,*,#2891,.T.);
#717=ORIENTED_EDGE('',*,*,#2892,.T.);
#718=ORIENTED_EDGE('',*,*,#2893,.T.);
#719=ORIENTED_EDGE('',*,*,#2894,.T.);
#720=ORIENTED_EDGE('',*,*,#2895,.T.);
#721=ORIENTED_EDGE('',*,*,#2896,.T.);
#722=ORIENTED_EDGE('',*,*,#2897,.T.);
#723=ORIENTED_EDGE('',*,*,#2898,.T.);
#724=ORIENTED_EDGE('',*,*,#2899,.T.);
#725=ORIENTED_EDGE('',*,*,#2900,.T.);
#726=ORIENTED_EDGE('',*,*,#2901,.T.);
#727=ORIENTED_EDGE('',*,*,#2902,.T.);
#728=ORIENTED_EDGE('',*,*,#2903,.T.);
#729=ORIENTED_EDGE('',*,*,#2904,.T.);
#730=ORIENTED_EDGE('',*,*,#2905,.T.);
#731=ORIENTED_EDGE('',*,*,#2906,.T.);
#732=ORIENTED_EDGE('',*,*,#2907,.T.);
#733=ORIENTED_EDGE('',*,*,#2908,.T.);
#734=ORIENTED_EDGE('',*,*,#2909,.T.);
#735=ORIENTED_EDGE('',*,*,#2910,.T.);
#736=ORIENTED_EDGE('',*,*,#2911,.T.);
#737=ORIENTED_EDGE('',*,*,#2912,.T.);
#738=ORIENTED_EDGE('',*,*,#2913,.T.);
#739=ORIENTED_EDGE('',*,*,#2914,.T.);
#740=ORIENTED_EDGE('',*,*,#2915,.T.);
#741=ORIENTED_EDGE('',*,*,#2916,.T.);
#742=ORIENTED_EDGE('',*,*,#2917,.T.);
#743=ORIENTED_EDGE('',*,*,#2918,.T.);
#744=ORIENTED_EDGE('',*,*,#2919,.T.);
#745=ORIENTED_EDGE('',*,*,#2920,.T.);
#746=ORIENTED_EDGE('',*,*,#2921,.T.);
#747=ORIENTED_EDGE('',*,*,#2922,.T.);
#748=ORIENTED_EDGE('',*,*,#2923,.T.);
#749=ORIENTED_EDGE('',*,*,#2924,.T.);
#750=ORIENTED_EDGE('',*,*,#2925,.T.);
#751=ORIENTED_EDGE('',*,*,#2926,.T.);
#752=ORIENTED_EDGE('',*,*,#2927,.T.);
#753=ORIENTED_EDGE('',*,*,#2928,.T.);
#754=ORIENTED_EDGE('',*,*,#2929,.T.);
#755=ORIENTED_EDGE('',*,*,#2930,.T.);
#756=ORIENTED_EDGE('',*,*,#2931,.T.);
#757=ORIENTED_EDGE('',*,*,#2932,.T.);
#758=ORIENTED_EDGE('',*,*,#2933,.T.);
#759=ORIENTED_EDGE('',*,*,#2934,.T.);
#760=ORIENTED_EDGE('',*,*,#2935,.T.);
#761=ORIENTED_EDGE('',*,*,#2936,.T.);
#762=ORIENTED_EDGE('',*,*,#2937,.T.);
#763=ORIENTED_EDGE('',*,*,#2938,.T.);
#764=ORIENTED_EDGE('',*,*,#2939,.T.);
#765=ORIENTED_EDGE('',*,*,#2940,.T.);
#766=ORIENTED_EDGE('',*,*,#2941,.T.);
#767=ORIENTED_EDGE('',*,*,#2942,.T.);
#768=ORIENTED_EDGE('',*,*,#2943,.T.);
#769=ORIENTED_EDGE('',*,*,#2944,.T.);
#770=ORIENTED_EDGE('',*,*,#2945,.T.);
#771=ORIENTED_EDGE('',*,*,#2946,.T.);
#772=ORIENTED_EDGE('',*,*,#2947,.T.);
#773=ORIENTED_EDGE('',*,*,#2948,.T.);
#774=ORIENTED_EDGE('',*,*,#2783,.F.);
#775=ORIENTED_EDGE('',*,*,#2949,.T.);
#776=ORIENTED_EDGE('',*,*,#2950,.T.);
#777=ORIENTED_EDGE('',*,*,#2778,.T.);
#778=ORIENTED_EDGE('',*,*,#2951,.T.);
#779=ORIENTED_EDGE('',*,*,#2952,.F.);
#780=ORIENTED_EDGE('',*,*,#2784,.F.);
#781=ORIENTED_EDGE('',*,*,#2953,.T.);
#782=ORIENTED_EDGE('',*,*,#2954,.T.);
#783=ORIENTED_EDGE('',*,*,#2955,.T.);
#784=ORIENTED_EDGE('',*,*,#2956,.T.);
#785=ORIENTED_EDGE('',*,*,#2957,.T.);
#786=ORIENTED_EDGE('',*,*,#2958,.T.);
#787=ORIENTED_EDGE('',*,*,#2959,.T.);
#788=ORIENTED_EDGE('',*,*,#2960,.T.);
#789=ORIENTED_EDGE('',*,*,#2961,.T.);
#790=ORIENTED_EDGE('',*,*,#2962,.T.);
#791=ORIENTED_EDGE('',*,*,#2963,.T.);
#792=ORIENTED_EDGE('',*,*,#2964,.T.);
#793=ORIENTED_EDGE('',*,*,#2965,.T.);
#794=ORIENTED_EDGE('',*,*,#2966,.T.);
#795=ORIENTED_EDGE('',*,*,#2967,.T.);
#796=ORIENTED_EDGE('',*,*,#2968,.T.);
#797=ORIENTED_EDGE('',*,*,#2969,.T.);
#798=ORIENTED_EDGE('',*,*,#2970,.T.);
#799=ORIENTED_EDGE('',*,*,#2971,.T.);
#800=ORIENTED_EDGE('',*,*,#2972,.T.);
#801=ORIENTED_EDGE('',*,*,#2973,.T.);
#802=ORIENTED_EDGE('',*,*,#2974,.T.);
#803=ORIENTED_EDGE('',*,*,#2975,.T.);
#804=ORIENTED_EDGE('',*,*,#2976,.T.);
#805=ORIENTED_EDGE('',*,*,#2977,.T.);
#806=ORIENTED_EDGE('',*,*,#2978,.T.);
#807=ORIENTED_EDGE('',*,*,#2979,.T.);
#808=ORIENTED_EDGE('',*,*,#2980,.T.);
#809=ORIENTED_EDGE('',*,*,#2981,.T.);
#810=ORIENTED_EDGE('',*,*,#2982,.T.);
#811=ORIENTED_EDGE('',*,*,#2983,.T.);
#812=ORIENTED_EDGE('',*,*,#2984,.T.);
#813=ORIENTED_EDGE('',*,*,#2985,.T.);
#814=ORIENTED_EDGE('',*,*,#2986,.T.);
#815=ORIENTED_EDGE('',*,*,#2987,.T.);
#816=ORIENTED_EDGE('',*,*,#2988,.T.);
#817=ORIENTED_EDGE('',*,*,#2989,.T.);
#818=ORIENTED_EDGE('',*,*,#2990,.T.);
#819=ORIENTED_EDGE('',*,*,#2991,.T.);
#820=ORIENTED_EDGE('',*,*,#2992,.T.);
#821=ORIENTED_EDGE('',*,*,#2993,.T.);
#822=ORIENTED_EDGE('',*,*,#2994,.T.);
#823=ORIENTED_EDGE('',*,*,#2995,.T.);
#824=ORIENTED_EDGE('',*,*,#2996,.T.);
#825=ORIENTED_EDGE('',*,*,#2997,.T.);
#826=ORIENTED_EDGE('',*,*,#2998,.T.);
#827=ORIENTED_EDGE('',*,*,#2999,.T.);
#828=ORIENTED_EDGE('',*,*,#3000,.T.);
#829=ORIENTED_EDGE('',*,*,#3001,.T.);
#830=ORIENTED_EDGE('',*,*,#3002,.T.);
#831=ORIENTED_EDGE('',*,*,#3003,.T.);
#832=ORIENTED_EDGE('',*,*,#3004,.T.);
#833=ORIENTED_EDGE('',*,*,#3005,.T.);
#834=ORIENTED_EDGE('',*,*,#3006,.T.);
#835=ORIENTED_EDGE('',*,*,#3007,.T.);
#836=ORIENTED_EDGE('',*,*,#3008,.T.);
#837=ORIENTED_EDGE('',*,*,#3009,.T.);
#838=ORIENTED_EDGE('',*,*,#3010,.T.);
#839=ORIENTED_EDGE('',*,*,#3011,.T.);
#840=ORIENTED_EDGE('',*,*,#3012,.T.);
#841=ORIENTED_EDGE('',*,*,#3013,.T.);
#842=ORIENTED_EDGE('',*,*,#3014,.T.);
#843=ORIENTED_EDGE('',*,*,#3015,.T.);
#844=ORIENTED_EDGE('',*,*,#3016,.T.);
#845=ORIENTED_EDGE('',*,*,#3017,.T.);
#846=ORIENTED_EDGE('',*,*,#3018,.T.);
#847=ORIENTED_EDGE('',*,*,#3019,.T.);
#848=ORIENTED_EDGE('',*,*,#3020,.T.);
#849=ORIENTED_EDGE('',*,*,#3021,.T.);
#850=ORIENTED_EDGE('',*,*,#3022,.T.);
#851=ORIENTED_EDGE('',*,*,#3023,.T.);
#852=ORIENTED_EDGE('',*,*,#3024,.T.);
#853=ORIENTED_EDGE('',*,*,#3025,.T.);
#854=ORIENTED_EDGE('',*,*,#3026,.T.);
#855=ORIENTED_EDGE('',*,*,#3027,.T.);
#856=ORIENTED_EDGE('',*,*,#3028,.T.);
#857=ORIENTED_EDGE('',*,*,#3029,.T.);
#858=ORIENTED_EDGE('',*,*,#3030,.T.);
#859=ORIENTED_EDGE('',*,*,#3031,.T.);
#860=ORIENTED_EDGE('',*,*,#3032,.T.);
#861=ORIENTED_EDGE('',*,*,#3033,.T.);
#862=ORIENTED_EDGE('',*,*,#3034,.T.);
#863=ORIENTED_EDGE('',*,*,#3035,.T.);
#864=ORIENTED_EDGE('',*,*,#3036,.T.);
#865=ORIENTED_EDGE('',*,*,#3037,.T.);
#866=ORIENTED_EDGE('',*,*,#3038,.T.);
#867=ORIENTED_EDGE('',*,*,#3039,.T.);
#868=ORIENTED_EDGE('',*,*,#3040,.T.);
#869=ORIENTED_EDGE('',*,*,#3041,.T.);
#870=ORIENTED_EDGE('',*,*,#3042,.T.);
#871=ORIENTED_EDGE('',*,*,#3043,.T.);
#872=ORIENTED_EDGE('',*,*,#3044,.T.);
#873=ORIENTED_EDGE('',*,*,#3045,.T.);
#874=ORIENTED_EDGE('',*,*,#3046,.T.);
#875=ORIENTED_EDGE('',*,*,#3047,.T.);
#876=ORIENTED_EDGE('',*,*,#3048,.T.);
#877=ORIENTED_EDGE('',*,*,#3049,.T.);
#878=ORIENTED_EDGE('',*,*,#3050,.T.);
#879=ORIENTED_EDGE('',*,*,#3051,.T.);
#880=ORIENTED_EDGE('',*,*,#3052,.T.);
#881=ORIENTED_EDGE('',*,*,#3053,.T.);
#882=ORIENTED_EDGE('',*,*,#3054,.T.);
#883=ORIENTED_EDGE('',*,*,#3055,.T.);
#884=ORIENTED_EDGE('',*,*,#3056,.T.);
#885=ORIENTED_EDGE('',*,*,#3057,.T.);
#886=ORIENTED_EDGE('',*,*,#3058,.T.);
#887=ORIENTED_EDGE('',*,*,#3059,.T.);
#888=ORIENTED_EDGE('',*,*,#3060,.T.);
#889=ORIENTED_EDGE('',*,*,#3061,.T.);
#890=ORIENTED_EDGE('',*,*,#3062,.T.);
#891=ORIENTED_EDGE('',*,*,#3063,.T.);
#892=ORIENTED_EDGE('',*,*,#3064,.T.);
#893=ORIENTED_EDGE('',*,*,#3065,.T.);
#894=ORIENTED_EDGE('',*,*,#3066,.T.);
#895=ORIENTED_EDGE('',*,*,#3067,.T.);
#896=ORIENTED_EDGE('',*,*,#3068,.T.);
#897=ORIENTED_EDGE('',*,*,#3069,.T.);
#898=ORIENTED_EDGE('',*,*,#3070,.T.);
#899=ORIENTED_EDGE('',*,*,#3071,.T.);
#900=ORIENTED_EDGE('',*,*,#3072,.T.);
#901=ORIENTED_EDGE('',*,*,#3073,.T.);
#902=ORIENTED_EDGE('',*,*,#3074,.T.);
#903=ORIENTED_EDGE('',*,*,#3075,.T.);
#904=ORIENTED_EDGE('',*,*,#3076,.T.);
#905=ORIENTED_EDGE('',*,*,#3077,.T.);
#906=ORIENTED_EDGE('',*,*,#3078,.T.);
#907=ORIENTED_EDGE('',*,*,#3079,.T.);
#908=ORIENTED_EDGE('',*,*,#3080,.T.);
#909=ORIENTED_EDGE('',*,*,#3081,.T.);
#910=ORIENTED_EDGE('',*,*,#3082,.T.);
#911=ORIENTED_EDGE('',*,*,#3083,.T.);
#912=ORIENTED_EDGE('',*,*,#3084,.T.);
#913=ORIENTED_EDGE('',*,*,#3085,.T.);
#914=ORIENTED_EDGE('',*,*,#3086,.T.);
#915=ORIENTED_EDGE('',*,*,#3087,.T.);
#916=ORIENTED_EDGE('',*,*,#3088,.T.);
#917=ORIENTED_EDGE('',*,*,#3089,.T.);
#918=ORIENTED_EDGE('',*,*,#3090,.T.);
#919=ORIENTED_EDGE('',*,*,#3091,.T.);
#920=ORIENTED_EDGE('',*,*,#3092,.T.);
#921=ORIENTED_EDGE('',*,*,#3093,.T.);
#922=ORIENTED_EDGE('',*,*,#3094,.T.);
#923=ORIENTED_EDGE('',*,*,#3095,.T.);
#924=ORIENTED_EDGE('',*,*,#3096,.T.);
#925=ORIENTED_EDGE('',*,*,#3097,.T.);
#926=ORIENTED_EDGE('',*,*,#3098,.T.);
#927=ORIENTED_EDGE('',*,*,#3099,.T.);
#928=ORIENTED_EDGE('',*,*,#3100,.T.);
#929=ORIENTED_EDGE('',*,*,#3101,.T.);
#930=ORIENTED_EDGE('',*,*,#3102,.T.);
#931=ORIENTED_EDGE('',*,*,#3103,.T.);
#932=ORIENTED_EDGE('',*,*,#3104,.T.);
#933=ORIENTED_EDGE('',*,*,#3105,.T.);
#934=ORIENTED_EDGE('',*,*,#3106,.T.);
#935=ORIENTED_EDGE('',*,*,#3107,.T.);
#936=ORIENTED_EDGE('',*,*,#3108,.T.);
#937=ORIENTED_EDGE('',*,*,#3109,.T.);
#938=ORIENTED_EDGE('',*,*,#3110,.T.);
#939=ORIENTED_EDGE('',*,*,#3111,.T.);
#940=ORIENTED_EDGE('',*,*,#3112,.T.);
#941=ORIENTED_EDGE('',*,*,#3113,.T.);
#942=ORIENTED_EDGE('',*,*,#3114,.T.);
#943=ORIENTED_EDGE('',*,*,#3115,.T.);
#944=ORIENTED_EDGE('',*,*,#3116,.T.);
#945=ORIENTED_EDGE('',*,*,#3117,.T.);
#946=ORIENTED_EDGE('',*,*,#3118,.T.);
#947=ORIENTED_EDGE('',*,*,#3119,.T.);
#948=ORIENTED_EDGE('',*,*,#3120,.T.);
#949=ORIENTED_EDGE('',*,*,#3121,.T.);
#950=ORIENTED_EDGE('',*,*,#3122,.F.);
#951=ORIENTED_EDGE('',*,*,#3123,.T.);
#952=ORIENTED_EDGE('',*,*,#3122,.T.);
#953=ORIENTED_EDGE('',*,*,#3124,.T.);
#954=ORIENTED_EDGE('',*,*,#3125,.F.);
#955=ORIENTED_EDGE('',*,*,#3126,.T.);
#956=ORIENTED_EDGE('',*,*,#3125,.T.);
#957=ORIENTED_EDGE('',*,*,#3127,.T.);
#958=ORIENTED_EDGE('',*,*,#3128,.F.);
#959=ORIENTED_EDGE('',*,*,#3129,.T.);
#960=ORIENTED_EDGE('',*,*,#3128,.T.);
#961=ORIENTED_EDGE('',*,*,#3130,.T.);
#962=ORIENTED_EDGE('',*,*,#3131,.F.);
#963=ORIENTED_EDGE('',*,*,#3132,.T.);
#964=ORIENTED_EDGE('',*,*,#3131,.T.);
#965=ORIENTED_EDGE('',*,*,#3133,.T.);
#966=ORIENTED_EDGE('',*,*,#3134,.F.);
#967=ORIENTED_EDGE('',*,*,#3135,.T.);
#968=ORIENTED_EDGE('',*,*,#3134,.T.);
#969=ORIENTED_EDGE('',*,*,#3136,.T.);
#970=ORIENTED_EDGE('',*,*,#3137,.F.);
#971=ORIENTED_EDGE('',*,*,#3138,.T.);
#972=ORIENTED_EDGE('',*,*,#3137,.T.);
#973=ORIENTED_EDGE('',*,*,#3139,.T.);
#974=ORIENTED_EDGE('',*,*,#3140,.F.);
#975=ORIENTED_EDGE('',*,*,#3141,.T.);
#976=ORIENTED_EDGE('',*,*,#3140,.T.);
#977=ORIENTED_EDGE('',*,*,#3142,.T.);
#978=ORIENTED_EDGE('',*,*,#3120,.F.);
#979=ORIENTED_EDGE('',*,*,#3143,.T.);
#980=ORIENTED_EDGE('',*,*,#3144,.T.);
#981=ORIENTED_EDGE('',*,*,#3145,.T.);
#982=ORIENTED_EDGE('',*,*,#3146,.T.);
#983=ORIENTED_EDGE('',*,*,#3147,.T.);
#984=ORIENTED_EDGE('',*,*,#3148,.T.);
#985=ORIENTED_EDGE('',*,*,#3149,.T.);
#986=ORIENTED_EDGE('',*,*,#3150,.T.);
#987=ORIENTED_EDGE('',*,*,#3151,.T.);
#988=ORIENTED_EDGE('',*,*,#3152,.T.);
#989=ORIENTED_EDGE('',*,*,#3153,.T.);
#990=ORIENTED_EDGE('',*,*,#3154,.T.);
#991=ORIENTED_EDGE('',*,*,#3155,.T.);
#992=ORIENTED_EDGE('',*,*,#3156,.T.);
#993=ORIENTED_EDGE('',*,*,#3157,.T.);
#994=ORIENTED_EDGE('',*,*,#3158,.T.);
#995=ORIENTED_EDGE('',*,*,#3159,.T.);
#996=ORIENTED_EDGE('',*,*,#3160,.T.);
#997=ORIENTED_EDGE('',*,*,#3161,.T.);
#998=ORIENTED_EDGE('',*,*,#3162,.T.);
#999=ORIENTED_EDGE('',*,*,#3163,.T.);
#1000=ORIENTED_EDGE('',*,*,#3164,.T.);
#1001=ORIENTED_EDGE('',*,*,#3165,.T.);
#1002=ORIENTED_EDGE('',*,*,#3166,.T.);
#1003=ORIENTED_EDGE('',*,*,#3167,.T.);
#1004=ORIENTED_EDGE('',*,*,#2790,.F.);
#1005=ORIENTED_EDGE('',*,*,#3168,.T.);
#1006=ORIENTED_EDGE('',*,*,#3164,.F.);
#1007=ORIENTED_EDGE('',*,*,#3169,.T.);
#1008=ORIENTED_EDGE('',*,*,#3156,.F.);
#1009=ORIENTED_EDGE('',*,*,#3170,.T.);
#1010=ORIENTED_EDGE('',*,*,#2792,.F.);
#1011=ORIENTED_EDGE('',*,*,#3171,.T.);
#1012=ORIENTED_EDGE('',*,*,#3118,.F.);
#1013=ORIENTED_EDGE('',*,*,#3172,.T.);
#1014=ORIENTED_EDGE('',*,*,#3154,.F.);
#1015=ORIENTED_EDGE('',*,*,#3173,.T.);
#1016=ORIENTED_EDGE('',*,*,#3166,.F.);
#1017=ORIENTED_EDGE('',*,*,#3174,.T.);
#1018=ORIENTED_EDGE('',*,*,#3116,.F.);
#1019=ORIENTED_EDGE('',*,*,#3175,.T.);
#1020=ORIENTED_EDGE('',*,*,#3176,.F.);
#1021=ORIENTED_EDGE('',*,*,#3177,.T.);
#1022=ORIENTED_EDGE('',*,*,#3178,.T.);
#1023=ORIENTED_EDGE('',*,*,#3179,.T.);
#1024=ORIENTED_EDGE('',*,*,#3180,.F.);
#1025=ORIENTED_EDGE('',*,*,#3181,.T.);
#1026=ORIENTED_EDGE('',*,*,#3176,.T.);
#1027=ORIENTED_EDGE('',*,*,#3182,.T.);
#1028=ORIENTED_EDGE('',*,*,#3183,.F.);
#1029=ORIENTED_EDGE('',*,*,#3184,.T.);
#1030=ORIENTED_EDGE('',*,*,#3180,.T.);
#1031=ORIENTED_EDGE('',*,*,#3185,.T.);
#1032=ORIENTED_EDGE('',*,*,#3186,.F.);
#1033=ORIENTED_EDGE('',*,*,#3187,.T.);
#1034=ORIENTED_EDGE('',*,*,#3183,.T.);
#1035=ORIENTED_EDGE('',*,*,#3188,.T.);
#1036=ORIENTED_EDGE('',*,*,#3189,.F.);
#1037=ORIENTED_EDGE('',*,*,#3190,.T.);
#1038=ORIENTED_EDGE('',*,*,#3186,.T.);
#1039=ORIENTED_EDGE('',*,*,#3191,.T.);
#1040=ORIENTED_EDGE('',*,*,#3192,.F.);
#1041=ORIENTED_EDGE('',*,*,#3193,.T.);
#1042=ORIENTED_EDGE('',*,*,#3189,.T.);
#1043=ORIENTED_EDGE('',*,*,#3194,.T.);
#1044=ORIENTED_EDGE('',*,*,#3195,.F.);
#1045=ORIENTED_EDGE('',*,*,#3196,.T.);
#1046=ORIENTED_EDGE('',*,*,#3192,.T.);
#1047=ORIENTED_EDGE('',*,*,#3197,.T.);
#1048=ORIENTED_EDGE('',*,*,#3178,.F.);
#1049=ORIENTED_EDGE('',*,*,#3198,.T.);
#1050=ORIENTED_EDGE('',*,*,#3195,.T.);
#1051=ORIENTED_EDGE('',*,*,#3199,.T.);
#1052=ORIENTED_EDGE('',*,*,#3200,.F.);
#1053=ORIENTED_EDGE('',*,*,#3201,.T.);
#1054=ORIENTED_EDGE('',*,*,#3202,.T.);
#1055=ORIENTED_EDGE('',*,*,#3203,.T.);
#1056=ORIENTED_EDGE('',*,*,#3204,.F.);
#1057=ORIENTED_EDGE('',*,*,#3205,.T.);
#1058=ORIENTED_EDGE('',*,*,#3200,.T.);
#1059=ORIENTED_EDGE('',*,*,#3206,.T.);
#1060=ORIENTED_EDGE('',*,*,#3207,.F.);
#1061=ORIENTED_EDGE('',*,*,#3208,.T.);
#1062=ORIENTED_EDGE('',*,*,#3204,.T.);
#1063=ORIENTED_EDGE('',*,*,#3209,.T.);
#1064=ORIENTED_EDGE('',*,*,#3210,.F.);
#1065=ORIENTED_EDGE('',*,*,#3211,.T.);
#1066=ORIENTED_EDGE('',*,*,#3207,.T.);
#1067=ORIENTED_EDGE('',*,*,#3212,.T.);
#1068=ORIENTED_EDGE('',*,*,#3213,.F.);
#1069=ORIENTED_EDGE('',*,*,#3214,.T.);
#1070=ORIENTED_EDGE('',*,*,#3210,.T.);
#1071=ORIENTED_EDGE('',*,*,#3215,.T.);
#1072=ORIENTED_EDGE('',*,*,#3216,.F.);
#1073=ORIENTED_EDGE('',*,*,#3217,.T.);
#1074=ORIENTED_EDGE('',*,*,#3213,.T.);
#1075=ORIENTED_EDGE('',*,*,#3218,.T.);
#1076=ORIENTED_EDGE('',*,*,#3219,.F.);
#1077=ORIENTED_EDGE('',*,*,#3220,.T.);
#1078=ORIENTED_EDGE('',*,*,#3216,.T.);
#1079=ORIENTED_EDGE('',*,*,#3221,.T.);
#1080=ORIENTED_EDGE('',*,*,#3202,.F.);
#1081=ORIENTED_EDGE('',*,*,#3222,.T.);
#1082=ORIENTED_EDGE('',*,*,#3219,.T.);
#1083=ORIENTED_EDGE('',*,*,#3223,.T.);
#1084=ORIENTED_EDGE('',*,*,#3224,.F.);
#1085=ORIENTED_EDGE('',*,*,#3225,.T.);
#1086=ORIENTED_EDGE('',*,*,#3226,.T.);
#1087=ORIENTED_EDGE('',*,*,#3227,.T.);
#1088=ORIENTED_EDGE('',*,*,#3228,.F.);
#1089=ORIENTED_EDGE('',*,*,#3229,.T.);
#1090=ORIENTED_EDGE('',*,*,#3224,.T.);
#1091=ORIENTED_EDGE('',*,*,#3230,.T.);
#1092=ORIENTED_EDGE('',*,*,#3231,.F.);
#1093=ORIENTED_EDGE('',*,*,#3232,.T.);
#1094=ORIENTED_EDGE('',*,*,#3228,.T.);
#1095=ORIENTED_EDGE('',*,*,#3233,.T.);
#1096=ORIENTED_EDGE('',*,*,#3234,.F.);
#1097=ORIENTED_EDGE('',*,*,#3235,.T.);
#1098=ORIENTED_EDGE('',*,*,#3231,.T.);
#1099=ORIENTED_EDGE('',*,*,#3236,.T.);
#1100=ORIENTED_EDGE('',*,*,#3237,.F.);
#1101=ORIENTED_EDGE('',*,*,#3238,.T.);
#1102=ORIENTED_EDGE('',*,*,#3234,.T.);
#1103=ORIENTED_EDGE('',*,*,#3239,.T.);
#1104=ORIENTED_EDGE('',*,*,#3240,.F.);
#1105=ORIENTED_EDGE('',*,*,#3241,.T.);
#1106=ORIENTED_EDGE('',*,*,#3237,.T.);
#1107=ORIENTED_EDGE('',*,*,#3242,.T.);
#1108=ORIENTED_EDGE('',*,*,#3243,.F.);
#1109=ORIENTED_EDGE('',*,*,#3244,.T.);
#1110=ORIENTED_EDGE('',*,*,#3240,.T.);
#1111=ORIENTED_EDGE('',*,*,#3245,.T.);
#1112=ORIENTED_EDGE('',*,*,#3226,.F.);
#1113=ORIENTED_EDGE('',*,*,#3246,.T.);
#1114=ORIENTED_EDGE('',*,*,#3243,.T.);
#1115=ORIENTED_EDGE('',*,*,#3247,.T.);
#1116=ORIENTED_EDGE('',*,*,#3248,.F.);
#1117=ORIENTED_EDGE('',*,*,#3249,.T.);
#1118=ORIENTED_EDGE('',*,*,#3250,.T.);
#1119=ORIENTED_EDGE('',*,*,#3251,.T.);
#1120=ORIENTED_EDGE('',*,*,#3252,.F.);
#1121=ORIENTED_EDGE('',*,*,#3253,.T.);
#1122=ORIENTED_EDGE('',*,*,#3248,.T.);
#1123=ORIENTED_EDGE('',*,*,#3254,.T.);
#1124=ORIENTED_EDGE('',*,*,#3255,.F.);
#1125=ORIENTED_EDGE('',*,*,#3256,.T.);
#1126=ORIENTED_EDGE('',*,*,#3252,.T.);
#1127=ORIENTED_EDGE('',*,*,#3257,.T.);
#1128=ORIENTED_EDGE('',*,*,#3258,.F.);
#1129=ORIENTED_EDGE('',*,*,#3259,.T.);
#1130=ORIENTED_EDGE('',*,*,#3255,.T.);
#1131=ORIENTED_EDGE('',*,*,#3260,.T.);
#1132=ORIENTED_EDGE('',*,*,#3261,.F.);
#1133=ORIENTED_EDGE('',*,*,#3262,.T.);
#1134=ORIENTED_EDGE('',*,*,#3258,.T.);
#1135=ORIENTED_EDGE('',*,*,#3263,.T.);
#1136=ORIENTED_EDGE('',*,*,#3264,.F.);
#1137=ORIENTED_EDGE('',*,*,#3265,.T.);
#1138=ORIENTED_EDGE('',*,*,#3261,.T.);
#1139=ORIENTED_EDGE('',*,*,#3266,.T.);
#1140=ORIENTED_EDGE('',*,*,#3267,.F.);
#1141=ORIENTED_EDGE('',*,*,#3268,.T.);
#1142=ORIENTED_EDGE('',*,*,#3264,.T.);
#1143=ORIENTED_EDGE('',*,*,#3269,.T.);
#1144=ORIENTED_EDGE('',*,*,#3250,.F.);
#1145=ORIENTED_EDGE('',*,*,#3270,.T.);
#1146=ORIENTED_EDGE('',*,*,#3267,.T.);
#1147=ORIENTED_EDGE('',*,*,#3271,.T.);
#1148=ORIENTED_EDGE('',*,*,#3272,.F.);
#1149=ORIENTED_EDGE('',*,*,#3273,.T.);
#1150=ORIENTED_EDGE('',*,*,#3274,.T.);
#1151=ORIENTED_EDGE('',*,*,#3275,.T.);
#1152=ORIENTED_EDGE('',*,*,#3276,.F.);
#1153=ORIENTED_EDGE('',*,*,#3277,.T.);
#1154=ORIENTED_EDGE('',*,*,#3272,.T.);
#1155=ORIENTED_EDGE('',*,*,#3278,.T.);
#1156=ORIENTED_EDGE('',*,*,#3279,.F.);
#1157=ORIENTED_EDGE('',*,*,#3280,.T.);
#1158=ORIENTED_EDGE('',*,*,#3276,.T.);
#1159=ORIENTED_EDGE('',*,*,#3281,.T.);
#1160=ORIENTED_EDGE('',*,*,#3282,.F.);
#1161=ORIENTED_EDGE('',*,*,#3283,.T.);
#1162=ORIENTED_EDGE('',*,*,#3279,.T.);
#1163=ORIENTED_EDGE('',*,*,#3284,.T.);
#1164=ORIENTED_EDGE('',*,*,#3285,.F.);
#1165=ORIENTED_EDGE('',*,*,#3286,.T.);
#1166=ORIENTED_EDGE('',*,*,#3282,.T.);
#1167=ORIENTED_EDGE('',*,*,#3287,.T.);
#1168=ORIENTED_EDGE('',*,*,#3288,.F.);
#1169=ORIENTED_EDGE('',*,*,#3289,.T.);
#1170=ORIENTED_EDGE('',*,*,#3285,.T.);
#1171=ORIENTED_EDGE('',*,*,#3290,.T.);
#1172=ORIENTED_EDGE('',*,*,#3291,.F.);
#1173=ORIENTED_EDGE('',*,*,#3292,.T.);
#1174=ORIENTED_EDGE('',*,*,#3288,.T.);
#1175=ORIENTED_EDGE('',*,*,#3293,.T.);
#1176=ORIENTED_EDGE('',*,*,#3274,.F.);
#1177=ORIENTED_EDGE('',*,*,#3294,.T.);
#1178=ORIENTED_EDGE('',*,*,#3291,.T.);
#1179=ORIENTED_EDGE('',*,*,#3295,.T.);
#1180=ORIENTED_EDGE('',*,*,#3296,.F.);
#1181=ORIENTED_EDGE('',*,*,#3297,.T.);
#1182=ORIENTED_EDGE('',*,*,#3298,.T.);
#1183=ORIENTED_EDGE('',*,*,#3299,.T.);
#1184=ORIENTED_EDGE('',*,*,#3300,.F.);
#1185=ORIENTED_EDGE('',*,*,#3301,.T.);
#1186=ORIENTED_EDGE('',*,*,#3296,.T.);
#1187=ORIENTED_EDGE('',*,*,#3302,.T.);
#1188=ORIENTED_EDGE('',*,*,#3303,.F.);
#1189=ORIENTED_EDGE('',*,*,#3304,.T.);
#1190=ORIENTED_EDGE('',*,*,#3300,.T.);
#1191=ORIENTED_EDGE('',*,*,#3305,.T.);
#1192=ORIENTED_EDGE('',*,*,#3306,.F.);
#1193=ORIENTED_EDGE('',*,*,#3307,.T.);
#1194=ORIENTED_EDGE('',*,*,#3303,.T.);
#1195=ORIENTED_EDGE('',*,*,#3308,.T.);
#1196=ORIENTED_EDGE('',*,*,#3309,.F.);
#1197=ORIENTED_EDGE('',*,*,#3310,.T.);
#1198=ORIENTED_EDGE('',*,*,#3306,.T.);
#1199=ORIENTED_EDGE('',*,*,#3311,.T.);
#1200=ORIENTED_EDGE('',*,*,#3312,.F.);
#1201=ORIENTED_EDGE('',*,*,#3313,.T.);
#1202=ORIENTED_EDGE('',*,*,#3309,.T.);
#1203=ORIENTED_EDGE('',*,*,#3314,.T.);
#1204=ORIENTED_EDGE('',*,*,#3315,.F.);
#1205=ORIENTED_EDGE('',*,*,#3316,.T.);
#1206=ORIENTED_EDGE('',*,*,#3312,.T.);
#1207=ORIENTED_EDGE('',*,*,#3317,.T.);
#1208=ORIENTED_EDGE('',*,*,#3298,.F.);
#1209=ORIENTED_EDGE('',*,*,#3318,.T.);
#1210=ORIENTED_EDGE('',*,*,#3315,.T.);
#1211=ORIENTED_EDGE('',*,*,#3319,.T.);
#1212=ORIENTED_EDGE('',*,*,#3320,.F.);
#1213=ORIENTED_EDGE('',*,*,#3321,.T.);
#1214=ORIENTED_EDGE('',*,*,#3322,.T.);
#1215=ORIENTED_EDGE('',*,*,#3323,.T.);
#1216=ORIENTED_EDGE('',*,*,#3324,.F.);
#1217=ORIENTED_EDGE('',*,*,#3325,.T.);
#1218=ORIENTED_EDGE('',*,*,#3320,.T.);
#1219=ORIENTED_EDGE('',*,*,#3326,.T.);
#1220=ORIENTED_EDGE('',*,*,#3327,.F.);
#1221=ORIENTED_EDGE('',*,*,#3328,.T.);
#1222=ORIENTED_EDGE('',*,*,#3324,.T.);
#1223=ORIENTED_EDGE('',*,*,#3329,.T.);
#1224=ORIENTED_EDGE('',*,*,#3330,.F.);
#1225=ORIENTED_EDGE('',*,*,#3331,.T.);
#1226=ORIENTED_EDGE('',*,*,#3327,.T.);
#1227=ORIENTED_EDGE('',*,*,#3332,.T.);
#1228=ORIENTED_EDGE('',*,*,#3333,.F.);
#1229=ORIENTED_EDGE('',*,*,#3334,.T.);
#1230=ORIENTED_EDGE('',*,*,#3330,.T.);
#1231=ORIENTED_EDGE('',*,*,#3335,.T.);
#1232=ORIENTED_EDGE('',*,*,#3336,.F.);
#1233=ORIENTED_EDGE('',*,*,#3337,.T.);
#1234=ORIENTED_EDGE('',*,*,#3333,.T.);
#1235=ORIENTED_EDGE('',*,*,#3338,.T.);
#1236=ORIENTED_EDGE('',*,*,#3339,.F.);
#1237=ORIENTED_EDGE('',*,*,#3340,.T.);
#1238=ORIENTED_EDGE('',*,*,#3336,.T.);
#1239=ORIENTED_EDGE('',*,*,#3341,.T.);
#1240=ORIENTED_EDGE('',*,*,#3322,.F.);
#1241=ORIENTED_EDGE('',*,*,#3342,.T.);
#1242=ORIENTED_EDGE('',*,*,#3339,.T.);
#1243=ORIENTED_EDGE('',*,*,#3343,.T.);
#1244=ORIENTED_EDGE('',*,*,#3344,.F.);
#1245=ORIENTED_EDGE('',*,*,#3345,.T.);
#1246=ORIENTED_EDGE('',*,*,#3346,.T.);
#1247=ORIENTED_EDGE('',*,*,#3347,.T.);
#1248=ORIENTED_EDGE('',*,*,#3348,.F.);
#1249=ORIENTED_EDGE('',*,*,#3349,.T.);
#1250=ORIENTED_EDGE('',*,*,#3344,.T.);
#1251=ORIENTED_EDGE('',*,*,#3350,.T.);
#1252=ORIENTED_EDGE('',*,*,#3351,.F.);
#1253=ORIENTED_EDGE('',*,*,#3352,.T.);
#1254=ORIENTED_EDGE('',*,*,#3348,.T.);
#1255=ORIENTED_EDGE('',*,*,#3353,.T.);
#1256=ORIENTED_EDGE('',*,*,#3354,.F.);
#1257=ORIENTED_EDGE('',*,*,#3355,.T.);
#1258=ORIENTED_EDGE('',*,*,#3351,.T.);
#1259=ORIENTED_EDGE('',*,*,#3356,.T.);
#1260=ORIENTED_EDGE('',*,*,#3357,.F.);
#1261=ORIENTED_EDGE('',*,*,#3358,.T.);
#1262=ORIENTED_EDGE('',*,*,#3354,.T.);
#1263=ORIENTED_EDGE('',*,*,#3359,.T.);
#1264=ORIENTED_EDGE('',*,*,#3360,.F.);
#1265=ORIENTED_EDGE('',*,*,#3361,.T.);
#1266=ORIENTED_EDGE('',*,*,#3357,.T.);
#1267=ORIENTED_EDGE('',*,*,#3362,.T.);
#1268=ORIENTED_EDGE('',*,*,#3363,.F.);
#1269=ORIENTED_EDGE('',*,*,#3364,.T.);
#1270=ORIENTED_EDGE('',*,*,#3360,.T.);
#1271=ORIENTED_EDGE('',*,*,#3365,.T.);
#1272=ORIENTED_EDGE('',*,*,#3346,.F.);
#1273=ORIENTED_EDGE('',*,*,#3366,.T.);
#1274=ORIENTED_EDGE('',*,*,#3363,.T.);
#1275=ORIENTED_EDGE('',*,*,#3367,.T.);
#1276=ORIENTED_EDGE('',*,*,#3368,.F.);
#1277=ORIENTED_EDGE('',*,*,#3369,.T.);
#1278=ORIENTED_EDGE('',*,*,#3370,.T.);
#1279=ORIENTED_EDGE('',*,*,#3371,.T.);
#1280=ORIENTED_EDGE('',*,*,#3372,.F.);
#1281=ORIENTED_EDGE('',*,*,#3373,.T.);
#1282=ORIENTED_EDGE('',*,*,#3368,.T.);
#1283=ORIENTED_EDGE('',*,*,#3374,.T.);
#1284=ORIENTED_EDGE('',*,*,#3375,.F.);
#1285=ORIENTED_EDGE('',*,*,#3376,.T.);
#1286=ORIENTED_EDGE('',*,*,#3372,.T.);
#1287=ORIENTED_EDGE('',*,*,#3377,.T.);
#1288=ORIENTED_EDGE('',*,*,#3378,.F.);
#1289=ORIENTED_EDGE('',*,*,#3379,.T.);
#1290=ORIENTED_EDGE('',*,*,#3375,.T.);
#1291=ORIENTED_EDGE('',*,*,#3380,.T.);
#1292=ORIENTED_EDGE('',*,*,#3381,.F.);
#1293=ORIENTED_EDGE('',*,*,#3382,.T.);
#1294=ORIENTED_EDGE('',*,*,#3378,.T.);
#1295=ORIENTED_EDGE('',*,*,#3383,.T.);
#1296=ORIENTED_EDGE('',*,*,#3384,.F.);
#1297=ORIENTED_EDGE('',*,*,#3385,.T.);
#1298=ORIENTED_EDGE('',*,*,#3381,.T.);
#1299=ORIENTED_EDGE('',*,*,#3386,.T.);
#1300=ORIENTED_EDGE('',*,*,#3387,.F.);
#1301=ORIENTED_EDGE('',*,*,#3388,.T.);
#1302=ORIENTED_EDGE('',*,*,#3384,.T.);
#1303=ORIENTED_EDGE('',*,*,#3389,.T.);
#1304=ORIENTED_EDGE('',*,*,#3370,.F.);
#1305=ORIENTED_EDGE('',*,*,#3390,.T.);
#1306=ORIENTED_EDGE('',*,*,#3387,.T.);
#1307=ORIENTED_EDGE('',*,*,#3391,.T.);
#1308=ORIENTED_EDGE('',*,*,#3392,.F.);
#1309=ORIENTED_EDGE('',*,*,#3393,.T.);
#1310=ORIENTED_EDGE('',*,*,#3394,.T.);
#1311=ORIENTED_EDGE('',*,*,#3395,.T.);
#1312=ORIENTED_EDGE('',*,*,#3396,.F.);
#1313=ORIENTED_EDGE('',*,*,#3397,.T.);
#1314=ORIENTED_EDGE('',*,*,#3392,.T.);
#1315=ORIENTED_EDGE('',*,*,#3398,.T.);
#1316=ORIENTED_EDGE('',*,*,#3399,.F.);
#1317=ORIENTED_EDGE('',*,*,#3400,.T.);
#1318=ORIENTED_EDGE('',*,*,#3396,.T.);
#1319=ORIENTED_EDGE('',*,*,#3401,.T.);
#1320=ORIENTED_EDGE('',*,*,#3402,.F.);
#1321=ORIENTED_EDGE('',*,*,#3403,.T.);
#1322=ORIENTED_EDGE('',*,*,#3399,.T.);
#1323=ORIENTED_EDGE('',*,*,#3404,.T.);
#1324=ORIENTED_EDGE('',*,*,#3405,.F.);
#1325=ORIENTED_EDGE('',*,*,#3406,.T.);
#1326=ORIENTED_EDGE('',*,*,#3402,.T.);
#1327=ORIENTED_EDGE('',*,*,#3407,.T.);
#1328=ORIENTED_EDGE('',*,*,#3408,.F.);
#1329=ORIENTED_EDGE('',*,*,#3409,.T.);
#1330=ORIENTED_EDGE('',*,*,#3405,.T.);
#1331=ORIENTED_EDGE('',*,*,#3410,.T.);
#1332=ORIENTED_EDGE('',*,*,#3411,.F.);
#1333=ORIENTED_EDGE('',*,*,#3412,.T.);
#1334=ORIENTED_EDGE('',*,*,#3408,.T.);
#1335=ORIENTED_EDGE('',*,*,#3413,.T.);
#1336=ORIENTED_EDGE('',*,*,#3394,.F.);
#1337=ORIENTED_EDGE('',*,*,#3414,.T.);
#1338=ORIENTED_EDGE('',*,*,#3411,.T.);
#1339=ORIENTED_EDGE('',*,*,#3415,.T.);
#1340=ORIENTED_EDGE('',*,*,#3416,.F.);
#1341=ORIENTED_EDGE('',*,*,#3417,.T.);
#1342=ORIENTED_EDGE('',*,*,#3418,.T.);
#1343=ORIENTED_EDGE('',*,*,#3419,.T.);
#1344=ORIENTED_EDGE('',*,*,#3420,.F.);
#1345=ORIENTED_EDGE('',*,*,#3421,.T.);
#1346=ORIENTED_EDGE('',*,*,#3416,.T.);
#1347=ORIENTED_EDGE('',*,*,#3422,.T.);
#1348=ORIENTED_EDGE('',*,*,#3423,.F.);
#1349=ORIENTED_EDGE('',*,*,#3424,.T.);
#1350=ORIENTED_EDGE('',*,*,#3420,.T.);
#1351=ORIENTED_EDGE('',*,*,#3425,.T.);
#1352=ORIENTED_EDGE('',*,*,#3426,.F.);
#1353=ORIENTED_EDGE('',*,*,#3427,.T.);
#1354=ORIENTED_EDGE('',*,*,#3423,.T.);
#1355=ORIENTED_EDGE('',*,*,#3428,.T.);
#1356=ORIENTED_EDGE('',*,*,#3429,.F.);
#1357=ORIENTED_EDGE('',*,*,#3430,.T.);
#1358=ORIENTED_EDGE('',*,*,#3426,.T.);
#1359=ORIENTED_EDGE('',*,*,#3431,.T.);
#1360=ORIENTED_EDGE('',*,*,#3432,.F.);
#1361=ORIENTED_EDGE('',*,*,#3433,.T.);
#1362=ORIENTED_EDGE('',*,*,#3429,.T.);
#1363=ORIENTED_EDGE('',*,*,#3434,.T.);
#1364=ORIENTED_EDGE('',*,*,#3435,.F.);
#1365=ORIENTED_EDGE('',*,*,#3436,.T.);
#1366=ORIENTED_EDGE('',*,*,#3432,.T.);
#1367=ORIENTED_EDGE('',*,*,#3437,.T.);
#1368=ORIENTED_EDGE('',*,*,#3418,.F.);
#1369=ORIENTED_EDGE('',*,*,#3438,.T.);
#1370=ORIENTED_EDGE('',*,*,#3435,.T.);
#1371=ORIENTED_EDGE('',*,*,#3439,.T.);
#1372=ORIENTED_EDGE('',*,*,#3440,.F.);
#1373=ORIENTED_EDGE('',*,*,#3441,.T.);
#1374=ORIENTED_EDGE('',*,*,#3442,.T.);
#1375=ORIENTED_EDGE('',*,*,#3443,.T.);
#1376=ORIENTED_EDGE('',*,*,#3444,.F.);
#1377=ORIENTED_EDGE('',*,*,#3445,.T.);
#1378=ORIENTED_EDGE('',*,*,#3440,.T.);
#1379=ORIENTED_EDGE('',*,*,#3446,.T.);
#1380=ORIENTED_EDGE('',*,*,#3447,.F.);
#1381=ORIENTED_EDGE('',*,*,#3448,.T.);
#1382=ORIENTED_EDGE('',*,*,#3444,.T.);
#1383=ORIENTED_EDGE('',*,*,#3449,.T.);
#1384=ORIENTED_EDGE('',*,*,#3450,.F.);
#1385=ORIENTED_EDGE('',*,*,#3451,.T.);
#1386=ORIENTED_EDGE('',*,*,#3447,.T.);
#1387=ORIENTED_EDGE('',*,*,#3452,.T.);
#1388=ORIENTED_EDGE('',*,*,#3453,.F.);
#1389=ORIENTED_EDGE('',*,*,#3454,.T.);
#1390=ORIENTED_EDGE('',*,*,#3450,.T.);
#1391=ORIENTED_EDGE('',*,*,#3455,.T.);
#1392=ORIENTED_EDGE('',*,*,#3456,.F.);
#1393=ORIENTED_EDGE('',*,*,#3457,.T.);
#1394=ORIENTED_EDGE('',*,*,#3453,.T.);
#1395=ORIENTED_EDGE('',*,*,#3458,.T.);
#1396=ORIENTED_EDGE('',*,*,#3459,.F.);
#1397=ORIENTED_EDGE('',*,*,#3460,.T.);
#1398=ORIENTED_EDGE('',*,*,#3456,.T.);
#1399=ORIENTED_EDGE('',*,*,#3461,.T.);
#1400=ORIENTED_EDGE('',*,*,#3442,.F.);
#1401=ORIENTED_EDGE('',*,*,#3462,.T.);
#1402=ORIENTED_EDGE('',*,*,#3459,.T.);
#1403=ORIENTED_EDGE('',*,*,#3463,.T.);
#1404=ORIENTED_EDGE('',*,*,#3464,.F.);
#1405=ORIENTED_EDGE('',*,*,#3465,.T.);
#1406=ORIENTED_EDGE('',*,*,#3466,.T.);
#1407=ORIENTED_EDGE('',*,*,#3467,.T.);
#1408=ORIENTED_EDGE('',*,*,#3468,.F.);
#1409=ORIENTED_EDGE('',*,*,#3469,.T.);
#1410=ORIENTED_EDGE('',*,*,#3464,.T.);
#1411=ORIENTED_EDGE('',*,*,#3470,.T.);
#1412=ORIENTED_EDGE('',*,*,#3471,.F.);
#1413=ORIENTED_EDGE('',*,*,#3472,.T.);
#1414=ORIENTED_EDGE('',*,*,#3468,.T.);
#1415=ORIENTED_EDGE('',*,*,#3473,.T.);
#1416=ORIENTED_EDGE('',*,*,#3474,.F.);
#1417=ORIENTED_EDGE('',*,*,#3475,.T.);
#1418=ORIENTED_EDGE('',*,*,#3471,.T.);
#1419=ORIENTED_EDGE('',*,*,#3476,.T.);
#1420=ORIENTED_EDGE('',*,*,#3477,.F.);
#1421=ORIENTED_EDGE('',*,*,#3478,.T.);
#1422=ORIENTED_EDGE('',*,*,#3474,.T.);
#1423=ORIENTED_EDGE('',*,*,#3479,.T.);
#1424=ORIENTED_EDGE('',*,*,#3480,.F.);
#1425=ORIENTED_EDGE('',*,*,#3481,.T.);
#1426=ORIENTED_EDGE('',*,*,#3477,.T.);
#1427=ORIENTED_EDGE('',*,*,#3482,.T.);
#1428=ORIENTED_EDGE('',*,*,#3483,.F.);
#1429=ORIENTED_EDGE('',*,*,#3484,.T.);
#1430=ORIENTED_EDGE('',*,*,#3480,.T.);
#1431=ORIENTED_EDGE('',*,*,#3485,.T.);
#1432=ORIENTED_EDGE('',*,*,#3466,.F.);
#1433=ORIENTED_EDGE('',*,*,#3486,.T.);
#1434=ORIENTED_EDGE('',*,*,#3483,.T.);
#1435=ORIENTED_EDGE('',*,*,#3487,.T.);
#1436=ORIENTED_EDGE('',*,*,#3488,.F.);
#1437=ORIENTED_EDGE('',*,*,#3489,.T.);
#1438=ORIENTED_EDGE('',*,*,#3490,.T.);
#1439=ORIENTED_EDGE('',*,*,#3491,.T.);
#1440=ORIENTED_EDGE('',*,*,#3492,.F.);
#1441=ORIENTED_EDGE('',*,*,#3493,.T.);
#1442=ORIENTED_EDGE('',*,*,#3488,.T.);
#1443=ORIENTED_EDGE('',*,*,#3494,.T.);
#1444=ORIENTED_EDGE('',*,*,#3495,.F.);
#1445=ORIENTED_EDGE('',*,*,#3496,.T.);
#1446=ORIENTED_EDGE('',*,*,#3492,.T.);
#1447=ORIENTED_EDGE('',*,*,#3497,.T.);
#1448=ORIENTED_EDGE('',*,*,#3498,.F.);
#1449=ORIENTED_EDGE('',*,*,#3499,.T.);
#1450=ORIENTED_EDGE('',*,*,#3495,.T.);
#1451=ORIENTED_EDGE('',*,*,#3500,.T.);
#1452=ORIENTED_EDGE('',*,*,#3501,.F.);
#1453=ORIENTED_EDGE('',*,*,#3502,.T.);
#1454=ORIENTED_EDGE('',*,*,#3498,.T.);
#1455=ORIENTED_EDGE('',*,*,#3503,.T.);
#1456=ORIENTED_EDGE('',*,*,#3504,.F.);
#1457=ORIENTED_EDGE('',*,*,#3505,.T.);
#1458=ORIENTED_EDGE('',*,*,#3501,.T.);
#1459=ORIENTED_EDGE('',*,*,#3506,.T.);
#1460=ORIENTED_EDGE('',*,*,#3507,.F.);
#1461=ORIENTED_EDGE('',*,*,#3508,.T.);
#1462=ORIENTED_EDGE('',*,*,#3504,.T.);
#1463=ORIENTED_EDGE('',*,*,#3509,.T.);
#1464=ORIENTED_EDGE('',*,*,#3490,.F.);
#1465=ORIENTED_EDGE('',*,*,#3510,.T.);
#1466=ORIENTED_EDGE('',*,*,#3507,.T.);
#1467=ORIENTED_EDGE('',*,*,#3511,.T.);
#1468=ORIENTED_EDGE('',*,*,#3512,.F.);
#1469=ORIENTED_EDGE('',*,*,#3513,.T.);
#1470=ORIENTED_EDGE('',*,*,#3514,.T.);
#1471=ORIENTED_EDGE('',*,*,#3515,.T.);
#1472=ORIENTED_EDGE('',*,*,#3516,.F.);
#1473=ORIENTED_EDGE('',*,*,#3517,.T.);
#1474=ORIENTED_EDGE('',*,*,#3512,.T.);
#1475=ORIENTED_EDGE('',*,*,#3518,.T.);
#1476=ORIENTED_EDGE('',*,*,#3519,.F.);
#1477=ORIENTED_EDGE('',*,*,#3520,.T.);
#1478=ORIENTED_EDGE('',*,*,#3516,.T.);
#1479=ORIENTED_EDGE('',*,*,#3521,.T.);
#1480=ORIENTED_EDGE('',*,*,#3522,.F.);
#1481=ORIENTED_EDGE('',*,*,#3523,.T.);
#1482=ORIENTED_EDGE('',*,*,#3519,.T.);
#1483=ORIENTED_EDGE('',*,*,#3524,.T.);
#1484=ORIENTED_EDGE('',*,*,#3525,.F.);
#1485=ORIENTED_EDGE('',*,*,#3526,.T.);
#1486=ORIENTED_EDGE('',*,*,#3522,.T.);
#1487=ORIENTED_EDGE('',*,*,#3527,.T.);
#1488=ORIENTED_EDGE('',*,*,#3528,.F.);
#1489=ORIENTED_EDGE('',*,*,#3529,.T.);
#1490=ORIENTED_EDGE('',*,*,#3525,.T.);
#1491=ORIENTED_EDGE('',*,*,#3530,.T.);
#1492=ORIENTED_EDGE('',*,*,#3531,.F.);
#1493=ORIENTED_EDGE('',*,*,#3532,.T.);
#1494=ORIENTED_EDGE('',*,*,#3528,.T.);
#1495=ORIENTED_EDGE('',*,*,#3533,.T.);
#1496=ORIENTED_EDGE('',*,*,#3514,.F.);
#1497=ORIENTED_EDGE('',*,*,#3534,.T.);
#1498=ORIENTED_EDGE('',*,*,#3531,.T.);
#1499=ORIENTED_EDGE('',*,*,#3535,.T.);
#1500=ORIENTED_EDGE('',*,*,#3106,.F.);
#1501=ORIENTED_EDGE('',*,*,#3536,.T.);
#1502=ORIENTED_EDGE('',*,*,#3108,.F.);
#1503=ORIENTED_EDGE('',*,*,#3537,.T.);
#1504=ORIENTED_EDGE('',*,*,#3110,.F.);
#1505=ORIENTED_EDGE('',*,*,#3538,.T.);
#1506=ORIENTED_EDGE('',*,*,#3112,.F.);
#1507=ORIENTED_EDGE('',*,*,#3539,.T.);
#1508=ORIENTED_EDGE('',*,*,#3114,.F.);
#1509=ORIENTED_EDGE('',*,*,#3540,.T.);
#1510=ORIENTED_EDGE('',*,*,#3144,.F.);
#1511=ORIENTED_EDGE('',*,*,#3541,.T.);
#1512=ORIENTED_EDGE('',*,*,#3146,.F.);
#1513=ORIENTED_EDGE('',*,*,#3542,.T.);
#1514=ORIENTED_EDGE('',*,*,#3104,.F.);
#1515=ORIENTED_EDGE('',*,*,#3543,.T.);
#1516=ORIENTED_EDGE('',*,*,#3544,.F.);
#1517=ORIENTED_EDGE('',*,*,#2804,.F.);
#1518=ORIENTED_EDGE('',*,*,#3545,.F.);
#1519=ORIENTED_EDGE('',*,*,#3111,.F.);
#1520=ORIENTED_EDGE('',*,*,#3545,.T.);
#1521=ORIENTED_EDGE('',*,*,#2803,.F.);
#1522=ORIENTED_EDGE('',*,*,#3546,.F.);
#1523=ORIENTED_EDGE('',*,*,#3537,.F.);
#1524=ORIENTED_EDGE('',*,*,#3544,.T.);
#1525=ORIENTED_EDGE('',*,*,#3539,.F.);
#1526=ORIENTED_EDGE('',*,*,#3547,.F.);
#1527=ORIENTED_EDGE('',*,*,#2805,.F.);
#1528=ORIENTED_EDGE('',*,*,#3546,.T.);
#1529=ORIENTED_EDGE('',*,*,#2802,.F.);
#1530=ORIENTED_EDGE('',*,*,#3548,.F.);
#1531=ORIENTED_EDGE('',*,*,#3107,.F.);
#1532=ORIENTED_EDGE('',*,*,#3547,.T.);
#1533=ORIENTED_EDGE('',*,*,#3115,.F.);
#1534=ORIENTED_EDGE('',*,*,#3549,.F.);
#1535=ORIENTED_EDGE('',*,*,#2806,.F.);
#1536=ORIENTED_EDGE('',*,*,#3548,.T.);
#1537=ORIENTED_EDGE('',*,*,#2801,.F.);
#1538=ORIENTED_EDGE('',*,*,#3550,.F.);
#1539=ORIENTED_EDGE('',*,*,#3543,.F.);
#1540=ORIENTED_EDGE('',*,*,#3549,.T.);
#1541=ORIENTED_EDGE('',*,*,#3541,.F.);
#1542=ORIENTED_EDGE('',*,*,#3551,.F.);
#1543=ORIENTED_EDGE('',*,*,#2799,.F.);
#1544=ORIENTED_EDGE('',*,*,#3550,.T.);
#1545=ORIENTED_EDGE('',*,*,#2800,.F.);
#1546=ORIENTED_EDGE('',*,*,#3551,.T.);
#1547=ORIENTED_EDGE('',*,*,#3147,.F.);
#1548=ORIENTED_EDGE('',*,*,#3552,.F.);
#1549=ORIENTED_EDGE('',*,*,#2812,.F.);
#1550=ORIENTED_EDGE('',*,*,#3553,.F.);
#1551=ORIENTED_EDGE('',*,*,#3335,.F.);
#1552=ORIENTED_EDGE('',*,*,#3553,.T.);
#1553=ORIENTED_EDGE('',*,*,#2811,.F.);
#1554=ORIENTED_EDGE('',*,*,#3554,.F.);
#1555=ORIENTED_EDGE('',*,*,#3338,.F.);
#1556=ORIENTED_EDGE('',*,*,#3552,.T.);
#1557=ORIENTED_EDGE('',*,*,#3332,.F.);
#1558=ORIENTED_EDGE('',*,*,#3555,.F.);
#1559=ORIENTED_EDGE('',*,*,#2813,.F.);
#1560=ORIENTED_EDGE('',*,*,#3554,.T.);
#1561=ORIENTED_EDGE('',*,*,#2810,.F.);
#1562=ORIENTED_EDGE('',*,*,#3556,.F.);
#1563=ORIENTED_EDGE('',*,*,#3341,.F.);
#1564=ORIENTED_EDGE('',*,*,#3555,.T.);
#1565=ORIENTED_EDGE('',*,*,#3329,.F.);
#1566=ORIENTED_EDGE('',*,*,#3557,.F.);
#1567=ORIENTED_EDGE('',*,*,#2814,.F.);
#1568=ORIENTED_EDGE('',*,*,#3556,.T.);
#1569=ORIENTED_EDGE('',*,*,#2809,.F.);
#1570=ORIENTED_EDGE('',*,*,#3558,.F.);
#1571=ORIENTED_EDGE('',*,*,#3343,.F.);
#1572=ORIENTED_EDGE('',*,*,#3557,.T.);
#1573=ORIENTED_EDGE('',*,*,#3326,.F.);
#1574=ORIENTED_EDGE('',*,*,#3559,.F.);
#1575=ORIENTED_EDGE('',*,*,#2807,.F.);
#1576=ORIENTED_EDGE('',*,*,#3558,.T.);
#1577=ORIENTED_EDGE('',*,*,#2808,.F.);
#1578=ORIENTED_EDGE('',*,*,#3559,.T.);
#1579=ORIENTED_EDGE('',*,*,#3323,.F.);
#1580=ORIENTED_EDGE('',*,*,#3560,.F.);
#1581=ORIENTED_EDGE('',*,*,#2820,.F.);
#1582=ORIENTED_EDGE('',*,*,#3561,.F.);
#1583=ORIENTED_EDGE('',*,*,#3311,.F.);
#1584=ORIENTED_EDGE('',*,*,#3561,.T.);
#1585=ORIENTED_EDGE('',*,*,#2819,.F.);
#1586=ORIENTED_EDGE('',*,*,#3562,.F.);
#1587=ORIENTED_EDGE('',*,*,#3314,.F.);
#1588=ORIENTED_EDGE('',*,*,#3560,.T.);
#1589=ORIENTED_EDGE('',*,*,#3308,.F.);
#1590=ORIENTED_EDGE('',*,*,#3563,.F.);
#1591=ORIENTED_EDGE('',*,*,#2821,.F.);
#1592=ORIENTED_EDGE('',*,*,#3562,.T.);
#1593=ORIENTED_EDGE('',*,*,#2818,.F.);
#1594=ORIENTED_EDGE('',*,*,#3564,.F.);
#1595=ORIENTED_EDGE('',*,*,#3317,.F.);
#1596=ORIENTED_EDGE('',*,*,#3563,.T.);
#1597=ORIENTED_EDGE('',*,*,#3305,.F.);
#1598=ORIENTED_EDGE('',*,*,#3565,.F.);
#1599=ORIENTED_EDGE('',*,*,#2822,.F.);
#1600=ORIENTED_EDGE('',*,*,#3564,.T.);
#1601=ORIENTED_EDGE('',*,*,#2817,.F.);
#1602=ORIENTED_EDGE('',*,*,#3566,.F.);
#1603=ORIENTED_EDGE('',*,*,#3319,.F.);
#1604=ORIENTED_EDGE('',*,*,#3565,.T.);
#1605=ORIENTED_EDGE('',*,*,#3302,.F.);
#1606=ORIENTED_EDGE('',*,*,#3567,.F.);
#1607=ORIENTED_EDGE('',*,*,#2815,.F.);
#1608=ORIENTED_EDGE('',*,*,#3566,.T.);
#1609=ORIENTED_EDGE('',*,*,#2816,.F.);
#1610=ORIENTED_EDGE('',*,*,#3567,.T.);
#1611=ORIENTED_EDGE('',*,*,#3299,.F.);
#1612=ORIENTED_EDGE('',*,*,#3568,.F.);
#1613=ORIENTED_EDGE('',*,*,#2828,.F.);
#1614=ORIENTED_EDGE('',*,*,#3569,.F.);
#1615=ORIENTED_EDGE('',*,*,#3287,.F.);
#1616=ORIENTED_EDGE('',*,*,#3569,.T.);
#1617=ORIENTED_EDGE('',*,*,#2827,.F.);
#1618=ORIENTED_EDGE('',*,*,#3570,.F.);
#1619=ORIENTED_EDGE('',*,*,#3290,.F.);
#1620=ORIENTED_EDGE('',*,*,#3568,.T.);
#1621=ORIENTED_EDGE('',*,*,#3284,.F.);
#1622=ORIENTED_EDGE('',*,*,#3571,.F.);
#1623=ORIENTED_EDGE('',*,*,#2829,.F.);
#1624=ORIENTED_EDGE('',*,*,#3570,.T.);
#1625=ORIENTED_EDGE('',*,*,#2826,.F.);
#1626=ORIENTED_EDGE('',*,*,#3572,.F.);
#1627=ORIENTED_EDGE('',*,*,#3293,.F.);
#1628=ORIENTED_EDGE('',*,*,#3571,.T.);
#1629=ORIENTED_EDGE('',*,*,#3281,.F.);
#1630=ORIENTED_EDGE('',*,*,#3573,.F.);
#1631=ORIENTED_EDGE('',*,*,#2830,.F.);
#1632=ORIENTED_EDGE('',*,*,#3572,.T.);
#1633=ORIENTED_EDGE('',*,*,#2825,.F.);
#1634=ORIENTED_EDGE('',*,*,#3574,.F.);
#1635=ORIENTED_EDGE('',*,*,#3295,.F.);
#1636=ORIENTED_EDGE('',*,*,#3573,.T.);
#1637=ORIENTED_EDGE('',*,*,#3278,.F.);
#1638=ORIENTED_EDGE('',*,*,#3575,.F.);
#1639=ORIENTED_EDGE('',*,*,#2823,.F.);
#1640=ORIENTED_EDGE('',*,*,#3574,.T.);
#1641=ORIENTED_EDGE('',*,*,#2824,.F.);
#1642=ORIENTED_EDGE('',*,*,#3575,.T.);
#1643=ORIENTED_EDGE('',*,*,#3275,.F.);
#1644=ORIENTED_EDGE('',*,*,#3576,.F.);
#1645=ORIENTED_EDGE('',*,*,#2836,.F.);
#1646=ORIENTED_EDGE('',*,*,#3577,.F.);
#1647=ORIENTED_EDGE('',*,*,#3191,.F.);
#1648=ORIENTED_EDGE('',*,*,#3577,.T.);
#1649=ORIENTED_EDGE('',*,*,#2835,.F.);
#1650=ORIENTED_EDGE('',*,*,#3578,.F.);
#1651=ORIENTED_EDGE('',*,*,#3194,.F.);
#1652=ORIENTED_EDGE('',*,*,#3576,.T.);
#1653=ORIENTED_EDGE('',*,*,#3188,.F.);
#1654=ORIENTED_EDGE('',*,*,#3579,.F.);
#1655=ORIENTED_EDGE('',*,*,#2837,.F.);
#1656=ORIENTED_EDGE('',*,*,#3578,.T.);
#1657=ORIENTED_EDGE('',*,*,#2834,.F.);
#1658=ORIENTED_EDGE('',*,*,#3580,.F.);
#1659=ORIENTED_EDGE('',*,*,#3197,.F.);
#1660=ORIENTED_EDGE('',*,*,#3579,.T.);
#1661=ORIENTED_EDGE('',*,*,#3185,.F.);
#1662=ORIENTED_EDGE('',*,*,#3581,.F.);
#1663=ORIENTED_EDGE('',*,*,#2838,.F.);
#1664=ORIENTED_EDGE('',*,*,#3580,.T.);
#1665=ORIENTED_EDGE('',*,*,#2833,.F.);
#1666=ORIENTED_EDGE('',*,*,#3582,.F.);
#1667=ORIENTED_EDGE('',*,*,#3199,.F.);
#1668=ORIENTED_EDGE('',*,*,#3581,.T.);
#1669=ORIENTED_EDGE('',*,*,#3182,.F.);
#1670=ORIENTED_EDGE('',*,*,#3583,.F.);
#1671=ORIENTED_EDGE('',*,*,#2831,.F.);
#1672=ORIENTED_EDGE('',*,*,#3582,.T.);
#1673=ORIENTED_EDGE('',*,*,#2832,.F.);
#1674=ORIENTED_EDGE('',*,*,#3583,.T.);
#1675=ORIENTED_EDGE('',*,*,#3179,.F.);
#1676=ORIENTED_EDGE('',*,*,#3584,.F.);
#1677=ORIENTED_EDGE('',*,*,#2844,.F.);
#1678=ORIENTED_EDGE('',*,*,#3585,.F.);
#1679=ORIENTED_EDGE('',*,*,#3215,.F.);
#1680=ORIENTED_EDGE('',*,*,#3585,.T.);
#1681=ORIENTED_EDGE('',*,*,#2843,.F.);
#1682=ORIENTED_EDGE('',*,*,#3586,.F.);
#1683=ORIENTED_EDGE('',*,*,#3218,.F.);
#1684=ORIENTED_EDGE('',*,*,#3584,.T.);
#1685=ORIENTED_EDGE('',*,*,#3212,.F.);
#1686=ORIENTED_EDGE('',*,*,#3587,.F.);
#1687=ORIENTED_EDGE('',*,*,#2845,.F.);
#1688=ORIENTED_EDGE('',*,*,#3586,.T.);
#1689=ORIENTED_EDGE('',*,*,#2842,.F.);
#1690=ORIENTED_EDGE('',*,*,#3588,.F.);
#1691=ORIENTED_EDGE('',*,*,#3221,.F.);
#1692=ORIENTED_EDGE('',*,*,#3587,.T.);
#1693=ORIENTED_EDGE('',*,*,#3209,.F.);
#1694=ORIENTED_EDGE('',*,*,#3589,.F.);
#1695=ORIENTED_EDGE('',*,*,#2846,.F.);
#1696=ORIENTED_EDGE('',*,*,#3588,.T.);
#1697=ORIENTED_EDGE('',*,*,#2841,.F.);
#1698=ORIENTED_EDGE('',*,*,#3590,.F.);
#1699=ORIENTED_EDGE('',*,*,#3223,.F.);
#1700=ORIENTED_EDGE('',*,*,#3589,.T.);
#1701=ORIENTED_EDGE('',*,*,#3206,.F.);
#1702=ORIENTED_EDGE('',*,*,#3591,.F.);
#1703=ORIENTED_EDGE('',*,*,#2839,.F.);
#1704=ORIENTED_EDGE('',*,*,#3590,.T.);
#1705=ORIENTED_EDGE('',*,*,#2840,.F.);
#1706=ORIENTED_EDGE('',*,*,#3591,.T.);
#1707=ORIENTED_EDGE('',*,*,#3203,.F.);
#1708=ORIENTED_EDGE('',*,*,#3592,.F.);
#1709=ORIENTED_EDGE('',*,*,#2852,.F.);
#1710=ORIENTED_EDGE('',*,*,#3593,.F.);
#1711=ORIENTED_EDGE('',*,*,#3239,.F.);
#1712=ORIENTED_EDGE('',*,*,#3593,.T.);
#1713=ORIENTED_EDGE('',*,*,#2851,.F.);
#1714=ORIENTED_EDGE('',*,*,#3594,.F.);
#1715=ORIENTED_EDGE('',*,*,#3242,.F.);
#1716=ORIENTED_EDGE('',*,*,#3592,.T.);
#1717=ORIENTED_EDGE('',*,*,#3236,.F.);
#1718=ORIENTED_EDGE('',*,*,#3595,.F.);
#1719=ORIENTED_EDGE('',*,*,#2853,.F.);
#1720=ORIENTED_EDGE('',*,*,#3594,.T.);
#1721=ORIENTED_EDGE('',*,*,#2850,.F.);
#1722=ORIENTED_EDGE('',*,*,#3596,.F.);
#1723=ORIENTED_EDGE('',*,*,#3245,.F.);
#1724=ORIENTED_EDGE('',*,*,#3595,.T.);
#1725=ORIENTED_EDGE('',*,*,#3233,.F.);
#1726=ORIENTED_EDGE('',*,*,#3597,.F.);
#1727=ORIENTED_EDGE('',*,*,#2854,.F.);
#1728=ORIENTED_EDGE('',*,*,#3596,.T.);
#1729=ORIENTED_EDGE('',*,*,#2849,.F.);
#1730=ORIENTED_EDGE('',*,*,#3598,.F.);
#1731=ORIENTED_EDGE('',*,*,#3247,.F.);
#1732=ORIENTED_EDGE('',*,*,#3597,.T.);
#1733=ORIENTED_EDGE('',*,*,#3230,.F.);
#1734=ORIENTED_EDGE('',*,*,#3599,.F.);
#1735=ORIENTED_EDGE('',*,*,#2847,.F.);
#1736=ORIENTED_EDGE('',*,*,#3598,.T.);
#1737=ORIENTED_EDGE('',*,*,#2848,.F.);
#1738=ORIENTED_EDGE('',*,*,#3599,.T.);
#1739=ORIENTED_EDGE('',*,*,#3227,.F.);
#1740=ORIENTED_EDGE('',*,*,#3600,.F.);
#1741=ORIENTED_EDGE('',*,*,#2860,.F.);
#1742=ORIENTED_EDGE('',*,*,#3601,.F.);
#1743=ORIENTED_EDGE('',*,*,#3263,.F.);
#1744=ORIENTED_EDGE('',*,*,#3601,.T.);
#1745=ORIENTED_EDGE('',*,*,#2859,.F.);
#1746=ORIENTED_EDGE('',*,*,#3602,.F.);
#1747=ORIENTED_EDGE('',*,*,#3266,.F.);
#1748=ORIENTED_EDGE('',*,*,#3600,.T.);
#1749=ORIENTED_EDGE('',*,*,#3260,.F.);
#1750=ORIENTED_EDGE('',*,*,#3603,.F.);
#1751=ORIENTED_EDGE('',*,*,#2861,.F.);
#1752=ORIENTED_EDGE('',*,*,#3602,.T.);
#1753=ORIENTED_EDGE('',*,*,#2858,.F.);
#1754=ORIENTED_EDGE('',*,*,#3604,.F.);
#1755=ORIENTED_EDGE('',*,*,#3269,.F.);
#1756=ORIENTED_EDGE('',*,*,#3603,.T.);
#1757=ORIENTED_EDGE('',*,*,#3257,.F.);
#1758=ORIENTED_EDGE('',*,*,#3605,.F.);
#1759=ORIENTED_EDGE('',*,*,#2862,.F.);
#1760=ORIENTED_EDGE('',*,*,#3604,.T.);
#1761=ORIENTED_EDGE('',*,*,#2857,.F.);
#1762=ORIENTED_EDGE('',*,*,#3606,.F.);
#1763=ORIENTED_EDGE('',*,*,#3271,.F.);
#1764=ORIENTED_EDGE('',*,*,#3605,.T.);
#1765=ORIENTED_EDGE('',*,*,#3254,.F.);
#1766=ORIENTED_EDGE('',*,*,#3607,.F.);
#1767=ORIENTED_EDGE('',*,*,#2855,.F.);
#1768=ORIENTED_EDGE('',*,*,#3606,.T.);
#1769=ORIENTED_EDGE('',*,*,#2856,.F.);
#1770=ORIENTED_EDGE('',*,*,#3607,.T.);
#1771=ORIENTED_EDGE('',*,*,#3251,.F.);
#1772=ORIENTED_EDGE('',*,*,#3608,.F.);
#1773=ORIENTED_EDGE('',*,*,#2868,.F.);
#1774=ORIENTED_EDGE('',*,*,#3609,.F.);
#1775=ORIENTED_EDGE('',*,*,#3455,.F.);
#1776=ORIENTED_EDGE('',*,*,#3609,.T.);
#1777=ORIENTED_EDGE('',*,*,#2867,.F.);
#1778=ORIENTED_EDGE('',*,*,#3610,.F.);
#1779=ORIENTED_EDGE('',*,*,#3458,.F.);
#1780=ORIENTED_EDGE('',*,*,#3608,.T.);
#1781=ORIENTED_EDGE('',*,*,#3452,.F.);
#1782=ORIENTED_EDGE('',*,*,#3611,.F.);
#1783=ORIENTED_EDGE('',*,*,#2869,.F.);
#1784=ORIENTED_EDGE('',*,*,#3610,.T.);
#1785=ORIENTED_EDGE('',*,*,#2866,.F.);
#1786=ORIENTED_EDGE('',*,*,#3612,.F.);
#1787=ORIENTED_EDGE('',*,*,#3461,.F.);
#1788=ORIENTED_EDGE('',*,*,#3611,.T.);
#1789=ORIENTED_EDGE('',*,*,#3449,.F.);
#1790=ORIENTED_EDGE('',*,*,#3613,.F.);
#1791=ORIENTED_EDGE('',*,*,#2870,.F.);
#1792=ORIENTED_EDGE('',*,*,#3612,.T.);
#1793=ORIENTED_EDGE('',*,*,#2865,.F.);
#1794=ORIENTED_EDGE('',*,*,#3614,.F.);
#1795=ORIENTED_EDGE('',*,*,#3463,.F.);
#1796=ORIENTED_EDGE('',*,*,#3613,.T.);
#1797=ORIENTED_EDGE('',*,*,#3446,.F.);
#1798=ORIENTED_EDGE('',*,*,#3615,.F.);
#1799=ORIENTED_EDGE('',*,*,#2863,.F.);
#1800=ORIENTED_EDGE('',*,*,#3614,.T.);
#1801=ORIENTED_EDGE('',*,*,#2864,.F.);
#1802=ORIENTED_EDGE('',*,*,#3615,.T.);
#1803=ORIENTED_EDGE('',*,*,#3443,.F.);
#1804=ORIENTED_EDGE('',*,*,#3616,.F.);
#1805=ORIENTED_EDGE('',*,*,#2876,.F.);
#1806=ORIENTED_EDGE('',*,*,#3617,.F.);
#1807=ORIENTED_EDGE('',*,*,#3479,.F.);
#1808=ORIENTED_EDGE('',*,*,#3617,.T.);
#1809=ORIENTED_EDGE('',*,*,#2875,.F.);
#1810=ORIENTED_EDGE('',*,*,#3618,.F.);
#1811=ORIENTED_EDGE('',*,*,#3482,.F.);
#1812=ORIENTED_EDGE('',*,*,#3616,.T.);
#1813=ORIENTED_EDGE('',*,*,#3476,.F.);
#1814=ORIENTED_EDGE('',*,*,#3619,.F.);
#1815=ORIENTED_EDGE('',*,*,#2877,.F.);
#1816=ORIENTED_EDGE('',*,*,#3618,.T.);
#1817=ORIENTED_EDGE('',*,*,#2874,.F.);
#1818=ORIENTED_EDGE('',*,*,#3620,.F.);
#1819=ORIENTED_EDGE('',*,*,#3485,.F.);
#1820=ORIENTED_EDGE('',*,*,#3619,.T.);
#1821=ORIENTED_EDGE('',*,*,#3473,.F.);
#1822=ORIENTED_EDGE('',*,*,#3621,.F.);
#1823=ORIENTED_EDGE('',*,*,#2878,.F.);
#1824=ORIENTED_EDGE('',*,*,#3620,.T.);
#1825=ORIENTED_EDGE('',*,*,#2873,.F.);
#1826=ORIENTED_EDGE('',*,*,#3622,.F.);
#1827=ORIENTED_EDGE('',*,*,#3487,.F.);
#1828=ORIENTED_EDGE('',*,*,#3621,.T.);
#1829=ORIENTED_EDGE('',*,*,#3470,.F.);
#1830=ORIENTED_EDGE('',*,*,#3623,.F.);
#1831=ORIENTED_EDGE('',*,*,#2871,.F.);
#1832=ORIENTED_EDGE('',*,*,#3622,.T.);
#1833=ORIENTED_EDGE('',*,*,#2872,.F.);
#1834=ORIENTED_EDGE('',*,*,#3623,.T.);
#1835=ORIENTED_EDGE('',*,*,#3467,.F.);
#1836=ORIENTED_EDGE('',*,*,#3624,.F.);
#1837=ORIENTED_EDGE('',*,*,#2884,.F.);
#1838=ORIENTED_EDGE('',*,*,#3625,.F.);
#1839=ORIENTED_EDGE('',*,*,#3503,.F.);
#1840=ORIENTED_EDGE('',*,*,#3625,.T.);
#1841=ORIENTED_EDGE('',*,*,#2883,.F.);
#1842=ORIENTED_EDGE('',*,*,#3626,.F.);
#1843=ORIENTED_EDGE('',*,*,#3506,.F.);
#1844=ORIENTED_EDGE('',*,*,#3624,.T.);
#1845=ORIENTED_EDGE('',*,*,#3500,.F.);
#1846=ORIENTED_EDGE('',*,*,#3627,.F.);
#1847=ORIENTED_EDGE('',*,*,#2885,.F.);
#1848=ORIENTED_EDGE('',*,*,#3626,.T.);
#1849=ORIENTED_EDGE('',*,*,#2882,.F.);
#1850=ORIENTED_EDGE('',*,*,#3628,.F.);
#1851=ORIENTED_EDGE('',*,*,#3509,.F.);
#1852=ORIENTED_EDGE('',*,*,#3627,.T.);
#1853=ORIENTED_EDGE('',*,*,#3497,.F.);
#1854=ORIENTED_EDGE('',*,*,#3629,.F.);
#1855=ORIENTED_EDGE('',*,*,#2886,.F.);
#1856=ORIENTED_EDGE('',*,*,#3628,.T.);
#1857=ORIENTED_EDGE('',*,*,#2881,.F.);
#1858=ORIENTED_EDGE('',*,*,#3630,.F.);
#1859=ORIENTED_EDGE('',*,*,#3511,.F.);
#1860=ORIENTED_EDGE('',*,*,#3629,.T.);
#1861=ORIENTED_EDGE('',*,*,#3494,.F.);
#1862=ORIENTED_EDGE('',*,*,#3631,.F.);
#1863=ORIENTED_EDGE('',*,*,#2879,.F.);
#1864=ORIENTED_EDGE('',*,*,#3630,.T.);
#1865=ORIENTED_EDGE('',*,*,#2880,.F.);
#1866=ORIENTED_EDGE('',*,*,#3631,.T.);
#1867=ORIENTED_EDGE('',*,*,#3491,.F.);
#1868=ORIENTED_EDGE('',*,*,#3632,.F.);
#1869=ORIENTED_EDGE('',*,*,#2892,.F.);
#1870=ORIENTED_EDGE('',*,*,#3633,.F.);
#1871=ORIENTED_EDGE('',*,*,#3527,.F.);
#1872=ORIENTED_EDGE('',*,*,#3633,.T.);
#1873=ORIENTED_EDGE('',*,*,#2891,.F.);
#1874=ORIENTED_EDGE('',*,*,#3634,.F.);
#1875=ORIENTED_EDGE('',*,*,#3530,.F.);
#1876=ORIENTED_EDGE('',*,*,#3632,.T.);
#1877=ORIENTED_EDGE('',*,*,#3524,.F.);
#1878=ORIENTED_EDGE('',*,*,#3635,.F.);
#1879=ORIENTED_EDGE('',*,*,#2893,.F.);
#1880=ORIENTED_EDGE('',*,*,#3634,.T.);
#1881=ORIENTED_EDGE('',*,*,#2890,.F.);
#1882=ORIENTED_EDGE('',*,*,#3636,.F.);
#1883=ORIENTED_EDGE('',*,*,#3533,.F.);
#1884=ORIENTED_EDGE('',*,*,#3635,.T.);
#1885=ORIENTED_EDGE('',*,*,#3521,.F.);
#1886=ORIENTED_EDGE('',*,*,#3637,.F.);
#1887=ORIENTED_EDGE('',*,*,#2894,.F.);
#1888=ORIENTED_EDGE('',*,*,#3636,.T.);
#1889=ORIENTED_EDGE('',*,*,#2889,.F.);
#1890=ORIENTED_EDGE('',*,*,#3638,.F.);
#1891=ORIENTED_EDGE('',*,*,#3535,.F.);
#1892=ORIENTED_EDGE('',*,*,#3637,.T.);
#1893=ORIENTED_EDGE('',*,*,#3518,.F.);
#1894=ORIENTED_EDGE('',*,*,#3639,.F.);
#1895=ORIENTED_EDGE('',*,*,#2887,.F.);
#1896=ORIENTED_EDGE('',*,*,#3638,.T.);
#1897=ORIENTED_EDGE('',*,*,#2888,.F.);
#1898=ORIENTED_EDGE('',*,*,#3639,.T.);
#1899=ORIENTED_EDGE('',*,*,#3515,.F.);
#1900=ORIENTED_EDGE('',*,*,#3640,.F.);
#1901=ORIENTED_EDGE('',*,*,#2900,.F.);
#1902=ORIENTED_EDGE('',*,*,#3641,.F.);
#1903=ORIENTED_EDGE('',*,*,#3359,.F.);
#1904=ORIENTED_EDGE('',*,*,#3641,.T.);
#1905=ORIENTED_EDGE('',*,*,#2899,.F.);
#1906=ORIENTED_EDGE('',*,*,#3642,.F.);
#1907=ORIENTED_EDGE('',*,*,#3362,.F.);
#1908=ORIENTED_EDGE('',*,*,#3640,.T.);
#1909=ORIENTED_EDGE('',*,*,#3356,.F.);
#1910=ORIENTED_EDGE('',*,*,#3643,.F.);
#1911=ORIENTED_EDGE('',*,*,#2901,.F.);
#1912=ORIENTED_EDGE('',*,*,#3642,.T.);
#1913=ORIENTED_EDGE('',*,*,#2898,.F.);
#1914=ORIENTED_EDGE('',*,*,#3644,.F.);
#1915=ORIENTED_EDGE('',*,*,#3365,.F.);
#1916=ORIENTED_EDGE('',*,*,#3643,.T.);
#1917=ORIENTED_EDGE('',*,*,#3353,.F.);
#1918=ORIENTED_EDGE('',*,*,#3645,.F.);
#1919=ORIENTED_EDGE('',*,*,#2902,.F.);
#1920=ORIENTED_EDGE('',*,*,#3644,.T.);
#1921=ORIENTED_EDGE('',*,*,#2897,.F.);
#1922=ORIENTED_EDGE('',*,*,#3646,.F.);
#1923=ORIENTED_EDGE('',*,*,#3367,.F.);
#1924=ORIENTED_EDGE('',*,*,#3645,.T.);
#1925=ORIENTED_EDGE('',*,*,#3350,.F.);
#1926=ORIENTED_EDGE('',*,*,#3647,.F.);
#1927=ORIENTED_EDGE('',*,*,#2895,.F.);
#1928=ORIENTED_EDGE('',*,*,#3646,.T.);
#1929=ORIENTED_EDGE('',*,*,#2896,.F.);
#1930=ORIENTED_EDGE('',*,*,#3647,.T.);
#1931=ORIENTED_EDGE('',*,*,#3347,.F.);
#1932=ORIENTED_EDGE('',*,*,#3648,.F.);
#1933=ORIENTED_EDGE('',*,*,#2908,.F.);
#1934=ORIENTED_EDGE('',*,*,#3649,.F.);
#1935=ORIENTED_EDGE('',*,*,#3383,.F.);
#1936=ORIENTED_EDGE('',*,*,#3649,.T.);
#1937=ORIENTED_EDGE('',*,*,#2907,.F.);
#1938=ORIENTED_EDGE('',*,*,#3650,.F.);
#1939=ORIENTED_EDGE('',*,*,#3386,.F.);
#1940=ORIENTED_EDGE('',*,*,#3648,.T.);
#1941=ORIENTED_EDGE('',*,*,#3380,.F.);
#1942=ORIENTED_EDGE('',*,*,#3651,.F.);
#1943=ORIENTED_EDGE('',*,*,#2909,.F.);
#1944=ORIENTED_EDGE('',*,*,#3650,.T.);
#1945=ORIENTED_EDGE('',*,*,#2906,.F.);
#1946=ORIENTED_EDGE('',*,*,#3652,.F.);
#1947=ORIENTED_EDGE('',*,*,#3389,.F.);
#1948=ORIENTED_EDGE('',*,*,#3651,.T.);
#1949=ORIENTED_EDGE('',*,*,#3377,.F.);
#1950=ORIENTED_EDGE('',*,*,#3653,.F.);
#1951=ORIENTED_EDGE('',*,*,#2910,.F.);
#1952=ORIENTED_EDGE('',*,*,#3652,.T.);
#1953=ORIENTED_EDGE('',*,*,#2905,.F.);
#1954=ORIENTED_EDGE('',*,*,#3654,.F.);
#1955=ORIENTED_EDGE('',*,*,#3391,.F.);
#1956=ORIENTED_EDGE('',*,*,#3653,.T.);
#1957=ORIENTED_EDGE('',*,*,#3374,.F.);
#1958=ORIENTED_EDGE('',*,*,#3655,.F.);
#1959=ORIENTED_EDGE('',*,*,#2903,.F.);
#1960=ORIENTED_EDGE('',*,*,#3654,.T.);
#1961=ORIENTED_EDGE('',*,*,#2904,.F.);
#1962=ORIENTED_EDGE('',*,*,#3655,.T.);
#1963=ORIENTED_EDGE('',*,*,#3371,.F.);
#1964=ORIENTED_EDGE('',*,*,#3656,.F.);
#1965=ORIENTED_EDGE('',*,*,#2916,.F.);
#1966=ORIENTED_EDGE('',*,*,#3657,.F.);
#1967=ORIENTED_EDGE('',*,*,#3407,.F.);
#1968=ORIENTED_EDGE('',*,*,#3657,.T.);
#1969=ORIENTED_EDGE('',*,*,#2915,.F.);
#1970=ORIENTED_EDGE('',*,*,#3658,.F.);
#1971=ORIENTED_EDGE('',*,*,#3410,.F.);
#1972=ORIENTED_EDGE('',*,*,#3656,.T.);
#1973=ORIENTED_EDGE('',*,*,#3404,.F.);
#1974=ORIENTED_EDGE('',*,*,#3659,.F.);
#1975=ORIENTED_EDGE('',*,*,#2917,.F.);
#1976=ORIENTED_EDGE('',*,*,#3658,.T.);
#1977=ORIENTED_EDGE('',*,*,#2914,.F.);
#1978=ORIENTED_EDGE('',*,*,#3660,.F.);
#1979=ORIENTED_EDGE('',*,*,#3413,.F.);
#1980=ORIENTED_EDGE('',*,*,#3659,.T.);
#1981=ORIENTED_EDGE('',*,*,#3401,.F.);
#1982=ORIENTED_EDGE('',*,*,#3661,.F.);
#1983=ORIENTED_EDGE('',*,*,#2918,.F.);
#1984=ORIENTED_EDGE('',*,*,#3660,.T.);
#1985=ORIENTED_EDGE('',*,*,#2913,.F.);
#1986=ORIENTED_EDGE('',*,*,#3662,.F.);
#1987=ORIENTED_EDGE('',*,*,#3415,.F.);
#1988=ORIENTED_EDGE('',*,*,#3661,.T.);
#1989=ORIENTED_EDGE('',*,*,#3398,.F.);
#1990=ORIENTED_EDGE('',*,*,#3663,.F.);
#1991=ORIENTED_EDGE('',*,*,#2911,.F.);
#1992=ORIENTED_EDGE('',*,*,#3662,.T.);
#1993=ORIENTED_EDGE('',*,*,#2912,.F.);
#1994=ORIENTED_EDGE('',*,*,#3663,.T.);
#1995=ORIENTED_EDGE('',*,*,#3395,.F.);
#1996=ORIENTED_EDGE('',*,*,#3664,.F.);
#1997=ORIENTED_EDGE('',*,*,#2924,.F.);
#1998=ORIENTED_EDGE('',*,*,#3665,.F.);
#1999=ORIENTED_EDGE('',*,*,#3431,.F.);
#2000=ORIENTED_EDGE('',*,*,#3665,.T.);
#2001=ORIENTED_EDGE('',*,*,#2923,.F.);
#2002=ORIENTED_EDGE('',*,*,#3666,.F.);
#2003=ORIENTED_EDGE('',*,*,#3434,.F.);
#2004=ORIENTED_EDGE('',*,*,#3664,.T.);
#2005=ORIENTED_EDGE('',*,*,#3428,.F.);
#2006=ORIENTED_EDGE('',*,*,#3667,.F.);
#2007=ORIENTED_EDGE('',*,*,#2925,.F.);
#2008=ORIENTED_EDGE('',*,*,#3666,.T.);
#2009=ORIENTED_EDGE('',*,*,#2922,.F.);
#2010=ORIENTED_EDGE('',*,*,#3668,.F.);
#2011=ORIENTED_EDGE('',*,*,#3437,.F.);
#2012=ORIENTED_EDGE('',*,*,#3667,.T.);
#2013=ORIENTED_EDGE('',*,*,#3425,.F.);
#2014=ORIENTED_EDGE('',*,*,#3669,.F.);
#2015=ORIENTED_EDGE('',*,*,#2926,.F.);
#2016=ORIENTED_EDGE('',*,*,#3668,.T.);
#2017=ORIENTED_EDGE('',*,*,#2921,.F.);
#2018=ORIENTED_EDGE('',*,*,#3670,.F.);
#2019=ORIENTED_EDGE('',*,*,#3439,.F.);
#2020=ORIENTED_EDGE('',*,*,#3669,.T.);
#2021=ORIENTED_EDGE('',*,*,#3422,.F.);
#2022=ORIENTED_EDGE('',*,*,#3671,.F.);
#2023=ORIENTED_EDGE('',*,*,#2919,.F.);
#2024=ORIENTED_EDGE('',*,*,#3670,.T.);
#2025=ORIENTED_EDGE('',*,*,#2920,.F.);
#2026=ORIENTED_EDGE('',*,*,#3671,.T.);
#2027=ORIENTED_EDGE('',*,*,#3419,.F.);
#2028=ORIENTED_EDGE('',*,*,#3672,.F.);
#2029=ORIENTED_EDGE('',*,*,#2932,.F.);
#2030=ORIENTED_EDGE('',*,*,#3673,.F.);
#2031=ORIENTED_EDGE('',*,*,#3119,.F.);
#2032=ORIENTED_EDGE('',*,*,#3673,.T.);
#2033=ORIENTED_EDGE('',*,*,#2931,.F.);
#2034=ORIENTED_EDGE('',*,*,#3674,.F.);
#2035=ORIENTED_EDGE('',*,*,#3175,.F.);
#2036=ORIENTED_EDGE('',*,*,#3672,.T.);
#2037=ORIENTED_EDGE('',*,*,#3173,.F.);
#2038=ORIENTED_EDGE('',*,*,#3675,.F.);
#2039=ORIENTED_EDGE('',*,*,#2933,.F.);
#2040=ORIENTED_EDGE('',*,*,#3674,.T.);
#2041=ORIENTED_EDGE('',*,*,#2930,.F.);
#2042=ORIENTED_EDGE('',*,*,#3676,.F.);
#2043=ORIENTED_EDGE('',*,*,#3167,.F.);
#2044=ORIENTED_EDGE('',*,*,#3675,.T.);
#2045=ORIENTED_EDGE('',*,*,#3157,.F.);
#2046=ORIENTED_EDGE('',*,*,#3677,.F.);
#2047=ORIENTED_EDGE('',*,*,#2934,.F.);
#2048=ORIENTED_EDGE('',*,*,#3676,.T.);
#2049=ORIENTED_EDGE('',*,*,#2929,.F.);
#2050=ORIENTED_EDGE('',*,*,#3678,.F.);
#2051=ORIENTED_EDGE('',*,*,#3169,.F.);
#2052=ORIENTED_EDGE('',*,*,#3677,.T.);
#2053=ORIENTED_EDGE('',*,*,#3171,.F.);
#2054=ORIENTED_EDGE('',*,*,#3679,.F.);
#2055=ORIENTED_EDGE('',*,*,#2927,.F.);
#2056=ORIENTED_EDGE('',*,*,#3678,.T.);
#2057=ORIENTED_EDGE('',*,*,#2928,.F.);
#2058=ORIENTED_EDGE('',*,*,#3679,.T.);
#2059=ORIENTED_EDGE('',*,*,#2791,.F.);
#2060=ORIENTED_EDGE('',*,*,#3159,.F.);
#2061=ORIENTED_EDGE('',*,*,#2935,.F.);
#2062=ORIENTED_EDGE('',*,*,#3163,.F.);
#2063=ORIENTED_EDGE('',*,*,#2936,.F.);
#2064=ORIENTED_EDGE('',*,*,#3161,.F.);
#2065=ORIENTED_EDGE('',*,*,#2937,.F.);
#2066=ORIENTED_EDGE('',*,*,#2938,.F.);
#2067=ORIENTED_EDGE('',*,*,#3153,.F.);
#2068=ORIENTED_EDGE('',*,*,#2939,.F.);
#2069=ORIENTED_EDGE('',*,*,#3151,.F.);
#2070=ORIENTED_EDGE('',*,*,#2940,.F.);
#2071=ORIENTED_EDGE('',*,*,#3149,.F.);
#2072=ORIENTED_EDGE('',*,*,#3680,.F.);
#2073=ORIENTED_EDGE('',*,*,#2946,.F.);
#2074=ORIENTED_EDGE('',*,*,#3681,.F.);
#2075=ORIENTED_EDGE('',*,*,#3123,.F.);
#2076=ORIENTED_EDGE('',*,*,#3681,.T.);
#2077=ORIENTED_EDGE('',*,*,#2945,.F.);
#2078=ORIENTED_EDGE('',*,*,#3682,.F.);
#2079=ORIENTED_EDGE('',*,*,#3143,.F.);
#2080=ORIENTED_EDGE('',*,*,#3680,.T.);
#2081=ORIENTED_EDGE('',*,*,#3126,.F.);
#2082=ORIENTED_EDGE('',*,*,#3683,.F.);
#2083=ORIENTED_EDGE('',*,*,#2947,.F.);
#2084=ORIENTED_EDGE('',*,*,#3682,.T.);
#2085=ORIENTED_EDGE('',*,*,#2944,.F.);
#2086=ORIENTED_EDGE('',*,*,#3684,.F.);
#2087=ORIENTED_EDGE('',*,*,#3141,.F.);
#2088=ORIENTED_EDGE('',*,*,#3683,.T.);
#2089=ORIENTED_EDGE('',*,*,#3129,.F.);
#2090=ORIENTED_EDGE('',*,*,#3685,.F.);
#2091=ORIENTED_EDGE('',*,*,#2948,.F.);
#2092=ORIENTED_EDGE('',*,*,#3684,.T.);
#2093=ORIENTED_EDGE('',*,*,#2943,.F.);
#2094=ORIENTED_EDGE('',*,*,#3686,.F.);
#2095=ORIENTED_EDGE('',*,*,#3138,.F.);
#2096=ORIENTED_EDGE('',*,*,#3685,.T.);
#2097=ORIENTED_EDGE('',*,*,#3132,.F.);
#2098=ORIENTED_EDGE('',*,*,#3687,.F.);
#2099=ORIENTED_EDGE('',*,*,#2941,.F.);
#2100=ORIENTED_EDGE('',*,*,#3686,.T.);
#2101=ORIENTED_EDGE('',*,*,#2942,.F.);
#2102=ORIENTED_EDGE('',*,*,#3687,.T.);
#2103=ORIENTED_EDGE('',*,*,#3135,.F.);
#2104=ORIENTED_EDGE('',*,*,#2768,.T.);
#2105=ORIENTED_EDGE('',*,*,#3688,.T.);
#2106=ORIENTED_EDGE('',*,*,#2798,.T.);
#2107=ORIENTED_EDGE('',*,*,#3689,.F.);
#2108=ORIENTED_EDGE('',*,*,#2772,.F.);
#2109=ORIENTED_EDGE('',*,*,#3690,.T.);
#2110=ORIENTED_EDGE('',*,*,#2773,.T.);
#2111=ORIENTED_EDGE('',*,*,#3689,.T.);
#2112=ORIENTED_EDGE('',*,*,#2797,.F.);
#2113=ORIENTED_EDGE('',*,*,#3691,.F.);
#2114=ORIENTED_EDGE('',*,*,#2796,.T.);
#2115=ORIENTED_EDGE('',*,*,#3692,.T.);
#2116=ORIENTED_EDGE('',*,*,#3693,.F.);
#2117=ORIENTED_EDGE('',*,*,#3694,.T.);
#2118=ORIENTED_EDGE('',*,*,#2774,.F.);
#2119=ORIENTED_EDGE('',*,*,#3691,.T.);
#2120=ORIENTED_EDGE('',*,*,#3693,.T.);
#2121=ORIENTED_EDGE('',*,*,#3695,.T.);
#2122=ORIENTED_EDGE('',*,*,#3696,.F.);
#2123=ORIENTED_EDGE('',*,*,#3697,.T.);
#2124=ORIENTED_EDGE('',*,*,#3698,.F.);
#2125=ORIENTED_EDGE('',*,*,#3109,.F.);
#2126=ORIENTED_EDGE('',*,*,#3699,.F.);
#2127=ORIENTED_EDGE('',*,*,#3101,.F.);
#2128=ORIENTED_EDGE('',*,*,#3699,.T.);
#2129=ORIENTED_EDGE('',*,*,#3536,.F.);
#2130=ORIENTED_EDGE('',*,*,#3700,.F.);
#2131=ORIENTED_EDGE('',*,*,#3102,.F.);
#2132=ORIENTED_EDGE('',*,*,#3698,.T.);
#2133=ORIENTED_EDGE('',*,*,#3100,.F.);
#2134=ORIENTED_EDGE('',*,*,#3701,.F.);
#2135=ORIENTED_EDGE('',*,*,#3538,.F.);
#2136=ORIENTED_EDGE('',*,*,#3700,.T.);
#2137=ORIENTED_EDGE('',*,*,#3105,.F.);
#2138=ORIENTED_EDGE('',*,*,#3702,.F.);
#2139=ORIENTED_EDGE('',*,*,#3103,.F.);
#2140=ORIENTED_EDGE('',*,*,#3701,.T.);
#2141=ORIENTED_EDGE('',*,*,#3099,.F.);
#2142=ORIENTED_EDGE('',*,*,#3703,.F.);
#2143=ORIENTED_EDGE('',*,*,#3113,.F.);
#2144=ORIENTED_EDGE('',*,*,#3702,.T.);
#2145=ORIENTED_EDGE('',*,*,#3542,.F.);
#2146=ORIENTED_EDGE('',*,*,#3704,.F.);
#2147=ORIENTED_EDGE('',*,*,#3096,.F.);
#2148=ORIENTED_EDGE('',*,*,#3703,.T.);
#2149=ORIENTED_EDGE('',*,*,#3098,.F.);
#2150=ORIENTED_EDGE('',*,*,#3705,.F.);
#2151=ORIENTED_EDGE('',*,*,#3540,.F.);
#2152=ORIENTED_EDGE('',*,*,#3704,.T.);
#2153=ORIENTED_EDGE('',*,*,#3145,.F.);
#2154=ORIENTED_EDGE('',*,*,#3705,.T.);
#2155=ORIENTED_EDGE('',*,*,#3097,.F.);
#2156=ORIENTED_EDGE('',*,*,#3706,.F.);
#2157=ORIENTED_EDGE('',*,*,#3334,.F.);
#2158=ORIENTED_EDGE('',*,*,#3707,.F.);
#2159=ORIENTED_EDGE('',*,*,#3093,.F.);
#2160=ORIENTED_EDGE('',*,*,#3707,.T.);
#2161=ORIENTED_EDGE('',*,*,#3337,.F.);
#2162=ORIENTED_EDGE('',*,*,#3708,.F.);
#2163=ORIENTED_EDGE('',*,*,#3094,.F.);
#2164=ORIENTED_EDGE('',*,*,#3706,.T.);
#2165=ORIENTED_EDGE('',*,*,#3092,.F.);
#2166=ORIENTED_EDGE('',*,*,#3709,.F.);
#2167=ORIENTED_EDGE('',*,*,#3331,.F.);
#2168=ORIENTED_EDGE('',*,*,#3708,.T.);
#2169=ORIENTED_EDGE('',*,*,#3340,.F.);
#2170=ORIENTED_EDGE('',*,*,#3710,.F.);
#2171=ORIENTED_EDGE('',*,*,#3095,.F.);
#2172=ORIENTED_EDGE('',*,*,#3709,.T.);
#2173=ORIENTED_EDGE('',*,*,#3091,.F.);
#2174=ORIENTED_EDGE('',*,*,#3711,.F.);
#2175=ORIENTED_EDGE('',*,*,#3328,.F.);
#2176=ORIENTED_EDGE('',*,*,#3710,.T.);
#2177=ORIENTED_EDGE('',*,*,#3342,.F.);
#2178=ORIENTED_EDGE('',*,*,#3712,.F.);
#2179=ORIENTED_EDGE('',*,*,#3088,.F.);
#2180=ORIENTED_EDGE('',*,*,#3711,.T.);
#2181=ORIENTED_EDGE('',*,*,#3090,.F.);
#2182=ORIENTED_EDGE('',*,*,#3713,.F.);
#2183=ORIENTED_EDGE('',*,*,#3325,.F.);
#2184=ORIENTED_EDGE('',*,*,#3712,.T.);
#2185=ORIENTED_EDGE('',*,*,#3321,.F.);
#2186=ORIENTED_EDGE('',*,*,#3713,.T.);
#2187=ORIENTED_EDGE('',*,*,#3089,.F.);
#2188=ORIENTED_EDGE('',*,*,#3714,.F.);
#2189=ORIENTED_EDGE('',*,*,#3310,.F.);
#2190=ORIENTED_EDGE('',*,*,#3715,.F.);
#2191=ORIENTED_EDGE('',*,*,#3085,.F.);
#2192=ORIENTED_EDGE('',*,*,#3715,.T.);
#2193=ORIENTED_EDGE('',*,*,#3313,.F.);
#2194=ORIENTED_EDGE('',*,*,#3716,.F.);
#2195=ORIENTED_EDGE('',*,*,#3086,.F.);
#2196=ORIENTED_EDGE('',*,*,#3714,.T.);
#2197=ORIENTED_EDGE('',*,*,#3084,.F.);
#2198=ORIENTED_EDGE('',*,*,#3717,.F.);
#2199=ORIENTED_EDGE('',*,*,#3307,.F.);
#2200=ORIENTED_EDGE('',*,*,#3716,.T.);
#2201=ORIENTED_EDGE('',*,*,#3316,.F.);
#2202=ORIENTED_EDGE('',*,*,#3718,.F.);
#2203=ORIENTED_EDGE('',*,*,#3087,.F.);
#2204=ORIENTED_EDGE('',*,*,#3717,.T.);
#2205=ORIENTED_EDGE('',*,*,#3083,.F.);
#2206=ORIENTED_EDGE('',*,*,#3719,.F.);
#2207=ORIENTED_EDGE('',*,*,#3304,.F.);
#2208=ORIENTED_EDGE('',*,*,#3718,.T.);
#2209=ORIENTED_EDGE('',*,*,#3318,.F.);
#2210=ORIENTED_EDGE('',*,*,#3720,.F.);
#2211=ORIENTED_EDGE('',*,*,#3080,.F.);
#2212=ORIENTED_EDGE('',*,*,#3719,.T.);
#2213=ORIENTED_EDGE('',*,*,#3082,.F.);
#2214=ORIENTED_EDGE('',*,*,#3721,.F.);
#2215=ORIENTED_EDGE('',*,*,#3301,.F.);
#2216=ORIENTED_EDGE('',*,*,#3720,.T.);
#2217=ORIENTED_EDGE('',*,*,#3297,.F.);
#2218=ORIENTED_EDGE('',*,*,#3721,.T.);
#2219=ORIENTED_EDGE('',*,*,#3081,.F.);
#2220=ORIENTED_EDGE('',*,*,#3722,.F.);
#2221=ORIENTED_EDGE('',*,*,#3286,.F.);
#2222=ORIENTED_EDGE('',*,*,#3723,.F.);
#2223=ORIENTED_EDGE('',*,*,#3077,.F.);
#2224=ORIENTED_EDGE('',*,*,#3723,.T.);
#2225=ORIENTED_EDGE('',*,*,#3289,.F.);
#2226=ORIENTED_EDGE('',*,*,#3724,.F.);
#2227=ORIENTED_EDGE('',*,*,#3078,.F.);
#2228=ORIENTED_EDGE('',*,*,#3722,.T.);
#2229=ORIENTED_EDGE('',*,*,#3076,.F.);
#2230=ORIENTED_EDGE('',*,*,#3725,.F.);
#2231=ORIENTED_EDGE('',*,*,#3283,.F.);
#2232=ORIENTED_EDGE('',*,*,#3724,.T.);
#2233=ORIENTED_EDGE('',*,*,#3292,.F.);
#2234=ORIENTED_EDGE('',*,*,#3726,.F.);
#2235=ORIENTED_EDGE('',*,*,#3079,.F.);
#2236=ORIENTED_EDGE('',*,*,#3725,.T.);
#2237=ORIENTED_EDGE('',*,*,#3075,.F.);
#2238=ORIENTED_EDGE('',*,*,#3727,.F.);
#2239=ORIENTED_EDGE('',*,*,#3280,.F.);
#2240=ORIENTED_EDGE('',*,*,#3726,.T.);
#2241=ORIENTED_EDGE('',*,*,#3294,.F.);
#2242=ORIENTED_EDGE('',*,*,#3728,.F.);
#2243=ORIENTED_EDGE('',*,*,#3072,.F.);
#2244=ORIENTED_EDGE('',*,*,#3727,.T.);
#2245=ORIENTED_EDGE('',*,*,#3074,.F.);
#2246=ORIENTED_EDGE('',*,*,#3729,.F.);
#2247=ORIENTED_EDGE('',*,*,#3277,.F.);
#2248=ORIENTED_EDGE('',*,*,#3728,.T.);
#2249=ORIENTED_EDGE('',*,*,#3273,.F.);
#2250=ORIENTED_EDGE('',*,*,#3729,.T.);
#2251=ORIENTED_EDGE('',*,*,#3073,.F.);
#2252=ORIENTED_EDGE('',*,*,#3730,.F.);
#2253=ORIENTED_EDGE('',*,*,#3190,.F.);
#2254=ORIENTED_EDGE('',*,*,#3731,.F.);
#2255=ORIENTED_EDGE('',*,*,#3069,.F.);
#2256=ORIENTED_EDGE('',*,*,#3731,.T.);
#2257=ORIENTED_EDGE('',*,*,#3193,.F.);
#2258=ORIENTED_EDGE('',*,*,#3732,.F.);
#2259=ORIENTED_EDGE('',*,*,#3070,.F.);
#2260=ORIENTED_EDGE('',*,*,#3730,.T.);
#2261=ORIENTED_EDGE('',*,*,#3068,.F.);
#2262=ORIENTED_EDGE('',*,*,#3733,.F.);
#2263=ORIENTED_EDGE('',*,*,#3187,.F.);
#2264=ORIENTED_EDGE('',*,*,#3732,.T.);
#2265=ORIENTED_EDGE('',*,*,#3196,.F.);
#2266=ORIENTED_EDGE('',*,*,#3734,.F.);
#2267=ORIENTED_EDGE('',*,*,#3071,.F.);
#2268=ORIENTED_EDGE('',*,*,#3733,.T.);
#2269=ORIENTED_EDGE('',*,*,#3067,.F.);
#2270=ORIENTED_EDGE('',*,*,#3735,.F.);
#2271=ORIENTED_EDGE('',*,*,#3184,.F.);
#2272=ORIENTED_EDGE('',*,*,#3734,.T.);
#2273=ORIENTED_EDGE('',*,*,#3198,.F.);
#2274=ORIENTED_EDGE('',*,*,#3736,.F.);
#2275=ORIENTED_EDGE('',*,*,#3064,.F.);
#2276=ORIENTED_EDGE('',*,*,#3735,.T.);
#2277=ORIENTED_EDGE('',*,*,#3066,.F.);
#2278=ORIENTED_EDGE('',*,*,#3737,.F.);
#2279=ORIENTED_EDGE('',*,*,#3181,.F.);
#2280=ORIENTED_EDGE('',*,*,#3736,.T.);
#2281=ORIENTED_EDGE('',*,*,#3177,.F.);
#2282=ORIENTED_EDGE('',*,*,#3737,.T.);
#2283=ORIENTED_EDGE('',*,*,#3065,.F.);
#2284=ORIENTED_EDGE('',*,*,#3738,.F.);
#2285=ORIENTED_EDGE('',*,*,#3214,.F.);
#2286=ORIENTED_EDGE('',*,*,#3739,.F.);
#2287=ORIENTED_EDGE('',*,*,#3061,.F.);
#2288=ORIENTED_EDGE('',*,*,#3739,.T.);
#2289=ORIENTED_EDGE('',*,*,#3217,.F.);
#2290=ORIENTED_EDGE('',*,*,#3740,.F.);
#2291=ORIENTED_EDGE('',*,*,#3062,.F.);
#2292=ORIENTED_EDGE('',*,*,#3738,.T.);
#2293=ORIENTED_EDGE('',*,*,#3060,.F.);
#2294=ORIENTED_EDGE('',*,*,#3741,.F.);
#2295=ORIENTED_EDGE('',*,*,#3211,.F.);
#2296=ORIENTED_EDGE('',*,*,#3740,.T.);
#2297=ORIENTED_EDGE('',*,*,#3220,.F.);
#2298=ORIENTED_EDGE('',*,*,#3742,.F.);
#2299=ORIENTED_EDGE('',*,*,#3063,.F.);
#2300=ORIENTED_EDGE('',*,*,#3741,.T.);
#2301=ORIENTED_EDGE('',*,*,#3059,.F.);
#2302=ORIENTED_EDGE('',*,*,#3743,.F.);
#2303=ORIENTED_EDGE('',*,*,#3208,.F.);
#2304=ORIENTED_EDGE('',*,*,#3742,.T.);
#2305=ORIENTED_EDGE('',*,*,#3222,.F.);
#2306=ORIENTED_EDGE('',*,*,#3744,.F.);
#2307=ORIENTED_EDGE('',*,*,#3056,.F.);
#2308=ORIENTED_EDGE('',*,*,#3743,.T.);
#2309=ORIENTED_EDGE('',*,*,#3058,.F.);
#2310=ORIENTED_EDGE('',*,*,#3745,.F.);
#2311=ORIENTED_EDGE('',*,*,#3205,.F.);
#2312=ORIENTED_EDGE('',*,*,#3744,.T.);
#2313=ORIENTED_EDGE('',*,*,#3201,.F.);
#2314=ORIENTED_EDGE('',*,*,#3745,.T.);
#2315=ORIENTED_EDGE('',*,*,#3057,.F.);
#2316=ORIENTED_EDGE('',*,*,#3746,.F.);
#2317=ORIENTED_EDGE('',*,*,#3238,.F.);
#2318=ORIENTED_EDGE('',*,*,#3747,.F.);
#2319=ORIENTED_EDGE('',*,*,#3053,.F.);
#2320=ORIENTED_EDGE('',*,*,#3747,.T.);
#2321=ORIENTED_EDGE('',*,*,#3241,.F.);
#2322=ORIENTED_EDGE('',*,*,#3748,.F.);
#2323=ORIENTED_EDGE('',*,*,#3054,.F.);
#2324=ORIENTED_EDGE('',*,*,#3746,.T.);
#2325=ORIENTED_EDGE('',*,*,#3052,.F.);
#2326=ORIENTED_EDGE('',*,*,#3749,.F.);
#2327=ORIENTED_EDGE('',*,*,#3235,.F.);
#2328=ORIENTED_EDGE('',*,*,#3748,.T.);
#2329=ORIENTED_EDGE('',*,*,#3244,.F.);
#2330=ORIENTED_EDGE('',*,*,#3750,.F.);
#2331=ORIENTED_EDGE('',*,*,#3055,.F.);
#2332=ORIENTED_EDGE('',*,*,#3749,.T.);
#2333=ORIENTED_EDGE('',*,*,#3051,.F.);
#2334=ORIENTED_EDGE('',*,*,#3751,.F.);
#2335=ORIENTED_EDGE('',*,*,#3232,.F.);
#2336=ORIENTED_EDGE('',*,*,#3750,.T.);
#2337=ORIENTED_EDGE('',*,*,#3246,.F.);
#2338=ORIENTED_EDGE('',*,*,#3752,.F.);
#2339=ORIENTED_EDGE('',*,*,#3048,.F.);
#2340=ORIENTED_EDGE('',*,*,#3751,.T.);
#2341=ORIENTED_EDGE('',*,*,#3050,.F.);
#2342=ORIENTED_EDGE('',*,*,#3753,.F.);
#2343=ORIENTED_EDGE('',*,*,#3229,.F.);
#2344=ORIENTED_EDGE('',*,*,#3752,.T.);
#2345=ORIENTED_EDGE('',*,*,#3225,.F.);
#2346=ORIENTED_EDGE('',*,*,#3753,.T.);
#2347=ORIENTED_EDGE('',*,*,#3049,.F.);
#2348=ORIENTED_EDGE('',*,*,#3754,.F.);
#2349=ORIENTED_EDGE('',*,*,#3262,.F.);
#2350=ORIENTED_EDGE('',*,*,#3755,.F.);
#2351=ORIENTED_EDGE('',*,*,#3045,.F.);
#2352=ORIENTED_EDGE('',*,*,#3755,.T.);
#2353=ORIENTED_EDGE('',*,*,#3265,.F.);
#2354=ORIENTED_EDGE('',*,*,#3756,.F.);
#2355=ORIENTED_EDGE('',*,*,#3046,.F.);
#2356=ORIENTED_EDGE('',*,*,#3754,.T.);
#2357=ORIENTED_EDGE('',*,*,#3044,.F.);
#2358=ORIENTED_EDGE('',*,*,#3757,.F.);
#2359=ORIENTED_EDGE('',*,*,#3259,.F.);
#2360=ORIENTED_EDGE('',*,*,#3756,.T.);
#2361=ORIENTED_EDGE('',*,*,#3268,.F.);
#2362=ORIENTED_EDGE('',*,*,#3758,.F.);
#2363=ORIENTED_EDGE('',*,*,#3047,.F.);
#2364=ORIENTED_EDGE('',*,*,#3757,.T.);
#2365=ORIENTED_EDGE('',*,*,#3043,.F.);
#2366=ORIENTED_EDGE('',*,*,#3759,.F.);
#2367=ORIENTED_EDGE('',*,*,#3256,.F.);
#2368=ORIENTED_EDGE('',*,*,#3758,.T.);
#2369=ORIENTED_EDGE('',*,*,#3270,.F.);
#2370=ORIENTED_EDGE('',*,*,#3760,.F.);
#2371=ORIENTED_EDGE('',*,*,#3040,.F.);
#2372=ORIENTED_EDGE('',*,*,#3759,.T.);
#2373=ORIENTED_EDGE('',*,*,#3042,.F.);
#2374=ORIENTED_EDGE('',*,*,#3761,.F.);
#2375=ORIENTED_EDGE('',*,*,#3253,.F.);
#2376=ORIENTED_EDGE('',*,*,#3760,.T.);
#2377=ORIENTED_EDGE('',*,*,#3249,.F.);
#2378=ORIENTED_EDGE('',*,*,#3761,.T.);
#2379=ORIENTED_EDGE('',*,*,#3041,.F.);
#2380=ORIENTED_EDGE('',*,*,#3762,.F.);
#2381=ORIENTED_EDGE('',*,*,#3454,.F.);
#2382=ORIENTED_EDGE('',*,*,#3763,.F.);
#2383=ORIENTED_EDGE('',*,*,#3037,.F.);
#2384=ORIENTED_EDGE('',*,*,#3763,.T.);
#2385=ORIENTED_EDGE('',*,*,#3457,.F.);
#2386=ORIENTED_EDGE('',*,*,#3764,.F.);
#2387=ORIENTED_EDGE('',*,*,#3038,.F.);
#2388=ORIENTED_EDGE('',*,*,#3762,.T.);
#2389=ORIENTED_EDGE('',*,*,#3036,.F.);
#2390=ORIENTED_EDGE('',*,*,#3765,.F.);
#2391=ORIENTED_EDGE('',*,*,#3451,.F.);
#2392=ORIENTED_EDGE('',*,*,#3764,.T.);
#2393=ORIENTED_EDGE('',*,*,#3460,.F.);
#2394=ORIENTED_EDGE('',*,*,#3766,.F.);
#2395=ORIENTED_EDGE('',*,*,#3039,.F.);
#2396=ORIENTED_EDGE('',*,*,#3765,.T.);
#2397=ORIENTED_EDGE('',*,*,#3035,.F.);
#2398=ORIENTED_EDGE('',*,*,#3767,.F.);
#2399=ORIENTED_EDGE('',*,*,#3448,.F.);
#2400=ORIENTED_EDGE('',*,*,#3766,.T.);
#2401=ORIENTED_EDGE('',*,*,#3462,.F.);
#2402=ORIENTED_EDGE('',*,*,#3768,.F.);
#2403=ORIENTED_EDGE('',*,*,#3032,.F.);
#2404=ORIENTED_EDGE('',*,*,#3767,.T.);
#2405=ORIENTED_EDGE('',*,*,#3034,.F.);
#2406=ORIENTED_EDGE('',*,*,#3769,.F.);
#2407=ORIENTED_EDGE('',*,*,#3445,.F.);
#2408=ORIENTED_EDGE('',*,*,#3768,.T.);
#2409=ORIENTED_EDGE('',*,*,#3441,.F.);
#2410=ORIENTED_EDGE('',*,*,#3769,.T.);
#2411=ORIENTED_EDGE('',*,*,#3033,.F.);
#2412=ORIENTED_EDGE('',*,*,#3770,.F.);
#2413=ORIENTED_EDGE('',*,*,#3478,.F.);
#2414=ORIENTED_EDGE('',*,*,#3771,.F.);
#2415=ORIENTED_EDGE('',*,*,#3029,.F.);
#2416=ORIENTED_EDGE('',*,*,#3771,.T.);
#2417=ORIENTED_EDGE('',*,*,#3481,.F.);
#2418=ORIENTED_EDGE('',*,*,#3772,.F.);
#2419=ORIENTED_EDGE('',*,*,#3030,.F.);
#2420=ORIENTED_EDGE('',*,*,#3770,.T.);
#2421=ORIENTED_EDGE('',*,*,#3028,.F.);
#2422=ORIENTED_EDGE('',*,*,#3773,.F.);
#2423=ORIENTED_EDGE('',*,*,#3475,.F.);
#2424=ORIENTED_EDGE('',*,*,#3772,.T.);
#2425=ORIENTED_EDGE('',*,*,#3484,.F.);
#2426=ORIENTED_EDGE('',*,*,#3774,.F.);
#2427=ORIENTED_EDGE('',*,*,#3031,.F.);
#2428=ORIENTED_EDGE('',*,*,#3773,.T.);
#2429=ORIENTED_EDGE('',*,*,#3027,.F.);
#2430=ORIENTED_EDGE('',*,*,#3775,.F.);
#2431=ORIENTED_EDGE('',*,*,#3472,.F.);
#2432=ORIENTED_EDGE('',*,*,#3774,.T.);
#2433=ORIENTED_EDGE('',*,*,#3486,.F.);
#2434=ORIENTED_EDGE('',*,*,#3776,.F.);
#2435=ORIENTED_EDGE('',*,*,#3024,.F.);
#2436=ORIENTED_EDGE('',*,*,#3775,.T.);
#2437=ORIENTED_EDGE('',*,*,#3026,.F.);
#2438=ORIENTED_EDGE('',*,*,#3777,.F.);
#2439=ORIENTED_EDGE('',*,*,#3469,.F.);
#2440=ORIENTED_EDGE('',*,*,#3776,.T.);
#2441=ORIENTED_EDGE('',*,*,#3465,.F.);
#2442=ORIENTED_EDGE('',*,*,#3777,.T.);
#2443=ORIENTED_EDGE('',*,*,#3025,.F.);
#2444=ORIENTED_EDGE('',*,*,#3778,.F.);
#2445=ORIENTED_EDGE('',*,*,#3502,.F.);
#2446=ORIENTED_EDGE('',*,*,#3779,.F.);
#2447=ORIENTED_EDGE('',*,*,#3021,.F.);
#2448=ORIENTED_EDGE('',*,*,#3779,.T.);
#2449=ORIENTED_EDGE('',*,*,#3505,.F.);
#2450=ORIENTED_EDGE('',*,*,#3780,.F.);
#2451=ORIENTED_EDGE('',*,*,#3022,.F.);
#2452=ORIENTED_EDGE('',*,*,#3778,.T.);
#2453=ORIENTED_EDGE('',*,*,#3020,.F.);
#2454=ORIENTED_EDGE('',*,*,#3781,.F.);
#2455=ORIENTED_EDGE('',*,*,#3499,.F.);
#2456=ORIENTED_EDGE('',*,*,#3780,.T.);
#2457=ORIENTED_EDGE('',*,*,#3508,.F.);
#2458=ORIENTED_EDGE('',*,*,#3782,.F.);
#2459=ORIENTED_EDGE('',*,*,#3023,.F.);
#2460=ORIENTED_EDGE('',*,*,#3781,.T.);
#2461=ORIENTED_EDGE('',*,*,#3019,.F.);
#2462=ORIENTED_EDGE('',*,*,#3783,.F.);
#2463=ORIENTED_EDGE('',*,*,#3496,.F.);
#2464=ORIENTED_EDGE('',*,*,#3782,.T.);
#2465=ORIENTED_EDGE('',*,*,#3510,.F.);
#2466=ORIENTED_EDGE('',*,*,#3784,.F.);
#2467=ORIENTED_EDGE('',*,*,#3016,.F.);
#2468=ORIENTED_EDGE('',*,*,#3783,.T.);
#2469=ORIENTED_EDGE('',*,*,#3018,.F.);
#2470=ORIENTED_EDGE('',*,*,#3785,.F.);
#2471=ORIENTED_EDGE('',*,*,#3493,.F.);
#2472=ORIENTED_EDGE('',*,*,#3784,.T.);
#2473=ORIENTED_EDGE('',*,*,#3489,.F.);
#2474=ORIENTED_EDGE('',*,*,#3785,.T.);
#2475=ORIENTED_EDGE('',*,*,#3017,.F.);
#2476=ORIENTED_EDGE('',*,*,#3786,.F.);
#2477=ORIENTED_EDGE('',*,*,#3526,.F.);
#2478=ORIENTED_EDGE('',*,*,#3787,.F.);
#2479=ORIENTED_EDGE('',*,*,#3013,.F.);
#2480=ORIENTED_EDGE('',*,*,#3787,.T.);
#2481=ORIENTED_EDGE('',*,*,#3529,.F.);
#2482=ORIENTED_EDGE('',*,*,#3788,.F.);
#2483=ORIENTED_EDGE('',*,*,#3014,.F.);
#2484=ORIENTED_EDGE('',*,*,#3786,.T.);
#2485=ORIENTED_EDGE('',*,*,#3012,.F.);
#2486=ORIENTED_EDGE('',*,*,#3789,.F.);
#2487=ORIENTED_EDGE('',*,*,#3523,.F.);
#2488=ORIENTED_EDGE('',*,*,#3788,.T.);
#2489=ORIENTED_EDGE('',*,*,#3532,.F.);
#2490=ORIENTED_EDGE('',*,*,#3790,.F.);
#2491=ORIENTED_EDGE('',*,*,#3015,.F.);
#2492=ORIENTED_EDGE('',*,*,#3789,.T.);
#2493=ORIENTED_EDGE('',*,*,#3011,.F.);
#2494=ORIENTED_EDGE('',*,*,#3791,.F.);
#2495=ORIENTED_EDGE('',*,*,#3520,.F.);
#2496=ORIENTED_EDGE('',*,*,#3790,.T.);
#2497=ORIENTED_EDGE('',*,*,#3534,.F.);
#2498=ORIENTED_EDGE('',*,*,#3792,.F.);
#2499=ORIENTED_EDGE('',*,*,#3008,.F.);
#2500=ORIENTED_EDGE('',*,*,#3791,.T.);
#2501=ORIENTED_EDGE('',*,*,#3010,.F.);
#2502=ORIENTED_EDGE('',*,*,#3793,.F.);
#2503=ORIENTED_EDGE('',*,*,#3517,.F.);
#2504=ORIENTED_EDGE('',*,*,#3792,.T.);
#2505=ORIENTED_EDGE('',*,*,#3513,.F.);
#2506=ORIENTED_EDGE('',*,*,#3793,.T.);
#2507=ORIENTED_EDGE('',*,*,#3009,.F.);
#2508=ORIENTED_EDGE('',*,*,#3794,.F.);
#2509=ORIENTED_EDGE('',*,*,#3358,.F.);
#2510=ORIENTED_EDGE('',*,*,#3795,.F.);
#2511=ORIENTED_EDGE('',*,*,#3005,.F.);
#2512=ORIENTED_EDGE('',*,*,#3795,.T.);
#2513=ORIENTED_EDGE('',*,*,#3361,.F.);
#2514=ORIENTED_EDGE('',*,*,#3796,.F.);
#2515=ORIENTED_EDGE('',*,*,#3006,.F.);
#2516=ORIENTED_EDGE('',*,*,#3794,.T.);
#2517=ORIENTED_EDGE('',*,*,#3004,.F.);
#2518=ORIENTED_EDGE('',*,*,#3797,.F.);
#2519=ORIENTED_EDGE('',*,*,#3355,.F.);
#2520=ORIENTED_EDGE('',*,*,#3796,.T.);
#2521=ORIENTED_EDGE('',*,*,#3364,.F.);
#2522=ORIENTED_EDGE('',*,*,#3798,.F.);
#2523=ORIENTED_EDGE('',*,*,#3007,.F.);
#2524=ORIENTED_EDGE('',*,*,#3797,.T.);
#2525=ORIENTED_EDGE('',*,*,#3003,.F.);
#2526=ORIENTED_EDGE('',*,*,#3799,.F.);
#2527=ORIENTED_EDGE('',*,*,#3352,.F.);
#2528=ORIENTED_EDGE('',*,*,#3798,.T.);
#2529=ORIENTED_EDGE('',*,*,#3366,.F.);
#2530=ORIENTED_EDGE('',*,*,#3800,.F.);
#2531=ORIENTED_EDGE('',*,*,#3000,.F.);
#2532=ORIENTED_EDGE('',*,*,#3799,.T.);
#2533=ORIENTED_EDGE('',*,*,#3002,.F.);
#2534=ORIENTED_EDGE('',*,*,#3801,.F.);
#2535=ORIENTED_EDGE('',*,*,#3349,.F.);
#2536=ORIENTED_EDGE('',*,*,#3800,.T.);
#2537=ORIENTED_EDGE('',*,*,#3345,.F.);
#2538=ORIENTED_EDGE('',*,*,#3801,.T.);
#2539=ORIENTED_EDGE('',*,*,#3001,.F.);
#2540=ORIENTED_EDGE('',*,*,#3802,.F.);
#2541=ORIENTED_EDGE('',*,*,#3382,.F.);
#2542=ORIENTED_EDGE('',*,*,#3803,.F.);
#2543=ORIENTED_EDGE('',*,*,#2997,.F.);
#2544=ORIENTED_EDGE('',*,*,#3803,.T.);
#2545=ORIENTED_EDGE('',*,*,#3385,.F.);
#2546=ORIENTED_EDGE('',*,*,#3804,.F.);
#2547=ORIENTED_EDGE('',*,*,#2998,.F.);
#2548=ORIENTED_EDGE('',*,*,#3802,.T.);
#2549=ORIENTED_EDGE('',*,*,#2996,.F.);
#2550=ORIENTED_EDGE('',*,*,#3805,.F.);
#2551=ORIENTED_EDGE('',*,*,#3379,.F.);
#2552=ORIENTED_EDGE('',*,*,#3804,.T.);
#2553=ORIENTED_EDGE('',*,*,#3388,.F.);
#2554=ORIENTED_EDGE('',*,*,#3806,.F.);
#2555=ORIENTED_EDGE('',*,*,#2999,.F.);
#2556=ORIENTED_EDGE('',*,*,#3805,.T.);
#2557=ORIENTED_EDGE('',*,*,#2995,.F.);
#2558=ORIENTED_EDGE('',*,*,#3807,.F.);
#2559=ORIENTED_EDGE('',*,*,#3376,.F.);
#2560=ORIENTED_EDGE('',*,*,#3806,.T.);
#2561=ORIENTED_EDGE('',*,*,#3390,.F.);
#2562=ORIENTED_EDGE('',*,*,#3808,.F.);
#2563=ORIENTED_EDGE('',*,*,#2992,.F.);
#2564=ORIENTED_EDGE('',*,*,#3807,.T.);
#2565=ORIENTED_EDGE('',*,*,#2994,.F.);
#2566=ORIENTED_EDGE('',*,*,#3809,.F.);
#2567=ORIENTED_EDGE('',*,*,#3373,.F.);
#2568=ORIENTED_EDGE('',*,*,#3808,.T.);
#2569=ORIENTED_EDGE('',*,*,#3369,.F.);
#2570=ORIENTED_EDGE('',*,*,#3809,.T.);
#2571=ORIENTED_EDGE('',*,*,#2993,.F.);
#2572=ORIENTED_EDGE('',*,*,#3810,.F.);
#2573=ORIENTED_EDGE('',*,*,#3406,.F.);
#2574=ORIENTED_EDGE('',*,*,#3811,.F.);
#2575=ORIENTED_EDGE('',*,*,#2989,.F.);
#2576=ORIENTED_EDGE('',*,*,#3811,.T.);
#2577=ORIENTED_EDGE('',*,*,#3409,.F.);
#2578=ORIENTED_EDGE('',*,*,#3812,.F.);
#2579=ORIENTED_EDGE('',*,*,#2990,.F.);
#2580=ORIENTED_EDGE('',*,*,#3810,.T.);
#2581=ORIENTED_EDGE('',*,*,#2988,.F.);
#2582=ORIENTED_EDGE('',*,*,#3813,.F.);
#2583=ORIENTED_EDGE('',*,*,#3403,.F.);
#2584=ORIENTED_EDGE('',*,*,#3812,.T.);
#2585=ORIENTED_EDGE('',*,*,#3412,.F.);
#2586=ORIENTED_EDGE('',*,*,#3814,.F.);
#2587=ORIENTED_EDGE('',*,*,#2991,.F.);
#2588=ORIENTED_EDGE('',*,*,#3813,.T.);
#2589=ORIENTED_EDGE('',*,*,#2987,.F.);
#2590=ORIENTED_EDGE('',*,*,#3815,.F.);
#2591=ORIENTED_EDGE('',*,*,#3400,.F.);
#2592=ORIENTED_EDGE('',*,*,#3814,.T.);
#2593=ORIENTED_EDGE('',*,*,#3414,.F.);
#2594=ORIENTED_EDGE('',*,*,#3816,.F.);
#2595=ORIENTED_EDGE('',*,*,#2984,.F.);
#2596=ORIENTED_EDGE('',*,*,#3815,.T.);
#2597=ORIENTED_EDGE('',*,*,#2986,.F.);
#2598=ORIENTED_EDGE('',*,*,#3817,.F.);
#2599=ORIENTED_EDGE('',*,*,#3397,.F.);
#2600=ORIENTED_EDGE('',*,*,#3816,.T.);
#2601=ORIENTED_EDGE('',*,*,#3393,.F.);
#2602=ORIENTED_EDGE('',*,*,#3817,.T.);
#2603=ORIENTED_EDGE('',*,*,#2985,.F.);
#2604=ORIENTED_EDGE('',*,*,#3818,.F.);
#2605=ORIENTED_EDGE('',*,*,#3430,.F.);
#2606=ORIENTED_EDGE('',*,*,#3819,.F.);
#2607=ORIENTED_EDGE('',*,*,#2981,.F.);
#2608=ORIENTED_EDGE('',*,*,#3819,.T.);
#2609=ORIENTED_EDGE('',*,*,#3433,.F.);
#2610=ORIENTED_EDGE('',*,*,#3820,.F.);
#2611=ORIENTED_EDGE('',*,*,#2982,.F.);
#2612=ORIENTED_EDGE('',*,*,#3818,.T.);
#2613=ORIENTED_EDGE('',*,*,#2980,.F.);
#2614=ORIENTED_EDGE('',*,*,#3821,.F.);
#2615=ORIENTED_EDGE('',*,*,#3427,.F.);
#2616=ORIENTED_EDGE('',*,*,#3820,.T.);
#2617=ORIENTED_EDGE('',*,*,#3436,.F.);
#2618=ORIENTED_EDGE('',*,*,#3822,.F.);
#2619=ORIENTED_EDGE('',*,*,#2983,.F.);
#2620=ORIENTED_EDGE('',*,*,#3821,.T.);
#2621=ORIENTED_EDGE('',*,*,#2979,.F.);
#2622=ORIENTED_EDGE('',*,*,#3823,.F.);
#2623=ORIENTED_EDGE('',*,*,#3424,.F.);
#2624=ORIENTED_EDGE('',*,*,#3822,.T.);
#2625=ORIENTED_EDGE('',*,*,#3438,.F.);
#2626=ORIENTED_EDGE('',*,*,#3824,.F.);
#2627=ORIENTED_EDGE('',*,*,#2976,.F.);
#2628=ORIENTED_EDGE('',*,*,#3823,.T.);
#2629=ORIENTED_EDGE('',*,*,#2978,.F.);
#2630=ORIENTED_EDGE('',*,*,#3825,.F.);
#2631=ORIENTED_EDGE('',*,*,#3421,.F.);
#2632=ORIENTED_EDGE('',*,*,#3824,.T.);
#2633=ORIENTED_EDGE('',*,*,#3417,.F.);
#2634=ORIENTED_EDGE('',*,*,#3825,.T.);
#2635=ORIENTED_EDGE('',*,*,#2977,.F.);
#2636=ORIENTED_EDGE('',*,*,#3158,.F.);
#2637=ORIENTED_EDGE('',*,*,#2975,.F.);
#2638=ORIENTED_EDGE('',*,*,#3162,.F.);
#2639=ORIENTED_EDGE('',*,*,#2974,.F.);
#2640=ORIENTED_EDGE('',*,*,#3160,.F.);
#2641=ORIENTED_EDGE('',*,*,#2973,.F.);
#2642=ORIENTED_EDGE('',*,*,#2972,.F.);
#2643=ORIENTED_EDGE('',*,*,#3152,.F.);
#2644=ORIENTED_EDGE('',*,*,#2971,.F.);
#2645=ORIENTED_EDGE('',*,*,#3150,.F.);
#2646=ORIENTED_EDGE('',*,*,#2970,.F.);
#2647=ORIENTED_EDGE('',*,*,#3148,.F.);
#2648=ORIENTED_EDGE('',*,*,#3826,.F.);
#2649=ORIENTED_EDGE('',*,*,#3121,.F.);
#2650=ORIENTED_EDGE('',*,*,#3827,.F.);
#2651=ORIENTED_EDGE('',*,*,#2967,.F.);
#2652=ORIENTED_EDGE('',*,*,#3827,.T.);
#2653=ORIENTED_EDGE('',*,*,#3142,.F.);
#2654=ORIENTED_EDGE('',*,*,#3828,.F.);
#2655=ORIENTED_EDGE('',*,*,#2968,.F.);
#2656=ORIENTED_EDGE('',*,*,#3826,.T.);
#2657=ORIENTED_EDGE('',*,*,#2966,.F.);
#2658=ORIENTED_EDGE('',*,*,#3829,.F.);
#2659=ORIENTED_EDGE('',*,*,#3124,.F.);
#2660=ORIENTED_EDGE('',*,*,#3828,.T.);
#2661=ORIENTED_EDGE('',*,*,#3139,.F.);
#2662=ORIENTED_EDGE('',*,*,#3830,.F.);
#2663=ORIENTED_EDGE('',*,*,#2969,.F.);
#2664=ORIENTED_EDGE('',*,*,#3829,.T.);
#2665=ORIENTED_EDGE('',*,*,#2965,.F.);
#2666=ORIENTED_EDGE('',*,*,#3831,.F.);
#2667=ORIENTED_EDGE('',*,*,#3127,.F.);
#2668=ORIENTED_EDGE('',*,*,#3830,.T.);
#2669=ORIENTED_EDGE('',*,*,#3136,.F.);
#2670=ORIENTED_EDGE('',*,*,#3832,.F.);
#2671=ORIENTED_EDGE('',*,*,#2962,.F.);
#2672=ORIENTED_EDGE('',*,*,#3831,.T.);
#2673=ORIENTED_EDGE('',*,*,#2964,.F.);
#2674=ORIENTED_EDGE('',*,*,#3833,.F.);
#2675=ORIENTED_EDGE('',*,*,#3130,.F.);
#2676=ORIENTED_EDGE('',*,*,#3832,.T.);
#2677=ORIENTED_EDGE('',*,*,#3133,.F.);
#2678=ORIENTED_EDGE('',*,*,#3833,.T.);
#2679=ORIENTED_EDGE('',*,*,#2963,.F.);
#2680=ORIENTED_EDGE('',*,*,#2786,.F.);
#2681=ORIENTED_EDGE('',*,*,#3834,.T.);
#2682=ORIENTED_EDGE('',*,*,#2793,.F.);
#2683=ORIENTED_EDGE('',*,*,#3835,.F.);
#2684=ORIENTED_EDGE('',*,*,#2953,.F.);
#2685=ORIENTED_EDGE('',*,*,#3835,.T.);
#2686=ORIENTED_EDGE('',*,*,#3170,.F.);
#2687=ORIENTED_EDGE('',*,*,#3836,.F.);
#2688=ORIENTED_EDGE('',*,*,#2954,.F.);
#2689=ORIENTED_EDGE('',*,*,#3836,.T.);
#2690=ORIENTED_EDGE('',*,*,#3155,.F.);
#2691=ORIENTED_EDGE('',*,*,#3837,.F.);
#2692=ORIENTED_EDGE('',*,*,#2955,.F.);
#2693=ORIENTED_EDGE('',*,*,#3837,.T.);
#2694=ORIENTED_EDGE('',*,*,#3172,.F.);
#2695=ORIENTED_EDGE('',*,*,#3838,.F.);
#2696=ORIENTED_EDGE('',*,*,#2956,.F.);
#2697=ORIENTED_EDGE('',*,*,#3838,.T.);
#2698=ORIENTED_EDGE('',*,*,#3117,.F.);
#2699=ORIENTED_EDGE('',*,*,#3839,.F.);
#2700=ORIENTED_EDGE('',*,*,#2957,.F.);
#2701=ORIENTED_EDGE('',*,*,#3839,.T.);
#2702=ORIENTED_EDGE('',*,*,#3174,.F.);
#2703=ORIENTED_EDGE('',*,*,#3840,.F.);
#2704=ORIENTED_EDGE('',*,*,#2958,.F.);
#2705=ORIENTED_EDGE('',*,*,#3840,.T.);
#2706=ORIENTED_EDGE('',*,*,#3165,.F.);
#2707=ORIENTED_EDGE('',*,*,#3841,.F.);
#2708=ORIENTED_EDGE('',*,*,#2959,.F.);
#2709=ORIENTED_EDGE('',*,*,#3841,.T.);
#2710=ORIENTED_EDGE('',*,*,#3168,.F.);
#2711=ORIENTED_EDGE('',*,*,#3842,.F.);
#2712=ORIENTED_EDGE('',*,*,#2960,.F.);
#2713=ORIENTED_EDGE('',*,*,#3842,.T.);
#2714=ORIENTED_EDGE('',*,*,#2789,.F.);
#2715=ORIENTED_EDGE('',*,*,#3843,.T.);
#2716=ORIENTED_EDGE('',*,*,#2781,.F.);
#2717=ORIENTED_EDGE('',*,*,#2961,.F.);
#2718=ORIENTED_EDGE('',*,*,#3696,.T.);
#2719=ORIENTED_EDGE('',*,*,#3844,.T.);
#2720=ORIENTED_EDGE('',*,*,#2952,.T.);
#2721=ORIENTED_EDGE('',*,*,#3845,.T.);
#2722=ORIENTED_EDGE('',*,*,#3846,.T.);
#2723=ORIENTED_EDGE('',*,*,#2949,.F.);
#2724=ORIENTED_EDGE('',*,*,#3847,.T.);
#2725=ORIENTED_EDGE('',*,*,#2766,.F.);
#2726=ORIENTED_EDGE('',*,*,#3848,.T.);
#2727=ORIENTED_EDGE('',*,*,#3849,.T.);
#2728=ORIENTED_EDGE('',*,*,#2771,.F.);
#2729=ORIENTED_EDGE('',*,*,#3850,.F.);
#2730=ORIENTED_EDGE('',*,*,#3848,.F.);
#2731=ORIENTED_EDGE('',*,*,#2769,.F.);
#2732=ORIENTED_EDGE('',*,*,#3690,.F.);
#2733=ORIENTED_EDGE('',*,*,#2770,.F.);
#2734=ORIENTED_EDGE('',*,*,#2779,.F.);
#2735=ORIENTED_EDGE('',*,*,#2950,.F.);
#2736=ORIENTED_EDGE('',*,*,#3849,.F.);
#2737=ORIENTED_EDGE('',*,*,#3850,.T.);
#2738=ORIENTED_EDGE('',*,*,#3697,.F.);
#2739=ORIENTED_EDGE('',*,*,#3846,.F.);
#2740=ORIENTED_EDGE('',*,*,#3851,.F.);
#2741=ORIENTED_EDGE('',*,*,#2775,.F.);
#2742=ORIENTED_EDGE('',*,*,#3694,.F.);
#2743=ORIENTED_EDGE('',*,*,#3851,.T.);
#2744=ORIENTED_EDGE('',*,*,#3845,.F.);
#2745=ORIENTED_EDGE('',*,*,#2951,.F.);
#2746=ORIENTED_EDGE('',*,*,#2780,.F.);
#2747=ORIENTED_EDGE('',*,*,#2776,.F.);
#2748=ORIENTED_EDGE('',*,*,#3692,.F.);
#2749=ORIENTED_EDGE('',*,*,#2795,.F.);
#2750=ORIENTED_EDGE('',*,*,#3852,.F.);
#2751=ORIENTED_EDGE('',*,*,#3844,.F.);
#2752=ORIENTED_EDGE('',*,*,#3695,.F.);
#2753=ORIENTED_EDGE('',*,*,#3852,.T.);
#2754=ORIENTED_EDGE('',*,*,#2794,.F.);
#2755=ORIENTED_EDGE('',*,*,#3834,.F.);
#2756=ORIENTED_EDGE('',*,*,#2785,.F.);
#2757=ORIENTED_EDGE('',*,*,#2767,.F.);
#2758=ORIENTED_EDGE('',*,*,#3847,.F.);
#2759=ORIENTED_EDGE('',*,*,#3853,.F.);
#2760=ORIENTED_EDGE('',*,*,#2787,.F.);
#2761=ORIENTED_EDGE('',*,*,#3688,.F.);
#2762=ORIENTED_EDGE('',*,*,#3853,.T.);
#2763=ORIENTED_EDGE('',*,*,#2782,.F.);
#2764=ORIENTED_EDGE('',*,*,#3843,.F.);
#2765=ORIENTED_EDGE('',*,*,#2788,.F.);
#2766=EDGE_CURVE('',#3854,#3855,#4490,.T.);
#2767=EDGE_CURVE('',#3855,#3856,#270,.T.);
#2768=EDGE_CURVE('',#3857,#3856,#4491,.T.);
#2769=EDGE_CURVE('',#3857,#3854,#271,.T.);
#2770=EDGE_CURVE('',#3858,#3859,#262,.T.);
#2771=EDGE_CURVE('',#3859,#3860,#4492,.F.);
#2772=EDGE_CURVE('',#3860,#3861,#272,.T.);
#2773=EDGE_CURVE('',#3862,#3861,#4493,.T.);
#2774=EDGE_CURVE('',#3862,#3863,#273,.T.);
#2775=EDGE_CURVE('',#3863,#3864,#4494,.T.);
#2776=EDGE_CURVE('',#3864,#3865,#263,.T.);
#2777=EDGE_CURVE('',#3865,#3858,#4495,.F.);
#2778=EDGE_CURVE('',#3866,#3867,#4496,.F.);
#2779=EDGE_CURVE('',#3866,#3858,#4497,.F.);
#2780=EDGE_CURVE('',#3865,#3867,#4498,.T.);
#2781=EDGE_CURVE('',#3868,#3869,#4499,.T.);
#2782=EDGE_CURVE('',#3869,#3870,#4500,.F.);
#2783=EDGE_CURVE('',#3870,#3868,#4501,.T.);
#2784=EDGE_CURVE('',#3871,#3872,#4502,.T.);
#2785=EDGE_CURVE('',#3872,#3873,#4503,.T.);
#2786=EDGE_CURVE('',#3873,#3871,#4504,.T.);
#2787=EDGE_CURVE('',#3874,#3875,#4505,.T.);
#2788=EDGE_CURVE('',#3875,#3876,#4506,.T.);
#2789=EDGE_CURVE('',#3876,#3877,#4507,.T.);
#2790=EDGE_CURVE('',#3877,#3878,#4508,.T.);
#2791=EDGE_CURVE('',#3878,#3879,#4509,.T.);
#2792=EDGE_CURVE('',#3879,#3880,#4510,.F.);
#2793=EDGE_CURVE('',#3880,#3881,#4511,.T.);
#2794=EDGE_CURVE('',#3881,#3882,#4512,.F.);
#2795=EDGE_CURVE('',#3882,#3883,#4513,.F.);
#2796=EDGE_CURVE('',#3884,#3883,#274,.T.);
#2797=EDGE_CURVE('',#3884,#3885,#4514,.T.);
#2798=EDGE_CURVE('',#3874,#3885,#275,.T.);
#2799=EDGE_CURVE('',#3886,#3887,#276,.F.);
#2800=EDGE_CURVE('',#3887,#3888,#4515,.T.);
#2801=EDGE_CURVE('',#3888,#3889,#277,.F.);
#2802=EDGE_CURVE('',#3889,#3890,#4516,.T.);
#2803=EDGE_CURVE('',#3890,#3891,#278,.F.);
#2804=EDGE_CURVE('',#3891,#3892,#4517,.T.);
#2805=EDGE_CURVE('',#3892,#3893,#279,.F.);
#2806=EDGE_CURVE('',#3893,#3886,#4518,.T.);
#2807=EDGE_CURVE('',#3894,#3895,#4519,.T.);
#2808=EDGE_CURVE('',#3895,#3896,#280,.F.);
#2809=EDGE_CURVE('',#3896,#3897,#4520,.T.);
#2810=EDGE_CURVE('',#3897,#3898,#281,.F.);
#2811=EDGE_CURVE('',#3898,#3899,#4521,.T.);
#2812=EDGE_CURVE('',#3899,#3900,#282,.F.);
#2813=EDGE_CURVE('',#3900,#3901,#4522,.T.);
#2814=EDGE_CURVE('',#3901,#3894,#283,.F.);
#2815=EDGE_CURVE('',#3902,#3903,#4523,.T.);
#2816=EDGE_CURVE('',#3903,#3904,#284,.F.);
#2817=EDGE_CURVE('',#3904,#3905,#4524,.T.);
#2818=EDGE_CURVE('',#3905,#3906,#285,.F.);
#2819=EDGE_CURVE('',#3906,#3907,#4525,.T.);
#2820=EDGE_CURVE('',#3907,#3908,#286,.F.);
#2821=EDGE_CURVE('',#3908,#3909,#4526,.T.);
#2822=EDGE_CURVE('',#3909,#3902,#287,.F.);
#2823=EDGE_CURVE('',#3910,#3911,#4527,.T.);
#2824=EDGE_CURVE('',#3911,#3912,#288,.F.);
#2825=EDGE_CURVE('',#3912,#3913,#4528,.T.);
#2826=EDGE_CURVE('',#3913,#3914,#289,.F.);
#2827=EDGE_CURVE('',#3914,#3915,#4529,.T.);
#2828=EDGE_CURVE('',#3915,#3916,#290,.F.);
#2829=EDGE_CURVE('',#3916,#3917,#4530,.T.);
#2830=EDGE_CURVE('',#3917,#3910,#291,.F.);
#2831=EDGE_CURVE('',#3918,#3919,#4531,.T.);
#2832=EDGE_CURVE('',#3919,#3920,#292,.F.);
#2833=EDGE_CURVE('',#3920,#3921,#4532,.T.);
#2834=EDGE_CURVE('',#3921,#3922,#293,.F.);
#2835=EDGE_CURVE('',#3922,#3923,#4533,.T.);
#2836=EDGE_CURVE('',#3923,#3924,#294,.F.);
#2837=EDGE_CURVE('',#3924,#3925,#4534,.T.);
#2838=EDGE_CURVE('',#3925,#3918,#295,.F.);
#2839=EDGE_CURVE('',#3926,#3927,#4535,.T.);
#2840=EDGE_CURVE('',#3927,#3928,#296,.F.);
#2841=EDGE_CURVE('',#3928,#3929,#4536,.T.);
#2842=EDGE_CURVE('',#3929,#3930,#297,.F.);
#2843=EDGE_CURVE('',#3930,#3931,#4537,.T.);
#2844=EDGE_CURVE('',#3931,#3932,#298,.F.);
#2845=EDGE_CURVE('',#3932,#3933,#4538,.T.);
#2846=EDGE_CURVE('',#3933,#3926,#299,.F.);
#2847=EDGE_CURVE('',#3934,#3935,#4539,.T.);
#2848=EDGE_CURVE('',#3935,#3936,#300,.F.);
#2849=EDGE_CURVE('',#3936,#3937,#4540,.T.);
#2850=EDGE_CURVE('',#3937,#3938,#301,.F.);
#2851=EDGE_CURVE('',#3938,#3939,#4541,.T.);
#2852=EDGE_CURVE('',#3939,#3940,#302,.F.);
#2853=EDGE_CURVE('',#3940,#3941,#4542,.T.);
#2854=EDGE_CURVE('',#3941,#3934,#303,.F.);
#2855=EDGE_CURVE('',#3942,#3943,#4543,.T.);
#2856=EDGE_CURVE('',#3943,#3944,#304,.F.);
#2857=EDGE_CURVE('',#3944,#3945,#4544,.T.);
#2858=EDGE_CURVE('',#3945,#3946,#305,.F.);
#2859=EDGE_CURVE('',#3946,#3947,#4545,.T.);
#2860=EDGE_CURVE('',#3947,#3948,#306,.F.);
#2861=EDGE_CURVE('',#3948,#3949,#4546,.T.);
#2862=EDGE_CURVE('',#3949,#3942,#307,.F.);
#2863=EDGE_CURVE('',#3950,#3951,#4547,.T.);
#2864=EDGE_CURVE('',#3951,#3952,#308,.F.);
#2865=EDGE_CURVE('',#3952,#3953,#4548,.T.);
#2866=EDGE_CURVE('',#3953,#3954,#309,.F.);
#2867=EDGE_CURVE('',#3954,#3955,#4549,.T.);
#2868=EDGE_CURVE('',#3955,#3956,#310,.F.);
#2869=EDGE_CURVE('',#3956,#3957,#4550,.T.);
#2870=EDGE_CURVE('',#3957,#3950,#311,.F.);
#2871=EDGE_CURVE('',#3958,#3959,#4551,.T.);
#2872=EDGE_CURVE('',#3959,#3960,#312,.F.);
#2873=EDGE_CURVE('',#3960,#3961,#4552,.T.);
#2874=EDGE_CURVE('',#3961,#3962,#313,.F.);
#2875=EDGE_CURVE('',#3962,#3963,#4553,.T.);
#2876=EDGE_CURVE('',#3963,#3964,#314,.F.);
#2877=EDGE_CURVE('',#3964,#3965,#4554,.T.);
#2878=EDGE_CURVE('',#3965,#3958,#315,.F.);
#2879=EDGE_CURVE('',#3966,#3967,#4555,.T.);
#2880=EDGE_CURVE('',#3967,#3968,#316,.F.);
#2881=EDGE_CURVE('',#3968,#3969,#4556,.T.);
#2882=EDGE_CURVE('',#3969,#3970,#317,.F.);
#2883=EDGE_CURVE('',#3970,#3971,#4557,.T.);
#2884=EDGE_CURVE('',#3971,#3972,#318,.F.);
#2885=EDGE_CURVE('',#3972,#3973,#4558,.T.);
#2886=EDGE_CURVE('',#3973,#3966,#319,.F.);
#2887=EDGE_CURVE('',#3974,#3975,#4559,.T.);
#2888=EDGE_CURVE('',#3975,#3976,#320,.F.);
#2889=EDGE_CURVE('',#3976,#3977,#4560,.T.);
#2890=EDGE_CURVE('',#3977,#3978,#321,.F.);
#2891=EDGE_CURVE('',#3978,#3979,#4561,.T.);
#2892=EDGE_CURVE('',#3979,#3980,#322,.F.);
#2893=EDGE_CURVE('',#3980,#3981,#4562,.T.);
#2894=EDGE_CURVE('',#3981,#3974,#323,.F.);
#2895=EDGE_CURVE('',#3982,#3983,#4563,.T.);
#2896=EDGE_CURVE('',#3983,#3984,#324,.F.);
#2897=EDGE_CURVE('',#3984,#3985,#4564,.T.);
#2898=EDGE_CURVE('',#3985,#3986,#325,.F.);
#2899=EDGE_CURVE('',#3986,#3987,#4565,.T.);
#2900=EDGE_CURVE('',#3987,#3988,#326,.F.);
#2901=EDGE_CURVE('',#3988,#3989,#4566,.T.);
#2902=EDGE_CURVE('',#3989,#3982,#327,.F.);
#2903=EDGE_CURVE('',#3990,#3991,#4567,.T.);
#2904=EDGE_CURVE('',#3991,#3992,#328,.F.);
#2905=EDGE_CURVE('',#3992,#3993,#4568,.T.);
#2906=EDGE_CURVE('',#3993,#3994,#329,.F.);
#2907=EDGE_CURVE('',#3994,#3995,#4569,.T.);
#2908=EDGE_CURVE('',#3995,#3996,#330,.F.);
#2909=EDGE_CURVE('',#3996,#3997,#4570,.T.);
#2910=EDGE_CURVE('',#3997,#3990,#331,.F.);
#2911=EDGE_CURVE('',#3998,#3999,#4571,.T.);
#2912=EDGE_CURVE('',#3999,#4000,#332,.F.);
#2913=EDGE_CURVE('',#4000,#4001,#4572,.T.);
#2914=EDGE_CURVE('',#4001,#4002,#333,.F.);
#2915=EDGE_CURVE('',#4002,#4003,#4573,.T.);
#2916=EDGE_CURVE('',#4003,#4004,#334,.F.);
#2917=EDGE_CURVE('',#4004,#4005,#4574,.T.);
#2918=EDGE_CURVE('',#4005,#3998,#335,.F.);
#2919=EDGE_CURVE('',#4006,#4007,#4575,.T.);
#2920=EDGE_CURVE('',#4007,#4008,#336,.F.);
#2921=EDGE_CURVE('',#4008,#4009,#4576,.T.);
#2922=EDGE_CURVE('',#4009,#4010,#337,.F.);
#2923=EDGE_CURVE('',#4010,#4011,#4577,.T.);
#2924=EDGE_CURVE('',#4011,#4012,#338,.F.);
#2925=EDGE_CURVE('',#4012,#4013,#4578,.T.);
#2926=EDGE_CURVE('',#4013,#4006,#339,.F.);
#2927=EDGE_CURVE('',#4014,#4015,#340,.T.);
#2928=EDGE_CURVE('',#4015,#4016,#4579,.T.);
#2929=EDGE_CURVE('',#4016,#4017,#341,.T.);
#2930=EDGE_CURVE('',#4017,#4018,#4580,.T.);
#2931=EDGE_CURVE('',#4018,#4019,#342,.T.);
#2932=EDGE_CURVE('',#4019,#4020,#4581,.T.);
#2933=EDGE_CURVE('',#4020,#4021,#343,.T.);
#2934=EDGE_CURVE('',#4021,#4014,#4582,.T.);
#2935=EDGE_CURVE('',#4022,#4022,#344,.F.);
#2936=EDGE_CURVE('',#4023,#4023,#345,.F.);
#2937=EDGE_CURVE('',#4024,#4024,#346,.F.);
#2938=EDGE_CURVE('',#4025,#4025,#347,.F.);
#2939=EDGE_CURVE('',#4026,#4026,#348,.F.);
#2940=EDGE_CURVE('',#4027,#4027,#349,.F.);
#2941=EDGE_CURVE('',#4028,#4029,#4583,.T.);
#2942=EDGE_CURVE('',#4029,#4030,#350,.F.);
#2943=EDGE_CURVE('',#4030,#4031,#4584,.T.);
#2944=EDGE_CURVE('',#4031,#4032,#351,.F.);
#2945=EDGE_CURVE('',#4032,#4033,#4585,.T.);
#2946=EDGE_CURVE('',#4033,#4034,#352,.F.);
#2947=EDGE_CURVE('',#4034,#4035,#4586,.T.);
#2948=EDGE_CURVE('',#4035,#4028,#353,.F.);
#2949=EDGE_CURVE('',#3870,#4036,#4587,.T.);
#2950=EDGE_CURVE('',#4036,#3866,#264,.T.);
#2951=EDGE_CURVE('',#3867,#4037,#265,.T.);
#2952=EDGE_CURVE('',#3872,#4037,#4588,.T.);
#2953=EDGE_CURVE('',#3871,#4038,#4589,.T.);
#2954=EDGE_CURVE('',#4038,#4039,#354,.F.);
#2955=EDGE_CURVE('',#4039,#4040,#4590,.T.);
#2956=EDGE_CURVE('',#4040,#4041,#355,.F.);
#2957=EDGE_CURVE('',#4041,#4042,#4591,.T.);
#2958=EDGE_CURVE('',#4042,#4043,#356,.F.);
#2959=EDGE_CURVE('',#4043,#4044,#4592,.T.);
#2960=EDGE_CURVE('',#4044,#4045,#357,.F.);
#2961=EDGE_CURVE('',#4045,#3868,#4593,.T.);
#2962=EDGE_CURVE('',#4046,#4047,#4594,.T.);
#2963=EDGE_CURVE('',#4047,#4048,#358,.T.);
#2964=EDGE_CURVE('',#4048,#4049,#4595,.T.);
#2965=EDGE_CURVE('',#4049,#4050,#359,.T.);
#2966=EDGE_CURVE('',#4050,#4051,#4596,.T.);
#2967=EDGE_CURVE('',#4051,#4052,#360,.T.);
#2968=EDGE_CURVE('',#4052,#4053,#4597,.T.);
#2969=EDGE_CURVE('',#4053,#4046,#361,.T.);
#2970=EDGE_CURVE('',#4054,#4054,#362,.T.);
#2971=EDGE_CURVE('',#4055,#4055,#363,.T.);
#2972=EDGE_CURVE('',#4056,#4056,#364,.T.);
#2973=EDGE_CURVE('',#4057,#4057,#365,.T.);
#2974=EDGE_CURVE('',#4058,#4058,#366,.T.);
#2975=EDGE_CURVE('',#4059,#4059,#367,.T.);
#2976=EDGE_CURVE('',#4060,#4061,#4598,.T.);
#2977=EDGE_CURVE('',#4061,#4062,#368,.T.);
#2978=EDGE_CURVE('',#4062,#4063,#4599,.T.);
#2979=EDGE_CURVE('',#4063,#4064,#369,.T.);
#2980=EDGE_CURVE('',#4064,#4065,#4600,.T.);
#2981=EDGE_CURVE('',#4065,#4066,#370,.T.);
#2982=EDGE_CURVE('',#4066,#4067,#4601,.T.);
#2983=EDGE_CURVE('',#4067,#4060,#371,.T.);
#2984=EDGE_CURVE('',#4068,#4069,#4602,.T.);
#2985=EDGE_CURVE('',#4069,#4070,#372,.T.);
#2986=EDGE_CURVE('',#4070,#4071,#4603,.T.);
#2987=EDGE_CURVE('',#4071,#4072,#373,.T.);
#2988=EDGE_CURVE('',#4072,#4073,#4604,.T.);
#2989=EDGE_CURVE('',#4073,#4074,#374,.T.);
#2990=EDGE_CURVE('',#4074,#4075,#4605,.T.);
#2991=EDGE_CURVE('',#4075,#4068,#375,.T.);
#2992=EDGE_CURVE('',#4076,#4077,#4606,.T.);
#2993=EDGE_CURVE('',#4077,#4078,#376,.T.);
#2994=EDGE_CURVE('',#4078,#4079,#4607,.T.);
#2995=EDGE_CURVE('',#4079,#4080,#377,.T.);
#2996=EDGE_CURVE('',#4080,#4081,#4608,.T.);
#2997=EDGE_CURVE('',#4081,#4082,#378,.T.);
#2998=EDGE_CURVE('',#4082,#4083,#4609,.T.);
#2999=EDGE_CURVE('',#4083,#4076,#379,.T.);
#3000=EDGE_CURVE('',#4084,#4085,#4610,.T.);
#3001=EDGE_CURVE('',#4085,#4086,#380,.T.);
#3002=EDGE_CURVE('',#4086,#4087,#4611,.T.);
#3003=EDGE_CURVE('',#4087,#4088,#381,.T.);
#3004=EDGE_CURVE('',#4088,#4089,#4612,.T.);
#3005=EDGE_CURVE('',#4089,#4090,#382,.T.);
#3006=EDGE_CURVE('',#4090,#4091,#4613,.T.);
#3007=EDGE_CURVE('',#4091,#4084,#383,.T.);
#3008=EDGE_CURVE('',#4092,#4093,#4614,.T.);
#3009=EDGE_CURVE('',#4093,#4094,#384,.T.);
#3010=EDGE_CURVE('',#4094,#4095,#4615,.T.);
#3011=EDGE_CURVE('',#4095,#4096,#385,.T.);
#3012=EDGE_CURVE('',#4096,#4097,#4616,.T.);
#3013=EDGE_CURVE('',#4097,#4098,#386,.T.);
#3014=EDGE_CURVE('',#4098,#4099,#4617,.T.);
#3015=EDGE_CURVE('',#4099,#4092,#387,.T.);
#3016=EDGE_CURVE('',#4100,#4101,#4618,.T.);
#3017=EDGE_CURVE('',#4101,#4102,#388,.T.);
#3018=EDGE_CURVE('',#4102,#4103,#4619,.T.);
#3019=EDGE_CURVE('',#4103,#4104,#389,.T.);
#3020=EDGE_CURVE('',#4104,#4105,#4620,.T.);
#3021=EDGE_CURVE('',#4105,#4106,#390,.T.);
#3022=EDGE_CURVE('',#4106,#4107,#4621,.T.);
#3023=EDGE_CURVE('',#4107,#4100,#391,.T.);
#3024=EDGE_CURVE('',#4108,#4109,#4622,.T.);
#3025=EDGE_CURVE('',#4109,#4110,#392,.T.);
#3026=EDGE_CURVE('',#4110,#4111,#4623,.T.);
#3027=EDGE_CURVE('',#4111,#4112,#393,.T.);
#3028=EDGE_CURVE('',#4112,#4113,#4624,.T.);
#3029=EDGE_CURVE('',#4113,#4114,#394,.T.);
#3030=EDGE_CURVE('',#4114,#4115,#4625,.T.);
#3031=EDGE_CURVE('',#4115,#4108,#395,.T.);
#3032=EDGE_CURVE('',#4116,#4117,#4626,.T.);
#3033=EDGE_CURVE('',#4117,#4118,#396,.T.);
#3034=EDGE_CURVE('',#4118,#4119,#4627,.T.);
#3035=EDGE_CURVE('',#4119,#4120,#397,.T.);
#3036=EDGE_CURVE('',#4120,#4121,#4628,.T.);
#3037=EDGE_CURVE('',#4121,#4122,#398,.T.);
#3038=EDGE_CURVE('',#4122,#4123,#4629,.T.);
#3039=EDGE_CURVE('',#4123,#4116,#399,.T.);
#3040=EDGE_CURVE('',#4124,#4125,#4630,.T.);
#3041=EDGE_CURVE('',#4125,#4126,#400,.T.);
#3042=EDGE_CURVE('',#4126,#4127,#4631,.T.);
#3043=EDGE_CURVE('',#4127,#4128,#401,.T.);
#3044=EDGE_CURVE('',#4128,#4129,#4632,.T.);
#3045=EDGE_CURVE('',#4129,#4130,#402,.T.);
#3046=EDGE_CURVE('',#4130,#4131,#4633,.T.);
#3047=EDGE_CURVE('',#4131,#4124,#403,.T.);
#3048=EDGE_CURVE('',#4132,#4133,#4634,.T.);
#3049=EDGE_CURVE('',#4133,#4134,#404,.T.);
#3050=EDGE_CURVE('',#4134,#4135,#4635,.T.);
#3051=EDGE_CURVE('',#4135,#4136,#405,.T.);
#3052=EDGE_CURVE('',#4136,#4137,#4636,.T.);
#3053=EDGE_CURVE('',#4137,#4138,#406,.T.);
#3054=EDGE_CURVE('',#4138,#4139,#4637,.T.);
#3055=EDGE_CURVE('',#4139,#4132,#407,.T.);
#3056=EDGE_CURVE('',#4140,#4141,#4638,.T.);
#3057=EDGE_CURVE('',#4141,#4142,#408,.T.);
#3058=EDGE_CURVE('',#4142,#4143,#4639,.T.);
#3059=EDGE_CURVE('',#4143,#4144,#409,.T.);
#3060=EDGE_CURVE('',#4144,#4145,#4640,.T.);
#3061=EDGE_CURVE('',#4145,#4146,#410,.T.);
#3062=EDGE_CURVE('',#4146,#4147,#4641,.T.);
#3063=EDGE_CURVE('',#4147,#4140,#411,.T.);
#3064=EDGE_CURVE('',#4148,#4149,#4642,.T.);
#3065=EDGE_CURVE('',#4149,#4150,#412,.T.);
#3066=EDGE_CURVE('',#4150,#4151,#4643,.T.);
#3067=EDGE_CURVE('',#4151,#4152,#413,.T.);
#3068=EDGE_CURVE('',#4152,#4153,#4644,.T.);
#3069=EDGE_CURVE('',#4153,#4154,#414,.T.);
#3070=EDGE_CURVE('',#4154,#4155,#4645,.T.);
#3071=EDGE_CURVE('',#4155,#4148,#415,.T.);
#3072=EDGE_CURVE('',#4156,#4157,#4646,.T.);
#3073=EDGE_CURVE('',#4157,#4158,#416,.T.);
#3074=EDGE_CURVE('',#4158,#4159,#4647,.T.);
#3075=EDGE_CURVE('',#4159,#4160,#417,.T.);
#3076=EDGE_CURVE('',#4160,#4161,#4648,.T.);
#3077=EDGE_CURVE('',#4161,#4162,#418,.T.);
#3078=EDGE_CURVE('',#4162,#4163,#4649,.T.);
#3079=EDGE_CURVE('',#4163,#4156,#419,.T.);
#3080=EDGE_CURVE('',#4164,#4165,#4650,.T.);
#3081=EDGE_CURVE('',#4165,#4166,#420,.T.);
#3082=EDGE_CURVE('',#4166,#4167,#4651,.T.);
#3083=EDGE_CURVE('',#4167,#4168,#421,.T.);
#3084=EDGE_CURVE('',#4168,#4169,#4652,.T.);
#3085=EDGE_CURVE('',#4169,#4170,#422,.T.);
#3086=EDGE_CURVE('',#4170,#4171,#4653,.T.);
#3087=EDGE_CURVE('',#4171,#4164,#423,.T.);
#3088=EDGE_CURVE('',#4172,#4173,#4654,.T.);
#3089=EDGE_CURVE('',#4173,#4174,#424,.T.);
#3090=EDGE_CURVE('',#4174,#4175,#4655,.T.);
#3091=EDGE_CURVE('',#4175,#4176,#425,.T.);
#3092=EDGE_CURVE('',#4176,#4177,#4656,.T.);
#3093=EDGE_CURVE('',#4177,#4178,#426,.T.);
#3094=EDGE_CURVE('',#4178,#4179,#4657,.T.);
#3095=EDGE_CURVE('',#4179,#4172,#427,.T.);
#3096=EDGE_CURVE('',#4180,#4181,#428,.T.);
#3097=EDGE_CURVE('',#4181,#4182,#4658,.T.);
#3098=EDGE_CURVE('',#4182,#4183,#429,.T.);
#3099=EDGE_CURVE('',#4183,#4184,#4659,.T.);
#3100=EDGE_CURVE('',#4184,#4185,#430,.T.);
#3101=EDGE_CURVE('',#4185,#4186,#4660,.T.);
#3102=EDGE_CURVE('',#4186,#4187,#431,.T.);
#3103=EDGE_CURVE('',#4187,#4180,#4661,.T.);
#3104=EDGE_CURVE('',#4188,#4189,#4662,.T.);
#3105=EDGE_CURVE('',#4189,#4190,#4663,.T.);
#3106=EDGE_CURVE('',#4190,#4191,#4664,.F.);
#3107=EDGE_CURVE('',#4191,#4188,#4665,.T.);
#3108=EDGE_CURVE('',#4192,#4193,#4666,.T.);
#3109=EDGE_CURVE('',#4193,#4194,#4667,.T.);
#3110=EDGE_CURVE('',#4194,#4195,#4668,.F.);
#3111=EDGE_CURVE('',#4195,#4192,#4669,.T.);
#3112=EDGE_CURVE('',#4196,#4197,#4670,.T.);
#3113=EDGE_CURVE('',#4197,#4198,#4671,.T.);
#3114=EDGE_CURVE('',#4198,#4199,#4672,.F.);
#3115=EDGE_CURVE('',#4199,#4196,#4673,.T.);
#3116=EDGE_CURVE('',#4200,#4201,#4674,.F.);
#3117=EDGE_CURVE('',#4201,#4202,#4675,.T.);
#3118=EDGE_CURVE('',#4202,#4203,#4676,.T.);
#3119=EDGE_CURVE('',#4203,#4200,#4677,.T.);
#3120=EDGE_CURVE('',#4204,#4205,#4678,.T.);
#3121=EDGE_CURVE('',#4205,#4206,#432,.F.);
#3122=EDGE_CURVE('',#4207,#4206,#4679,.F.);
#3123=EDGE_CURVE('',#4207,#4204,#433,.T.);
#3124=EDGE_CURVE('',#4206,#4208,#4680,.T.);
#3125=EDGE_CURVE('',#4209,#4208,#4681,.T.);
#3126=EDGE_CURVE('',#4209,#4207,#4682,.T.);
#3127=EDGE_CURVE('',#4208,#4210,#434,.F.);
#3128=EDGE_CURVE('',#4211,#4210,#4683,.F.);
#3129=EDGE_CURVE('',#4211,#4209,#435,.T.);
#3130=EDGE_CURVE('',#4210,#4212,#4684,.T.);
#3131=EDGE_CURVE('',#4213,#4212,#4685,.T.);
#3132=EDGE_CURVE('',#4213,#4211,#4686,.T.);
#3133=EDGE_CURVE('',#4212,#4214,#436,.F.);
#3134=EDGE_CURVE('',#4215,#4214,#4687,.F.);
#3135=EDGE_CURVE('',#4215,#4213,#437,.T.);
#3136=EDGE_CURVE('',#4214,#4216,#4688,.T.);
#3137=EDGE_CURVE('',#4217,#4216,#4689,.T.);
#3138=EDGE_CURVE('',#4217,#4215,#4690,.T.);
#3139=EDGE_CURVE('',#4216,#4218,#438,.F.);
#3140=EDGE_CURVE('',#4219,#4218,#4691,.F.);
#3141=EDGE_CURVE('',#4219,#4217,#439,.T.);
#3142=EDGE_CURVE('',#4218,#4205,#4692,.T.);
#3143=EDGE_CURVE('',#4204,#4219,#4693,.T.);
#3144=EDGE_CURVE('',#4220,#4221,#4694,.T.);
#3145=EDGE_CURVE('',#4221,#4222,#4695,.T.);
#3146=EDGE_CURVE('',#4222,#4223,#4696,.F.);
#3147=EDGE_CURVE('',#4223,#4220,#4697,.T.);
#3148=EDGE_CURVE('',#4224,#4224,#440,.F.);
#3149=EDGE_CURVE('',#4225,#4225,#441,.T.);
#3150=EDGE_CURVE('',#4226,#4226,#442,.F.);
#3151=EDGE_CURVE('',#4227,#4227,#443,.T.);
#3152=EDGE_CURVE('',#4228,#4228,#444,.F.);
#3153=EDGE_CURVE('',#4229,#4229,#445,.T.);
#3154=EDGE_CURVE('',#4230,#4231,#4698,.F.);
#3155=EDGE_CURVE('',#4231,#4232,#4699,.T.);
#3156=EDGE_CURVE('',#4232,#4233,#4700,.T.);
#3157=EDGE_CURVE('',#4233,#4230,#4701,.T.);
#3158=EDGE_CURVE('',#4234,#4234,#446,.F.);
#3159=EDGE_CURVE('',#4235,#4235,#447,.T.);
#3160=EDGE_CURVE('',#4236,#4236,#448,.F.);
#3161=EDGE_CURVE('',#4237,#4237,#449,.T.);
#3162=EDGE_CURVE('',#4238,#4238,#450,.F.);
#3163=EDGE_CURVE('',#4239,#4239,#451,.T.);
#3164=EDGE_CURVE('',#4240,#4241,#4702,.F.);
#3165=EDGE_CURVE('',#4241,#4242,#4703,.T.);
#3166=EDGE_CURVE('',#4242,#4243,#4704,.T.);
#3167=EDGE_CURVE('',#4243,#4240,#4705,.T.);
#3168=EDGE_CURVE('',#3877,#4241,#452,.T.);
#3169=EDGE_CURVE('',#4240,#3878,#453,.F.);
#3170=EDGE_CURVE('',#4232,#3880,#454,.T.);
#3171=EDGE_CURVE('',#3879,#4233,#455,.F.);
#3172=EDGE_CURVE('',#4202,#4231,#456,.T.);
#3173=EDGE_CURVE('',#4230,#4203,#457,.F.);
#3174=EDGE_CURVE('',#4242,#4201,#458,.T.);
#3175=EDGE_CURVE('',#4200,#4243,#459,.F.);
#3176=EDGE_CURVE('',#4244,#4245,#4706,.T.);
#3177=EDGE_CURVE('',#4244,#4246,#460,.F.);
#3178=EDGE_CURVE('',#4246,#4247,#4707,.T.);
#3179=EDGE_CURVE('',#4247,#4245,#461,.T.);
#3180=EDGE_CURVE('',#4248,#4249,#4708,.T.);
#3181=EDGE_CURVE('',#4248,#4244,#4709,.T.);
#3182=EDGE_CURVE('',#4245,#4249,#4710,.T.);
#3183=EDGE_CURVE('',#4250,#4251,#4711,.T.);
#3184=EDGE_CURVE('',#4250,#4248,#462,.F.);
#3185=EDGE_CURVE('',#4249,#4251,#463,.T.);
#3186=EDGE_CURVE('',#4252,#4253,#4712,.T.);
#3187=EDGE_CURVE('',#4252,#4250,#4713,.T.);
#3188=EDGE_CURVE('',#4251,#4253,#4714,.T.);
#3189=EDGE_CURVE('',#4254,#4255,#4715,.T.);
#3190=EDGE_CURVE('',#4254,#4252,#464,.F.);
#3191=EDGE_CURVE('',#4253,#4255,#465,.T.);
#3192=EDGE_CURVE('',#4256,#4257,#4716,.T.);
#3193=EDGE_CURVE('',#4256,#4254,#4717,.T.);
#3194=EDGE_CURVE('',#4255,#4257,#4718,.T.);
#3195=EDGE_CURVE('',#4258,#4259,#4719,.T.);
#3196=EDGE_CURVE('',#4258,#4256,#466,.F.);
#3197=EDGE_CURVE('',#4257,#4259,#467,.T.);
#3198=EDGE_CURVE('',#4246,#4258,#4720,.T.);
#3199=EDGE_CURVE('',#4259,#4247,#4721,.T.);
#3200=EDGE_CURVE('',#4260,#4261,#4722,.T.);
#3201=EDGE_CURVE('',#4260,#4262,#468,.F.);
#3202=EDGE_CURVE('',#4262,#4263,#4723,.T.);
#3203=EDGE_CURVE('',#4263,#4261,#469,.T.);
#3204=EDGE_CURVE('',#4264,#4265,#4724,.T.);
#3205=EDGE_CURVE('',#4264,#4260,#4725,.T.);
#3206=EDGE_CURVE('',#4261,#4265,#4726,.T.);
#3207=EDGE_CURVE('',#4266,#4267,#4727,.T.);
#3208=EDGE_CURVE('',#4266,#4264,#470,.F.);
#3209=EDGE_CURVE('',#4265,#4267,#471,.T.);
#3210=EDGE_CURVE('',#4268,#4269,#4728,.T.);
#3211=EDGE_CURVE('',#4268,#4266,#4729,.T.);
#3212=EDGE_CURVE('',#4267,#4269,#4730,.T.);
#3213=EDGE_CURVE('',#4270,#4271,#4731,.T.);
#3214=EDGE_CURVE('',#4270,#4268,#472,.F.);
#3215=EDGE_CURVE('',#4269,#4271,#473,.T.);
#3216=EDGE_CURVE('',#4272,#4273,#4732,.T.);
#3217=EDGE_CURVE('',#4272,#4270,#4733,.T.);
#3218=EDGE_CURVE('',#4271,#4273,#4734,.T.);
#3219=EDGE_CURVE('',#4274,#4275,#4735,.T.);
#3220=EDGE_CURVE('',#4274,#4272,#474,.F.);
#3221=EDGE_CURVE('',#4273,#4275,#475,.T.);
#3222=EDGE_CURVE('',#4262,#4274,#4736,.T.);
#3223=EDGE_CURVE('',#4275,#4263,#4737,.T.);
#3224=EDGE_CURVE('',#4276,#4277,#4738,.T.);
#3225=EDGE_CURVE('',#4276,#4278,#476,.F.);
#3226=EDGE_CURVE('',#4278,#4279,#4739,.T.);
#3227=EDGE_CURVE('',#4279,#4277,#477,.T.);
#3228=EDGE_CURVE('',#4280,#4281,#4740,.T.);
#3229=EDGE_CURVE('',#4280,#4276,#4741,.T.);
#3230=EDGE_CURVE('',#4277,#4281,#4742,.T.);
#3231=EDGE_CURVE('',#4282,#4283,#4743,.T.);
#3232=EDGE_CURVE('',#4282,#4280,#478,.F.);
#3233=EDGE_CURVE('',#4281,#4283,#479,.T.);
#3234=EDGE_CURVE('',#4284,#4285,#4744,.T.);
#3235=EDGE_CURVE('',#4284,#4282,#4745,.T.);
#3236=EDGE_CURVE('',#4283,#4285,#4746,.T.);
#3237=EDGE_CURVE('',#4286,#4287,#4747,.T.);
#3238=EDGE_CURVE('',#4286,#4284,#480,.F.);
#3239=EDGE_CURVE('',#4285,#4287,#481,.T.);
#3240=EDGE_CURVE('',#4288,#4289,#4748,.T.);
#3241=EDGE_CURVE('',#4288,#4286,#4749,.T.);
#3242=EDGE_CURVE('',#4287,#4289,#4750,.T.);
#3243=EDGE_CURVE('',#4290,#4291,#4751,.T.);
#3244=EDGE_CURVE('',#4290,#4288,#482,.F.);
#3245=EDGE_CURVE('',#4289,#4291,#483,.T.);
#3246=EDGE_CURVE('',#4278,#4290,#4752,.T.);
#3247=EDGE_CURVE('',#4291,#4279,#4753,.T.);
#3248=EDGE_CURVE('',#4292,#4293,#4754,.T.);
#3249=EDGE_CURVE('',#4292,#4294,#484,.F.);
#3250=EDGE_CURVE('',#4294,#4295,#4755,.T.);
#3251=EDGE_CURVE('',#4295,#4293,#485,.T.);
#3252=EDGE_CURVE('',#4296,#4297,#4756,.T.);
#3253=EDGE_CURVE('',#4296,#4292,#4757,.T.);
#3254=EDGE_CURVE('',#4293,#4297,#4758,.T.);
#3255=EDGE_CURVE('',#4298,#4299,#4759,.T.);
#3256=EDGE_CURVE('',#4298,#4296,#486,.F.);
#3257=EDGE_CURVE('',#4297,#4299,#487,.T.);
#3258=EDGE_CURVE('',#4300,#4301,#4760,.T.);
#3259=EDGE_CURVE('',#4300,#4298,#4761,.T.);
#3260=EDGE_CURVE('',#4299,#4301,#4762,.T.);
#3261=EDGE_CURVE('',#4302,#4303,#4763,.T.);
#3262=EDGE_CURVE('',#4302,#4300,#488,.F.);
#3263=EDGE_CURVE('',#4301,#4303,#489,.T.);
#3264=EDGE_CURVE('',#4304,#4305,#4764,.T.);
#3265=EDGE_CURVE('',#4304,#4302,#4765,.T.);
#3266=EDGE_CURVE('',#4303,#4305,#4766,.T.);
#3267=EDGE_CURVE('',#4306,#4307,#4767,.T.);
#3268=EDGE_CURVE('',#4306,#4304,#490,.F.);
#3269=EDGE_CURVE('',#4305,#4307,#491,.T.);
#3270=EDGE_CURVE('',#4294,#4306,#4768,.T.);
#3271=EDGE_CURVE('',#4307,#4295,#4769,.T.);
#3272=EDGE_CURVE('',#4308,#4309,#4770,.T.);
#3273=EDGE_CURVE('',#4308,#4310,#492,.F.);
#3274=EDGE_CURVE('',#4310,#4311,#4771,.T.);
#3275=EDGE_CURVE('',#4311,#4309,#493,.T.);
#3276=EDGE_CURVE('',#4312,#4313,#4772,.T.);
#3277=EDGE_CURVE('',#4312,#4308,#4773,.T.);
#3278=EDGE_CURVE('',#4309,#4313,#4774,.T.);
#3279=EDGE_CURVE('',#4314,#4315,#4775,.T.);
#3280=EDGE_CURVE('',#4314,#4312,#494,.F.);
#3281=EDGE_CURVE('',#4313,#4315,#495,.T.);
#3282=EDGE_CURVE('',#4316,#4317,#4776,.T.);
#3283=EDGE_CURVE('',#4316,#4314,#4777,.T.);
#3284=EDGE_CURVE('',#4315,#4317,#4778,.T.);
#3285=EDGE_CURVE('',#4318,#4319,#4779,.T.);
#3286=EDGE_CURVE('',#4318,#4316,#496,.F.);
#3287=EDGE_CURVE('',#4317,#4319,#497,.T.);
#3288=EDGE_CURVE('',#4320,#4321,#4780,.T.);
#3289=EDGE_CURVE('',#4320,#4318,#4781,.T.);
#3290=EDGE_CURVE('',#4319,#4321,#4782,.T.);
#3291=EDGE_CURVE('',#4322,#4323,#4783,.T.);
#3292=EDGE_CURVE('',#4322,#4320,#498,.F.);
#3293=EDGE_CURVE('',#4321,#4323,#499,.T.);
#3294=EDGE_CURVE('',#4310,#4322,#4784,.T.);
#3295=EDGE_CURVE('',#4323,#4311,#4785,.T.);
#3296=EDGE_CURVE('',#4324,#4325,#4786,.T.);
#3297=EDGE_CURVE('',#4324,#4326,#500,.F.);
#3298=EDGE_CURVE('',#4326,#4327,#4787,.T.);
#3299=EDGE_CURVE('',#4327,#4325,#501,.T.);
#3300=EDGE_CURVE('',#4328,#4329,#4788,.T.);
#3301=EDGE_CURVE('',#4328,#4324,#4789,.T.);
#3302=EDGE_CURVE('',#4325,#4329,#4790,.T.);
#3303=EDGE_CURVE('',#4330,#4331,#4791,.T.);
#3304=EDGE_CURVE('',#4330,#4328,#502,.F.);
#3305=EDGE_CURVE('',#4329,#4331,#503,.T.);
#3306=EDGE_CURVE('',#4332,#4333,#4792,.T.);
#3307=EDGE_CURVE('',#4332,#4330,#4793,.T.);
#3308=EDGE_CURVE('',#4331,#4333,#4794,.T.);
#3309=EDGE_CURVE('',#4334,#4335,#4795,.T.);
#3310=EDGE_CURVE('',#4334,#4332,#504,.F.);
#3311=EDGE_CURVE('',#4333,#4335,#505,.T.);
#3312=EDGE_CURVE('',#4336,#4337,#4796,.T.);
#3313=EDGE_CURVE('',#4336,#4334,#4797,.T.);
#3314=EDGE_CURVE('',#4335,#4337,#4798,.T.);
#3315=EDGE_CURVE('',#4338,#4339,#4799,.T.);
#3316=EDGE_CURVE('',#4338,#4336,#506,.F.);
#3317=EDGE_CURVE('',#4337,#4339,#507,.T.);
#3318=EDGE_CURVE('',#4326,#4338,#4800,.T.);
#3319=EDGE_CURVE('',#4339,#4327,#4801,.T.);
#3320=EDGE_CURVE('',#4340,#4341,#4802,.T.);
#3321=EDGE_CURVE('',#4340,#4342,#508,.F.);
#3322=EDGE_CURVE('',#4342,#4343,#4803,.T.);
#3323=EDGE_CURVE('',#4343,#4341,#509,.T.);
#3324=EDGE_CURVE('',#4344,#4345,#4804,.T.);
#3325=EDGE_CURVE('',#4344,#4340,#4805,.T.);
#3326=EDGE_CURVE('',#4341,#4345,#4806,.T.);
#3327=EDGE_CURVE('',#4346,#4347,#4807,.T.);
#3328=EDGE_CURVE('',#4346,#4344,#510,.F.);
#3329=EDGE_CURVE('',#4345,#4347,#511,.T.);
#3330=EDGE_CURVE('',#4348,#4349,#4808,.T.);
#3331=EDGE_CURVE('',#4348,#4346,#4809,.T.);
#3332=EDGE_CURVE('',#4347,#4349,#4810,.T.);
#3333=EDGE_CURVE('',#4350,#4351,#4811,.T.);
#3334=EDGE_CURVE('',#4350,#4348,#512,.F.);
#3335=EDGE_CURVE('',#4349,#4351,#513,.T.);
#3336=EDGE_CURVE('',#4352,#4353,#4812,.T.);
#3337=EDGE_CURVE('',#4352,#4350,#4813,.T.);
#3338=EDGE_CURVE('',#4351,#4353,#4814,.T.);
#3339=EDGE_CURVE('',#4354,#4355,#4815,.T.);
#3340=EDGE_CURVE('',#4354,#4352,#514,.F.);
#3341=EDGE_CURVE('',#4353,#4355,#515,.T.);
#3342=EDGE_CURVE('',#4342,#4354,#4816,.T.);
#3343=EDGE_CURVE('',#4355,#4343,#4817,.T.);
#3344=EDGE_CURVE('',#4356,#4357,#4818,.T.);
#3345=EDGE_CURVE('',#4356,#4358,#516,.F.);
#3346=EDGE_CURVE('',#4358,#4359,#4819,.T.);
#3347=EDGE_CURVE('',#4359,#4357,#517,.T.);
#3348=EDGE_CURVE('',#4360,#4361,#4820,.T.);
#3349=EDGE_CURVE('',#4360,#4356,#4821,.T.);
#3350=EDGE_CURVE('',#4357,#4361,#4822,.T.);
#3351=EDGE_CURVE('',#4362,#4363,#4823,.T.);
#3352=EDGE_CURVE('',#4362,#4360,#518,.F.);
#3353=EDGE_CURVE('',#4361,#4363,#519,.T.);
#3354=EDGE_CURVE('',#4364,#4365,#4824,.T.);
#3355=EDGE_CURVE('',#4364,#4362,#4825,.T.);
#3356=EDGE_CURVE('',#4363,#4365,#4826,.T.);
#3357=EDGE_CURVE('',#4366,#4367,#4827,.T.);
#3358=EDGE_CURVE('',#4366,#4364,#520,.F.);
#3359=EDGE_CURVE('',#4365,#4367,#521,.T.);
#3360=EDGE_CURVE('',#4368,#4369,#4828,.T.);
#3361=EDGE_CURVE('',#4368,#4366,#4829,.T.);
#3362=EDGE_CURVE('',#4367,#4369,#4830,.T.);
#3363=EDGE_CURVE('',#4370,#4371,#4831,.T.);
#3364=EDGE_CURVE('',#4370,#4368,#522,.F.);
#3365=EDGE_CURVE('',#4369,#4371,#523,.T.);
#3366=EDGE_CURVE('',#4358,#4370,#4832,.T.);
#3367=EDGE_CURVE('',#4371,#4359,#4833,.T.);
#3368=EDGE_CURVE('',#4372,#4373,#4834,.T.);
#3369=EDGE_CURVE('',#4372,#4374,#524,.F.);
#3370=EDGE_CURVE('',#4374,#4375,#4835,.T.);
#3371=EDGE_CURVE('',#4375,#4373,#525,.T.);
#3372=EDGE_CURVE('',#4376,#4377,#4836,.T.);
#3373=EDGE_CURVE('',#4376,#4372,#4837,.T.);
#3374=EDGE_CURVE('',#4373,#4377,#4838,.T.);
#3375=EDGE_CURVE('',#4378,#4379,#4839,.T.);
#3376=EDGE_CURVE('',#4378,#4376,#526,.F.);
#3377=EDGE_CURVE('',#4377,#4379,#527,.T.);
#3378=EDGE_CURVE('',#4380,#4381,#4840,.T.);
#3379=EDGE_CURVE('',#4380,#4378,#4841,.T.);
#3380=EDGE_CURVE('',#4379,#4381,#4842,.T.);
#3381=EDGE_CURVE('',#4382,#4383,#4843,.T.);
#3382=EDGE_CURVE('',#4382,#4380,#528,.F.);
#3383=EDGE_CURVE('',#4381,#4383,#529,.T.);
#3384=EDGE_CURVE('',#4384,#4385,#4844,.T.);
#3385=EDGE_CURVE('',#4384,#4382,#4845,.T.);
#3386=EDGE_CURVE('',#4383,#4385,#4846,.T.);
#3387=EDGE_CURVE('',#4386,#4387,#4847,.T.);
#3388=EDGE_CURVE('',#4386,#4384,#530,.F.);
#3389=EDGE_CURVE('',#4385,#4387,#531,.T.);
#3390=EDGE_CURVE('',#4374,#4386,#4848,.T.);
#3391=EDGE_CURVE('',#4387,#4375,#4849,.T.);
#3392=EDGE_CURVE('',#4388,#4389,#4850,.T.);
#3393=EDGE_CURVE('',#4388,#4390,#532,.F.);
#3394=EDGE_CURVE('',#4390,#4391,#4851,.T.);
#3395=EDGE_CURVE('',#4391,#4389,#533,.T.);
#3396=EDGE_CURVE('',#4392,#4393,#4852,.T.);
#3397=EDGE_CURVE('',#4392,#4388,#4853,.T.);
#3398=EDGE_CURVE('',#4389,#4393,#4854,.T.);
#3399=EDGE_CURVE('',#4394,#4395,#4855,.T.);
#3400=EDGE_CURVE('',#4394,#4392,#534,.F.);
#3401=EDGE_CURVE('',#4393,#4395,#535,.T.);
#3402=EDGE_CURVE('',#4396,#4397,#4856,.T.);
#3403=EDGE_CURVE('',#4396,#4394,#4857,.T.);
#3404=EDGE_CURVE('',#4395,#4397,#4858,.T.);
#3405=EDGE_CURVE('',#4398,#4399,#4859,.T.);
#3406=EDGE_CURVE('',#4398,#4396,#536,.F.);
#3407=EDGE_CURVE('',#4397,#4399,#537,.T.);
#3408=EDGE_CURVE('',#4400,#4401,#4860,.T.);
#3409=EDGE_CURVE('',#4400,#4398,#4861,.T.);
#3410=EDGE_CURVE('',#4399,#4401,#4862,.T.);
#3411=EDGE_CURVE('',#4402,#4403,#4863,.T.);
#3412=EDGE_CURVE('',#4402,#4400,#538,.F.);
#3413=EDGE_CURVE('',#4401,#4403,#539,.T.);
#3414=EDGE_CURVE('',#4390,#4402,#4864,.T.);
#3415=EDGE_CURVE('',#4403,#4391,#4865,.T.);
#3416=EDGE_CURVE('',#4404,#4405,#4866,.T.);
#3417=EDGE_CURVE('',#4404,#4406,#540,.F.);
#3418=EDGE_CURVE('',#4406,#4407,#4867,.T.);
#3419=EDGE_CURVE('',#4407,#4405,#541,.T.);
#3420=EDGE_CURVE('',#4408,#4409,#4868,.T.);
#3421=EDGE_CURVE('',#4408,#4404,#4869,.T.);
#3422=EDGE_CURVE('',#4405,#4409,#4870,.T.);
#3423=EDGE_CURVE('',#4410,#4411,#4871,.T.);
#3424=EDGE_CURVE('',#4410,#4408,#542,.F.);
#3425=EDGE_CURVE('',#4409,#4411,#543,.T.);
#3426=EDGE_CURVE('',#4412,#4413,#4872,.T.);
#3427=EDGE_CURVE('',#4412,#4410,#4873,.T.);
#3428=EDGE_CURVE('',#4411,#4413,#4874,.T.);
#3429=EDGE_CURVE('',#4414,#4415,#4875,.T.);
#3430=EDGE_CURVE('',#4414,#4412,#544,.F.);
#3431=EDGE_CURVE('',#4413,#4415,#545,.T.);
#3432=EDGE_CURVE('',#4416,#4417,#4876,.T.);
#3433=EDGE_CURVE('',#4416,#4414,#4877,.T.);
#3434=EDGE_CURVE('',#4415,#4417,#4878,.T.);
#3435=EDGE_CURVE('',#4418,#4419,#4879,.T.);
#3436=EDGE_CURVE('',#4418,#4416,#546,.F.);
#3437=EDGE_CURVE('',#4417,#4419,#547,.T.);
#3438=EDGE_CURVE('',#4406,#4418,#4880,.T.);
#3439=EDGE_CURVE('',#4419,#4407,#4881,.T.);
#3440=EDGE_CURVE('',#4420,#4421,#4882,.T.);
#3441=EDGE_CURVE('',#4420,#4422,#548,.F.);
#3442=EDGE_CURVE('',#4422,#4423,#4883,.T.);
#3443=EDGE_CURVE('',#4423,#4421,#549,.T.);
#3444=EDGE_CURVE('',#4424,#4425,#4884,.T.);
#3445=EDGE_CURVE('',#4424,#4420,#4885,.T.);
#3446=EDGE_CURVE('',#4421,#4425,#4886,.T.);
#3447=EDGE_CURVE('',#4426,#4427,#4887,.T.);
#3448=EDGE_CURVE('',#4426,#4424,#550,.F.);
#3449=EDGE_CURVE('',#4425,#4427,#551,.T.);
#3450=EDGE_CURVE('',#4428,#4429,#4888,.T.);
#3451=EDGE_CURVE('',#4428,#4426,#4889,.T.);
#3452=EDGE_CURVE('',#4427,#4429,#4890,.T.);
#3453=EDGE_CURVE('',#4430,#4431,#4891,.T.);
#3454=EDGE_CURVE('',#4430,#4428,#552,.F.);
#3455=EDGE_CURVE('',#4429,#4431,#553,.T.);
#3456=EDGE_CURVE('',#4432,#4433,#4892,.T.);
#3457=EDGE_CURVE('',#4432,#4430,#4893,.T.);
#3458=EDGE_CURVE('',#4431,#4433,#4894,.T.);
#3459=EDGE_CURVE('',#4434,#4435,#4895,.T.);
#3460=EDGE_CURVE('',#4434,#4432,#554,.F.);
#3461=EDGE_CURVE('',#4433,#4435,#555,.T.);
#3462=EDGE_CURVE('',#4422,#4434,#4896,.T.);
#3463=EDGE_CURVE('',#4435,#4423,#4897,.T.);
#3464=EDGE_CURVE('',#4436,#4437,#4898,.T.);
#3465=EDGE_CURVE('',#4436,#4438,#556,.F.);
#3466=EDGE_CURVE('',#4438,#4439,#4899,.T.);
#3467=EDGE_CURVE('',#4439,#4437,#557,.T.);
#3468=EDGE_CURVE('',#4440,#4441,#4900,.T.);
#3469=EDGE_CURVE('',#4440,#4436,#4901,.T.);
#3470=EDGE_CURVE('',#4437,#4441,#4902,.T.);
#3471=EDGE_CURVE('',#4442,#4443,#4903,.T.);
#3472=EDGE_CURVE('',#4442,#4440,#558,.F.);
#3473=EDGE_CURVE('',#4441,#4443,#559,.T.);
#3474=EDGE_CURVE('',#4444,#4445,#4904,.T.);
#3475=EDGE_CURVE('',#4444,#4442,#4905,.T.);
#3476=EDGE_CURVE('',#4443,#4445,#4906,.T.);
#3477=EDGE_CURVE('',#4446,#4447,#4907,.T.);
#3478=EDGE_CURVE('',#4446,#4444,#560,.F.);
#3479=EDGE_CURVE('',#4445,#4447,#561,.T.);
#3480=EDGE_CURVE('',#4448,#4449,#4908,.T.);
#3481=EDGE_CURVE('',#4448,#4446,#4909,.T.);
#3482=EDGE_CURVE('',#4447,#4449,#4910,.T.);
#3483=EDGE_CURVE('',#4450,#4451,#4911,.T.);
#3484=EDGE_CURVE('',#4450,#4448,#562,.F.);
#3485=EDGE_CURVE('',#4449,#4451,#563,.T.);
#3486=EDGE_CURVE('',#4438,#4450,#4912,.T.);
#3487=EDGE_CURVE('',#4451,#4439,#4913,.T.);
#3488=EDGE_CURVE('',#4452,#4453,#4914,.T.);
#3489=EDGE_CURVE('',#4452,#4454,#564,.F.);
#3490=EDGE_CURVE('',#4454,#4455,#4915,.T.);
#3491=EDGE_CURVE('',#4455,#4453,#565,.T.);
#3492=EDGE_CURVE('',#4456,#4457,#4916,.T.);
#3493=EDGE_CURVE('',#4456,#4452,#4917,.T.);
#3494=EDGE_CURVE('',#4453,#4457,#4918,.T.);
#3495=EDGE_CURVE('',#4458,#4459,#4919,.T.);
#3496=EDGE_CURVE('',#4458,#4456,#566,.F.);
#3497=EDGE_CURVE('',#4457,#4459,#567,.T.);
#3498=EDGE_CURVE('',#4460,#4461,#4920,.T.);
#3499=EDGE_CURVE('',#4460,#4458,#4921,.T.);
#3500=EDGE_CURVE('',#4459,#4461,#4922,.T.);
#3501=EDGE_CURVE('',#4462,#4463,#4923,.T.);
#3502=EDGE_CURVE('',#4462,#4460,#568,.F.);
#3503=EDGE_CURVE('',#4461,#4463,#569,.T.);
#3504=EDGE_CURVE('',#4464,#4465,#4924,.T.);
#3505=EDGE_CURVE('',#4464,#4462,#4925,.T.);
#3506=EDGE_CURVE('',#4463,#4465,#4926,.T.);
#3507=EDGE_CURVE('',#4466,#4467,#4927,.T.);
#3508=EDGE_CURVE('',#4466,#4464,#570,.F.);
#3509=EDGE_CURVE('',#4465,#4467,#571,.T.);
#3510=EDGE_CURVE('',#4454,#4466,#4928,.T.);
#3511=EDGE_CURVE('',#4467,#4455,#4929,.T.);
#3512=EDGE_CURVE('',#4468,#4469,#4930,.T.);
#3513=EDGE_CURVE('',#4468,#4470,#572,.F.);
#3514=EDGE_CURVE('',#4470,#4471,#4931,.T.);
#3515=EDGE_CURVE('',#4471,#4469,#573,.T.);
#3516=EDGE_CURVE('',#4472,#4473,#4932,.T.);
#3517=EDGE_CURVE('',#4472,#4468,#4933,.T.);
#3518=EDGE_CURVE('',#4469,#4473,#4934,.T.);
#3519=EDGE_CURVE('',#4474,#4475,#4935,.T.);
#3520=EDGE_CURVE('',#4474,#4472,#574,.F.);
#3521=EDGE_CURVE('',#4473,#4475,#575,.T.);
#3522=EDGE_CURVE('',#4476,#4477,#4936,.T.);
#3523=EDGE_CURVE('',#4476,#4474,#4937,.T.);
#3524=EDGE_CURVE('',#4475,#4477,#4938,.T.);
#3525=EDGE_CURVE('',#4478,#4479,#4939,.T.);
#3526=EDGE_CURVE('',#4478,#4476,#576,.F.);
#3527=EDGE_CURVE('',#4477,#4479,#577,.T.);
#3528=EDGE_CURVE('',#4480,#4481,#4940,.T.);
#3529=EDGE_CURVE('',#4480,#4478,#4941,.T.);
#3530=EDGE_CURVE('',#4479,#4481,#4942,.T.);
#3531=EDGE_CURVE('',#4482,#4483,#4943,.T.);
#3532=EDGE_CURVE('',#4482,#4480,#578,.F.);
#3533=EDGE_CURVE('',#4481,#4483,#579,.T.);
#3534=EDGE_CURVE('',#4470,#4482,#4944,.T.);
#3535=EDGE_CURVE('',#4483,#4471,#4945,.T.);
#3536=EDGE_CURVE('',#4190,#4193,#580,.F.);
#3537=EDGE_CURVE('',#4192,#4191,#581,.T.);
#3538=EDGE_CURVE('',#4194,#4197,#582,.F.);
#3539=EDGE_CURVE('',#4196,#4195,#583,.T.);
#3540=EDGE_CURVE('',#4198,#4221,#584,.F.);
#3541=EDGE_CURVE('',#4220,#4199,#585,.T.);
#3542=EDGE_CURVE('',#4222,#4189,#586,.F.);
#3543=EDGE_CURVE('',#4188,#4223,#587,.T.);
#3544=EDGE_CURVE('',#3892,#4195,#4946,.T.);
#3545=EDGE_CURVE('',#4192,#3891,#4947,.T.);
#3546=EDGE_CURVE('',#4191,#3890,#4948,.T.);
#3547=EDGE_CURVE('',#3893,#4196,#4949,.T.);
#3548=EDGE_CURVE('',#4188,#3889,#4950,.T.);
#3549=EDGE_CURVE('',#3886,#4199,#4951,.T.);
#3550=EDGE_CURVE('',#4223,#3888,#4952,.T.);
#3551=EDGE_CURVE('',#3887,#4220,#4953,.T.);
#3552=EDGE_CURVE('',#3900,#4349,#4954,.T.);
#3553=EDGE_CURVE('',#4351,#3899,#4955,.T.);
#3554=EDGE_CURVE('',#4353,#3898,#4956,.T.);
#3555=EDGE_CURVE('',#3901,#4347,#4957,.T.);
#3556=EDGE_CURVE('',#4355,#3897,#4958,.T.);
#3557=EDGE_CURVE('',#3894,#4345,#4959,.T.);
#3558=EDGE_CURVE('',#4343,#3896,#4960,.T.);
#3559=EDGE_CURVE('',#3895,#4341,#4961,.T.);
#3560=EDGE_CURVE('',#3908,#4333,#4962,.T.);
#3561=EDGE_CURVE('',#4335,#3907,#4963,.T.);
#3562=EDGE_CURVE('',#4337,#3906,#4964,.T.);
#3563=EDGE_CURVE('',#3909,#4331,#4965,.T.);
#3564=EDGE_CURVE('',#4339,#3905,#4966,.T.);
#3565=EDGE_CURVE('',#3902,#4329,#4967,.T.);
#3566=EDGE_CURVE('',#4327,#3904,#4968,.T.);
#3567=EDGE_CURVE('',#3903,#4325,#4969,.T.);
#3568=EDGE_CURVE('',#3916,#4317,#4970,.T.);
#3569=EDGE_CURVE('',#4319,#3915,#4971,.T.);
#3570=EDGE_CURVE('',#4321,#3914,#4972,.T.);
#3571=EDGE_CURVE('',#3917,#4315,#4973,.T.);
#3572=EDGE_CURVE('',#4323,#3913,#4974,.T.);
#3573=EDGE_CURVE('',#3910,#4313,#4975,.T.);
#3574=EDGE_CURVE('',#4311,#3912,#4976,.T.);
#3575=EDGE_CURVE('',#3911,#4309,#4977,.T.);
#3576=EDGE_CURVE('',#3924,#4253,#4978,.T.);
#3577=EDGE_CURVE('',#4255,#3923,#4979,.T.);
#3578=EDGE_CURVE('',#4257,#3922,#4980,.T.);
#3579=EDGE_CURVE('',#3925,#4251,#4981,.T.);
#3580=EDGE_CURVE('',#4259,#3921,#4982,.T.);
#3581=EDGE_CURVE('',#3918,#4249,#4983,.T.);
#3582=EDGE_CURVE('',#4247,#3920,#4984,.T.);
#3583=EDGE_CURVE('',#3919,#4245,#4985,.T.);
#3584=EDGE_CURVE('',#3932,#4269,#4986,.T.);
#3585=EDGE_CURVE('',#4271,#3931,#4987,.T.);
#3586=EDGE_CURVE('',#4273,#3930,#4988,.T.);
#3587=EDGE_CURVE('',#3933,#4267,#4989,.T.);
#3588=EDGE_CURVE('',#4275,#3929,#4990,.T.);
#3589=EDGE_CURVE('',#3926,#4265,#4991,.T.);
#3590=EDGE_CURVE('',#4263,#3928,#4992,.T.);
#3591=EDGE_CURVE('',#3927,#4261,#4993,.T.);
#3592=EDGE_CURVE('',#3940,#4285,#4994,.T.);
#3593=EDGE_CURVE('',#4287,#3939,#4995,.T.);
#3594=EDGE_CURVE('',#4289,#3938,#4996,.T.);
#3595=EDGE_CURVE('',#3941,#4283,#4997,.T.);
#3596=EDGE_CURVE('',#4291,#3937,#4998,.T.);
#3597=EDGE_CURVE('',#3934,#4281,#4999,.T.);
#3598=EDGE_CURVE('',#4279,#3936,#5000,.T.);
#3599=EDGE_CURVE('',#3935,#4277,#5001,.T.);
#3600=EDGE_CURVE('',#3948,#4301,#5002,.T.);
#3601=EDGE_CURVE('',#4303,#3947,#5003,.T.);
#3602=EDGE_CURVE('',#4305,#3946,#5004,.T.);
#3603=EDGE_CURVE('',#3949,#4299,#5005,.T.);
#3604=EDGE_CURVE('',#4307,#3945,#5006,.T.);
#3605=EDGE_CURVE('',#3942,#4297,#5007,.T.);
#3606=EDGE_CURVE('',#4295,#3944,#5008,.T.);
#3607=EDGE_CURVE('',#3943,#4293,#5009,.T.);
#3608=EDGE_CURVE('',#3956,#4429,#5010,.T.);
#3609=EDGE_CURVE('',#4431,#3955,#5011,.T.);
#3610=EDGE_CURVE('',#4433,#3954,#5012,.T.);
#3611=EDGE_CURVE('',#3957,#4427,#5013,.T.);
#3612=EDGE_CURVE('',#4435,#3953,#5014,.T.);
#3613=EDGE_CURVE('',#3950,#4425,#5015,.T.);
#3614=EDGE_CURVE('',#4423,#3952,#5016,.T.);
#3615=EDGE_CURVE('',#3951,#4421,#5017,.T.);
#3616=EDGE_CURVE('',#3964,#4445,#5018,.T.);
#3617=EDGE_CURVE('',#4447,#3963,#5019,.T.);
#3618=EDGE_CURVE('',#4449,#3962,#5020,.T.);
#3619=EDGE_CURVE('',#3965,#4443,#5021,.T.);
#3620=EDGE_CURVE('',#4451,#3961,#5022,.T.);
#3621=EDGE_CURVE('',#3958,#4441,#5023,.T.);
#3622=EDGE_CURVE('',#4439,#3960,#5024,.T.);
#3623=EDGE_CURVE('',#3959,#4437,#5025,.T.);
#3624=EDGE_CURVE('',#3972,#4461,#5026,.T.);
#3625=EDGE_CURVE('',#4463,#3971,#5027,.T.);
#3626=EDGE_CURVE('',#4465,#3970,#5028,.T.);
#3627=EDGE_CURVE('',#3973,#4459,#5029,.T.);
#3628=EDGE_CURVE('',#4467,#3969,#5030,.T.);
#3629=EDGE_CURVE('',#3966,#4457,#5031,.T.);
#3630=EDGE_CURVE('',#4455,#3968,#5032,.T.);
#3631=EDGE_CURVE('',#3967,#4453,#5033,.T.);
#3632=EDGE_CURVE('',#3980,#4477,#5034,.T.);
#3633=EDGE_CURVE('',#4479,#3979,#5035,.T.);
#3634=EDGE_CURVE('',#4481,#3978,#5036,.T.);
#3635=EDGE_CURVE('',#3981,#4475,#5037,.T.);
#3636=EDGE_CURVE('',#4483,#3977,#5038,.T.);
#3637=EDGE_CURVE('',#3974,#4473,#5039,.T.);
#3638=EDGE_CURVE('',#4471,#3976,#5040,.T.);
#3639=EDGE_CURVE('',#3975,#4469,#5041,.T.);
#3640=EDGE_CURVE('',#3988,#4365,#5042,.T.);
#3641=EDGE_CURVE('',#4367,#3987,#5043,.T.);
#3642=EDGE_CURVE('',#4369,#3986,#5044,.T.);
#3643=EDGE_CURVE('',#3989,#4363,#5045,.T.);
#3644=EDGE_CURVE('',#4371,#3985,#5046,.T.);
#3645=EDGE_CURVE('',#3982,#4361,#5047,.T.);
#3646=EDGE_CURVE('',#4359,#3984,#5048,.T.);
#3647=EDGE_CURVE('',#3983,#4357,#5049,.T.);
#3648=EDGE_CURVE('',#3996,#4381,#5050,.T.);
#3649=EDGE_CURVE('',#4383,#3995,#5051,.T.);
#3650=EDGE_CURVE('',#4385,#3994,#5052,.T.);
#3651=EDGE_CURVE('',#3997,#4379,#5053,.T.);
#3652=EDGE_CURVE('',#4387,#3993,#5054,.T.);
#3653=EDGE_CURVE('',#3990,#4377,#5055,.T.);
#3654=EDGE_CURVE('',#4375,#3992,#5056,.T.);
#3655=EDGE_CURVE('',#3991,#4373,#5057,.T.);
#3656=EDGE_CURVE('',#4004,#4397,#5058,.T.);
#3657=EDGE_CURVE('',#4399,#4003,#5059,.T.);
#3658=EDGE_CURVE('',#4401,#4002,#5060,.T.);
#3659=EDGE_CURVE('',#4005,#4395,#5061,.T.);
#3660=EDGE_CURVE('',#4403,#4001,#5062,.T.);
#3661=EDGE_CURVE('',#3998,#4393,#5063,.T.);
#3662=EDGE_CURVE('',#4391,#4000,#5064,.T.);
#3663=EDGE_CURVE('',#3999,#4389,#5065,.T.);
#3664=EDGE_CURVE('',#4012,#4413,#5066,.T.);
#3665=EDGE_CURVE('',#4415,#4011,#5067,.T.);
#3666=EDGE_CURVE('',#4417,#4010,#5068,.T.);
#3667=EDGE_CURVE('',#4013,#4411,#5069,.T.);
#3668=EDGE_CURVE('',#4419,#4009,#5070,.T.);
#3669=EDGE_CURVE('',#4006,#4409,#5071,.T.);
#3670=EDGE_CURVE('',#4407,#4008,#5072,.T.);
#3671=EDGE_CURVE('',#4007,#4405,#5073,.T.);
#3672=EDGE_CURVE('',#4020,#4203,#5074,.T.);
#3673=EDGE_CURVE('',#4200,#4019,#5075,.T.);
#3674=EDGE_CURVE('',#4243,#4018,#5076,.T.);
#3675=EDGE_CURVE('',#4021,#4230,#5077,.T.);
#3676=EDGE_CURVE('',#4240,#4017,#5078,.T.);
#3677=EDGE_CURVE('',#4014,#4233,#5079,.T.);
#3678=EDGE_CURVE('',#3878,#4016,#5080,.T.);
#3679=EDGE_CURVE('',#4015,#3879,#5081,.T.);
#3680=EDGE_CURVE('',#4034,#4207,#5082,.T.);
#3681=EDGE_CURVE('',#4204,#4033,#5083,.T.);
#3682=EDGE_CURVE('',#4219,#4032,#5084,.T.);
#3683=EDGE_CURVE('',#4035,#4209,#5085,.T.);
#3684=EDGE_CURVE('',#4217,#4031,#5086,.T.);
#3685=EDGE_CURVE('',#4028,#4211,#5087,.T.);
#3686=EDGE_CURVE('',#4215,#4030,#5088,.T.);
#3687=EDGE_CURVE('',#4029,#4213,#5089,.T.);
#3688=EDGE_CURVE('',#3856,#3874,#12,.T.);
#3689=EDGE_CURVE('',#3861,#3885,#5090,.T.);
#3690=EDGE_CURVE('',#3860,#3857,#13,.T.);
#3691=EDGE_CURVE('',#3862,#3884,#5091,.T.);
#3692=EDGE_CURVE('',#3883,#4484,#14,.T.);
#3693=EDGE_CURVE('',#4485,#4484,#5092,.T.);
#3694=EDGE_CURVE('',#4485,#3863,#15,.T.);
#3695=EDGE_CURVE('',#4484,#4486,#588,.T.);
#3696=EDGE_CURVE('',#4487,#4486,#5093,.T.);
#3697=EDGE_CURVE('',#4487,#4485,#589,.T.);
#3698=EDGE_CURVE('',#4194,#4185,#5094,.T.);
#3699=EDGE_CURVE('',#4186,#4193,#5095,.T.);
#3700=EDGE_CURVE('',#4187,#4190,#5096,.T.);
#3701=EDGE_CURVE('',#4197,#4184,#5097,.T.);
#3702=EDGE_CURVE('',#4180,#4189,#5098,.T.);
#3703=EDGE_CURVE('',#4198,#4183,#5099,.T.);
#3704=EDGE_CURVE('',#4181,#4222,#5100,.T.);
#3705=EDGE_CURVE('',#4221,#4182,#5101,.T.);
#3706=EDGE_CURVE('',#4348,#4177,#5102,.T.);
#3707=EDGE_CURVE('',#4178,#4350,#5103,.T.);
#3708=EDGE_CURVE('',#4179,#4352,#5104,.T.);
#3709=EDGE_CURVE('',#4346,#4176,#5105,.T.);
#3710=EDGE_CURVE('',#4172,#4354,#5106,.T.);
#3711=EDGE_CURVE('',#4344,#4175,#5107,.T.);
#3712=EDGE_CURVE('',#4173,#4342,#5108,.T.);
#3713=EDGE_CURVE('',#4340,#4174,#5109,.T.);
#3714=EDGE_CURVE('',#4332,#4169,#5110,.T.);
#3715=EDGE_CURVE('',#4170,#4334,#5111,.T.);
#3716=EDGE_CURVE('',#4171,#4336,#5112,.T.);
#3717=EDGE_CURVE('',#4330,#4168,#5113,.T.);
#3718=EDGE_CURVE('',#4164,#4338,#5114,.T.);
#3719=EDGE_CURVE('',#4328,#4167,#5115,.T.);
#3720=EDGE_CURVE('',#4165,#4326,#5116,.T.);
#3721=EDGE_CURVE('',#4324,#4166,#5117,.T.);
#3722=EDGE_CURVE('',#4316,#4161,#5118,.T.);
#3723=EDGE_CURVE('',#4162,#4318,#5119,.T.);
#3724=EDGE_CURVE('',#4163,#4320,#5120,.T.);
#3725=EDGE_CURVE('',#4314,#4160,#5121,.T.);
#3726=EDGE_CURVE('',#4156,#4322,#5122,.T.);
#3727=EDGE_CURVE('',#4312,#4159,#5123,.T.);
#3728=EDGE_CURVE('',#4157,#4310,#5124,.T.);
#3729=EDGE_CURVE('',#4308,#4158,#5125,.T.);
#3730=EDGE_CURVE('',#4252,#4153,#5126,.T.);
#3731=EDGE_CURVE('',#4154,#4254,#5127,.T.);
#3732=EDGE_CURVE('',#4155,#4256,#5128,.T.);
#3733=EDGE_CURVE('',#4250,#4152,#5129,.T.);
#3734=EDGE_CURVE('',#4148,#4258,#5130,.T.);
#3735=EDGE_CURVE('',#4248,#4151,#5131,.T.);
#3736=EDGE_CURVE('',#4149,#4246,#5132,.T.);
#3737=EDGE_CURVE('',#4244,#4150,#5133,.T.);
#3738=EDGE_CURVE('',#4268,#4145,#5134,.T.);
#3739=EDGE_CURVE('',#4146,#4270,#5135,.T.);
#3740=EDGE_CURVE('',#4147,#4272,#5136,.T.);
#3741=EDGE_CURVE('',#4266,#4144,#5137,.T.);
#3742=EDGE_CURVE('',#4140,#4274,#5138,.T.);
#3743=EDGE_CURVE('',#4264,#4143,#5139,.T.);
#3744=EDGE_CURVE('',#4141,#4262,#5140,.T.);
#3745=EDGE_CURVE('',#4260,#4142,#5141,.T.);
#3746=EDGE_CURVE('',#4284,#4137,#5142,.T.);
#3747=EDGE_CURVE('',#4138,#4286,#5143,.T.);
#3748=EDGE_CURVE('',#4139,#4288,#5144,.T.);
#3749=EDGE_CURVE('',#4282,#4136,#5145,.T.);
#3750=EDGE_CURVE('',#4132,#4290,#5146,.T.);
#3751=EDGE_CURVE('',#4280,#4135,#5147,.T.);
#3752=EDGE_CURVE('',#4133,#4278,#5148,.T.);
#3753=EDGE_CURVE('',#4276,#4134,#5149,.T.);
#3754=EDGE_CURVE('',#4300,#4129,#5150,.T.);
#3755=EDGE_CURVE('',#4130,#4302,#5151,.T.);
#3756=EDGE_CURVE('',#4131,#4304,#5152,.T.);
#3757=EDGE_CURVE('',#4298,#4128,#5153,.T.);
#3758=EDGE_CURVE('',#4124,#4306,#5154,.T.);
#3759=EDGE_CURVE('',#4296,#4127,#5155,.T.);
#3760=EDGE_CURVE('',#4125,#4294,#5156,.T.);
#3761=EDGE_CURVE('',#4292,#4126,#5157,.T.);
#3762=EDGE_CURVE('',#4428,#4121,#5158,.T.);
#3763=EDGE_CURVE('',#4122,#4430,#5159,.T.);
#3764=EDGE_CURVE('',#4123,#4432,#5160,.T.);
#3765=EDGE_CURVE('',#4426,#4120,#5161,.T.);
#3766=EDGE_CURVE('',#4116,#4434,#5162,.T.);
#3767=EDGE_CURVE('',#4424,#4119,#5163,.T.);
#3768=EDGE_CURVE('',#4117,#4422,#5164,.T.);
#3769=EDGE_CURVE('',#4420,#4118,#5165,.T.);
#3770=EDGE_CURVE('',#4444,#4113,#5166,.T.);
#3771=EDGE_CURVE('',#4114,#4446,#5167,.T.);
#3772=EDGE_CURVE('',#4115,#4448,#5168,.T.);
#3773=EDGE_CURVE('',#4442,#4112,#5169,.T.);
#3774=EDGE_CURVE('',#4108,#4450,#5170,.T.);
#3775=EDGE_CURVE('',#4440,#4111,#5171,.T.);
#3776=EDGE_CURVE('',#4109,#4438,#5172,.T.);
#3777=EDGE_CURVE('',#4436,#4110,#5173,.T.);
#3778=EDGE_CURVE('',#4460,#4105,#5174,.T.);
#3779=EDGE_CURVE('',#4106,#4462,#5175,.T.);
#3780=EDGE_CURVE('',#4107,#4464,#5176,.T.);
#3781=EDGE_CURVE('',#4458,#4104,#5177,.T.);
#3782=EDGE_CURVE('',#4100,#4466,#5178,.T.);
#3783=EDGE_CURVE('',#4456,#4103,#5179,.T.);
#3784=EDGE_CURVE('',#4101,#4454,#5180,.T.);
#3785=EDGE_CURVE('',#4452,#4102,#5181,.T.);
#3786=EDGE_CURVE('',#4476,#4097,#5182,.T.);
#3787=EDGE_CURVE('',#4098,#4478,#5183,.T.);
#3788=EDGE_CURVE('',#4099,#4480,#5184,.T.);
#3789=EDGE_CURVE('',#4474,#4096,#5185,.T.);
#3790=EDGE_CURVE('',#4092,#4482,#5186,.T.);
#3791=EDGE_CURVE('',#4472,#4095,#5187,.T.);
#3792=EDGE_CURVE('',#4093,#4470,#5188,.T.);
#3793=EDGE_CURVE('',#4468,#4094,#5189,.T.);
#3794=EDGE_CURVE('',#4364,#4089,#5190,.T.);
#3795=EDGE_CURVE('',#4090,#4366,#5191,.T.);
#3796=EDGE_CURVE('',#4091,#4368,#5192,.T.);
#3797=EDGE_CURVE('',#4362,#4088,#5193,.T.);
#3798=EDGE_CURVE('',#4084,#4370,#5194,.T.);
#3799=EDGE_CURVE('',#4360,#4087,#5195,.T.);
#3800=EDGE_CURVE('',#4085,#4358,#5196,.T.);
#3801=EDGE_CURVE('',#4356,#4086,#5197,.T.);
#3802=EDGE_CURVE('',#4380,#4081,#5198,.T.);
#3803=EDGE_CURVE('',#4082,#4382,#5199,.T.);
#3804=EDGE_CURVE('',#4083,#4384,#5200,.T.);
#3805=EDGE_CURVE('',#4378,#4080,#5201,.T.);
#3806=EDGE_CURVE('',#4076,#4386,#5202,.T.);
#3807=EDGE_CURVE('',#4376,#4079,#5203,.T.);
#3808=EDGE_CURVE('',#4077,#4374,#5204,.T.);
#3809=EDGE_CURVE('',#4372,#4078,#5205,.T.);
#3810=EDGE_CURVE('',#4396,#4073,#5206,.T.);
#3811=EDGE_CURVE('',#4074,#4398,#5207,.T.);
#3812=EDGE_CURVE('',#4075,#4400,#5208,.T.);
#3813=EDGE_CURVE('',#4394,#4072,#5209,.T.);
#3814=EDGE_CURVE('',#4068,#4402,#5210,.T.);
#3815=EDGE_CURVE('',#4392,#4071,#5211,.T.);
#3816=EDGE_CURVE('',#4069,#4390,#5212,.T.);
#3817=EDGE_CURVE('',#4388,#4070,#5213,.T.);
#3818=EDGE_CURVE('',#4412,#4065,#5214,.T.);
#3819=EDGE_CURVE('',#4066,#4414,#5215,.T.);
#3820=EDGE_CURVE('',#4067,#4416,#5216,.T.);
#3821=EDGE_CURVE('',#4410,#4064,#5217,.T.);
#3822=EDGE_CURVE('',#4060,#4418,#5218,.T.);
#3823=EDGE_CURVE('',#4408,#4063,#5219,.T.);
#3824=EDGE_CURVE('',#4061,#4406,#5220,.T.);
#3825=EDGE_CURVE('',#4404,#4062,#5221,.T.);
#3826=EDGE_CURVE('',#4206,#4051,#5222,.T.);
#3827=EDGE_CURVE('',#4052,#4205,#5223,.T.);
#3828=EDGE_CURVE('',#4053,#4218,#5224,.T.);
#3829=EDGE_CURVE('',#4208,#4050,#5225,.T.);
#3830=EDGE_CURVE('',#4046,#4216,#5226,.T.);
#3831=EDGE_CURVE('',#4210,#4049,#5227,.T.);
#3832=EDGE_CURVE('',#4047,#4214,#5228,.T.);
#3833=EDGE_CURVE('',#4212,#4048,#5229,.T.);
#3834=EDGE_CURVE('',#3873,#3881,#266,.F.);
#3835=EDGE_CURVE('',#4038,#3880,#5230,.T.);
#3836=EDGE_CURVE('',#4039,#4232,#5231,.T.);
#3837=EDGE_CURVE('',#4040,#4231,#5232,.T.);
#3838=EDGE_CURVE('',#4041,#4202,#5233,.T.);
#3839=EDGE_CURVE('',#4042,#4201,#5234,.T.);
#3840=EDGE_CURVE('',#4043,#4242,#5235,.T.);
#3841=EDGE_CURVE('',#4044,#4241,#5236,.T.);
#3842=EDGE_CURVE('',#4045,#3877,#5237,.T.);
#3843=EDGE_CURVE('',#3876,#3869,#267,.F.);
#3844=EDGE_CURVE('',#4486,#3872,#5238,.T.);
#3845=EDGE_CURVE('',#4037,#4488,#5239,.T.);
#3846=EDGE_CURVE('',#4488,#4487,#5240,.F.);
#3847=EDGE_CURVE('',#3870,#3855,#5241,.F.);
#3848=EDGE_CURVE('',#3854,#4489,#5242,.T.);
#3849=EDGE_CURVE('',#4489,#4036,#5243,.F.);
#3850=EDGE_CURVE('',#4489,#3859,#268,.T.);
#3851=EDGE_CURVE('',#3864,#4488,#269,.F.);
#3852=EDGE_CURVE('',#3872,#3882,#16,.F.);
#3853=EDGE_CURVE('',#3875,#3870,#17,.F.);
#3854=VERTEX_POINT('',#10942);
#3855=VERTEX_POINT('',#10943);
#3856=VERTEX_POINT('',#10945);
#3857=VERTEX_POINT('',#10947);
#3858=VERTEX_POINT('',#10951);
#3859=VERTEX_POINT('',#10952);
#3860=VERTEX_POINT('',#10954);
#3861=VERTEX_POINT('',#10956);
#3862=VERTEX_POINT('',#10958);
#3863=VERTEX_POINT('',#10960);
#3864=VERTEX_POINT('',#10962);
#3865=VERTEX_POINT('',#10964);
#3866=VERTEX_POINT('',#10968);
#3867=VERTEX_POINT('',#10969);
#3868=VERTEX_POINT('',#10974);
#3869=VERTEX_POINT('',#10975);
#3870=VERTEX_POINT('',#10977);
#3871=VERTEX_POINT('',#10981);
#3872=VERTEX_POINT('',#10982);
#3873=VERTEX_POINT('',#10984);
#3874=VERTEX_POINT('',#10988);
#3875=VERTEX_POINT('',#10989);
#3876=VERTEX_POINT('',#10991);
#3877=VERTEX_POINT('',#10993);
#3878=VERTEX_POINT('',#10995);
#3879=VERTEX_POINT('',#10997);
#3880=VERTEX_POINT('',#10999);
#3881=VERTEX_POINT('',#11001);
#3882=VERTEX_POINT('',#11003);
#3883=VERTEX_POINT('',#11005);
#3884=VERTEX_POINT('',#11007);
#3885=VERTEX_POINT('',#11009);
#3886=VERTEX_POINT('',#11013);
#3887=VERTEX_POINT('',#11014);
#3888=VERTEX_POINT('',#11016);
#3889=VERTEX_POINT('',#11018);
#3890=VERTEX_POINT('',#11020);
#3891=VERTEX_POINT('',#11022);
#3892=VERTEX_POINT('',#11024);
#3893=VERTEX_POINT('',#11026);
#3894=VERTEX_POINT('',#11029);
#3895=VERTEX_POINT('',#11030);
#3896=VERTEX_POINT('',#11032);
#3897=VERTEX_POINT('',#11034);
#3898=VERTEX_POINT('',#11036);
#3899=VERTEX_POINT('',#11038);
#3900=VERTEX_POINT('',#11040);
#3901=VERTEX_POINT('',#11042);
#3902=VERTEX_POINT('',#11045);
#3903=VERTEX_POINT('',#11046);
#3904=VERTEX_POINT('',#11048);
#3905=VERTEX_POINT('',#11050);
#3906=VERTEX_POINT('',#11052);
#3907=VERTEX_POINT('',#11054);
#3908=VERTEX_POINT('',#11056);
#3909=VERTEX_POINT('',#11058);
#3910=VERTEX_POINT('',#11061);
#3911=VERTEX_POINT('',#11062);
#3912=VERTEX_POINT('',#11064);
#3913=VERTEX_POINT('',#11066);
#3914=VERTEX_POINT('',#11068);
#3915=VERTEX_POINT('',#11070);
#3916=VERTEX_POINT('',#11072);
#3917=VERTEX_POINT('',#11074);
#3918=VERTEX_POINT('',#11077);
#3919=VERTEX_POINT('',#11078);
#3920=VERTEX_POINT('',#11080);
#3921=VERTEX_POINT('',#11082);
#3922=VERTEX_POINT('',#11084);
#3923=VERTEX_POINT('',#11086);
#3924=VERTEX_POINT('',#11088);
#3925=VERTEX_POINT('',#11090);
#3926=VERTEX_POINT('',#11093);
#3927=VERTEX_POINT('',#11094);
#3928=VERTEX_POINT('',#11096);
#3929=VERTEX_POINT('',#11098);
#3930=VERTEX_POINT('',#11100);
#3931=VERTEX_POINT('',#11102);
#3932=VERTEX_POINT('',#11104);
#3933=VERTEX_POINT('',#11106);
#3934=VERTEX_POINT('',#11109);
#3935=VERTEX_POINT('',#11110);
#3936=VERTEX_POINT('',#11112);
#3937=VERTEX_POINT('',#11114);
#3938=VERTEX_POINT('',#11116);
#3939=VERTEX_POINT('',#11118);
#3940=VERTEX_POINT('',#11120);
#3941=VERTEX_POINT('',#11122);
#3942=VERTEX_POINT('',#11125);
#3943=VERTEX_POINT('',#11126);
#3944=VERTEX_POINT('',#11128);
#3945=VERTEX_POINT('',#11130);
#3946=VERTEX_POINT('',#11132);
#3947=VERTEX_POINT('',#11134);
#3948=VERTEX_POINT('',#11136);
#3949=VERTEX_POINT('',#11138);
#3950=VERTEX_POINT('',#11141);
#3951=VERTEX_POINT('',#11142);
#3952=VERTEX_POINT('',#11144);
#3953=VERTEX_POINT('',#11146);
#3954=VERTEX_POINT('',#11148);
#3955=VERTEX_POINT('',#11150);
#3956=VERTEX_POINT('',#11152);
#3957=VERTEX_POINT('',#11154);
#3958=VERTEX_POINT('',#11157);
#3959=VERTEX_POINT('',#11158);
#3960=VERTEX_POINT('',#11160);
#3961=VERTEX_POINT('',#11162);
#3962=VERTEX_POINT('',#11164);
#3963=VERTEX_POINT('',#11166);
#3964=VERTEX_POINT('',#11168);
#3965=VERTEX_POINT('',#11170);
#3966=VERTEX_POINT('',#11173);
#3967=VERTEX_POINT('',#11174);
#3968=VERTEX_POINT('',#11176);
#3969=VERTEX_POINT('',#11178);
#3970=VERTEX_POINT('',#11180);
#3971=VERTEX_POINT('',#11182);
#3972=VERTEX_POINT('',#11184);
#3973=VERTEX_POINT('',#11186);
#3974=VERTEX_POINT('',#11189);
#3975=VERTEX_POINT('',#11190);
#3976=VERTEX_POINT('',#11192);
#3977=VERTEX_POINT('',#11194);
#3978=VERTEX_POINT('',#11196);
#3979=VERTEX_POINT('',#11198);
#3980=VERTEX_POINT('',#11200);
#3981=VERTEX_POINT('',#11202);
#3982=VERTEX_POINT('',#11205);
#3983=VERTEX_POINT('',#11206);
#3984=VERTEX_POINT('',#11208);
#3985=VERTEX_POINT('',#11210);
#3986=VERTEX_POINT('',#11212);
#3987=VERTEX_POINT('',#11214);
#3988=VERTEX_POINT('',#11216);
#3989=VERTEX_POINT('',#11218);
#3990=VERTEX_POINT('',#11221);
#3991=VERTEX_POINT('',#11222);
#3992=VERTEX_POINT('',#11224);
#3993=VERTEX_POINT('',#11226);
#3994=VERTEX_POINT('',#11228);
#3995=VERTEX_POINT('',#11230);
#3996=VERTEX_POINT('',#11232);
#3997=VERTEX_POINT('',#11234);
#3998=VERTEX_POINT('',#11237);
#3999=VERTEX_POINT('',#11238);
#4000=VERTEX_POINT('',#11240);
#4001=VERTEX_POINT('',#11242);
#4002=VERTEX_POINT('',#11244);
#4003=VERTEX_POINT('',#11246);
#4004=VERTEX_POINT('',#11248);
#4005=VERTEX_POINT('',#11250);
#4006=VERTEX_POINT('',#11253);
#4007=VERTEX_POINT('',#11254);
#4008=VERTEX_POINT('',#11256);
#4009=VERTEX_POINT('',#11258);
#4010=VERTEX_POINT('',#11260);
#4011=VERTEX_POINT('',#11262);
#4012=VERTEX_POINT('',#11264);
#4013=VERTEX_POINT('',#11266);
#4014=VERTEX_POINT('',#11269);
#4015=VERTEX_POINT('',#11270);
#4016=VERTEX_POINT('',#11272);
#4017=VERTEX_POINT('',#11274);
#4018=VERTEX_POINT('',#11276);
#4019=VERTEX_POINT('',#11278);
#4020=VERTEX_POINT('',#11280);
#4021=VERTEX_POINT('',#11282);
#4022=VERTEX_POINT('',#11285);
#4023=VERTEX_POINT('',#11287);
#4024=VERTEX_POINT('',#11289);
#4025=VERTEX_POINT('',#11291);
#4026=VERTEX_POINT('',#11293);
#4027=VERTEX_POINT('',#11295);
#4028=VERTEX_POINT('',#11297);
#4029=VERTEX_POINT('',#11298);
#4030=VERTEX_POINT('',#11300);
#4031=VERTEX_POINT('',#11302);
#4032=VERTEX_POINT('',#11304);
#4033=VERTEX_POINT('',#11306);
#4034=VERTEX_POINT('',#11308);
#4035=VERTEX_POINT('',#11310);
#4036=VERTEX_POINT('',#11314);
#4037=VERTEX_POINT('',#11317);
#4038=VERTEX_POINT('',#11320);
#4039=VERTEX_POINT('',#11322);
#4040=VERTEX_POINT('',#11324);
#4041=VERTEX_POINT('',#11326);
#4042=VERTEX_POINT('',#11328);
#4043=VERTEX_POINT('',#11330);
#4044=VERTEX_POINT('',#11332);
#4045=VERTEX_POINT('',#11334);
#4046=VERTEX_POINT('',#11337);
#4047=VERTEX_POINT('',#11338);
#4048=VERTEX_POINT('',#11340);
#4049=VERTEX_POINT('',#11342);
#4050=VERTEX_POINT('',#11344);
#4051=VERTEX_POINT('',#11346);
#4052=VERTEX_POINT('',#11348);
#4053=VERTEX_POINT('',#11350);
#4054=VERTEX_POINT('',#11353);
#4055=VERTEX_POINT('',#11355);
#4056=VERTEX_POINT('',#11357);
#4057=VERTEX_POINT('',#11359);
#4058=VERTEX_POINT('',#11361);
#4059=VERTEX_POINT('',#11363);
#4060=VERTEX_POINT('',#11365);
#4061=VERTEX_POINT('',#11366);
#4062=VERTEX_POINT('',#11368);
#4063=VERTEX_POINT('',#11370);
#4064=VERTEX_POINT('',#11372);
#4065=VERTEX_POINT('',#11374);
#4066=VERTEX_POINT('',#11376);
#4067=VERTEX_POINT('',#11378);
#4068=VERTEX_POINT('',#11381);
#4069=VERTEX_POINT('',#11382);
#4070=VERTEX_POINT('',#11384);
#4071=VERTEX_POINT('',#11386);
#4072=VERTEX_POINT('',#11388);
#4073=VERTEX_POINT('',#11390);
#4074=VERTEX_POINT('',#11392);
#4075=VERTEX_POINT('',#11394);
#4076=VERTEX_POINT('',#11397);
#4077=VERTEX_POINT('',#11398);
#4078=VERTEX_POINT('',#11400);
#4079=VERTEX_POINT('',#11402);
#4080=VERTEX_POINT('',#11404);
#4081=VERTEX_POINT('',#11406);
#4082=VERTEX_POINT('',#11408);
#4083=VERTEX_POINT('',#11410);
#4084=VERTEX_POINT('',#11413);
#4085=VERTEX_POINT('',#11414);
#4086=VERTEX_POINT('',#11416);
#4087=VERTEX_POINT('',#11418);
#4088=VERTEX_POINT('',#11420);
#4089=VERTEX_POINT('',#11422);
#4090=VERTEX_POINT('',#11424);
#4091=VERTEX_POINT('',#11426);
#4092=VERTEX_POINT('',#11429);
#4093=VERTEX_POINT('',#11430);
#4094=VERTEX_POINT('',#11432);
#4095=VERTEX_POINT('',#11434);
#4096=VERTEX_POINT('',#11436);
#4097=VERTEX_POINT('',#11438);
#4098=VERTEX_POINT('',#11440);
#4099=VERTEX_POINT('',#11442);
#4100=VERTEX_POINT('',#11445);
#4101=VERTEX_POINT('',#11446);
#4102=VERTEX_POINT('',#11448);
#4103=VERTEX_POINT('',#11450);
#4104=VERTEX_POINT('',#11452);
#4105=VERTEX_POINT('',#11454);
#4106=VERTEX_POINT('',#11456);
#4107=VERTEX_POINT('',#11458);
#4108=VERTEX_POINT('',#11461);
#4109=VERTEX_POINT('',#11462);
#4110=VERTEX_POINT('',#11464);
#4111=VERTEX_POINT('',#11466);
#4112=VERTEX_POINT('',#11468);
#4113=VERTEX_POINT('',#11470);
#4114=VERTEX_POINT('',#11472);
#4115=VERTEX_POINT('',#11474);
#4116=VERTEX_POINT('',#11477);
#4117=VERTEX_POINT('',#11478);
#4118=VERTEX_POINT('',#11480);
#4119=VERTEX_POINT('',#11482);
#4120=VERTEX_POINT('',#11484);
#4121=VERTEX_POINT('',#11486);
#4122=VERTEX_POINT('',#11488);
#4123=VERTEX_POINT('',#11490);
#4124=VERTEX_POINT('',#11493);
#4125=VERTEX_POINT('',#11494);
#4126=VERTEX_POINT('',#11496);
#4127=VERTEX_POINT('',#11498);
#4128=VERTEX_POINT('',#11500);
#4129=VERTEX_POINT('',#11502);
#4130=VERTEX_POINT('',#11504);
#4131=VERTEX_POINT('',#11506);
#4132=VERTEX_POINT('',#11509);
#4133=VERTEX_POINT('',#11510);
#4134=VERTEX_POINT('',#11512);
#4135=VERTEX_POINT('',#11514);
#4136=VERTEX_POINT('',#11516);
#4137=VERTEX_POINT('',#11518);
#4138=VERTEX_POINT('',#11520);
#4139=VERTEX_POINT('',#11522);
#4140=VERTEX_POINT('',#11525);
#4141=VERTEX_POINT('',#11526);
#4142=VERTEX_POINT('',#11528);
#4143=VERTEX_POINT('',#11530);
#4144=VERTEX_POINT('',#11532);
#4145=VERTEX_POINT('',#11534);
#4146=VERTEX_POINT('',#11536);
#4147=VERTEX_POINT('',#11538);
#4148=VERTEX_POINT('',#11541);
#4149=VERTEX_POINT('',#11542);
#4150=VERTEX_POINT('',#11544);
#4151=VERTEX_POINT('',#11546);
#4152=VERTEX_POINT('',#11548);
#4153=VERTEX_POINT('',#11550);
#4154=VERTEX_POINT('',#11552);
#4155=VERTEX_POINT('',#11554);
#4156=VERTEX_POINT('',#11557);
#4157=VERTEX_POINT('',#11558);
#4158=VERTEX_POINT('',#11560);
#4159=VERTEX_POINT('',#11562);
#4160=VERTEX_POINT('',#11564);
#4161=VERTEX_POINT('',#11566);
#4162=VERTEX_POINT('',#11568);
#4163=VERTEX_POINT('',#11570);
#4164=VERTEX_POINT('',#11573);
#4165=VERTEX_POINT('',#11574);
#4166=VERTEX_POINT('',#11576);
#4167=VERTEX_POINT('',#11578);
#4168=VERTEX_POINT('',#11580);
#4169=VERTEX_POINT('',#11582);
#4170=VERTEX_POINT('',#11584);
#4171=VERTEX_POINT('',#11586);
#4172=VERTEX_POINT('',#11589);
#4173=VERTEX_POINT('',#11590);
#4174=VERTEX_POINT('',#11592);
#4175=VERTEX_POINT('',#11594);
#4176=VERTEX_POINT('',#11596);
#4177=VERTEX_POINT('',#11598);
#4178=VERTEX_POINT('',#11600);
#4179=VERTEX_POINT('',#11602);
#4180=VERTEX_POINT('',#11605);
#4181=VERTEX_POINT('',#11606);
#4182=VERTEX_POINT('',#11608);
#4183=VERTEX_POINT('',#11610);
#4184=VERTEX_POINT('',#11612);
#4185=VERTEX_POINT('',#11614);
#4186=VERTEX_POINT('',#11616);
#4187=VERTEX_POINT('',#11618);
#4188=VERTEX_POINT('',#11622);
#4189=VERTEX_POINT('',#11623);
#4190=VERTEX_POINT('',#11625);
#4191=VERTEX_POINT('',#11627);
#4192=VERTEX_POINT('',#11631);
#4193=VERTEX_POINT('',#11632);
#4194=VERTEX_POINT('',#11634);
#4195=VERTEX_POINT('',#11636);
#4196=VERTEX_POINT('',#11640);
#4197=VERTEX_POINT('',#11641);
#4198=VERTEX_POINT('',#11643);
#4199=VERTEX_POINT('',#11645);
#4200=VERTEX_POINT('',#11649);
#4201=VERTEX_POINT('',#11650);
#4202=VERTEX_POINT('',#11652);
#4203=VERTEX_POINT('',#11654);
#4204=VERTEX_POINT('',#11658);
#4205=VERTEX_POINT('',#11659);
#4206=VERTEX_POINT('',#11661);
#4207=VERTEX_POINT('',#11663);
#4208=VERTEX_POINT('',#11667);
#4209=VERTEX_POINT('',#11669);
#4210=VERTEX_POINT('',#11673);
#4211=VERTEX_POINT('',#11675);
#4212=VERTEX_POINT('',#11679);
#4213=VERTEX_POINT('',#11681);
#4214=VERTEX_POINT('',#11685);
#4215=VERTEX_POINT('',#11687);
#4216=VERTEX_POINT('',#11691);
#4217=VERTEX_POINT('',#11693);
#4218=VERTEX_POINT('',#11697);
#4219=VERTEX_POINT('',#11699);
#4220=VERTEX_POINT('',#11706);
#4221=VERTEX_POINT('',#11707);
#4222=VERTEX_POINT('',#11709);
#4223=VERTEX_POINT('',#11711);
#4224=VERTEX_POINT('',#11715);
#4225=VERTEX_POINT('',#11717);
#4226=VERTEX_POINT('',#11720);
#4227=VERTEX_POINT('',#11722);
#4228=VERTEX_POINT('',#11725);
#4229=VERTEX_POINT('',#11727);
#4230=VERTEX_POINT('',#11730);
#4231=VERTEX_POINT('',#11731);
#4232=VERTEX_POINT('',#11733);
#4233=VERTEX_POINT('',#11735);
#4234=VERTEX_POINT('',#11739);
#4235=VERTEX_POINT('',#11741);
#4236=VERTEX_POINT('',#11744);
#4237=VERTEX_POINT('',#11746);
#4238=VERTEX_POINT('',#11749);
#4239=VERTEX_POINT('',#11751);
#4240=VERTEX_POINT('',#11754);
#4241=VERTEX_POINT('',#11755);
#4242=VERTEX_POINT('',#11757);
#4243=VERTEX_POINT('',#11759);
#4244=VERTEX_POINT('',#11775);
#4245=VERTEX_POINT('',#11776);
#4246=VERTEX_POINT('',#11778);
#4247=VERTEX_POINT('',#11780);
#4248=VERTEX_POINT('',#11784);
#4249=VERTEX_POINT('',#11785);
#4250=VERTEX_POINT('',#11790);
#4251=VERTEX_POINT('',#11791);
#4252=VERTEX_POINT('',#11796);
#4253=VERTEX_POINT('',#11797);
#4254=VERTEX_POINT('',#11802);
#4255=VERTEX_POINT('',#11803);
#4256=VERTEX_POINT('',#11808);
#4257=VERTEX_POINT('',#11809);
#4258=VERTEX_POINT('',#11814);
#4259=VERTEX_POINT('',#11815);
#4260=VERTEX_POINT('',#11823);
#4261=VERTEX_POINT('',#11824);
#4262=VERTEX_POINT('',#11826);
#4263=VERTEX_POINT('',#11828);
#4264=VERTEX_POINT('',#11832);
#4265=VERTEX_POINT('',#11833);
#4266=VERTEX_POINT('',#11838);
#4267=VERTEX_POINT('',#11839);
#4268=VERTEX_POINT('',#11844);
#4269=VERTEX_POINT('',#11845);
#4270=VERTEX_POINT('',#11850);
#4271=VERTEX_POINT('',#11851);
#4272=VERTEX_POINT('',#11856);
#4273=VERTEX_POINT('',#11857);
#4274=VERTEX_POINT('',#11862);
#4275=VERTEX_POINT('',#11863);
#4276=VERTEX_POINT('',#11871);
#4277=VERTEX_POINT('',#11872);
#4278=VERTEX_POINT('',#11874);
#4279=VERTEX_POINT('',#11876);
#4280=VERTEX_POINT('',#11880);
#4281=VERTEX_POINT('',#11881);
#4282=VERTEX_POINT('',#11886);
#4283=VERTEX_POINT('',#11887);
#4284=VERTEX_POINT('',#11892);
#4285=VERTEX_POINT('',#11893);
#4286=VERTEX_POINT('',#11898);
#4287=VERTEX_POINT('',#11899);
#4288=VERTEX_POINT('',#11904);
#4289=VERTEX_POINT('',#11905);
#4290=VERTEX_POINT('',#11910);
#4291=VERTEX_POINT('',#11911);
#4292=VERTEX_POINT('',#11919);
#4293=VERTEX_POINT('',#11920);
#4294=VERTEX_POINT('',#11922);
#4295=VERTEX_POINT('',#11924);
#4296=VERTEX_POINT('',#11928);
#4297=VERTEX_POINT('',#11929);
#4298=VERTEX_POINT('',#11934);
#4299=VERTEX_POINT('',#11935);
#4300=VERTEX_POINT('',#11940);
#4301=VERTEX_POINT('',#11941);
#4302=VERTEX_POINT('',#11946);
#4303=VERTEX_POINT('',#11947);
#4304=VERTEX_POINT('',#11952);
#4305=VERTEX_POINT('',#11953);
#4306=VERTEX_POINT('',#11958);
#4307=VERTEX_POINT('',#11959);
#4308=VERTEX_POINT('',#11967);
#4309=VERTEX_POINT('',#11968);
#4310=VERTEX_POINT('',#11970);
#4311=VERTEX_POINT('',#11972);
#4312=VERTEX_POINT('',#11976);
#4313=VERTEX_POINT('',#11977);
#4314=VERTEX_POINT('',#11982);
#4315=VERTEX_POINT('',#11983);
#4316=VERTEX_POINT('',#11988);
#4317=VERTEX_POINT('',#11989);
#4318=VERTEX_POINT('',#11994);
#4319=VERTEX_POINT('',#11995);
#4320=VERTEX_POINT('',#12000);
#4321=VERTEX_POINT('',#12001);
#4322=VERTEX_POINT('',#12006);
#4323=VERTEX_POINT('',#12007);
#4324=VERTEX_POINT('',#12015);
#4325=VERTEX_POINT('',#12016);
#4326=VERTEX_POINT('',#12018);
#4327=VERTEX_POINT('',#12020);
#4328=VERTEX_POINT('',#12024);
#4329=VERTEX_POINT('',#12025);
#4330=VERTEX_POINT('',#12030);
#4331=VERTEX_POINT('',#12031);
#4332=VERTEX_POINT('',#12036);
#4333=VERTEX_POINT('',#12037);
#4334=VERTEX_POINT('',#12042);
#4335=VERTEX_POINT('',#12043);
#4336=VERTEX_POINT('',#12048);
#4337=VERTEX_POINT('',#12049);
#4338=VERTEX_POINT('',#12054);
#4339=VERTEX_POINT('',#12055);
#4340=VERTEX_POINT('',#12063);
#4341=VERTEX_POINT('',#12064);
#4342=VERTEX_POINT('',#12066);
#4343=VERTEX_POINT('',#12068);
#4344=VERTEX_POINT('',#12072);
#4345=VERTEX_POINT('',#12073);
#4346=VERTEX_POINT('',#12078);
#4347=VERTEX_POINT('',#12079);
#4348=VERTEX_POINT('',#12084);
#4349=VERTEX_POINT('',#12085);
#4350=VERTEX_POINT('',#12090);
#4351=VERTEX_POINT('',#12091);
#4352=VERTEX_POINT('',#12096);
#4353=VERTEX_POINT('',#12097);
#4354=VERTEX_POINT('',#12102);
#4355=VERTEX_POINT('',#12103);
#4356=VERTEX_POINT('',#12111);
#4357=VERTEX_POINT('',#12112);
#4358=VERTEX_POINT('',#12114);
#4359=VERTEX_POINT('',#12116);
#4360=VERTEX_POINT('',#12120);
#4361=VERTEX_POINT('',#12121);
#4362=VERTEX_POINT('',#12126);
#4363=VERTEX_POINT('',#12127);
#4364=VERTEX_POINT('',#12132);
#4365=VERTEX_POINT('',#12133);
#4366=VERTEX_POINT('',#12138);
#4367=VERTEX_POINT('',#12139);
#4368=VERTEX_POINT('',#12144);
#4369=VERTEX_POINT('',#12145);
#4370=VERTEX_POINT('',#12150);
#4371=VERTEX_POINT('',#12151);
#4372=VERTEX_POINT('',#12159);
#4373=VERTEX_POINT('',#12160);
#4374=VERTEX_POINT('',#12162);
#4375=VERTEX_POINT('',#12164);
#4376=VERTEX_POINT('',#12168);
#4377=VERTEX_POINT('',#12169);
#4378=VERTEX_POINT('',#12174);
#4379=VERTEX_POINT('',#12175);
#4380=VERTEX_POINT('',#12180);
#4381=VERTEX_POINT('',#12181);
#4382=VERTEX_POINT('',#12186);
#4383=VERTEX_POINT('',#12187);
#4384=VERTEX_POINT('',#12192);
#4385=VERTEX_POINT('',#12193);
#4386=VERTEX_POINT('',#12198);
#4387=VERTEX_POINT('',#12199);
#4388=VERTEX_POINT('',#12207);
#4389=VERTEX_POINT('',#12208);
#4390=VERTEX_POINT('',#12210);
#4391=VERTEX_POINT('',#12212);
#4392=VERTEX_POINT('',#12216);
#4393=VERTEX_POINT('',#12217);
#4394=VERTEX_POINT('',#12222);
#4395=VERTEX_POINT('',#12223);
#4396=VERTEX_POINT('',#12228);
#4397=VERTEX_POINT('',#12229);
#4398=VERTEX_POINT('',#12234);
#4399=VERTEX_POINT('',#12235);
#4400=VERTEX_POINT('',#12240);
#4401=VERTEX_POINT('',#12241);
#4402=VERTEX_POINT('',#12246);
#4403=VERTEX_POINT('',#12247);
#4404=VERTEX_POINT('',#12255);
#4405=VERTEX_POINT('',#12256);
#4406=VERTEX_POINT('',#12258);
#4407=VERTEX_POINT('',#12260);
#4408=VERTEX_POINT('',#12264);
#4409=VERTEX_POINT('',#12265);
#4410=VERTEX_POINT('',#12270);
#4411=VERTEX_POINT('',#12271);
#4412=VERTEX_POINT('',#12276);
#4413=VERTEX_POINT('',#12277);
#4414=VERTEX_POINT('',#12282);
#4415=VERTEX_POINT('',#12283);
#4416=VERTEX_POINT('',#12288);
#4417=VERTEX_POINT('',#12289);
#4418=VERTEX_POINT('',#12294);
#4419=VERTEX_POINT('',#12295);
#4420=VERTEX_POINT('',#12303);
#4421=VERTEX_POINT('',#12304);
#4422=VERTEX_POINT('',#12306);
#4423=VERTEX_POINT('',#12308);
#4424=VERTEX_POINT('',#12312);
#4425=VERTEX_POINT('',#12313);
#4426=VERTEX_POINT('',#12318);
#4427=VERTEX_POINT('',#12319);
#4428=VERTEX_POINT('',#12324);
#4429=VERTEX_POINT('',#12325);
#4430=VERTEX_POINT('',#12330);
#4431=VERTEX_POINT('',#12331);
#4432=VERTEX_POINT('',#12336);
#4433=VERTEX_POINT('',#12337);
#4434=VERTEX_POINT('',#12342);
#4435=VERTEX_POINT('',#12343);
#4436=VERTEX_POINT('',#12351);
#4437=VERTEX_POINT('',#12352);
#4438=VERTEX_POINT('',#12354);
#4439=VERTEX_POINT('',#12356);
#4440=VERTEX_POINT('',#12360);
#4441=VERTEX_POINT('',#12361);
#4442=VERTEX_POINT('',#12366);
#4443=VERTEX_POINT('',#12367);
#4444=VERTEX_POINT('',#12372);
#4445=VERTEX_POINT('',#12373);
#4446=VERTEX_POINT('',#12378);
#4447=VERTEX_POINT('',#12379);
#4448=VERTEX_POINT('',#12384);
#4449=VERTEX_POINT('',#12385);
#4450=VERTEX_POINT('',#12390);
#4451=VERTEX_POINT('',#12391);
#4452=VERTEX_POINT('',#12399);
#4453=VERTEX_POINT('',#12400);
#4454=VERTEX_POINT('',#12402);
#4455=VERTEX_POINT('',#12404);
#4456=VERTEX_POINT('',#12408);
#4457=VERTEX_POINT('',#12409);
#4458=VERTEX_POINT('',#12414);
#4459=VERTEX_POINT('',#12415);
#4460=VERTEX_POINT('',#12420);
#4461=VERTEX_POINT('',#12421);
#4462=VERTEX_POINT('',#12426);
#4463=VERTEX_POINT('',#12427);
#4464=VERTEX_POINT('',#12432);
#4465=VERTEX_POINT('',#12433);
#4466=VERTEX_POINT('',#12438);
#4467=VERTEX_POINT('',#12439);
#4468=VERTEX_POINT('',#12447);
#4469=VERTEX_POINT('',#12448);
#4470=VERTEX_POINT('',#12450);
#4471=VERTEX_POINT('',#12452);
#4472=VERTEX_POINT('',#12456);
#4473=VERTEX_POINT('',#12457);
#4474=VERTEX_POINT('',#12462);
#4475=VERTEX_POINT('',#12463);
#4476=VERTEX_POINT('',#12468);
#4477=VERTEX_POINT('',#12469);
#4478=VERTEX_POINT('',#12474);
#4479=VERTEX_POINT('',#12475);
#4480=VERTEX_POINT('',#12480);
#4481=VERTEX_POINT('',#12481);
#4482=VERTEX_POINT('',#12486);
#4483=VERTEX_POINT('',#12487);
#4484=VERTEX_POINT('',#12817);
#4485=VERTEX_POINT('',#12819);
#4486=VERTEX_POINT('',#12827);
#4487=VERTEX_POINT('',#12829);
#4488=VERTEX_POINT('',#13131);
#4489=VERTEX_POINT('',#13136);
#4490=LINE('',#10941,#5244);
#4491=LINE('',#10946,#5245);
#4492=LINE('',#10953,#5246);
#4493=LINE('',#10957,#5247);
#4494=LINE('',#10961,#5248);
#4495=LINE('',#10965,#5249);
#4496=LINE('',#10967,#5250);
#4497=LINE('',#10970,#5251);
#4498=LINE('',#10971,#5252);
#4499=LINE('',#10973,#5253);
#4500=LINE('',#10976,#5254);
#4501=LINE('',#10978,#5255);
#4502=LINE('',#10980,#5256);
#4503=LINE('',#10983,#5257);
#4504=LINE('',#10985,#5258);
#4505=LINE('',#10987,#5259);
#4506=LINE('',#10990,#5260);
#4507=LINE('',#10992,#5261);
#4508=LINE('',#10994,#5262);
#4509=LINE('',#10996,#5263);
#4510=LINE('',#10998,#5264);
#4511=LINE('',#11000,#5265);
#4512=LINE('',#11002,#5266);
#4513=LINE('',#11004,#5267);
#4514=LINE('',#11008,#5268);
#4515=LINE('',#11015,#5269);
#4516=LINE('',#11019,#5270);
#4517=LINE('',#11023,#5271);
#4518=LINE('',#11027,#5272);
#4519=LINE('',#11028,#5273);
#4520=LINE('',#11033,#5274);
#4521=LINE('',#11037,#5275);
#4522=LINE('',#11041,#5276);
#4523=LINE('',#11044,#5277);
#4524=LINE('',#11049,#5278);
#4525=LINE('',#11053,#5279);
#4526=LINE('',#11057,#5280);
#4527=LINE('',#11060,#5281);
#4528=LINE('',#11065,#5282);
#4529=LINE('',#11069,#5283);
#4530=LINE('',#11073,#5284);
#4531=LINE('',#11076,#5285);
#4532=LINE('',#11081,#5286);
#4533=LINE('',#11085,#5287);
#4534=LINE('',#11089,#5288);
#4535=LINE('',#11092,#5289);
#4536=LINE('',#11097,#5290);
#4537=LINE('',#11101,#5291);
#4538=LINE('',#11105,#5292);
#4539=LINE('',#11108,#5293);
#4540=LINE('',#11113,#5294);
#4541=LINE('',#11117,#5295);
#4542=LINE('',#11121,#5296);
#4543=LINE('',#11124,#5297);
#4544=LINE('',#11129,#5298);
#4545=LINE('',#11133,#5299);
#4546=LINE('',#11137,#5300);
#4547=LINE('',#11140,#5301);
#4548=LINE('',#11145,#5302);
#4549=LINE('',#11149,#5303);
#4550=LINE('',#11153,#5304);
#4551=LINE('',#11156,#5305);
#4552=LINE('',#11161,#5306);
#4553=LINE('',#11165,#5307);
#4554=LINE('',#11169,#5308);
#4555=LINE('',#11172,#5309);
#4556=LINE('',#11177,#5310);
#4557=LINE('',#11181,#5311);
#4558=LINE('',#11185,#5312);
#4559=LINE('',#11188,#5313);
#4560=LINE('',#11193,#5314);
#4561=LINE('',#11197,#5315);
#4562=LINE('',#11201,#5316);
#4563=LINE('',#11204,#5317);
#4564=LINE('',#11209,#5318);
#4565=LINE('',#11213,#5319);
#4566=LINE('',#11217,#5320);
#4567=LINE('',#11220,#5321);
#4568=LINE('',#11225,#5322);
#4569=LINE('',#11229,#5323);
#4570=LINE('',#11233,#5324);
#4571=LINE('',#11236,#5325);
#4572=LINE('',#11241,#5326);
#4573=LINE('',#11245,#5327);
#4574=LINE('',#11249,#5328);
#4575=LINE('',#11252,#5329);
#4576=LINE('',#11257,#5330);
#4577=LINE('',#11261,#5331);
#4578=LINE('',#11265,#5332);
#4579=LINE('',#11271,#5333);
#4580=LINE('',#11275,#5334);
#4581=LINE('',#11279,#5335);
#4582=LINE('',#11283,#5336);
#4583=LINE('',#11296,#5337);
#4584=LINE('',#11301,#5338);
#4585=LINE('',#11305,#5339);
#4586=LINE('',#11309,#5340);
#4587=LINE('',#11313,#5341);
#4588=LINE('',#11318,#5342);
#4589=LINE('',#11319,#5343);
#4590=LINE('',#11323,#5344);
#4591=LINE('',#11327,#5345);
#4592=LINE('',#11331,#5346);
#4593=LINE('',#11335,#5347);
#4594=LINE('',#11336,#5348);
#4595=LINE('',#11341,#5349);
#4596=LINE('',#11345,#5350);
#4597=LINE('',#11349,#5351);
#4598=LINE('',#11364,#5352);
#4599=LINE('',#11369,#5353);
#4600=LINE('',#11373,#5354);
#4601=LINE('',#11377,#5355);
#4602=LINE('',#11380,#5356);
#4603=LINE('',#11385,#5357);
#4604=LINE('',#11389,#5358);
#4605=LINE('',#11393,#5359);
#4606=LINE('',#11396,#5360);
#4607=LINE('',#11401,#5361);
#4608=LINE('',#11405,#5362);
#4609=LINE('',#11409,#5363);
#4610=LINE('',#11412,#5364);
#4611=LINE('',#11417,#5365);
#4612=LINE('',#11421,#5366);
#4613=LINE('',#11425,#5367);
#4614=LINE('',#11428,#5368);
#4615=LINE('',#11433,#5369);
#4616=LINE('',#11437,#5370);
#4617=LINE('',#11441,#5371);
#4618=LINE('',#11444,#5372);
#4619=LINE('',#11449,#5373);
#4620=LINE('',#11453,#5374);
#4621=LINE('',#11457,#5375);
#4622=LINE('',#11460,#5376);
#4623=LINE('',#11465,#5377);
#4624=LINE('',#11469,#5378);
#4625=LINE('',#11473,#5379);
#4626=LINE('',#11476,#5380);
#4627=LINE('',#11481,#5381);
#4628=LINE('',#11485,#5382);
#4629=LINE('',#11489,#5383);
#4630=LINE('',#11492,#5384);
#4631=LINE('',#11497,#5385);
#4632=LINE('',#11501,#5386);
#4633=LINE('',#11505,#5387);
#4634=LINE('',#11508,#5388);
#4635=LINE('',#11513,#5389);
#4636=LINE('',#11517,#5390);
#4637=LINE('',#11521,#5391);
#4638=LINE('',#11524,#5392);
#4639=LINE('',#11529,#5393);
#4640=LINE('',#11533,#5394);
#4641=LINE('',#11537,#5395);
#4642=LINE('',#11540,#5396);
#4643=LINE('',#11545,#5397);
#4644=LINE('',#11549,#5398);
#4645=LINE('',#11553,#5399);
#4646=LINE('',#11556,#5400);
#4647=LINE('',#11561,#5401);
#4648=LINE('',#11565,#5402);
#4649=LINE('',#11569,#5403);
#4650=LINE('',#11572,#5404);
#4651=LINE('',#11577,#5405);
#4652=LINE('',#11581,#5406);
#4653=LINE('',#11585,#5407);
#4654=LINE('',#11588,#5408);
#4655=LINE('',#11593,#5409);
#4656=LINE('',#11597,#5410);
#4657=LINE('',#11601,#5411);
#4658=LINE('',#11607,#5412);
#4659=LINE('',#11611,#5413);
#4660=LINE('',#11615,#5414);
#4661=LINE('',#11619,#5415);
#4662=LINE('',#11621,#5416);
#4663=LINE('',#11624,#5417);
#4664=LINE('',#11626,#5418);
#4665=LINE('',#11628,#5419);
#4666=LINE('',#11630,#5420);
#4667=LINE('',#11633,#5421);
#4668=LINE('',#11635,#5422);
#4669=LINE('',#11637,#5423);
#4670=LINE('',#11639,#5424);
#4671=LINE('',#11642,#5425);
#4672=LINE('',#11644,#5426);
#4673=LINE('',#11646,#5427);
#4674=LINE('',#11648,#5428);
#4675=LINE('',#11651,#5429);
#4676=LINE('',#11653,#5430);
#4677=LINE('',#11655,#5431);
#4678=LINE('',#11657,#5432);
#4679=LINE('',#11662,#5433);
#4680=LINE('',#11666,#5434);
#4681=LINE('',#11668,#5435);
#4682=LINE('',#11670,#5436);
#4683=LINE('',#11674,#5437);
#4684=LINE('',#11678,#5438);
#4685=LINE('',#11680,#5439);
#4686=LINE('',#11682,#5440);
#4687=LINE('',#11686,#5441);
#4688=LINE('',#11690,#5442);
#4689=LINE('',#11692,#5443);
#4690=LINE('',#11694,#5444);
#4691=LINE('',#11698,#5445);
#4692=LINE('',#11702,#5446);
#4693=LINE('',#11703,#5447);
#4694=LINE('',#11705,#5448);
#4695=LINE('',#11708,#5449);
#4696=LINE('',#11710,#5450);
#4697=LINE('',#11712,#5451);
#4698=LINE('',#11729,#5452);
#4699=LINE('',#11732,#5453);
#4700=LINE('',#11734,#5454);
#4701=LINE('',#11736,#5455);
#4702=LINE('',#11753,#5456);
#4703=LINE('',#11756,#5457);
#4704=LINE('',#11758,#5458);
#4705=LINE('',#11760,#5459);
#4706=LINE('',#11774,#5460);
#4707=LINE('',#11779,#5461);
#4708=LINE('',#11783,#5462);
#4709=LINE('',#11786,#5463);
#4710=LINE('',#11787,#5464);
#4711=LINE('',#11789,#5465);
#4712=LINE('',#11795,#5466);
#4713=LINE('',#11798,#5467);
#4714=LINE('',#11799,#5468);
#4715=LINE('',#11801,#5469);
#4716=LINE('',#11807,#5470);
#4717=LINE('',#11810,#5471);
#4718=LINE('',#11811,#5472);
#4719=LINE('',#11813,#5473);
#4720=LINE('',#11819,#5474);
#4721=LINE('',#11820,#5475);
#4722=LINE('',#11822,#5476);
#4723=LINE('',#11827,#5477);
#4724=LINE('',#11831,#5478);
#4725=LINE('',#11834,#5479);
#4726=LINE('',#11835,#5480);
#4727=LINE('',#11837,#5481);
#4728=LINE('',#11843,#5482);
#4729=LINE('',#11846,#5483);
#4730=LINE('',#11847,#5484);
#4731=LINE('',#11849,#5485);
#4732=LINE('',#11855,#5486);
#4733=LINE('',#11858,#5487);
#4734=LINE('',#11859,#5488);
#4735=LINE('',#11861,#5489);
#4736=LINE('',#11867,#5490);
#4737=LINE('',#11868,#5491);
#4738=LINE('',#11870,#5492);
#4739=LINE('',#11875,#5493);
#4740=LINE('',#11879,#5494);
#4741=LINE('',#11882,#5495);
#4742=LINE('',#11883,#5496);
#4743=LINE('',#11885,#5497);
#4744=LINE('',#11891,#5498);
#4745=LINE('',#11894,#5499);
#4746=LINE('',#11895,#5500);
#4747=LINE('',#11897,#5501);
#4748=LINE('',#11903,#5502);
#4749=LINE('',#11906,#5503);
#4750=LINE('',#11907,#5504);
#4751=LINE('',#11909,#5505);
#4752=LINE('',#11915,#5506);
#4753=LINE('',#11916,#5507);
#4754=LINE('',#11918,#5508);
#4755=LINE('',#11923,#5509);
#4756=LINE('',#11927,#5510);
#4757=LINE('',#11930,#5511);
#4758=LINE('',#11931,#5512);
#4759=LINE('',#11933,#5513);
#4760=LINE('',#11939,#5514);
#4761=LINE('',#11942,#5515);
#4762=LINE('',#11943,#5516);
#4763=LINE('',#11945,#5517);
#4764=LINE('',#11951,#5518);
#4765=LINE('',#11954,#5519);
#4766=LINE('',#11955,#5520);
#4767=LINE('',#11957,#5521);
#4768=LINE('',#11963,#5522);
#4769=LINE('',#11964,#5523);
#4770=LINE('',#11966,#5524);
#4771=LINE('',#11971,#5525);
#4772=LINE('',#11975,#5526);
#4773=LINE('',#11978,#5527);
#4774=LINE('',#11979,#5528);
#4775=LINE('',#11981,#5529);
#4776=LINE('',#11987,#5530);
#4777=LINE('',#11990,#5531);
#4778=LINE('',#11991,#5532);
#4779=LINE('',#11993,#5533);
#4780=LINE('',#11999,#5534);
#4781=LINE('',#12002,#5535);
#4782=LINE('',#12003,#5536);
#4783=LINE('',#12005,#5537);
#4784=LINE('',#12011,#5538);
#4785=LINE('',#12012,#5539);
#4786=LINE('',#12014,#5540);
#4787=LINE('',#12019,#5541);
#4788=LINE('',#12023,#5542);
#4789=LINE('',#12026,#5543);
#4790=LINE('',#12027,#5544);
#4791=LINE('',#12029,#5545);
#4792=LINE('',#12035,#5546);
#4793=LINE('',#12038,#5547);
#4794=LINE('',#12039,#5548);
#4795=LINE('',#12041,#5549);
#4796=LINE('',#12047,#5550);
#4797=LINE('',#12050,#5551);
#4798=LINE('',#12051,#5552);
#4799=LINE('',#12053,#5553);
#4800=LINE('',#12059,#5554);
#4801=LINE('',#12060,#5555);
#4802=LINE('',#12062,#5556);
#4803=LINE('',#12067,#5557);
#4804=LINE('',#12071,#5558);
#4805=LINE('',#12074,#5559);
#4806=LINE('',#12075,#5560);
#4807=LINE('',#12077,#5561);
#4808=LINE('',#12083,#5562);
#4809=LINE('',#12086,#5563);
#4810=LINE('',#12087,#5564);
#4811=LINE('',#12089,#5565);
#4812=LINE('',#12095,#5566);
#4813=LINE('',#12098,#5567);
#4814=LINE('',#12099,#5568);
#4815=LINE('',#12101,#5569);
#4816=LINE('',#12107,#5570);
#4817=LINE('',#12108,#5571);
#4818=LINE('',#12110,#5572);
#4819=LINE('',#12115,#5573);
#4820=LINE('',#12119,#5574);
#4821=LINE('',#12122,#5575);
#4822=LINE('',#12123,#5576);
#4823=LINE('',#12125,#5577);
#4824=LINE('',#12131,#5578);
#4825=LINE('',#12134,#5579);
#4826=LINE('',#12135,#5580);
#4827=LINE('',#12137,#5581);
#4828=LINE('',#12143,#5582);
#4829=LINE('',#12146,#5583);
#4830=LINE('',#12147,#5584);
#4831=LINE('',#12149,#5585);
#4832=LINE('',#12155,#5586);
#4833=LINE('',#12156,#5587);
#4834=LINE('',#12158,#5588);
#4835=LINE('',#12163,#5589);
#4836=LINE('',#12167,#5590);
#4837=LINE('',#12170,#5591);
#4838=LINE('',#12171,#5592);
#4839=LINE('',#12173,#5593);
#4840=LINE('',#12179,#5594);
#4841=LINE('',#12182,#5595);
#4842=LINE('',#12183,#5596);
#4843=LINE('',#12185,#5597);
#4844=LINE('',#12191,#5598);
#4845=LINE('',#12194,#5599);
#4846=LINE('',#12195,#5600);
#4847=LINE('',#12197,#5601);
#4848=LINE('',#12203,#5602);
#4849=LINE('',#12204,#5603);
#4850=LINE('',#12206,#5604);
#4851=LINE('',#12211,#5605);
#4852=LINE('',#12215,#5606);
#4853=LINE('',#12218,#5607);
#4854=LINE('',#12219,#5608);
#4855=LINE('',#12221,#5609);
#4856=LINE('',#12227,#5610);
#4857=LINE('',#12230,#5611);
#4858=LINE('',#12231,#5612);
#4859=LINE('',#12233,#5613);
#4860=LINE('',#12239,#5614);
#4861=LINE('',#12242,#5615);
#4862=LINE('',#12243,#5616);
#4863=LINE('',#12245,#5617);
#4864=LINE('',#12251,#5618);
#4865=LINE('',#12252,#5619);
#4866=LINE('',#12254,#5620);
#4867=LINE('',#12259,#5621);
#4868=LINE('',#12263,#5622);
#4869=LINE('',#12266,#5623);
#4870=LINE('',#12267,#5624);
#4871=LINE('',#12269,#5625);
#4872=LINE('',#12275,#5626);
#4873=LINE('',#12278,#5627);
#4874=LINE('',#12279,#5628);
#4875=LINE('',#12281,#5629);
#4876=LINE('',#12287,#5630);
#4877=LINE('',#12290,#5631);
#4878=LINE('',#12291,#5632);
#4879=LINE('',#12293,#5633);
#4880=LINE('',#12299,#5634);
#4881=LINE('',#12300,#5635);
#4882=LINE('',#12302,#5636);
#4883=LINE('',#12307,#5637);
#4884=LINE('',#12311,#5638);
#4885=LINE('',#12314,#5639);
#4886=LINE('',#12315,#5640);
#4887=LINE('',#12317,#5641);
#4888=LINE('',#12323,#5642);
#4889=LINE('',#12326,#5643);
#4890=LINE('',#12327,#5644);
#4891=LINE('',#12329,#5645);
#4892=LINE('',#12335,#5646);
#4893=LINE('',#12338,#5647);
#4894=LINE('',#12339,#5648);
#4895=LINE('',#12341,#5649);
#4896=LINE('',#12347,#5650);
#4897=LINE('',#12348,#5651);
#4898=LINE('',#12350,#5652);
#4899=LINE('',#12355,#5653);
#4900=LINE('',#12359,#5654);
#4901=LINE('',#12362,#5655);
#4902=LINE('',#12363,#5656);
#4903=LINE('',#12365,#5657);
#4904=LINE('',#12371,#5658);
#4905=LINE('',#12374,#5659);
#4906=LINE('',#12375,#5660);
#4907=LINE('',#12377,#5661);
#4908=LINE('',#12383,#5662);
#4909=LINE('',#12386,#5663);
#4910=LINE('',#12387,#5664);
#4911=LINE('',#12389,#5665);
#4912=LINE('',#12395,#5666);
#4913=LINE('',#12396,#5667);
#4914=LINE('',#12398,#5668);
#4915=LINE('',#12403,#5669);
#4916=LINE('',#12407,#5670);
#4917=LINE('',#12410,#5671);
#4918=LINE('',#12411,#5672);
#4919=LINE('',#12413,#5673);
#4920=LINE('',#12419,#5674);
#4921=LINE('',#12422,#5675);
#4922=LINE('',#12423,#5676);
#4923=LINE('',#12425,#5677);
#4924=LINE('',#12431,#5678);
#4925=LINE('',#12434,#5679);
#4926=LINE('',#12435,#5680);
#4927=LINE('',#12437,#5681);
#4928=LINE('',#12443,#5682);
#4929=LINE('',#12444,#5683);
#4930=LINE('',#12446,#5684);
#4931=LINE('',#12451,#5685);
#4932=LINE('',#12455,#5686);
#4933=LINE('',#12458,#5687);
#4934=LINE('',#12459,#5688);
#4935=LINE('',#12461,#5689);
#4936=LINE('',#12467,#5690);
#4937=LINE('',#12470,#5691);
#4938=LINE('',#12471,#5692);
#4939=LINE('',#12473,#5693);
#4940=LINE('',#12479,#5694);
#4941=LINE('',#12482,#5695);
#4942=LINE('',#12483,#5696);
#4943=LINE('',#12485,#5697);
#4944=LINE('',#12491,#5698);
#4945=LINE('',#12492,#5699);
#4946=LINE('',#12506,#5700);
#4947=LINE('',#12507,#5701);
#4948=LINE('',#12509,#5702);
#4949=LINE('',#12511,#5703);
#4950=LINE('',#12513,#5704);
#4951=LINE('',#12515,#5705);
#4952=LINE('',#12517,#5706);
#4953=LINE('',#12519,#5707);
#4954=LINE('',#12522,#5708);
#4955=LINE('',#12523,#5709);
#4956=LINE('',#12525,#5710);
#4957=LINE('',#12527,#5711);
#4958=LINE('',#12529,#5712);
#4959=LINE('',#12531,#5713);
#4960=LINE('',#12533,#5714);
#4961=LINE('',#12535,#5715);
#4962=LINE('',#12538,#5716);
#4963=LINE('',#12539,#5717);
#4964=LINE('',#12541,#5718);
#4965=LINE('',#12543,#5719);
#4966=LINE('',#12545,#5720);
#4967=LINE('',#12547,#5721);
#4968=LINE('',#12549,#5722);
#4969=LINE('',#12551,#5723);
#4970=LINE('',#12554,#5724);
#4971=LINE('',#12555,#5725);
#4972=LINE('',#12557,#5726);
#4973=LINE('',#12559,#5727);
#4974=LINE('',#12561,#5728);
#4975=LINE('',#12563,#5729);
#4976=LINE('',#12565,#5730);
#4977=LINE('',#12567,#5731);
#4978=LINE('',#12570,#5732);
#4979=LINE('',#12571,#5733);
#4980=LINE('',#12573,#5734);
#4981=LINE('',#12575,#5735);
#4982=LINE('',#12577,#5736);
#4983=LINE('',#12579,#5737);
#4984=LINE('',#12581,#5738);
#4985=LINE('',#12583,#5739);
#4986=LINE('',#12586,#5740);
#4987=LINE('',#12587,#5741);
#4988=LINE('',#12589,#5742);
#4989=LINE('',#12591,#5743);
#4990=LINE('',#12593,#5744);
#4991=LINE('',#12595,#5745);
#4992=LINE('',#12597,#5746);
#4993=LINE('',#12599,#5747);
#4994=LINE('',#12602,#5748);
#4995=LINE('',#12603,#5749);
#4996=LINE('',#12605,#5750);
#4997=LINE('',#12607,#5751);
#4998=LINE('',#12609,#5752);
#4999=LINE('',#12611,#5753);
#5000=LINE('',#12613,#5754);
#5001=LINE('',#12615,#5755);
#5002=LINE('',#12618,#5756);
#5003=LINE('',#12619,#5757);
#5004=LINE('',#12621,#5758);
#5005=LINE('',#12623,#5759);
#5006=LINE('',#12625,#5760);
#5007=LINE('',#12627,#5761);
#5008=LINE('',#12629,#5762);
#5009=LINE('',#12631,#5763);
#5010=LINE('',#12634,#5764);
#5011=LINE('',#12635,#5765);
#5012=LINE('',#12637,#5766);
#5013=LINE('',#12639,#5767);
#5014=LINE('',#12641,#5768);
#5015=LINE('',#12643,#5769);
#5016=LINE('',#12645,#5770);
#5017=LINE('',#12647,#5771);
#5018=LINE('',#12650,#5772);
#5019=LINE('',#12651,#5773);
#5020=LINE('',#12653,#5774);
#5021=LINE('',#12655,#5775);
#5022=LINE('',#12657,#5776);
#5023=LINE('',#12659,#5777);
#5024=LINE('',#12661,#5778);
#5025=LINE('',#12663,#5779);
#5026=LINE('',#12666,#5780);
#5027=LINE('',#12667,#5781);
#5028=LINE('',#12669,#5782);
#5029=LINE('',#12671,#5783);
#5030=LINE('',#12673,#5784);
#5031=LINE('',#12675,#5785);
#5032=LINE('',#12677,#5786);
#5033=LINE('',#12679,#5787);
#5034=LINE('',#12682,#5788);
#5035=LINE('',#12683,#5789);
#5036=LINE('',#12685,#5790);
#5037=LINE('',#12687,#5791);
#5038=LINE('',#12689,#5792);
#5039=LINE('',#12691,#5793);
#5040=LINE('',#12693,#5794);
#5041=LINE('',#12695,#5795);
#5042=LINE('',#12698,#5796);
#5043=LINE('',#12699,#5797);
#5044=LINE('',#12701,#5798);
#5045=LINE('',#12703,#5799);
#5046=LINE('',#12705,#5800);
#5047=LINE('',#12707,#5801);
#5048=LINE('',#12709,#5802);
#5049=LINE('',#12711,#5803);
#5050=LINE('',#12714,#5804);
#5051=LINE('',#12715,#5805);
#5052=LINE('',#12717,#5806);
#5053=LINE('',#12719,#5807);
#5054=LINE('',#12721,#5808);
#5055=LINE('',#12723,#5809);
#5056=LINE('',#12725,#5810);
#5057=LINE('',#12727,#5811);
#5058=LINE('',#12730,#5812);
#5059=LINE('',#12731,#5813);
#5060=LINE('',#12733,#5814);
#5061=LINE('',#12735,#5815);
#5062=LINE('',#12737,#5816);
#5063=LINE('',#12739,#5817);
#5064=LINE('',#12741,#5818);
#5065=LINE('',#12743,#5819);
#5066=LINE('',#12746,#5820);
#5067=LINE('',#12747,#5821);
#5068=LINE('',#12749,#5822);
#5069=LINE('',#12751,#5823);
#5070=LINE('',#12753,#5824);
#5071=LINE('',#12755,#5825);
#5072=LINE('',#12757,#5826);
#5073=LINE('',#12759,#5827);
#5074=LINE('',#12762,#5828);
#5075=LINE('',#12763,#5829);
#5076=LINE('',#12765,#5830);
#5077=LINE('',#12767,#5831);
#5078=LINE('',#12769,#5832);
#5079=LINE('',#12771,#5833);
#5080=LINE('',#12773,#5834);
#5081=LINE('',#12775,#5835);
#5082=LINE('',#12784,#5836);
#5083=LINE('',#12785,#5837);
#5084=LINE('',#12787,#5838);
#5085=LINE('',#12789,#5839);
#5086=LINE('',#12791,#5840);
#5087=LINE('',#12793,#5841);
#5088=LINE('',#12795,#5842);
#5089=LINE('',#12797,#5843);
#5090=LINE('',#12804,#5844);
#5091=LINE('',#12811,#5845);
#5092=LINE('',#12818,#5846);
#5093=LINE('',#12828,#5847);
#5094=LINE('',#12832,#5848);
#5095=LINE('',#12833,#5849);
#5096=LINE('',#12835,#5850);
#5097=LINE('',#12837,#5851);
#5098=LINE('',#12839,#5852);
#5099=LINE('',#12841,#5853);
#5100=LINE('',#12843,#5854);
#5101=LINE('',#12845,#5855);
#5102=LINE('',#12848,#5856);
#5103=LINE('',#12849,#5857);
#5104=LINE('',#12851,#5858);
#5105=LINE('',#12853,#5859);
#5106=LINE('',#12855,#5860);
#5107=LINE('',#12857,#5861);
#5108=LINE('',#12859,#5862);
#5109=LINE('',#12861,#5863);
#5110=LINE('',#12864,#5864);
#5111=LINE('',#12865,#5865);
#5112=LINE('',#12867,#5866);
#5113=LINE('',#12869,#5867);
#5114=LINE('',#12871,#5868);
#5115=LINE('',#12873,#5869);
#5116=LINE('',#12875,#5870);
#5117=LINE('',#12877,#5871);
#5118=LINE('',#12880,#5872);
#5119=LINE('',#12881,#5873);
#5120=LINE('',#12883,#5874);
#5121=LINE('',#12885,#5875);
#5122=LINE('',#12887,#5876);
#5123=LINE('',#12889,#5877);
#5124=LINE('',#12891,#5878);
#5125=LINE('',#12893,#5879);
#5126=LINE('',#12896,#5880);
#5127=LINE('',#12897,#5881);
#5128=LINE('',#12899,#5882);
#5129=LINE('',#12901,#5883);
#5130=LINE('',#12903,#5884);
#5131=LINE('',#12905,#5885);
#5132=LINE('',#12907,#5886);
#5133=LINE('',#12909,#5887);
#5134=LINE('',#12912,#5888);
#5135=LINE('',#12913,#5889);
#5136=LINE('',#12915,#5890);
#5137=LINE('',#12917,#5891);
#5138=LINE('',#12919,#5892);
#5139=LINE('',#12921,#5893);
#5140=LINE('',#12923,#5894);
#5141=LINE('',#12925,#5895);
#5142=LINE('',#12928,#5896);
#5143=LINE('',#12929,#5897);
#5144=LINE('',#12931,#5898);
#5145=LINE('',#12933,#5899);
#5146=LINE('',#12935,#5900);
#5147=LINE('',#12937,#5901);
#5148=LINE('',#12939,#5902);
#5149=LINE('',#12941,#5903);
#5150=LINE('',#12944,#5904);
#5151=LINE('',#12945,#5905);
#5152=LINE('',#12947,#5906);
#5153=LINE('',#12949,#5907);
#5154=LINE('',#12951,#5908);
#5155=LINE('',#12953,#5909);
#5156=LINE('',#12955,#5910);
#5157=LINE('',#12957,#5911);
#5158=LINE('',#12960,#5912);
#5159=LINE('',#12961,#5913);
#5160=LINE('',#12963,#5914);
#5161=LINE('',#12965,#5915);
#5162=LINE('',#12967,#5916);
#5163=LINE('',#12969,#5917);
#5164=LINE('',#12971,#5918);
#5165=LINE('',#12973,#5919);
#5166=LINE('',#12976,#5920);
#5167=LINE('',#12977,#5921);
#5168=LINE('',#12979,#5922);
#5169=LINE('',#12981,#5923);
#5170=LINE('',#12983,#5924);
#5171=LINE('',#12985,#5925);
#5172=LINE('',#12987,#5926);
#5173=LINE('',#12989,#5927);
#5174=LINE('',#12992,#5928);
#5175=LINE('',#12993,#5929);
#5176=LINE('',#12995,#5930);
#5177=LINE('',#12997,#5931);
#5178=LINE('',#12999,#5932);
#5179=LINE('',#13001,#5933);
#5180=LINE('',#13003,#5934);
#5181=LINE('',#13005,#5935);
#5182=LINE('',#13008,#5936);
#5183=LINE('',#13009,#5937);
#5184=LINE('',#13011,#5938);
#5185=LINE('',#13013,#5939);
#5186=LINE('',#13015,#5940);
#5187=LINE('',#13017,#5941);
#5188=LINE('',#13019,#5942);
#5189=LINE('',#13021,#5943);
#5190=LINE('',#13024,#5944);
#5191=LINE('',#13025,#5945);
#5192=LINE('',#13027,#5946);
#5193=LINE('',#13029,#5947);
#5194=LINE('',#13031,#5948);
#5195=LINE('',#13033,#5949);
#5196=LINE('',#13035,#5950);
#5197=LINE('',#13037,#5951);
#5198=LINE('',#13040,#5952);
#5199=LINE('',#13041,#5953);
#5200=LINE('',#13043,#5954);
#5201=LINE('',#13045,#5955);
#5202=LINE('',#13047,#5956);
#5203=LINE('',#13049,#5957);
#5204=LINE('',#13051,#5958);
#5205=LINE('',#13053,#5959);
#5206=LINE('',#13056,#5960);
#5207=LINE('',#13057,#5961);
#5208=LINE('',#13059,#5962);
#5209=LINE('',#13061,#5963);
#5210=LINE('',#13063,#5964);
#5211=LINE('',#13065,#5965);
#5212=LINE('',#13067,#5966);
#5213=LINE('',#13069,#5967);
#5214=LINE('',#13072,#5968);
#5215=LINE('',#13073,#5969);
#5216=LINE('',#13075,#5970);
#5217=LINE('',#13077,#5971);
#5218=LINE('',#13079,#5972);
#5219=LINE('',#13081,#5973);
#5220=LINE('',#13083,#5974);
#5221=LINE('',#13085,#5975);
#5222=LINE('',#13094,#5976);
#5223=LINE('',#13095,#5977);
#5224=LINE('',#13097,#5978);
#5225=LINE('',#13099,#5979);
#5226=LINE('',#13101,#5980);
#5227=LINE('',#13103,#5981);
#5228=LINE('',#13105,#5982);
#5229=LINE('',#13107,#5983);
#5230=LINE('',#13111,#5984);
#5231=LINE('',#13113,#5985);
#5232=LINE('',#13115,#5986);
#5233=LINE('',#13117,#5987);
#5234=LINE('',#13119,#5988);
#5235=LINE('',#13121,#5989);
#5236=LINE('',#13123,#5990);
#5237=LINE('',#13125,#5991);
#5238=LINE('',#13129,#5992);
#5239=LINE('',#13130,#5993);
#5240=LINE('',#13132,#5994);
#5241=LINE('',#13134,#5995);
#5242=LINE('',#13135,#5996);
#5243=LINE('',#13137,#5997);
#5244=VECTOR('',#8587,1.);
#5245=VECTOR('',#8590,1.);
#5246=VECTOR('',#8597,1.);
#5247=VECTOR('',#8600,1.);
#5248=VECTOR('',#8603,1.);
#5249=VECTOR('',#8606,1.);
#5250=VECTOR('',#8609,1.);
#5251=VECTOR('',#8610,1.);
#5252=VECTOR('',#8611,1.);
#5253=VECTOR('',#8614,1.);
#5254=VECTOR('',#8615,1.);
#5255=VECTOR('',#8616,1.);
#5256=VECTOR('',#8619,1.);
#5257=VECTOR('',#8620,1.);
#5258=VECTOR('',#8621,1.);
#5259=VECTOR('',#8624,1.);
#5260=VECTOR('',#8625,1.);
#5261=VECTOR('',#8626,1.);
#5262=VECTOR('',#8627,1.);
#5263=VECTOR('',#8628,1.);
#5264=VECTOR('',#8629,1.);
#5265=VECTOR('',#8630,1.);
#5266=VECTOR('',#8631,1.);
#5267=VECTOR('',#8632,1.);
#5268=VECTOR('',#8635,1.);
#5269=VECTOR('',#8642,1.);
#5270=VECTOR('',#8645,1.);
#5271=VECTOR('',#8648,1.);
#5272=VECTOR('',#8651,1.);
#5273=VECTOR('',#8652,1.);
#5274=VECTOR('',#8655,1.);
#5275=VECTOR('',#8658,1.);
#5276=VECTOR('',#8661,1.);
#5277=VECTOR('',#8664,1.);
#5278=VECTOR('',#8667,1.);
#5279=VECTOR('',#8670,1.);
#5280=VECTOR('',#8673,1.);
#5281=VECTOR('',#8676,1.);
#5282=VECTOR('',#8679,1.);
#5283=VECTOR('',#8682,1.);
#5284=VECTOR('',#8685,1.);
#5285=VECTOR('',#8688,1.);
#5286=VECTOR('',#8691,1.);
#5287=VECTOR('',#8694,1.);
#5288=VECTOR('',#8697,1.);
#5289=VECTOR('',#8700,1.);
#5290=VECTOR('',#8703,1.);
#5291=VECTOR('',#8706,1.);
#5292=VECTOR('',#8709,1.);
#5293=VECTOR('',#8712,1.);
#5294=VECTOR('',#8715,1.);
#5295=VECTOR('',#8718,1.);
#5296=VECTOR('',#8721,1.);
#5297=VECTOR('',#8724,1.);
#5298=VECTOR('',#8727,1.);
#5299=VECTOR('',#8730,1.);
#5300=VECTOR('',#8733,1.);
#5301=VECTOR('',#8736,1.);
#5302=VECTOR('',#8739,1.);
#5303=VECTOR('',#8742,1.);
#5304=VECTOR('',#8745,1.);
#5305=VECTOR('',#8748,1.);
#5306=VECTOR('',#8751,1.);
#5307=VECTOR('',#8754,1.);
#5308=VECTOR('',#8757,1.);
#5309=VECTOR('',#8760,1.);
#5310=VECTOR('',#8763,1.);
#5311=VECTOR('',#8766,1.);
#5312=VECTOR('',#8769,1.);
#5313=VECTOR('',#8772,1.);
#5314=VECTOR('',#8775,1.);
#5315=VECTOR('',#8778,1.);
#5316=VECTOR('',#8781,1.);
#5317=VECTOR('',#8784,1.);
#5318=VECTOR('',#8787,1.);
#5319=VECTOR('',#8790,1.);
#5320=VECTOR('',#8793,1.);
#5321=VECTOR('',#8796,1.);
#5322=VECTOR('',#8799,1.);
#5323=VECTOR('',#8802,1.);
#5324=VECTOR('',#8805,1.);
#5325=VECTOR('',#8808,1.);
#5326=VECTOR('',#8811,1.);
#5327=VECTOR('',#8814,1.);
#5328=VECTOR('',#8817,1.);
#5329=VECTOR('',#8820,1.);
#5330=VECTOR('',#8823,1.);
#5331=VECTOR('',#8826,1.);
#5332=VECTOR('',#8829,1.);
#5333=VECTOR('',#8834,1.);
#5334=VECTOR('',#8837,1.);
#5335=VECTOR('',#8840,1.);
#5336=VECTOR('',#8843,1.);
#5337=VECTOR('',#8856,1.);
#5338=VECTOR('',#8859,1.);
#5339=VECTOR('',#8862,1.);
#5340=VECTOR('',#8865,1.);
#5341=VECTOR('',#8870,1.);
#5342=VECTOR('',#8875,1.);
#5343=VECTOR('',#8876,1.);
#5344=VECTOR('',#8879,1.);
#5345=VECTOR('',#8882,1.);
#5346=VECTOR('',#8885,1.);
#5347=VECTOR('',#8888,1.);
#5348=VECTOR('',#8889,1.);
#5349=VECTOR('',#8892,1.);
#5350=VECTOR('',#8895,1.);
#5351=VECTOR('',#8898,1.);
#5352=VECTOR('',#8913,1.);
#5353=VECTOR('',#8916,1.);
#5354=VECTOR('',#8919,1.);
#5355=VECTOR('',#8922,1.);
#5356=VECTOR('',#8925,1.);
#5357=VECTOR('',#8928,1.);
#5358=VECTOR('',#8931,1.);
#5359=VECTOR('',#8934,1.);
#5360=VECTOR('',#8937,1.);
#5361=VECTOR('',#8940,1.);
#5362=VECTOR('',#8943,1.);
#5363=VECTOR('',#8946,1.);
#5364=VECTOR('',#8949,1.);
#5365=VECTOR('',#8952,1.);
#5366=VECTOR('',#8955,1.);
#5367=VECTOR('',#8958,1.);
#5368=VECTOR('',#8961,1.);
#5369=VECTOR('',#8964,1.);
#5370=VECTOR('',#8967,1.);
#5371=VECTOR('',#8970,1.);
#5372=VECTOR('',#8973,1.);
#5373=VECTOR('',#8976,1.);
#5374=VECTOR('',#8979,1.);
#5375=VECTOR('',#8982,1.);
#5376=VECTOR('',#8985,1.);
#5377=VECTOR('',#8988,1.);
#5378=VECTOR('',#8991,1.);
#5379=VECTOR('',#8994,1.);
#5380=VECTOR('',#8997,1.);
#5381=VECTOR('',#9000,1.);
#5382=VECTOR('',#9003,1.);
#5383=VECTOR('',#9006,1.);
#5384=VECTOR('',#9009,1.);
#5385=VECTOR('',#9012,1.);
#5386=VECTOR('',#9015,1.);
#5387=VECTOR('',#9018,1.);
#5388=VECTOR('',#9021,1.);
#5389=VECTOR('',#9024,1.);
#5390=VECTOR('',#9027,1.);
#5391=VECTOR('',#9030,1.);
#5392=VECTOR('',#9033,1.);
#5393=VECTOR('',#9036,1.);
#5394=VECTOR('',#9039,1.);
#5395=VECTOR('',#9042,1.);
#5396=VECTOR('',#9045,1.);
#5397=VECTOR('',#9048,1.);
#5398=VECTOR('',#9051,1.);
#5399=VECTOR('',#9054,1.);
#5400=VECTOR('',#9057,1.);
#5401=VECTOR('',#9060,1.);
#5402=VECTOR('',#9063,1.);
#5403=VECTOR('',#9066,1.);
#5404=VECTOR('',#9069,1.);
#5405=VECTOR('',#9072,1.);
#5406=VECTOR('',#9075,1.);
#5407=VECTOR('',#9078,1.);
#5408=VECTOR('',#9081,1.);
#5409=VECTOR('',#9084,1.);
#5410=VECTOR('',#9087,1.);
#5411=VECTOR('',#9090,1.);
#5412=VECTOR('',#9095,1.);
#5413=VECTOR('',#9098,1.);
#5414=VECTOR('',#9101,1.);
#5415=VECTOR('',#9104,1.);
#5416=VECTOR('',#9107,1.);
#5417=VECTOR('',#9108,1.);
#5418=VECTOR('',#9109,1.);
#5419=VECTOR('',#9110,1.);
#5420=VECTOR('',#9113,1.);
#5421=VECTOR('',#9114,1.);
#5422=VECTOR('',#9115,1.);
#5423=VECTOR('',#9116,1.);
#5424=VECTOR('',#9119,1.);
#5425=VECTOR('',#9120,1.);
#5426=VECTOR('',#9121,1.);
#5427=VECTOR('',#9122,1.);
#5428=VECTOR('',#9125,1.);
#5429=VECTOR('',#9126,1.);
#5430=VECTOR('',#9127,1.);
#5431=VECTOR('',#9128,1.);
#5432=VECTOR('',#9131,1.);
#5433=VECTOR('',#9134,1.);
#5434=VECTOR('',#9139,1.);
#5435=VECTOR('',#9140,1.);
#5436=VECTOR('',#9141,1.);
#5437=VECTOR('',#9146,1.);
#5438=VECTOR('',#9151,1.);
#5439=VECTOR('',#9152,1.);
#5440=VECTOR('',#9153,1.);
#5441=VECTOR('',#9158,1.);
#5442=VECTOR('',#9163,1.);
#5443=VECTOR('',#9164,1.);
#5444=VECTOR('',#9165,1.);
#5445=VECTOR('',#9170,1.);
#5446=VECTOR('',#9175,1.);
#5447=VECTOR('',#9176,1.);
#5448=VECTOR('',#9179,1.);
#5449=VECTOR('',#9180,1.);
#5450=VECTOR('',#9181,1.);
#5451=VECTOR('',#9182,1.);
#5452=VECTOR('',#9203,1.);
#5453=VECTOR('',#9204,1.);
#5454=VECTOR('',#9205,1.);
#5455=VECTOR('',#9206,1.);
#5456=VECTOR('',#9227,1.);
#5457=VECTOR('',#9228,1.);
#5458=VECTOR('',#9229,1.);
#5459=VECTOR('',#9230,1.);
#5460=VECTOR('',#9257,1.);
#5461=VECTOR('',#9260,1.);
#5462=VECTOR('',#9265,1.);
#5463=VECTOR('',#9266,1.);
#5464=VECTOR('',#9267,1.);
#5465=VECTOR('',#9270,1.);
#5466=VECTOR('',#9277,1.);
#5467=VECTOR('',#9278,1.);
#5468=VECTOR('',#9279,1.);
#5469=VECTOR('',#9282,1.);
#5470=VECTOR('',#9289,1.);
#5471=VECTOR('',#9290,1.);
#5472=VECTOR('',#9291,1.);
#5473=VECTOR('',#9294,1.);
#5474=VECTOR('',#9301,1.);
#5475=VECTOR('',#9302,1.);
#5476=VECTOR('',#9305,1.);
#5477=VECTOR('',#9308,1.);
#5478=VECTOR('',#9313,1.);
#5479=VECTOR('',#9314,1.);
#5480=VECTOR('',#9315,1.);
#5481=VECTOR('',#9318,1.);
#5482=VECTOR('',#9325,1.);
#5483=VECTOR('',#9326,1.);
#5484=VECTOR('',#9327,1.);
#5485=VECTOR('',#9330,1.);
#5486=VECTOR('',#9337,1.);
#5487=VECTOR('',#9338,1.);
#5488=VECTOR('',#9339,1.);
#5489=VECTOR('',#9342,1.);
#5490=VECTOR('',#9349,1.);
#5491=VECTOR('',#9350,1.);
#5492=VECTOR('',#9353,1.);
#5493=VECTOR('',#9356,1.);
#5494=VECTOR('',#9361,1.);
#5495=VECTOR('',#9362,1.);
#5496=VECTOR('',#9363,1.);
#5497=VECTOR('',#9366,1.);
#5498=VECTOR('',#9373,1.);
#5499=VECTOR('',#9374,1.);
#5500=VECTOR('',#9375,1.);
#5501=VECTOR('',#9378,1.);
#5502=VECTOR('',#9385,1.);
#5503=VECTOR('',#9386,1.);
#5504=VECTOR('',#9387,1.);
#5505=VECTOR('',#9390,1.);
#5506=VECTOR('',#9397,1.);
#5507=VECTOR('',#9398,1.);
#5508=VECTOR('',#9401,1.);
#5509=VECTOR('',#9404,1.);
#5510=VECTOR('',#9409,1.);
#5511=VECTOR('',#9410,1.);
#5512=VECTOR('',#9411,1.);
#5513=VECTOR('',#9414,1.);
#5514=VECTOR('',#9421,1.);
#5515=VECTOR('',#9422,1.);
#5516=VECTOR('',#9423,1.);
#5517=VECTOR('',#9426,1.);
#5518=VECTOR('',#9433,1.);
#5519=VECTOR('',#9434,1.);
#5520=VECTOR('',#9435,1.);
#5521=VECTOR('',#9438,1.);
#5522=VECTOR('',#9445,1.);
#5523=VECTOR('',#9446,1.);
#5524=VECTOR('',#9449,1.);
#5525=VECTOR('',#9452,1.);
#5526=VECTOR('',#9457,1.);
#5527=VECTOR('',#9458,1.);
#5528=VECTOR('',#9459,1.);
#5529=VECTOR('',#9462,1.);
#5530=VECTOR('',#9469,1.);
#5531=VECTOR('',#9470,1.);
#5532=VECTOR('',#9471,1.);
#5533=VECTOR('',#9474,1.);
#5534=VECTOR('',#9481,1.);
#5535=VECTOR('',#9482,1.);
#5536=VECTOR('',#9483,1.);
#5537=VECTOR('',#9486,1.);
#5538=VECTOR('',#9493,1.);
#5539=VECTOR('',#9494,1.);
#5540=VECTOR('',#9497,1.);
#5541=VECTOR('',#9500,1.);
#5542=VECTOR('',#9505,1.);
#5543=VECTOR('',#9506,1.);
#5544=VECTOR('',#9507,1.);
#5545=VECTOR('',#9510,1.);
#5546=VECTOR('',#9517,1.);
#5547=VECTOR('',#9518,1.);
#5548=VECTOR('',#9519,1.);
#5549=VECTOR('',#9522,1.);
#5550=VECTOR('',#9529,1.);
#5551=VECTOR('',#9530,1.);
#5552=VECTOR('',#9531,1.);
#5553=VECTOR('',#9534,1.);
#5554=VECTOR('',#9541,1.);
#5555=VECTOR('',#9542,1.);
#5556=VECTOR('',#9545,1.);
#5557=VECTOR('',#9548,1.);
#5558=VECTOR('',#9553,1.);
#5559=VECTOR('',#9554,1.);
#5560=VECTOR('',#9555,1.);
#5561=VECTOR('',#9558,1.);
#5562=VECTOR('',#9565,1.);
#5563=VECTOR('',#9566,1.);
#5564=VECTOR('',#9567,1.);
#5565=VECTOR('',#9570,1.);
#5566=VECTOR('',#9577,1.);
#5567=VECTOR('',#9578,1.);
#5568=VECTOR('',#9579,1.);
#5569=VECTOR('',#9582,1.);
#5570=VECTOR('',#9589,1.);
#5571=VECTOR('',#9590,1.);
#5572=VECTOR('',#9593,1.);
#5573=VECTOR('',#9596,1.);
#5574=VECTOR('',#9601,1.);
#5575=VECTOR('',#9602,1.);
#5576=VECTOR('',#9603,1.);
#5577=VECTOR('',#9606,1.);
#5578=VECTOR('',#9613,1.);
#5579=VECTOR('',#9614,1.);
#5580=VECTOR('',#9615,1.);
#5581=VECTOR('',#9618,1.);
#5582=VECTOR('',#9625,1.);
#5583=VECTOR('',#9626,1.);
#5584=VECTOR('',#9627,1.);
#5585=VECTOR('',#9630,1.);
#5586=VECTOR('',#9637,1.);
#5587=VECTOR('',#9638,1.);
#5588=VECTOR('',#9641,1.);
#5589=VECTOR('',#9644,1.);
#5590=VECTOR('',#9649,1.);
#5591=VECTOR('',#9650,1.);
#5592=VECTOR('',#9651,1.);
#5593=VECTOR('',#9654,1.);
#5594=VECTOR('',#9661,1.);
#5595=VECTOR('',#9662,1.);
#5596=VECTOR('',#9663,1.);
#5597=VECTOR('',#9666,1.);
#5598=VECTOR('',#9673,1.);
#5599=VECTOR('',#9674,1.);
#5600=VECTOR('',#9675,1.);
#5601=VECTOR('',#9678,1.);
#5602=VECTOR('',#9685,1.);
#5603=VECTOR('',#9686,1.);
#5604=VECTOR('',#9689,1.);
#5605=VECTOR('',#9692,1.);
#5606=VECTOR('',#9697,1.);
#5607=VECTOR('',#9698,1.);
#5608=VECTOR('',#9699,1.);
#5609=VECTOR('',#9702,1.);
#5610=VECTOR('',#9709,1.);
#5611=VECTOR('',#9710,1.);
#5612=VECTOR('',#9711,1.);
#5613=VECTOR('',#9714,1.);
#5614=VECTOR('',#9721,1.);
#5615=VECTOR('',#9722,1.);
#5616=VECTOR('',#9723,1.);
#5617=VECTOR('',#9726,1.);
#5618=VECTOR('',#9733,1.);
#5619=VECTOR('',#9734,1.);
#5620=VECTOR('',#9737,1.);
#5621=VECTOR('',#9740,1.);
#5622=VECTOR('',#9745,1.);
#5623=VECTOR('',#9746,1.);
#5624=VECTOR('',#9747,1.);
#5625=VECTOR('',#9750,1.);
#5626=VECTOR('',#9757,1.);
#5627=VECTOR('',#9758,1.);
#5628=VECTOR('',#9759,1.);
#5629=VECTOR('',#9762,1.);
#5630=VECTOR('',#9769,1.);
#5631=VECTOR('',#9770,1.);
#5632=VECTOR('',#9771,1.);
#5633=VECTOR('',#9774,1.);
#5634=VECTOR('',#9781,1.);
#5635=VECTOR('',#9782,1.);
#5636=VECTOR('',#9785,1.);
#5637=VECTOR('',#9788,1.);
#5638=VECTOR('',#9793,1.);
#5639=VECTOR('',#9794,1.);
#5640=VECTOR('',#9795,1.);
#5641=VECTOR('',#9798,1.);
#5642=VECTOR('',#9805,1.);
#5643=VECTOR('',#9806,1.);
#5644=VECTOR('',#9807,1.);
#5645=VECTOR('',#9810,1.);
#5646=VECTOR('',#9817,1.);
#5647=VECTOR('',#9818,1.);
#5648=VECTOR('',#9819,1.);
#5649=VECTOR('',#9822,1.);
#5650=VECTOR('',#9829,1.);
#5651=VECTOR('',#9830,1.);
#5652=VECTOR('',#9833,1.);
#5653=VECTOR('',#9836,1.);
#5654=VECTOR('',#9841,1.);
#5655=VECTOR('',#9842,1.);
#5656=VECTOR('',#9843,1.);
#5657=VECTOR('',#9846,1.);
#5658=VECTOR('',#9853,1.);
#5659=VECTOR('',#9854,1.);
#5660=VECTOR('',#9855,1.);
#5661=VECTOR('',#9858,1.);
#5662=VECTOR('',#9865,1.);
#5663=VECTOR('',#9866,1.);
#5664=VECTOR('',#9867,1.);
#5665=VECTOR('',#9870,1.);
#5666=VECTOR('',#9877,1.);
#5667=VECTOR('',#9878,1.);
#5668=VECTOR('',#9881,1.);
#5669=VECTOR('',#9884,1.);
#5670=VECTOR('',#9889,1.);
#5671=VECTOR('',#9890,1.);
#5672=VECTOR('',#9891,1.);
#5673=VECTOR('',#9894,1.);
#5674=VECTOR('',#9901,1.);
#5675=VECTOR('',#9902,1.);
#5676=VECTOR('',#9903,1.);
#5677=VECTOR('',#9906,1.);
#5678=VECTOR('',#9913,1.);
#5679=VECTOR('',#9914,1.);
#5680=VECTOR('',#9915,1.);
#5681=VECTOR('',#9918,1.);
#5682=VECTOR('',#9925,1.);
#5683=VECTOR('',#9926,1.);
#5684=VECTOR('',#9929,1.);
#5685=VECTOR('',#9932,1.);
#5686=VECTOR('',#9937,1.);
#5687=VECTOR('',#9938,1.);
#5688=VECTOR('',#9939,1.);
#5689=VECTOR('',#9942,1.);
#5690=VECTOR('',#9949,1.);
#5691=VECTOR('',#9950,1.);
#5692=VECTOR('',#9951,1.);
#5693=VECTOR('',#9954,1.);
#5694=VECTOR('',#9961,1.);
#5695=VECTOR('',#9962,1.);
#5696=VECTOR('',#9963,1.);
#5697=VECTOR('',#9966,1.);
#5698=VECTOR('',#9973,1.);
#5699=VECTOR('',#9974,1.);
#5700=VECTOR('',#10001,1.);
#5701=VECTOR('',#10002,1.);
#5702=VECTOR('',#10005,1.);
#5703=VECTOR('',#10008,1.);
#5704=VECTOR('',#10011,1.);
#5705=VECTOR('',#10014,1.);
#5706=VECTOR('',#10017,1.);
#5707=VECTOR('',#10020,1.);
#5708=VECTOR('',#10025,1.);
#5709=VECTOR('',#10026,1.);
#5710=VECTOR('',#10029,1.);
#5711=VECTOR('',#10032,1.);
#5712=VECTOR('',#10035,1.);
#5713=VECTOR('',#10038,1.);
#5714=VECTOR('',#10041,1.);
#5715=VECTOR('',#10044,1.);
#5716=VECTOR('',#10049,1.);
#5717=VECTOR('',#10050,1.);
#5718=VECTOR('',#10053,1.);
#5719=VECTOR('',#10056,1.);
#5720=VECTOR('',#10059,1.);
#5721=VECTOR('',#10062,1.);
#5722=VECTOR('',#10065,1.);
#5723=VECTOR('',#10068,1.);
#5724=VECTOR('',#10073,1.);
#5725=VECTOR('',#10074,1.);
#5726=VECTOR('',#10077,1.);
#5727=VECTOR('',#10080,1.);
#5728=VECTOR('',#10083,1.);
#5729=VECTOR('',#10086,1.);
#5730=VECTOR('',#10089,1.);
#5731=VECTOR('',#10092,1.);
#5732=VECTOR('',#10097,1.);
#5733=VECTOR('',#10098,1.);
#5734=VECTOR('',#10101,1.);
#5735=VECTOR('',#10104,1.);
#5736=VECTOR('',#10107,1.);
#5737=VECTOR('',#10110,1.);
#5738=VECTOR('',#10113,1.);
#5739=VECTOR('',#10116,1.);
#5740=VECTOR('',#10121,1.);
#5741=VECTOR('',#10122,1.);
#5742=VECTOR('',#10125,1.);
#5743=VECTOR('',#10128,1.);
#5744=VECTOR('',#10131,1.);
#5745=VECTOR('',#10134,1.);
#5746=VECTOR('',#10137,1.);
#5747=VECTOR('',#10140,1.);
#5748=VECTOR('',#10145,1.);
#5749=VECTOR('',#10146,1.);
#5750=VECTOR('',#10149,1.);
#5751=VECTOR('',#10152,1.);
#5752=VECTOR('',#10155,1.);
#5753=VECTOR('',#10158,1.);
#5754=VECTOR('',#10161,1.);
#5755=VECTOR('',#10164,1.);
#5756=VECTOR('',#10169,1.);
#5757=VECTOR('',#10170,1.);
#5758=VECTOR('',#10173,1.);
#5759=VECTOR('',#10176,1.);
#5760=VECTOR('',#10179,1.);
#5761=VECTOR('',#10182,1.);
#5762=VECTOR('',#10185,1.);
#5763=VECTOR('',#10188,1.);
#5764=VECTOR('',#10193,1.);
#5765=VECTOR('',#10194,1.);
#5766=VECTOR('',#10197,1.);
#5767=VECTOR('',#10200,1.);
#5768=VECTOR('',#10203,1.);
#5769=VECTOR('',#10206,1.);
#5770=VECTOR('',#10209,1.);
#5771=VECTOR('',#10212,1.);
#5772=VECTOR('',#10217,1.);
#5773=VECTOR('',#10218,1.);
#5774=VECTOR('',#10221,1.);
#5775=VECTOR('',#10224,1.);
#5776=VECTOR('',#10227,1.);
#5777=VECTOR('',#10230,1.);
#5778=VECTOR('',#10233,1.);
#5779=VECTOR('',#10236,1.);
#5780=VECTOR('',#10241,1.);
#5781=VECTOR('',#10242,1.);
#5782=VECTOR('',#10245,1.);
#5783=VECTOR('',#10248,1.);
#5784=VECTOR('',#10251,1.);
#5785=VECTOR('',#10254,1.);
#5786=VECTOR('',#10257,1.);
#5787=VECTOR('',#10260,1.);
#5788=VECTOR('',#10265,1.);
#5789=VECTOR('',#10266,1.);
#5790=VECTOR('',#10269,1.);
#5791=VECTOR('',#10272,1.);
#5792=VECTOR('',#10275,1.);
#5793=VECTOR('',#10278,1.);
#5794=VECTOR('',#10281,1.);
#5795=VECTOR('',#10284,1.);
#5796=VECTOR('',#10289,1.);
#5797=VECTOR('',#10290,1.);
#5798=VECTOR('',#10293,1.);
#5799=VECTOR('',#10296,1.);
#5800=VECTOR('',#10299,1.);
#5801=VECTOR('',#10302,1.);
#5802=VECTOR('',#10305,1.);
#5803=VECTOR('',#10308,1.);
#5804=VECTOR('',#10313,1.);
#5805=VECTOR('',#10314,1.);
#5806=VECTOR('',#10317,1.);
#5807=VECTOR('',#10320,1.);
#5808=VECTOR('',#10323,1.);
#5809=VECTOR('',#10326,1.);
#5810=VECTOR('',#10329,1.);
#5811=VECTOR('',#10332,1.);
#5812=VECTOR('',#10337,1.);
#5813=VECTOR('',#10338,1.);
#5814=VECTOR('',#10341,1.);
#5815=VECTOR('',#10344,1.);
#5816=VECTOR('',#10347,1.);
#5817=VECTOR('',#10350,1.);
#5818=VECTOR('',#10353,1.);
#5819=VECTOR('',#10356,1.);
#5820=VECTOR('',#10361,1.);
#5821=VECTOR('',#10362,1.);
#5822=VECTOR('',#10365,1.);
#5823=VECTOR('',#10368,1.);
#5824=VECTOR('',#10371,1.);
#5825=VECTOR('',#10374,1.);
#5826=VECTOR('',#10377,1.);
#5827=VECTOR('',#10380,1.);
#5828=VECTOR('',#10385,1.);
#5829=VECTOR('',#10386,1.);
#5830=VECTOR('',#10389,1.);
#5831=VECTOR('',#10392,1.);
#5832=VECTOR('',#10395,1.);
#5833=VECTOR('',#10398,1.);
#5834=VECTOR('',#10401,1.);
#5835=VECTOR('',#10404,1.);
#5836=VECTOR('',#10421,1.);
#5837=VECTOR('',#10422,1.);
#5838=VECTOR('',#10425,1.);
#5839=VECTOR('',#10428,1.);
#5840=VECTOR('',#10431,1.);
#5841=VECTOR('',#10434,1.);
#5842=VECTOR('',#10437,1.);
#5843=VECTOR('',#10440,1.);
#5844=VECTOR('',#10445,1.);
#5845=VECTOR('',#10448,1.);
#5846=VECTOR('',#10451,1.);
#5847=VECTOR('',#10456,1.);
#5848=VECTOR('',#10461,1.);
#5849=VECTOR('',#10462,1.);
#5850=VECTOR('',#10465,1.);
#5851=VECTOR('',#10468,1.);
#5852=VECTOR('',#10471,1.);
#5853=VECTOR('',#10474,1.);
#5854=VECTOR('',#10477,1.);
#5855=VECTOR('',#10480,1.);
#5856=VECTOR('',#10485,1.);
#5857=VECTOR('',#10486,1.);
#5858=VECTOR('',#10489,1.);
#5859=VECTOR('',#10492,1.);
#5860=VECTOR('',#10495,1.);
#5861=VECTOR('',#10498,1.);
#5862=VECTOR('',#10501,1.);
#5863=VECTOR('',#10504,1.);
#5864=VECTOR('',#10509,1.);
#5865=VECTOR('',#10510,1.);
#5866=VECTOR('',#10513,1.);
#5867=VECTOR('',#10516,1.);
#5868=VECTOR('',#10519,1.);
#5869=VECTOR('',#10522,1.);
#5870=VECTOR('',#10525,1.);
#5871=VECTOR('',#10528,1.);
#5872=VECTOR('',#10533,1.);
#5873=VECTOR('',#10534,1.);
#5874=VECTOR('',#10537,1.);
#5875=VECTOR('',#10540,1.);
#5876=VECTOR('',#10543,1.);
#5877=VECTOR('',#10546,1.);
#5878=VECTOR('',#10549,1.);
#5879=VECTOR('',#10552,1.);
#5880=VECTOR('',#10557,1.);
#5881=VECTOR('',#10558,1.);
#5882=VECTOR('',#10561,1.);
#5883=VECTOR('',#10564,1.);
#5884=VECTOR('',#10567,1.);
#5885=VECTOR('',#10570,1.);
#5886=VECTOR('',#10573,1.);
#5887=VECTOR('',#10576,1.);
#5888=VECTOR('',#10581,1.);
#5889=VECTOR('',#10582,1.);
#5890=VECTOR('',#10585,1.);
#5891=VECTOR('',#10588,1.);
#5892=VECTOR('',#10591,1.);
#5893=VECTOR('',#10594,1.);
#5894=VECTOR('',#10597,1.);
#5895=VECTOR('',#10600,1.);
#5896=VECTOR('',#10605,1.);
#5897=VECTOR('',#10606,1.);
#5898=VECTOR('',#10609,1.);
#5899=VECTOR('',#10612,1.);
#5900=VECTOR('',#10615,1.);
#5901=VECTOR('',#10618,1.);
#5902=VECTOR('',#10621,1.);
#5903=VECTOR('',#10624,1.);
#5904=VECTOR('',#10629,1.);
#5905=VECTOR('',#10630,1.);
#5906=VECTOR('',#10633,1.);
#5907=VECTOR('',#10636,1.);
#5908=VECTOR('',#10639,1.);
#5909=VECTOR('',#10642,1.);
#5910=VECTOR('',#10645,1.);
#5911=VECTOR('',#10648,1.);
#5912=VECTOR('',#10653,1.);
#5913=VECTOR('',#10654,1.);
#5914=VECTOR('',#10657,1.);
#5915=VECTOR('',#10660,1.);
#5916=VECTOR('',#10663,1.);
#5917=VECTOR('',#10666,1.);
#5918=VECTOR('',#10669,1.);
#5919=VECTOR('',#10672,1.);
#5920=VECTOR('',#10677,1.);
#5921=VECTOR('',#10678,1.);
#5922=VECTOR('',#10681,1.);
#5923=VECTOR('',#10684,1.);
#5924=VECTOR('',#10687,1.);
#5925=VECTOR('',#10690,1.);
#5926=VECTOR('',#10693,1.);
#5927=VECTOR('',#10696,1.);
#5928=VECTOR('',#10701,1.);
#5929=VECTOR('',#10702,1.);
#5930=VECTOR('',#10705,1.);
#5931=VECTOR('',#10708,1.);
#5932=VECTOR('',#10711,1.);
#5933=VECTOR('',#10714,1.);
#5934=VECTOR('',#10717,1.);
#5935=VECTOR('',#10720,1.);
#5936=VECTOR('',#10725,1.);
#5937=VECTOR('',#10726,1.);
#5938=VECTOR('',#10729,1.);
#5939=VECTOR('',#10732,1.);
#5940=VECTOR('',#10735,1.);
#5941=VECTOR('',#10738,1.);
#5942=VECTOR('',#10741,1.);
#5943=VECTOR('',#10744,1.);
#5944=VECTOR('',#10749,1.);
#5945=VECTOR('',#10750,1.);
#5946=VECTOR('',#10753,1.);
#5947=VECTOR('',#10756,1.);
#5948=VECTOR('',#10759,1.);
#5949=VECTOR('',#10762,1.);
#5950=VECTOR('',#10765,1.);
#5951=VECTOR('',#10768,1.);
#5952=VECTOR('',#10773,1.);
#5953=VECTOR('',#10774,1.);
#5954=VECTOR('',#10777,1.);
#5955=VECTOR('',#10780,1.);
#5956=VECTOR('',#10783,1.);
#5957=VECTOR('',#10786,1.);
#5958=VECTOR('',#10789,1.);
#5959=VECTOR('',#10792,1.);
#5960=VECTOR('',#10797,1.);
#5961=VECTOR('',#10798,1.);
#5962=VECTOR('',#10801,1.);
#5963=VECTOR('',#10804,1.);
#5964=VECTOR('',#10807,1.);
#5965=VECTOR('',#10810,1.);
#5966=VECTOR('',#10813,1.);
#5967=VECTOR('',#10816,1.);
#5968=VECTOR('',#10821,1.);
#5969=VECTOR('',#10822,1.);
#5970=VECTOR('',#10825,1.);
#5971=VECTOR('',#10828,1.);
#5972=VECTOR('',#10831,1.);
#5973=VECTOR('',#10834,1.);
#5974=VECTOR('',#10837,1.);
#5975=VECTOR('',#10840,1.);
#5976=VECTOR('',#10857,1.);
#5977=VECTOR('',#10858,1.);
#5978=VECTOR('',#10861,1.);
#5979=VECTOR('',#10864,1.);
#5980=VECTOR('',#10867,1.);
#5981=VECTOR('',#10870,1.);
#5982=VECTOR('',#10873,1.);
#5983=VECTOR('',#10876,1.);
#5984=VECTOR('',#10883,1.);
#5985=VECTOR('',#10886,1.);
#5986=VECTOR('',#10889,1.);
#5987=VECTOR('',#10892,1.);
#5988=VECTOR('',#10895,1.);
#5989=VECTOR('',#10898,1.);
#5990=VECTOR('',#10901,1.);
#5991=VECTOR('',#10904,1.);
#5992=VECTOR('',#10911,1.);
#5993=VECTOR('',#10912,1.);
#5994=VECTOR('',#10913,1.);
#5995=VECTOR('',#10916,1.);
#5996=VECTOR('',#10917,1.);
#5997=VECTOR('',#10918,1.);
#5998=EDGE_LOOP('',(#590,#591,#592,#593));
#5999=EDGE_LOOP('',(#594,#595,#596,#597,#598,#599,#600,#601));
#6000=EDGE_LOOP('',(#602,#603,#604,#605));
#6001=EDGE_LOOP('',(#606,#607,#608));
#6002=EDGE_LOOP('',(#609,#610,#611));
#6003=EDGE_LOOP('',(#612,#613,#614,#615,#616,#617,#618,#619,#620,#621,#622,
#623));
#6004=EDGE_LOOP('',(#624,#625,#626,#627,#628,#629,#630,#631));
#6005=EDGE_LOOP('',(#632,#633,#634,#635,#636,#637,#638,#639));
#6006=EDGE_LOOP('',(#640,#641,#642,#643,#644,#645,#646,#647));
#6007=EDGE_LOOP('',(#648,#649,#650,#651,#652,#653,#654,#655));
#6008=EDGE_LOOP('',(#656,#657,#658,#659,#660,#661,#662,#663));
#6009=EDGE_LOOP('',(#664,#665,#666,#667,#668,#669,#670,#671));
#6010=EDGE_LOOP('',(#672,#673,#674,#675,#676,#677,#678,#679));
#6011=EDGE_LOOP('',(#680,#681,#682,#683,#684,#685,#686,#687));
#6012=EDGE_LOOP('',(#688,#689,#690,#691,#692,#693,#694,#695));
#6013=EDGE_LOOP('',(#696,#697,#698,#699,#700,#701,#702,#703));
#6014=EDGE_LOOP('',(#704,#705,#706,#707,#708,#709,#710,#711));
#6015=EDGE_LOOP('',(#712,#713,#714,#715,#716,#717,#718,#719));
#6016=EDGE_LOOP('',(#720,#721,#722,#723,#724,#725,#726,#727));
#6017=EDGE_LOOP('',(#728,#729,#730,#731,#732,#733,#734,#735));
#6018=EDGE_LOOP('',(#736,#737,#738,#739,#740,#741,#742,#743));
#6019=EDGE_LOOP('',(#744,#745,#746,#747,#748,#749,#750,#751));
#6020=EDGE_LOOP('',(#752,#753,#754,#755,#756,#757,#758,#759));
#6021=EDGE_LOOP('',(#760));
#6022=EDGE_LOOP('',(#761));
#6023=EDGE_LOOP('',(#762));
#6024=EDGE_LOOP('',(#763));
#6025=EDGE_LOOP('',(#764));
#6026=EDGE_LOOP('',(#765));
#6027=EDGE_LOOP('',(#766,#767,#768,#769,#770,#771,#772,#773));
#6028=EDGE_LOOP('',(#774,#775,#776,#777,#778,#779,#780,#781,#782,#783,#784,
#785,#786,#787,#788,#789));
#6029=EDGE_LOOP('',(#790,#791,#792,#793,#794,#795,#796,#797));
#6030=EDGE_LOOP('',(#798));
#6031=EDGE_LOOP('',(#799));
#6032=EDGE_LOOP('',(#800));
#6033=EDGE_LOOP('',(#801));
#6034=EDGE_LOOP('',(#802));
#6035=EDGE_LOOP('',(#803));
#6036=EDGE_LOOP('',(#804,#805,#806,#807,#808,#809,#810,#811));
#6037=EDGE_LOOP('',(#812,#813,#814,#815,#816,#817,#818,#819));
#6038=EDGE_LOOP('',(#820,#821,#822,#823,#824,#825,#826,#827));
#6039=EDGE_LOOP('',(#828,#829,#830,#831,#832,#833,#834,#835));
#6040=EDGE_LOOP('',(#836,#837,#838,#839,#840,#841,#842,#843));
#6041=EDGE_LOOP('',(#844,#845,#846,#847,#848,#849,#850,#851));
#6042=EDGE_LOOP('',(#852,#853,#854,#855,#856,#857,#858,#859));
#6043=EDGE_LOOP('',(#860,#861,#862,#863,#864,#865,#866,#867));
#6044=EDGE_LOOP('',(#868,#869,#870,#871,#872,#873,#874,#875));
#6045=EDGE_LOOP('',(#876,#877,#878,#879,#880,#881,#882,#883));
#6046=EDGE_LOOP('',(#884,#885,#886,#887,#888,#889,#890,#891));
#6047=EDGE_LOOP('',(#892,#893,#894,#895,#896,#897,#898,#899));
#6048=EDGE_LOOP('',(#900,#901,#902,#903,#904,#905,#906,#907));
#6049=EDGE_LOOP('',(#908,#909,#910,#911,#912,#913,#914,#915));
#6050=EDGE_LOOP('',(#916,#917,#918,#919,#920,#921,#922,#923));
#6051=EDGE_LOOP('',(#924,#925,#926,#927,#928,#929,#930,#931));
#6052=EDGE_LOOP('',(#932,#933,#934,#935));
#6053=EDGE_LOOP('',(#936,#937,#938,#939));
#6054=EDGE_LOOP('',(#940,#941,#942,#943));
#6055=EDGE_LOOP('',(#944,#945,#946,#947));
#6056=EDGE_LOOP('',(#948,#949,#950,#951));
#6057=EDGE_LOOP('',(#952,#953,#954,#955));
#6058=EDGE_LOOP('',(#956,#957,#958,#959));
#6059=EDGE_LOOP('',(#960,#961,#962,#963));
#6060=EDGE_LOOP('',(#964,#965,#966,#967));
#6061=EDGE_LOOP('',(#968,#969,#970,#971));
#6062=EDGE_LOOP('',(#972,#973,#974,#975));
#6063=EDGE_LOOP('',(#976,#977,#978,#979));
#6064=EDGE_LOOP('',(#980,#981,#982,#983));
#6065=EDGE_LOOP('',(#984));
#6066=EDGE_LOOP('',(#985));
#6067=EDGE_LOOP('',(#986));
#6068=EDGE_LOOP('',(#987));
#6069=EDGE_LOOP('',(#988));
#6070=EDGE_LOOP('',(#989));
#6071=EDGE_LOOP('',(#990,#991,#992,#993));
#6072=EDGE_LOOP('',(#994));
#6073=EDGE_LOOP('',(#995));
#6074=EDGE_LOOP('',(#996));
#6075=EDGE_LOOP('',(#997));
#6076=EDGE_LOOP('',(#998));
#6077=EDGE_LOOP('',(#999));
#6078=EDGE_LOOP('',(#1000,#1001,#1002,#1003));
#6079=EDGE_LOOP('',(#1004,#1005,#1006,#1007));
#6080=EDGE_LOOP('',(#1008,#1009,#1010,#1011));
#6081=EDGE_LOOP('',(#1012,#1013,#1014,#1015));
#6082=EDGE_LOOP('',(#1016,#1017,#1018,#1019));
#6083=EDGE_LOOP('',(#1020,#1021,#1022,#1023));
#6084=EDGE_LOOP('',(#1024,#1025,#1026,#1027));
#6085=EDGE_LOOP('',(#1028,#1029,#1030,#1031));
#6086=EDGE_LOOP('',(#1032,#1033,#1034,#1035));
#6087=EDGE_LOOP('',(#1036,#1037,#1038,#1039));
#6088=EDGE_LOOP('',(#1040,#1041,#1042,#1043));
#6089=EDGE_LOOP('',(#1044,#1045,#1046,#1047));
#6090=EDGE_LOOP('',(#1048,#1049,#1050,#1051));
#6091=EDGE_LOOP('',(#1052,#1053,#1054,#1055));
#6092=EDGE_LOOP('',(#1056,#1057,#1058,#1059));
#6093=EDGE_LOOP('',(#1060,#1061,#1062,#1063));
#6094=EDGE_LOOP('',(#1064,#1065,#1066,#1067));
#6095=EDGE_LOOP('',(#1068,#1069,#1070,#1071));
#6096=EDGE_LOOP('',(#1072,#1073,#1074,#1075));
#6097=EDGE_LOOP('',(#1076,#1077,#1078,#1079));
#6098=EDGE_LOOP('',(#1080,#1081,#1082,#1083));
#6099=EDGE_LOOP('',(#1084,#1085,#1086,#1087));
#6100=EDGE_LOOP('',(#1088,#1089,#1090,#1091));
#6101=EDGE_LOOP('',(#1092,#1093,#1094,#1095));
#6102=EDGE_LOOP('',(#1096,#1097,#1098,#1099));
#6103=EDGE_LOOP('',(#1100,#1101,#1102,#1103));
#6104=EDGE_LOOP('',(#1104,#1105,#1106,#1107));
#6105=EDGE_LOOP('',(#1108,#1109,#1110,#1111));
#6106=EDGE_LOOP('',(#1112,#1113,#1114,#1115));
#6107=EDGE_LOOP('',(#1116,#1117,#1118,#1119));
#6108=EDGE_LOOP('',(#1120,#1121,#1122,#1123));
#6109=EDGE_LOOP('',(#1124,#1125,#1126,#1127));
#6110=EDGE_LOOP('',(#1128,#1129,#1130,#1131));
#6111=EDGE_LOOP('',(#1132,#1133,#1134,#1135));
#6112=EDGE_LOOP('',(#1136,#1137,#1138,#1139));
#6113=EDGE_LOOP('',(#1140,#1141,#1142,#1143));
#6114=EDGE_LOOP('',(#1144,#1145,#1146,#1147));
#6115=EDGE_LOOP('',(#1148,#1149,#1150,#1151));
#6116=EDGE_LOOP('',(#1152,#1153,#1154,#1155));
#6117=EDGE_LOOP('',(#1156,#1157,#1158,#1159));
#6118=EDGE_LOOP('',(#1160,#1161,#1162,#1163));
#6119=EDGE_LOOP('',(#1164,#1165,#1166,#1167));
#6120=EDGE_LOOP('',(#1168,#1169,#1170,#1171));
#6121=EDGE_LOOP('',(#1172,#1173,#1174,#1175));
#6122=EDGE_LOOP('',(#1176,#1177,#1178,#1179));
#6123=EDGE_LOOP('',(#1180,#1181,#1182,#1183));
#6124=EDGE_LOOP('',(#1184,#1185,#1186,#1187));
#6125=EDGE_LOOP('',(#1188,#1189,#1190,#1191));
#6126=EDGE_LOOP('',(#1192,#1193,#1194,#1195));
#6127=EDGE_LOOP('',(#1196,#1197,#1198,#1199));
#6128=EDGE_LOOP('',(#1200,#1201,#1202,#1203));
#6129=EDGE_LOOP('',(#1204,#1205,#1206,#1207));
#6130=EDGE_LOOP('',(#1208,#1209,#1210,#1211));
#6131=EDGE_LOOP('',(#1212,#1213,#1214,#1215));
#6132=EDGE_LOOP('',(#1216,#1217,#1218,#1219));
#6133=EDGE_LOOP('',(#1220,#1221,#1222,#1223));
#6134=EDGE_LOOP('',(#1224,#1225,#1226,#1227));
#6135=EDGE_LOOP('',(#1228,#1229,#1230,#1231));
#6136=EDGE_LOOP('',(#1232,#1233,#1234,#1235));
#6137=EDGE_LOOP('',(#1236,#1237,#1238,#1239));
#6138=EDGE_LOOP('',(#1240,#1241,#1242,#1243));
#6139=EDGE_LOOP('',(#1244,#1245,#1246,#1247));
#6140=EDGE_LOOP('',(#1248,#1249,#1250,#1251));
#6141=EDGE_LOOP('',(#1252,#1253,#1254,#1255));
#6142=EDGE_LOOP('',(#1256,#1257,#1258,#1259));
#6143=EDGE_LOOP('',(#1260,#1261,#1262,#1263));
#6144=EDGE_LOOP('',(#1264,#1265,#1266,#1267));
#6145=EDGE_LOOP('',(#1268,#1269,#1270,#1271));
#6146=EDGE_LOOP('',(#1272,#1273,#1274,#1275));
#6147=EDGE_LOOP('',(#1276,#1277,#1278,#1279));
#6148=EDGE_LOOP('',(#1280,#1281,#1282,#1283));
#6149=EDGE_LOOP('',(#1284,#1285,#1286,#1287));
#6150=EDGE_LOOP('',(#1288,#1289,#1290,#1291));
#6151=EDGE_LOOP('',(#1292,#1293,#1294,#1295));
#6152=EDGE_LOOP('',(#1296,#1297,#1298,#1299));
#6153=EDGE_LOOP('',(#1300,#1301,#1302,#1303));
#6154=EDGE_LOOP('',(#1304,#1305,#1306,#1307));
#6155=EDGE_LOOP('',(#1308,#1309,#1310,#1311));
#6156=EDGE_LOOP('',(#1312,#1313,#1314,#1315));
#6157=EDGE_LOOP('',(#1316,#1317,#1318,#1319));
#6158=EDGE_LOOP('',(#1320,#1321,#1322,#1323));
#6159=EDGE_LOOP('',(#1324,#1325,#1326,#1327));
#6160=EDGE_LOOP('',(#1328,#1329,#1330,#1331));
#6161=EDGE_LOOP('',(#1332,#1333,#1334,#1335));
#6162=EDGE_LOOP('',(#1336,#1337,#1338,#1339));
#6163=EDGE_LOOP('',(#1340,#1341,#1342,#1343));
#6164=EDGE_LOOP('',(#1344,#1345,#1346,#1347));
#6165=EDGE_LOOP('',(#1348,#1349,#1350,#1351));
#6166=EDGE_LOOP('',(#1352,#1353,#1354,#1355));
#6167=EDGE_LOOP('',(#1356,#1357,#1358,#1359));
#6168=EDGE_LOOP('',(#1360,#1361,#1362,#1363));
#6169=EDGE_LOOP('',(#1364,#1365,#1366,#1367));
#6170=EDGE_LOOP('',(#1368,#1369,#1370,#1371));
#6171=EDGE_LOOP('',(#1372,#1373,#1374,#1375));
#6172=EDGE_LOOP('',(#1376,#1377,#1378,#1379));
#6173=EDGE_LOOP('',(#1380,#1381,#1382,#1383));
#6174=EDGE_LOOP('',(#1384,#1385,#1386,#1387));
#6175=EDGE_LOOP('',(#1388,#1389,#1390,#1391));
#6176=EDGE_LOOP('',(#1392,#1393,#1394,#1395));
#6177=EDGE_LOOP('',(#1396,#1397,#1398,#1399));
#6178=EDGE_LOOP('',(#1400,#1401,#1402,#1403));
#6179=EDGE_LOOP('',(#1404,#1405,#1406,#1407));
#6180=EDGE_LOOP('',(#1408,#1409,#1410,#1411));
#6181=EDGE_LOOP('',(#1412,#1413,#1414,#1415));
#6182=EDGE_LOOP('',(#1416,#1417,#1418,#1419));
#6183=EDGE_LOOP('',(#1420,#1421,#1422,#1423));
#6184=EDGE_LOOP('',(#1424,#1425,#1426,#1427));
#6185=EDGE_LOOP('',(#1428,#1429,#1430,#1431));
#6186=EDGE_LOOP('',(#1432,#1433,#1434,#1435));
#6187=EDGE_LOOP('',(#1436,#1437,#1438,#1439));
#6188=EDGE_LOOP('',(#1440,#1441,#1442,#1443));
#6189=EDGE_LOOP('',(#1444,#1445,#1446,#1447));
#6190=EDGE_LOOP('',(#1448,#1449,#1450,#1451));
#6191=EDGE_LOOP('',(#1452,#1453,#1454,#1455));
#6192=EDGE_LOOP('',(#1456,#1457,#1458,#1459));
#6193=EDGE_LOOP('',(#1460,#1461,#1462,#1463));
#6194=EDGE_LOOP('',(#1464,#1465,#1466,#1467));
#6195=EDGE_LOOP('',(#1468,#1469,#1470,#1471));
#6196=EDGE_LOOP('',(#1472,#1473,#1474,#1475));
#6197=EDGE_LOOP('',(#1476,#1477,#1478,#1479));
#6198=EDGE_LOOP('',(#1480,#1481,#1482,#1483));
#6199=EDGE_LOOP('',(#1484,#1485,#1486,#1487));
#6200=EDGE_LOOP('',(#1488,#1489,#1490,#1491));
#6201=EDGE_LOOP('',(#1492,#1493,#1494,#1495));
#6202=EDGE_LOOP('',(#1496,#1497,#1498,#1499));
#6203=EDGE_LOOP('',(#1500,#1501,#1502,#1503));
#6204=EDGE_LOOP('',(#1504,#1505,#1506,#1507));
#6205=EDGE_LOOP('',(#1508,#1509,#1510,#1511));
#6206=EDGE_LOOP('',(#1512,#1513,#1514,#1515));
#6207=EDGE_LOOP('',(#1516,#1517,#1518,#1519));
#6208=EDGE_LOOP('',(#1520,#1521,#1522,#1523));
#6209=EDGE_LOOP('',(#1524,#1525,#1526,#1527));
#6210=EDGE_LOOP('',(#1528,#1529,#1530,#1531));
#6211=EDGE_LOOP('',(#1532,#1533,#1534,#1535));
#6212=EDGE_LOOP('',(#1536,#1537,#1538,#1539));
#6213=EDGE_LOOP('',(#1540,#1541,#1542,#1543));
#6214=EDGE_LOOP('',(#1544,#1545,#1546,#1547));
#6215=EDGE_LOOP('',(#1548,#1549,#1550,#1551));
#6216=EDGE_LOOP('',(#1552,#1553,#1554,#1555));
#6217=EDGE_LOOP('',(#1556,#1557,#1558,#1559));
#6218=EDGE_LOOP('',(#1560,#1561,#1562,#1563));
#6219=EDGE_LOOP('',(#1564,#1565,#1566,#1567));
#6220=EDGE_LOOP('',(#1568,#1569,#1570,#1571));
#6221=EDGE_LOOP('',(#1572,#1573,#1574,#1575));
#6222=EDGE_LOOP('',(#1576,#1577,#1578,#1579));
#6223=EDGE_LOOP('',(#1580,#1581,#1582,#1583));
#6224=EDGE_LOOP('',(#1584,#1585,#1586,#1587));
#6225=EDGE_LOOP('',(#1588,#1589,#1590,#1591));
#6226=EDGE_LOOP('',(#1592,#1593,#1594,#1595));
#6227=EDGE_LOOP('',(#1596,#1597,#1598,#1599));
#6228=EDGE_LOOP('',(#1600,#1601,#1602,#1603));
#6229=EDGE_LOOP('',(#1604,#1605,#1606,#1607));
#6230=EDGE_LOOP('',(#1608,#1609,#1610,#1611));
#6231=EDGE_LOOP('',(#1612,#1613,#1614,#1615));
#6232=EDGE_LOOP('',(#1616,#1617,#1618,#1619));
#6233=EDGE_LOOP('',(#1620,#1621,#1622,#1623));
#6234=EDGE_LOOP('',(#1624,#1625,#1626,#1627));
#6235=EDGE_LOOP('',(#1628,#1629,#1630,#1631));
#6236=EDGE_LOOP('',(#1632,#1633,#1634,#1635));
#6237=EDGE_LOOP('',(#1636,#1637,#1638,#1639));
#6238=EDGE_LOOP('',(#1640,#1641,#1642,#1643));
#6239=EDGE_LOOP('',(#1644,#1645,#1646,#1647));
#6240=EDGE_LOOP('',(#1648,#1649,#1650,#1651));
#6241=EDGE_LOOP('',(#1652,#1653,#1654,#1655));
#6242=EDGE_LOOP('',(#1656,#1657,#1658,#1659));
#6243=EDGE_LOOP('',(#1660,#1661,#1662,#1663));
#6244=EDGE_LOOP('',(#1664,#1665,#1666,#1667));
#6245=EDGE_LOOP('',(#1668,#1669,#1670,#1671));
#6246=EDGE_LOOP('',(#1672,#1673,#1674,#1675));
#6247=EDGE_LOOP('',(#1676,#1677,#1678,#1679));
#6248=EDGE_LOOP('',(#1680,#1681,#1682,#1683));
#6249=EDGE_LOOP('',(#1684,#1685,#1686,#1687));
#6250=EDGE_LOOP('',(#1688,#1689,#1690,#1691));
#6251=EDGE_LOOP('',(#1692,#1693,#1694,#1695));
#6252=EDGE_LOOP('',(#1696,#1697,#1698,#1699));
#6253=EDGE_LOOP('',(#1700,#1701,#1702,#1703));
#6254=EDGE_LOOP('',(#1704,#1705,#1706,#1707));
#6255=EDGE_LOOP('',(#1708,#1709,#1710,#1711));
#6256=EDGE_LOOP('',(#1712,#1713,#1714,#1715));
#6257=EDGE_LOOP('',(#1716,#1717,#1718,#1719));
#6258=EDGE_LOOP('',(#1720,#1721,#1722,#1723));
#6259=EDGE_LOOP('',(#1724,#1725,#1726,#1727));
#6260=EDGE_LOOP('',(#1728,#1729,#1730,#1731));
#6261=EDGE_LOOP('',(#1732,#1733,#1734,#1735));
#6262=EDGE_LOOP('',(#1736,#1737,#1738,#1739));
#6263=EDGE_LOOP('',(#1740,#1741,#1742,#1743));
#6264=EDGE_LOOP('',(#1744,#1745,#1746,#1747));
#6265=EDGE_LOOP('',(#1748,#1749,#1750,#1751));
#6266=EDGE_LOOP('',(#1752,#1753,#1754,#1755));
#6267=EDGE_LOOP('',(#1756,#1757,#1758,#1759));
#6268=EDGE_LOOP('',(#1760,#1761,#1762,#1763));
#6269=EDGE_LOOP('',(#1764,#1765,#1766,#1767));
#6270=EDGE_LOOP('',(#1768,#1769,#1770,#1771));
#6271=EDGE_LOOP('',(#1772,#1773,#1774,#1775));
#6272=EDGE_LOOP('',(#1776,#1777,#1778,#1779));
#6273=EDGE_LOOP('',(#1780,#1781,#1782,#1783));
#6274=EDGE_LOOP('',(#1784,#1785,#1786,#1787));
#6275=EDGE_LOOP('',(#1788,#1789,#1790,#1791));
#6276=EDGE_LOOP('',(#1792,#1793,#1794,#1795));
#6277=EDGE_LOOP('',(#1796,#1797,#1798,#1799));
#6278=EDGE_LOOP('',(#1800,#1801,#1802,#1803));
#6279=EDGE_LOOP('',(#1804,#1805,#1806,#1807));
#6280=EDGE_LOOP('',(#1808,#1809,#1810,#1811));
#6281=EDGE_LOOP('',(#1812,#1813,#1814,#1815));
#6282=EDGE_LOOP('',(#1816,#1817,#1818,#1819));
#6283=EDGE_LOOP('',(#1820,#1821,#1822,#1823));
#6284=EDGE_LOOP('',(#1824,#1825,#1826,#1827));
#6285=EDGE_LOOP('',(#1828,#1829,#1830,#1831));
#6286=EDGE_LOOP('',(#1832,#1833,#1834,#1835));
#6287=EDGE_LOOP('',(#1836,#1837,#1838,#1839));
#6288=EDGE_LOOP('',(#1840,#1841,#1842,#1843));
#6289=EDGE_LOOP('',(#1844,#1845,#1846,#1847));
#6290=EDGE_LOOP('',(#1848,#1849,#1850,#1851));
#6291=EDGE_LOOP('',(#1852,#1853,#1854,#1855));
#6292=EDGE_LOOP('',(#1856,#1857,#1858,#1859));
#6293=EDGE_LOOP('',(#1860,#1861,#1862,#1863));
#6294=EDGE_LOOP('',(#1864,#1865,#1866,#1867));
#6295=EDGE_LOOP('',(#1868,#1869,#1870,#1871));
#6296=EDGE_LOOP('',(#1872,#1873,#1874,#1875));
#6297=EDGE_LOOP('',(#1876,#1877,#1878,#1879));
#6298=EDGE_LOOP('',(#1880,#1881,#1882,#1883));
#6299=EDGE_LOOP('',(#1884,#1885,#1886,#1887));
#6300=EDGE_LOOP('',(#1888,#1889,#1890,#1891));
#6301=EDGE_LOOP('',(#1892,#1893,#1894,#1895));
#6302=EDGE_LOOP('',(#1896,#1897,#1898,#1899));
#6303=EDGE_LOOP('',(#1900,#1901,#1902,#1903));
#6304=EDGE_LOOP('',(#1904,#1905,#1906,#1907));
#6305=EDGE_LOOP('',(#1908,#1909,#1910,#1911));
#6306=EDGE_LOOP('',(#1912,#1913,#1914,#1915));
#6307=EDGE_LOOP('',(#1916,#1917,#1918,#1919));
#6308=EDGE_LOOP('',(#1920,#1921,#1922,#1923));
#6309=EDGE_LOOP('',(#1924,#1925,#1926,#1927));
#6310=EDGE_LOOP('',(#1928,#1929,#1930,#1931));
#6311=EDGE_LOOP('',(#1932,#1933,#1934,#1935));
#6312=EDGE_LOOP('',(#1936,#1937,#1938,#1939));
#6313=EDGE_LOOP('',(#1940,#1941,#1942,#1943));
#6314=EDGE_LOOP('',(#1944,#1945,#1946,#1947));
#6315=EDGE_LOOP('',(#1948,#1949,#1950,#1951));
#6316=EDGE_LOOP('',(#1952,#1953,#1954,#1955));
#6317=EDGE_LOOP('',(#1956,#1957,#1958,#1959));
#6318=EDGE_LOOP('',(#1960,#1961,#1962,#1963));
#6319=EDGE_LOOP('',(#1964,#1965,#1966,#1967));
#6320=EDGE_LOOP('',(#1968,#1969,#1970,#1971));
#6321=EDGE_LOOP('',(#1972,#1973,#1974,#1975));
#6322=EDGE_LOOP('',(#1976,#1977,#1978,#1979));
#6323=EDGE_LOOP('',(#1980,#1981,#1982,#1983));
#6324=EDGE_LOOP('',(#1984,#1985,#1986,#1987));
#6325=EDGE_LOOP('',(#1988,#1989,#1990,#1991));
#6326=EDGE_LOOP('',(#1992,#1993,#1994,#1995));
#6327=EDGE_LOOP('',(#1996,#1997,#1998,#1999));
#6328=EDGE_LOOP('',(#2000,#2001,#2002,#2003));
#6329=EDGE_LOOP('',(#2004,#2005,#2006,#2007));
#6330=EDGE_LOOP('',(#2008,#2009,#2010,#2011));
#6331=EDGE_LOOP('',(#2012,#2013,#2014,#2015));
#6332=EDGE_LOOP('',(#2016,#2017,#2018,#2019));
#6333=EDGE_LOOP('',(#2020,#2021,#2022,#2023));
#6334=EDGE_LOOP('',(#2024,#2025,#2026,#2027));
#6335=EDGE_LOOP('',(#2028,#2029,#2030,#2031));
#6336=EDGE_LOOP('',(#2032,#2033,#2034,#2035));
#6337=EDGE_LOOP('',(#2036,#2037,#2038,#2039));
#6338=EDGE_LOOP('',(#2040,#2041,#2042,#2043));
#6339=EDGE_LOOP('',(#2044,#2045,#2046,#2047));
#6340=EDGE_LOOP('',(#2048,#2049,#2050,#2051));
#6341=EDGE_LOOP('',(#2052,#2053,#2054,#2055));
#6342=EDGE_LOOP('',(#2056,#2057,#2058,#2059));
#6343=EDGE_LOOP('',(#2060));
#6344=EDGE_LOOP('',(#2061));
#6345=EDGE_LOOP('',(#2062));
#6346=EDGE_LOOP('',(#2063));
#6347=EDGE_LOOP('',(#2064));
#6348=EDGE_LOOP('',(#2065));
#6349=EDGE_LOOP('',(#2066));
#6350=EDGE_LOOP('',(#2067));
#6351=EDGE_LOOP('',(#2068));
#6352=EDGE_LOOP('',(#2069));
#6353=EDGE_LOOP('',(#2070));
#6354=EDGE_LOOP('',(#2071));
#6355=EDGE_LOOP('',(#2072,#2073,#2074,#2075));
#6356=EDGE_LOOP('',(#2076,#2077,#2078,#2079));
#6357=EDGE_LOOP('',(#2080,#2081,#2082,#2083));
#6358=EDGE_LOOP('',(#2084,#2085,#2086,#2087));
#6359=EDGE_LOOP('',(#2088,#2089,#2090,#2091));
#6360=EDGE_LOOP('',(#2092,#2093,#2094,#2095));
#6361=EDGE_LOOP('',(#2096,#2097,#2098,#2099));
#6362=EDGE_LOOP('',(#2100,#2101,#2102,#2103));
#6363=EDGE_LOOP('',(#2104,#2105,#2106,#2107,#2108,#2109));
#6364=EDGE_LOOP('',(#2110,#2111,#2112,#2113));
#6365=EDGE_LOOP('',(#2114,#2115,#2116,#2117,#2118,#2119));
#6366=EDGE_LOOP('',(#2120,#2121,#2122,#2123));
#6367=EDGE_LOOP('',(#2124,#2125,#2126,#2127));
#6368=EDGE_LOOP('',(#2128,#2129,#2130,#2131));
#6369=EDGE_LOOP('',(#2132,#2133,#2134,#2135));
#6370=EDGE_LOOP('',(#2136,#2137,#2138,#2139));
#6371=EDGE_LOOP('',(#2140,#2141,#2142,#2143));
#6372=EDGE_LOOP('',(#2144,#2145,#2146,#2147));
#6373=EDGE_LOOP('',(#2148,#2149,#2150,#2151));
#6374=EDGE_LOOP('',(#2152,#2153,#2154,#2155));
#6375=EDGE_LOOP('',(#2156,#2157,#2158,#2159));
#6376=EDGE_LOOP('',(#2160,#2161,#2162,#2163));
#6377=EDGE_LOOP('',(#2164,#2165,#2166,#2167));
#6378=EDGE_LOOP('',(#2168,#2169,#2170,#2171));
#6379=EDGE_LOOP('',(#2172,#2173,#2174,#2175));
#6380=EDGE_LOOP('',(#2176,#2177,#2178,#2179));
#6381=EDGE_LOOP('',(#2180,#2181,#2182,#2183));
#6382=EDGE_LOOP('',(#2184,#2185,#2186,#2187));
#6383=EDGE_LOOP('',(#2188,#2189,#2190,#2191));
#6384=EDGE_LOOP('',(#2192,#2193,#2194,#2195));
#6385=EDGE_LOOP('',(#2196,#2197,#2198,#2199));
#6386=EDGE_LOOP('',(#2200,#2201,#2202,#2203));
#6387=EDGE_LOOP('',(#2204,#2205,#2206,#2207));
#6388=EDGE_LOOP('',(#2208,#2209,#2210,#2211));
#6389=EDGE_LOOP('',(#2212,#2213,#2214,#2215));
#6390=EDGE_LOOP('',(#2216,#2217,#2218,#2219));
#6391=EDGE_LOOP('',(#2220,#2221,#2222,#2223));
#6392=EDGE_LOOP('',(#2224,#2225,#2226,#2227));
#6393=EDGE_LOOP('',(#2228,#2229,#2230,#2231));
#6394=EDGE_LOOP('',(#2232,#2233,#2234,#2235));
#6395=EDGE_LOOP('',(#2236,#2237,#2238,#2239));
#6396=EDGE_LOOP('',(#2240,#2241,#2242,#2243));
#6397=EDGE_LOOP('',(#2244,#2245,#2246,#2247));
#6398=EDGE_LOOP('',(#2248,#2249,#2250,#2251));
#6399=EDGE_LOOP('',(#2252,#2253,#2254,#2255));
#6400=EDGE_LOOP('',(#2256,#2257,#2258,#2259));
#6401=EDGE_LOOP('',(#2260,#2261,#2262,#2263));
#6402=EDGE_LOOP('',(#2264,#2265,#2266,#2267));
#6403=EDGE_LOOP('',(#2268,#2269,#2270,#2271));
#6404=EDGE_LOOP('',(#2272,#2273,#2274,#2275));
#6405=EDGE_LOOP('',(#2276,#2277,#2278,#2279));
#6406=EDGE_LOOP('',(#2280,#2281,#2282,#2283));
#6407=EDGE_LOOP('',(#2284,#2285,#2286,#2287));
#6408=EDGE_LOOP('',(#2288,#2289,#2290,#2291));
#6409=EDGE_LOOP('',(#2292,#2293,#2294,#2295));
#6410=EDGE_LOOP('',(#2296,#2297,#2298,#2299));
#6411=EDGE_LOOP('',(#2300,#2301,#2302,#2303));
#6412=EDGE_LOOP('',(#2304,#2305,#2306,#2307));
#6413=EDGE_LOOP('',(#2308,#2309,#2310,#2311));
#6414=EDGE_LOOP('',(#2312,#2313,#2314,#2315));
#6415=EDGE_LOOP('',(#2316,#2317,#2318,#2319));
#6416=EDGE_LOOP('',(#2320,#2321,#2322,#2323));
#6417=EDGE_LOOP('',(#2324,#2325,#2326,#2327));
#6418=EDGE_LOOP('',(#2328,#2329,#2330,#2331));
#6419=EDGE_LOOP('',(#2332,#2333,#2334,#2335));
#6420=EDGE_LOOP('',(#2336,#2337,#2338,#2339));
#6421=EDGE_LOOP('',(#2340,#2341,#2342,#2343));
#6422=EDGE_LOOP('',(#2344,#2345,#2346,#2347));
#6423=EDGE_LOOP('',(#2348,#2349,#2350,#2351));
#6424=EDGE_LOOP('',(#2352,#2353,#2354,#2355));
#6425=EDGE_LOOP('',(#2356,#2357,#2358,#2359));
#6426=EDGE_LOOP('',(#2360,#2361,#2362,#2363));
#6427=EDGE_LOOP('',(#2364,#2365,#2366,#2367));
#6428=EDGE_LOOP('',(#2368,#2369,#2370,#2371));
#6429=EDGE_LOOP('',(#2372,#2373,#2374,#2375));
#6430=EDGE_LOOP('',(#2376,#2377,#2378,#2379));
#6431=EDGE_LOOP('',(#2380,#2381,#2382,#2383));
#6432=EDGE_LOOP('',(#2384,#2385,#2386,#2387));
#6433=EDGE_LOOP('',(#2388,#2389,#2390,#2391));
#6434=EDGE_LOOP('',(#2392,#2393,#2394,#2395));
#6435=EDGE_LOOP('',(#2396,#2397,#2398,#2399));
#6436=EDGE_LOOP('',(#2400,#2401,#2402,#2403));
#6437=EDGE_LOOP('',(#2404,#2405,#2406,#2407));
#6438=EDGE_LOOP('',(#2408,#2409,#2410,#2411));
#6439=EDGE_LOOP('',(#2412,#2413,#2414,#2415));
#6440=EDGE_LOOP('',(#2416,#2417,#2418,#2419));
#6441=EDGE_LOOP('',(#2420,#2421,#2422,#2423));
#6442=EDGE_LOOP('',(#2424,#2425,#2426,#2427));
#6443=EDGE_LOOP('',(#2428,#2429,#2430,#2431));
#6444=EDGE_LOOP('',(#2432,#2433,#2434,#2435));
#6445=EDGE_LOOP('',(#2436,#2437,#2438,#2439));
#6446=EDGE_LOOP('',(#2440,#2441,#2442,#2443));
#6447=EDGE_LOOP('',(#2444,#2445,#2446,#2447));
#6448=EDGE_LOOP('',(#2448,#2449,#2450,#2451));
#6449=EDGE_LOOP('',(#2452,#2453,#2454,#2455));
#6450=EDGE_LOOP('',(#2456,#2457,#2458,#2459));
#6451=EDGE_LOOP('',(#2460,#2461,#2462,#2463));
#6452=EDGE_LOOP('',(#2464,#2465,#2466,#2467));
#6453=EDGE_LOOP('',(#2468,#2469,#2470,#2471));
#6454=EDGE_LOOP('',(#2472,#2473,#2474,#2475));
#6455=EDGE_LOOP('',(#2476,#2477,#2478,#2479));
#6456=EDGE_LOOP('',(#2480,#2481,#2482,#2483));
#6457=EDGE_LOOP('',(#2484,#2485,#2486,#2487));
#6458=EDGE_LOOP('',(#2488,#2489,#2490,#2491));
#6459=EDGE_LOOP('',(#2492,#2493,#2494,#2495));
#6460=EDGE_LOOP('',(#2496,#2497,#2498,#2499));
#6461=EDGE_LOOP('',(#2500,#2501,#2502,#2503));
#6462=EDGE_LOOP('',(#2504,#2505,#2506,#2507));
#6463=EDGE_LOOP('',(#2508,#2509,#2510,#2511));
#6464=EDGE_LOOP('',(#2512,#2513,#2514,#2515));
#6465=EDGE_LOOP('',(#2516,#2517,#2518,#2519));
#6466=EDGE_LOOP('',(#2520,#2521,#2522,#2523));
#6467=EDGE_LOOP('',(#2524,#2525,#2526,#2527));
#6468=EDGE_LOOP('',(#2528,#2529,#2530,#2531));
#6469=EDGE_LOOP('',(#2532,#2533,#2534,#2535));
#6470=EDGE_LOOP('',(#2536,#2537,#2538,#2539));
#6471=EDGE_LOOP('',(#2540,#2541,#2542,#2543));
#6472=EDGE_LOOP('',(#2544,#2545,#2546,#2547));
#6473=EDGE_LOOP('',(#2548,#2549,#2550,#2551));
#6474=EDGE_LOOP('',(#2552,#2553,#2554,#2555));
#6475=EDGE_LOOP('',(#2556,#2557,#2558,#2559));
#6476=EDGE_LOOP('',(#2560,#2561,#2562,#2563));
#6477=EDGE_LOOP('',(#2564,#2565,#2566,#2567));
#6478=EDGE_LOOP('',(#2568,#2569,#2570,#2571));
#6479=EDGE_LOOP('',(#2572,#2573,#2574,#2575));
#6480=EDGE_LOOP('',(#2576,#2577,#2578,#2579));
#6481=EDGE_LOOP('',(#2580,#2581,#2582,#2583));
#6482=EDGE_LOOP('',(#2584,#2585,#2586,#2587));
#6483=EDGE_LOOP('',(#2588,#2589,#2590,#2591));
#6484=EDGE_LOOP('',(#2592,#2593,#2594,#2595));
#6485=EDGE_LOOP('',(#2596,#2597,#2598,#2599));
#6486=EDGE_LOOP('',(#2600,#2601,#2602,#2603));
#6487=EDGE_LOOP('',(#2604,#2605,#2606,#2607));
#6488=EDGE_LOOP('',(#2608,#2609,#2610,#2611));
#6489=EDGE_LOOP('',(#2612,#2613,#2614,#2615));
#6490=EDGE_LOOP('',(#2616,#2617,#2618,#2619));
#6491=EDGE_LOOP('',(#2620,#2621,#2622,#2623));
#6492=EDGE_LOOP('',(#2624,#2625,#2626,#2627));
#6493=EDGE_LOOP('',(#2628,#2629,#2630,#2631));
#6494=EDGE_LOOP('',(#2632,#2633,#2634,#2635));
#6495=EDGE_LOOP('',(#2636));
#6496=EDGE_LOOP('',(#2637));
#6497=EDGE_LOOP('',(#2638));
#6498=EDGE_LOOP('',(#2639));
#6499=EDGE_LOOP('',(#2640));
#6500=EDGE_LOOP('',(#2641));
#6501=EDGE_LOOP('',(#2642));
#6502=EDGE_LOOP('',(#2643));
#6503=EDGE_LOOP('',(#2644));
#6504=EDGE_LOOP('',(#2645));
#6505=EDGE_LOOP('',(#2646));
#6506=EDGE_LOOP('',(#2647));
#6507=EDGE_LOOP('',(#2648,#2649,#2650,#2651));
#6508=EDGE_LOOP('',(#2652,#2653,#2654,#2655));
#6509=EDGE_LOOP('',(#2656,#2657,#2658,#2659));
#6510=EDGE_LOOP('',(#2660,#2661,#2662,#2663));
#6511=EDGE_LOOP('',(#2664,#2665,#2666,#2667));
#6512=EDGE_LOOP('',(#2668,#2669,#2670,#2671));
#6513=EDGE_LOOP('',(#2672,#2673,#2674,#2675));
#6514=EDGE_LOOP('',(#2676,#2677,#2678,#2679));
#6515=EDGE_LOOP('',(#2680,#2681,#2682,#2683,#2684));
#6516=EDGE_LOOP('',(#2685,#2686,#2687,#2688));
#6517=EDGE_LOOP('',(#2689,#2690,#2691,#2692));
#6518=EDGE_LOOP('',(#2693,#2694,#2695,#2696));
#6519=EDGE_LOOP('',(#2697,#2698,#2699,#2700));
#6520=EDGE_LOOP('',(#2701,#2702,#2703,#2704));
#6521=EDGE_LOOP('',(#2705,#2706,#2707,#2708));
#6522=EDGE_LOOP('',(#2709,#2710,#2711,#2712));
#6523=EDGE_LOOP('',(#2713,#2714,#2715,#2716,#2717));
#6524=EDGE_LOOP('',(#2718,#2719,#2720,#2721,#2722));
#6525=EDGE_LOOP('',(#2723,#2724,#2725,#2726,#2727));
#6526=EDGE_LOOP('',(#2728,#2729,#2730,#2731,#2732));
#6527=EDGE_LOOP('',(#2733,#2734,#2735,#2736,#2737));
#6528=EDGE_LOOP('',(#2738,#2739,#2740,#2741,#2742));
#6529=EDGE_LOOP('',(#2743,#2744,#2745,#2746,#2747));
#6530=EDGE_LOOP('',(#2748,#2749,#2750,#2751,#2752));
#6531=EDGE_LOOP('',(#2753,#2754,#2755,#2756));
#6532=EDGE_LOOP('',(#2757,#2758,#2759,#2760,#2761));
#6533=EDGE_LOOP('',(#2762,#2763,#2764,#2765));
#6534=FACE_BOUND('',#5998,.T.);
#6535=FACE_BOUND('',#5999,.T.);
#6536=FACE_BOUND('',#6000,.T.);
#6537=FACE_BOUND('',#6001,.T.);
#6538=FACE_BOUND('',#6002,.T.);
#6539=FACE_BOUND('',#6003,.T.);
#6540=FACE_BOUND('',#6004,.T.);
#6541=FACE_BOUND('',#6005,.T.);
#6542=FACE_BOUND('',#6006,.T.);
#6543=FACE_BOUND('',#6007,.T.);
#6544=FACE_BOUND('',#6008,.T.);
#6545=FACE_BOUND('',#6009,.T.);
#6546=FACE_BOUND('',#6010,.T.);
#6547=FACE_BOUND('',#6011,.T.);
#6548=FACE_BOUND('',#6012,.T.);
#6549=FACE_BOUND('',#6013,.T.);
#6550=FACE_BOUND('',#6014,.T.);
#6551=FACE_BOUND('',#6015,.T.);
#6552=FACE_BOUND('',#6016,.T.);
#6553=FACE_BOUND('',#6017,.T.);
#6554=FACE_BOUND('',#6018,.T.);
#6555=FACE_BOUND('',#6019,.T.);
#6556=FACE_BOUND('',#6020,.T.);
#6557=FACE_BOUND('',#6021,.T.);
#6558=FACE_BOUND('',#6022,.T.);
#6559=FACE_BOUND('',#6023,.T.);
#6560=FACE_BOUND('',#6024,.T.);
#6561=FACE_BOUND('',#6025,.T.);
#6562=FACE_BOUND('',#6026,.T.);
#6563=FACE_BOUND('',#6027,.T.);
#6564=FACE_BOUND('',#6028,.T.);
#6565=FACE_BOUND('',#6029,.T.);
#6566=FACE_BOUND('',#6030,.T.);
#6567=FACE_BOUND('',#6031,.T.);
#6568=FACE_BOUND('',#6032,.T.);
#6569=FACE_BOUND('',#6033,.T.);
#6570=FACE_BOUND('',#6034,.T.);
#6571=FACE_BOUND('',#6035,.T.);
#6572=FACE_BOUND('',#6036,.T.);
#6573=FACE_BOUND('',#6037,.T.);
#6574=FACE_BOUND('',#6038,.T.);
#6575=FACE_BOUND('',#6039,.T.);
#6576=FACE_BOUND('',#6040,.T.);
#6577=FACE_BOUND('',#6041,.T.);
#6578=FACE_BOUND('',#6042,.T.);
#6579=FACE_BOUND('',#6043,.T.);
#6580=FACE_BOUND('',#6044,.T.);
#6581=FACE_BOUND('',#6045,.T.);
#6582=FACE_BOUND('',#6046,.T.);
#6583=FACE_BOUND('',#6047,.T.);
#6584=FACE_BOUND('',#6048,.T.);
#6585=FACE_BOUND('',#6049,.T.);
#6586=FACE_BOUND('',#6050,.T.);
#6587=FACE_BOUND('',#6051,.T.);
#6588=FACE_BOUND('',#6052,.T.);
#6589=FACE_BOUND('',#6053,.T.);
#6590=FACE_BOUND('',#6054,.T.);
#6591=FACE_BOUND('',#6055,.T.);
#6592=FACE_BOUND('',#6056,.T.);
#6593=FACE_BOUND('',#6057,.T.);
#6594=FACE_BOUND('',#6058,.T.);
#6595=FACE_BOUND('',#6059,.T.);
#6596=FACE_BOUND('',#6060,.T.);
#6597=FACE_BOUND('',#6061,.T.);
#6598=FACE_BOUND('',#6062,.T.);
#6599=FACE_BOUND('',#6063,.T.);
#6600=FACE_BOUND('',#6064,.T.);
#6601=FACE_BOUND('',#6065,.T.);
#6602=FACE_BOUND('',#6066,.T.);
#6603=FACE_BOUND('',#6067,.T.);
#6604=FACE_BOUND('',#6068,.T.);
#6605=FACE_BOUND('',#6069,.T.);
#6606=FACE_BOUND('',#6070,.T.);
#6607=FACE_BOUND('',#6071,.T.);
#6608=FACE_BOUND('',#6072,.T.);
#6609=FACE_BOUND('',#6073,.T.);
#6610=FACE_BOUND('',#6074,.T.);
#6611=FACE_BOUND('',#6075,.T.);
#6612=FACE_BOUND('',#6076,.T.);
#6613=FACE_BOUND('',#6077,.T.);
#6614=FACE_BOUND('',#6078,.T.);
#6615=FACE_BOUND('',#6079,.T.);
#6616=FACE_BOUND('',#6080,.T.);
#6617=FACE_BOUND('',#6081,.T.);
#6618=FACE_BOUND('',#6082,.T.);
#6619=FACE_BOUND('',#6083,.T.);
#6620=FACE_BOUND('',#6084,.T.);
#6621=FACE_BOUND('',#6085,.T.);
#6622=FACE_BOUND('',#6086,.T.);
#6623=FACE_BOUND('',#6087,.T.);
#6624=FACE_BOUND('',#6088,.T.);
#6625=FACE_BOUND('',#6089,.T.);
#6626=FACE_BOUND('',#6090,.T.);
#6627=FACE_BOUND('',#6091,.T.);
#6628=FACE_BOUND('',#6092,.T.);
#6629=FACE_BOUND('',#6093,.T.);
#6630=FACE_BOUND('',#6094,.T.);
#6631=FACE_BOUND('',#6095,.T.);
#6632=FACE_BOUND('',#6096,.T.);
#6633=FACE_BOUND('',#6097,.T.);
#6634=FACE_BOUND('',#6098,.T.);
#6635=FACE_BOUND('',#6099,.T.);
#6636=FACE_BOUND('',#6100,.T.);
#6637=FACE_BOUND('',#6101,.T.);
#6638=FACE_BOUND('',#6102,.T.);
#6639=FACE_BOUND('',#6103,.T.);
#6640=FACE_BOUND('',#6104,.T.);
#6641=FACE_BOUND('',#6105,.T.);
#6642=FACE_BOUND('',#6106,.T.);
#6643=FACE_BOUND('',#6107,.T.);
#6644=FACE_BOUND('',#6108,.T.);
#6645=FACE_BOUND('',#6109,.T.);
#6646=FACE_BOUND('',#6110,.T.);
#6647=FACE_BOUND('',#6111,.T.);
#6648=FACE_BOUND('',#6112,.T.);
#6649=FACE_BOUND('',#6113,.T.);
#6650=FACE_BOUND('',#6114,.T.);
#6651=FACE_BOUND('',#6115,.T.);
#6652=FACE_BOUND('',#6116,.T.);
#6653=FACE_BOUND('',#6117,.T.);
#6654=FACE_BOUND('',#6118,.T.);
#6655=FACE_BOUND('',#6119,.T.);
#6656=FACE_BOUND('',#6120,.T.);
#6657=FACE_BOUND('',#6121,.T.);
#6658=FACE_BOUND('',#6122,.T.);
#6659=FACE_BOUND('',#6123,.T.);
#6660=FACE_BOUND('',#6124,.T.);
#6661=FACE_BOUND('',#6125,.T.);
#6662=FACE_BOUND('',#6126,.T.);
#6663=FACE_BOUND('',#6127,.T.);
#6664=FACE_BOUND('',#6128,.T.);
#6665=FACE_BOUND('',#6129,.T.);
#6666=FACE_BOUND('',#6130,.T.);
#6667=FACE_BOUND('',#6131,.T.);
#6668=FACE_BOUND('',#6132,.T.);
#6669=FACE_BOUND('',#6133,.T.);
#6670=FACE_BOUND('',#6134,.T.);
#6671=FACE_BOUND('',#6135,.T.);
#6672=FACE_BOUND('',#6136,.T.);
#6673=FACE_BOUND('',#6137,.T.);
#6674=FACE_BOUND('',#6138,.T.);
#6675=FACE_BOUND('',#6139,.T.);
#6676=FACE_BOUND('',#6140,.T.);
#6677=FACE_BOUND('',#6141,.T.);
#6678=FACE_BOUND('',#6142,.T.);
#6679=FACE_BOUND('',#6143,.T.);
#6680=FACE_BOUND('',#6144,.T.);
#6681=FACE_BOUND('',#6145,.T.);
#6682=FACE_BOUND('',#6146,.T.);
#6683=FACE_BOUND('',#6147,.T.);
#6684=FACE_BOUND('',#6148,.T.);
#6685=FACE_BOUND('',#6149,.T.);
#6686=FACE_BOUND('',#6150,.T.);
#6687=FACE_BOUND('',#6151,.T.);
#6688=FACE_BOUND('',#6152,.T.);
#6689=FACE_BOUND('',#6153,.T.);
#6690=FACE_BOUND('',#6154,.T.);
#6691=FACE_BOUND('',#6155,.T.);
#6692=FACE_BOUND('',#6156,.T.);
#6693=FACE_BOUND('',#6157,.T.);
#6694=FACE_BOUND('',#6158,.T.);
#6695=FACE_BOUND('',#6159,.T.);
#6696=FACE_BOUND('',#6160,.T.);
#6697=FACE_BOUND('',#6161,.T.);
#6698=FACE_BOUND('',#6162,.T.);
#6699=FACE_BOUND('',#6163,.T.);
#6700=FACE_BOUND('',#6164,.T.);
#6701=FACE_BOUND('',#6165,.T.);
#6702=FACE_BOUND('',#6166,.T.);
#6703=FACE_BOUND('',#6167,.T.);
#6704=FACE_BOUND('',#6168,.T.);
#6705=FACE_BOUND('',#6169,.T.);
#6706=FACE_BOUND('',#6170,.T.);
#6707=FACE_BOUND('',#6171,.T.);
#6708=FACE_BOUND('',#6172,.T.);
#6709=FACE_BOUND('',#6173,.T.);
#6710=FACE_BOUND('',#6174,.T.);
#6711=FACE_BOUND('',#6175,.T.);
#6712=FACE_BOUND('',#6176,.T.);
#6713=FACE_BOUND('',#6177,.T.);
#6714=FACE_BOUND('',#6178,.T.);
#6715=FACE_BOUND('',#6179,.T.);
#6716=FACE_BOUND('',#6180,.T.);
#6717=FACE_BOUND('',#6181,.T.);
#6718=FACE_BOUND('',#6182,.T.);
#6719=FACE_BOUND('',#6183,.T.);
#6720=FACE_BOUND('',#6184,.T.);
#6721=FACE_BOUND('',#6185,.T.);
#6722=FACE_BOUND('',#6186,.T.);
#6723=FACE_BOUND('',#6187,.T.);
#6724=FACE_BOUND('',#6188,.T.);
#6725=FACE_BOUND('',#6189,.T.);
#6726=FACE_BOUND('',#6190,.T.);
#6727=FACE_BOUND('',#6191,.T.);
#6728=FACE_BOUND('',#6192,.T.);
#6729=FACE_BOUND('',#6193,.T.);
#6730=FACE_BOUND('',#6194,.T.);
#6731=FACE_BOUND('',#6195,.T.);
#6732=FACE_BOUND('',#6196,.T.);
#6733=FACE_BOUND('',#6197,.T.);
#6734=FACE_BOUND('',#6198,.T.);
#6735=FACE_BOUND('',#6199,.T.);
#6736=FACE_BOUND('',#6200,.T.);
#6737=FACE_BOUND('',#6201,.T.);
#6738=FACE_BOUND('',#6202,.T.);
#6739=FACE_BOUND('',#6203,.T.);
#6740=FACE_BOUND('',#6204,.T.);
#6741=FACE_BOUND('',#6205,.T.);
#6742=FACE_BOUND('',#6206,.T.);
#6743=FACE_BOUND('',#6207,.T.);
#6744=FACE_BOUND('',#6208,.T.);
#6745=FACE_BOUND('',#6209,.T.);
#6746=FACE_BOUND('',#6210,.T.);
#6747=FACE_BOUND('',#6211,.T.);
#6748=FACE_BOUND('',#6212,.T.);
#6749=FACE_BOUND('',#6213,.T.);
#6750=FACE_BOUND('',#6214,.T.);
#6751=FACE_BOUND('',#6215,.T.);
#6752=FACE_BOUND('',#6216,.T.);
#6753=FACE_BOUND('',#6217,.T.);
#6754=FACE_BOUND('',#6218,.T.);
#6755=FACE_BOUND('',#6219,.T.);
#6756=FACE_BOUND('',#6220,.T.);
#6757=FACE_BOUND('',#6221,.T.);
#6758=FACE_BOUND('',#6222,.T.);
#6759=FACE_BOUND('',#6223,.T.);
#6760=FACE_BOUND('',#6224,.T.);
#6761=FACE_BOUND('',#6225,.T.);
#6762=FACE_BOUND('',#6226,.T.);
#6763=FACE_BOUND('',#6227,.T.);
#6764=FACE_BOUND('',#6228,.T.);
#6765=FACE_BOUND('',#6229,.T.);
#6766=FACE_BOUND('',#6230,.T.);
#6767=FACE_BOUND('',#6231,.T.);
#6768=FACE_BOUND('',#6232,.T.);
#6769=FACE_BOUND('',#6233,.T.);
#6770=FACE_BOUND('',#6234,.T.);
#6771=FACE_BOUND('',#6235,.T.);
#6772=FACE_BOUND('',#6236,.T.);
#6773=FACE_BOUND('',#6237,.T.);
#6774=FACE_BOUND('',#6238,.T.);
#6775=FACE_BOUND('',#6239,.T.);
#6776=FACE_BOUND('',#6240,.T.);
#6777=FACE_BOUND('',#6241,.T.);
#6778=FACE_BOUND('',#6242,.T.);
#6779=FACE_BOUND('',#6243,.T.);
#6780=FACE_BOUND('',#6244,.T.);
#6781=FACE_BOUND('',#6245,.T.);
#6782=FACE_BOUND('',#6246,.T.);
#6783=FACE_BOUND('',#6247,.T.);
#6784=FACE_BOUND('',#6248,.T.);
#6785=FACE_BOUND('',#6249,.T.);
#6786=FACE_BOUND('',#6250,.T.);
#6787=FACE_BOUND('',#6251,.T.);
#6788=FACE_BOUND('',#6252,.T.);
#6789=FACE_BOUND('',#6253,.T.);
#6790=FACE_BOUND('',#6254,.T.);
#6791=FACE_BOUND('',#6255,.T.);
#6792=FACE_BOUND('',#6256,.T.);
#6793=FACE_BOUND('',#6257,.T.);
#6794=FACE_BOUND('',#6258,.T.);
#6795=FACE_BOUND('',#6259,.T.);
#6796=FACE_BOUND('',#6260,.T.);
#6797=FACE_BOUND('',#6261,.T.);
#6798=FACE_BOUND('',#6262,.T.);
#6799=FACE_BOUND('',#6263,.T.);
#6800=FACE_BOUND('',#6264,.T.);
#6801=FACE_BOUND('',#6265,.T.);
#6802=FACE_BOUND('',#6266,.T.);
#6803=FACE_BOUND('',#6267,.T.);
#6804=FACE_BOUND('',#6268,.T.);
#6805=FACE_BOUND('',#6269,.T.);
#6806=FACE_BOUND('',#6270,.T.);
#6807=FACE_BOUND('',#6271,.T.);
#6808=FACE_BOUND('',#6272,.T.);
#6809=FACE_BOUND('',#6273,.T.);
#6810=FACE_BOUND('',#6274,.T.);
#6811=FACE_BOUND('',#6275,.T.);
#6812=FACE_BOUND('',#6276,.T.);
#6813=FACE_BOUND('',#6277,.T.);
#6814=FACE_BOUND('',#6278,.T.);
#6815=FACE_BOUND('',#6279,.T.);
#6816=FACE_BOUND('',#6280,.T.);
#6817=FACE_BOUND('',#6281,.T.);
#6818=FACE_BOUND('',#6282,.T.);
#6819=FACE_BOUND('',#6283,.T.);
#6820=FACE_BOUND('',#6284,.T.);
#6821=FACE_BOUND('',#6285,.T.);
#6822=FACE_BOUND('',#6286,.T.);
#6823=FACE_BOUND('',#6287,.T.);
#6824=FACE_BOUND('',#6288,.T.);
#6825=FACE_BOUND('',#6289,.T.);
#6826=FACE_BOUND('',#6290,.T.);
#6827=FACE_BOUND('',#6291,.T.);
#6828=FACE_BOUND('',#6292,.T.);
#6829=FACE_BOUND('',#6293,.T.);
#6830=FACE_BOUND('',#6294,.T.);
#6831=FACE_BOUND('',#6295,.T.);
#6832=FACE_BOUND('',#6296,.T.);
#6833=FACE_BOUND('',#6297,.T.);
#6834=FACE_BOUND('',#6298,.T.);
#6835=FACE_BOUND('',#6299,.T.);
#6836=FACE_BOUND('',#6300,.T.);
#6837=FACE_BOUND('',#6301,.T.);
#6838=FACE_BOUND('',#6302,.T.);
#6839=FACE_BOUND('',#6303,.T.);
#6840=FACE_BOUND('',#6304,.T.);
#6841=FACE_BOUND('',#6305,.T.);
#6842=FACE_BOUND('',#6306,.T.);
#6843=FACE_BOUND('',#6307,.T.);
#6844=FACE_BOUND('',#6308,.T.);
#6845=FACE_BOUND('',#6309,.T.);
#6846=FACE_BOUND('',#6310,.T.);
#6847=FACE_BOUND('',#6311,.T.);
#6848=FACE_BOUND('',#6312,.T.);
#6849=FACE_BOUND('',#6313,.T.);
#6850=FACE_BOUND('',#6314,.T.);
#6851=FACE_BOUND('',#6315,.T.);
#6852=FACE_BOUND('',#6316,.T.);
#6853=FACE_BOUND('',#6317,.T.);
#6854=FACE_BOUND('',#6318,.T.);
#6855=FACE_BOUND('',#6319,.T.);
#6856=FACE_BOUND('',#6320,.T.);
#6857=FACE_BOUND('',#6321,.T.);
#6858=FACE_BOUND('',#6322,.T.);
#6859=FACE_BOUND('',#6323,.T.);
#6860=FACE_BOUND('',#6324,.T.);
#6861=FACE_BOUND('',#6325,.T.);
#6862=FACE_BOUND('',#6326,.T.);
#6863=FACE_BOUND('',#6327,.T.);
#6864=FACE_BOUND('',#6328,.T.);
#6865=FACE_BOUND('',#6329,.T.);
#6866=FACE_BOUND('',#6330,.T.);
#6867=FACE_BOUND('',#6331,.T.);
#6868=FACE_BOUND('',#6332,.T.);
#6869=FACE_BOUND('',#6333,.T.);
#6870=FACE_BOUND('',#6334,.T.);
#6871=FACE_BOUND('',#6335,.T.);
#6872=FACE_BOUND('',#6336,.T.);
#6873=FACE_BOUND('',#6337,.T.);
#6874=FACE_BOUND('',#6338,.T.);
#6875=FACE_BOUND('',#6339,.T.);
#6876=FACE_BOUND('',#6340,.T.);
#6877=FACE_BOUND('',#6341,.T.);
#6878=FACE_BOUND('',#6342,.T.);
#6879=FACE_BOUND('',#6343,.T.);
#6880=FACE_BOUND('',#6344,.T.);
#6881=FACE_BOUND('',#6345,.T.);
#6882=FACE_BOUND('',#6346,.T.);
#6883=FACE_BOUND('',#6347,.T.);
#6884=FACE_BOUND('',#6348,.T.);
#6885=FACE_BOUND('',#6349,.T.);
#6886=FACE_BOUND('',#6350,.T.);
#6887=FACE_BOUND('',#6351,.T.);
#6888=FACE_BOUND('',#6352,.T.);
#6889=FACE_BOUND('',#6353,.T.);
#6890=FACE_BOUND('',#6354,.T.);
#6891=FACE_BOUND('',#6355,.T.);
#6892=FACE_BOUND('',#6356,.T.);
#6893=FACE_BOUND('',#6357,.T.);
#6894=FACE_BOUND('',#6358,.T.);
#6895=FACE_BOUND('',#6359,.T.);
#6896=FACE_BOUND('',#6360,.T.);
#6897=FACE_BOUND('',#6361,.T.);
#6898=FACE_BOUND('',#6362,.T.);
#6899=FACE_BOUND('',#6363,.T.);
#6900=FACE_BOUND('',#6364,.T.);
#6901=FACE_BOUND('',#6365,.T.);
#6902=FACE_BOUND('',#6366,.T.);
#6903=FACE_BOUND('',#6367,.T.);
#6904=FACE_BOUND('',#6368,.T.);
#6905=FACE_BOUND('',#6369,.T.);
#6906=FACE_BOUND('',#6370,.T.);
#6907=FACE_BOUND('',#6371,.T.);
#6908=FACE_BOUND('',#6372,.T.);
#6909=FACE_BOUND('',#6373,.T.);
#6910=FACE_BOUND('',#6374,.T.);
#6911=FACE_BOUND('',#6375,.T.);
#6912=FACE_BOUND('',#6376,.T.);
#6913=FACE_BOUND('',#6377,.T.);
#6914=FACE_BOUND('',#6378,.T.);
#6915=FACE_BOUND('',#6379,.T.);
#6916=FACE_BOUND('',#6380,.T.);
#6917=FACE_BOUND('',#6381,.T.);
#6918=FACE_BOUND('',#6382,.T.);
#6919=FACE_BOUND('',#6383,.T.);
#6920=FACE_BOUND('',#6384,.T.);
#6921=FACE_BOUND('',#6385,.T.);
#6922=FACE_BOUND('',#6386,.T.);
#6923=FACE_BOUND('',#6387,.T.);
#6924=FACE_BOUND('',#6388,.T.);
#6925=FACE_BOUND('',#6389,.T.);
#6926=FACE_BOUND('',#6390,.T.);
#6927=FACE_BOUND('',#6391,.T.);
#6928=FACE_BOUND('',#6392,.T.);
#6929=FACE_BOUND('',#6393,.T.);
#6930=FACE_BOUND('',#6394,.T.);
#6931=FACE_BOUND('',#6395,.T.);
#6932=FACE_BOUND('',#6396,.T.);
#6933=FACE_BOUND('',#6397,.T.);
#6934=FACE_BOUND('',#6398,.T.);
#6935=FACE_BOUND('',#6399,.T.);
#6936=FACE_BOUND('',#6400,.T.);
#6937=FACE_BOUND('',#6401,.T.);
#6938=FACE_BOUND('',#6402,.T.);
#6939=FACE_BOUND('',#6403,.T.);
#6940=FACE_BOUND('',#6404,.T.);
#6941=FACE_BOUND('',#6405,.T.);
#6942=FACE_BOUND('',#6406,.T.);
#6943=FACE_BOUND('',#6407,.T.);
#6944=FACE_BOUND('',#6408,.T.);
#6945=FACE_BOUND('',#6409,.T.);
#6946=FACE_BOUND('',#6410,.T.);
#6947=FACE_BOUND('',#6411,.T.);
#6948=FACE_BOUND('',#6412,.T.);
#6949=FACE_BOUND('',#6413,.T.);
#6950=FACE_BOUND('',#6414,.T.);
#6951=FACE_BOUND('',#6415,.T.);
#6952=FACE_BOUND('',#6416,.T.);
#6953=FACE_BOUND('',#6417,.T.);
#6954=FACE_BOUND('',#6418,.T.);
#6955=FACE_BOUND('',#6419,.T.);
#6956=FACE_BOUND('',#6420,.T.);
#6957=FACE_BOUND('',#6421,.T.);
#6958=FACE_BOUND('',#6422,.T.);
#6959=FACE_BOUND('',#6423,.T.);
#6960=FACE_BOUND('',#6424,.T.);
#6961=FACE_BOUND('',#6425,.T.);
#6962=FACE_BOUND('',#6426,.T.);
#6963=FACE_BOUND('',#6427,.T.);
#6964=FACE_BOUND('',#6428,.T.);
#6965=FACE_BOUND('',#6429,.T.);
#6966=FACE_BOUND('',#6430,.T.);
#6967=FACE_BOUND('',#6431,.T.);
#6968=FACE_BOUND('',#6432,.T.);
#6969=FACE_BOUND('',#6433,.T.);
#6970=FACE_BOUND('',#6434,.T.);
#6971=FACE_BOUND('',#6435,.T.);
#6972=FACE_BOUND('',#6436,.T.);
#6973=FACE_BOUND('',#6437,.T.);
#6974=FACE_BOUND('',#6438,.T.);
#6975=FACE_BOUND('',#6439,.T.);
#6976=FACE_BOUND('',#6440,.T.);
#6977=FACE_BOUND('',#6441,.T.);
#6978=FACE_BOUND('',#6442,.T.);
#6979=FACE_BOUND('',#6443,.T.);
#6980=FACE_BOUND('',#6444,.T.);
#6981=FACE_BOUND('',#6445,.T.);
#6982=FACE_BOUND('',#6446,.T.);
#6983=FACE_BOUND('',#6447,.T.);
#6984=FACE_BOUND('',#6448,.T.);
#6985=FACE_BOUND('',#6449,.T.);
#6986=FACE_BOUND('',#6450,.T.);
#6987=FACE_BOUND('',#6451,.T.);
#6988=FACE_BOUND('',#6452,.T.);
#6989=FACE_BOUND('',#6453,.T.);
#6990=FACE_BOUND('',#6454,.T.);
#6991=FACE_BOUND('',#6455,.T.);
#6992=FACE_BOUND('',#6456,.T.);
#6993=FACE_BOUND('',#6457,.T.);
#6994=FACE_BOUND('',#6458,.T.);
#6995=FACE_BOUND('',#6459,.T.);
#6996=FACE_BOUND('',#6460,.T.);
#6997=FACE_BOUND('',#6461,.T.);
#6998=FACE_BOUND('',#6462,.T.);
#6999=FACE_BOUND('',#6463,.T.);
#7000=FACE_BOUND('',#6464,.T.);
#7001=FACE_BOUND('',#6465,.T.);
#7002=FACE_BOUND('',#6466,.T.);
#7003=FACE_BOUND('',#6467,.T.);
#7004=FACE_BOUND('',#6468,.T.);
#7005=FACE_BOUND('',#6469,.T.);
#7006=FACE_BOUND('',#6470,.T.);
#7007=FACE_BOUND('',#6471,.T.);
#7008=FACE_BOUND('',#6472,.T.);
#7009=FACE_BOUND('',#6473,.T.);
#7010=FACE_BOUND('',#6474,.T.);
#7011=FACE_BOUND('',#6475,.T.);
#7012=FACE_BOUND('',#6476,.T.);
#7013=FACE_BOUND('',#6477,.T.);
#7014=FACE_BOUND('',#6478,.T.);
#7015=FACE_BOUND('',#6479,.T.);
#7016=FACE_BOUND('',#6480,.T.);
#7017=FACE_BOUND('',#6481,.T.);
#7018=FACE_BOUND('',#6482,.T.);
#7019=FACE_BOUND('',#6483,.T.);
#7020=FACE_BOUND('',#6484,.T.);
#7021=FACE_BOUND('',#6485,.T.);
#7022=FACE_BOUND('',#6486,.T.);
#7023=FACE_BOUND('',#6487,.T.);
#7024=FACE_BOUND('',#6488,.T.);
#7025=FACE_BOUND('',#6489,.T.);
#7026=FACE_BOUND('',#6490,.T.);
#7027=FACE_BOUND('',#6491,.T.);
#7028=FACE_BOUND('',#6492,.T.);
#7029=FACE_BOUND('',#6493,.T.);
#7030=FACE_BOUND('',#6494,.T.);
#7031=FACE_BOUND('',#6495,.T.);
#7032=FACE_BOUND('',#6496,.T.);
#7033=FACE_BOUND('',#6497,.T.);
#7034=FACE_BOUND('',#6498,.T.);
#7035=FACE_BOUND('',#6499,.T.);
#7036=FACE_BOUND('',#6500,.T.);
#7037=FACE_BOUND('',#6501,.T.);
#7038=FACE_BOUND('',#6502,.T.);
#7039=FACE_BOUND('',#6503,.T.);
#7040=FACE_BOUND('',#6504,.T.);
#7041=FACE_BOUND('',#6505,.T.);
#7042=FACE_BOUND('',#6506,.T.);
#7043=FACE_BOUND('',#6507,.T.);
#7044=FACE_BOUND('',#6508,.T.);
#7045=FACE_BOUND('',#6509,.T.);
#7046=FACE_BOUND('',#6510,.T.);
#7047=FACE_BOUND('',#6511,.T.);
#7048=FACE_BOUND('',#6512,.T.);
#7049=FACE_BOUND('',#6513,.T.);
#7050=FACE_BOUND('',#6514,.T.);
#7051=FACE_BOUND('',#6515,.T.);
#7052=FACE_BOUND('',#6516,.T.);
#7053=FACE_BOUND('',#6517,.T.);
#7054=FACE_BOUND('',#6518,.T.);
#7055=FACE_BOUND('',#6519,.T.);
#7056=FACE_BOUND('',#6520,.T.);
#7057=FACE_BOUND('',#6521,.T.);
#7058=FACE_BOUND('',#6522,.T.);
#7059=FACE_BOUND('',#6523,.T.);
#7060=FACE_BOUND('',#6524,.T.);
#7061=FACE_BOUND('',#6525,.T.);
#7062=FACE_BOUND('',#6526,.T.);
#7063=FACE_BOUND('',#6527,.T.);
#7064=FACE_BOUND('',#6528,.T.);
#7065=FACE_BOUND('',#6529,.T.);
#7066=FACE_BOUND('',#6530,.T.);
#7067=FACE_BOUND('',#6531,.T.);
#7068=FACE_BOUND('',#6532,.T.);
#7069=FACE_BOUND('',#6533,.T.);
#7070=PLANE('',#7783);
#7071=PLANE('',#7786);
#7072=PLANE('',#7791);
#7073=PLANE('',#7792);
#7074=PLANE('',#7793);
#7075=PLANE('',#7794);
#7076=PLANE('',#7797);
#7077=PLANE('',#7876);
#7078=PLANE('',#7957);
#7079=PLANE('',#7958);
#7080=PLANE('',#7959);
#7081=PLANE('',#7960);
#7082=PLANE('',#7964);
#7083=PLANE('',#7968);
#7084=PLANE('',#7972);
#7085=PLANE('',#7976);
#7086=PLANE('',#7977);
#7087=PLANE('',#7987);
#7088=PLANE('',#7997);
#7089=PLANE('',#8013);
#7090=PLANE('',#8017);
#7091=PLANE('',#8021);
#7092=PLANE('',#8025);
#7093=PLANE('',#8029);
#7094=PLANE('',#8033);
#7095=PLANE('',#8037);
#7096=PLANE('',#8041);
#7097=PLANE('',#8045);
#7098=PLANE('',#8049);
#7099=PLANE('',#8053);
#7100=PLANE('',#8057);
#7101=PLANE('',#8061);
#7102=PLANE('',#8065);
#7103=PLANE('',#8069);
#7104=PLANE('',#8073);
#7105=PLANE('',#8077);
#7106=PLANE('',#8081);
#7107=PLANE('',#8085);
#7108=PLANE('',#8089);
#7109=PLANE('',#8093);
#7110=PLANE('',#8097);
#7111=PLANE('',#8101);
#7112=PLANE('',#8105);
#7113=PLANE('',#8109);
#7114=PLANE('',#8113);
#7115=PLANE('',#8117);
#7116=PLANE('',#8121);
#7117=PLANE('',#8125);
#7118=PLANE('',#8129);
#7119=PLANE('',#8133);
#7120=PLANE('',#8137);
#7121=PLANE('',#8141);
#7122=PLANE('',#8145);
#7123=PLANE('',#8149);
#7124=PLANE('',#8153);
#7125=PLANE('',#8157);
#7126=PLANE('',#8161);
#7127=PLANE('',#8165);
#7128=PLANE('',#8169);
#7129=PLANE('',#8173);
#7130=PLANE('',#8177);
#7131=PLANE('',#8181);
#7132=PLANE('',#8185);
#7133=PLANE('',#8189);
#7134=PLANE('',#8193);
#7135=PLANE('',#8197);
#7136=PLANE('',#8201);
#7137=PLANE('',#8205);
#7138=PLANE('',#8209);
#7139=PLANE('',#8213);
#7140=PLANE('',#8217);
#7141=PLANE('',#8221);
#7142=PLANE('',#8225);
#7143=PLANE('',#8229);
#7144=PLANE('',#8233);
#7145=PLANE('',#8237);
#7146=PLANE('',#8241);
#7147=PLANE('',#8245);
#7148=PLANE('',#8249);
#7149=PLANE('',#8262);
#7150=PLANE('',#8265);
#7151=PLANE('',#8266);
#7152=PLANE('',#8269);
#7153=PLANE('',#8271);
#7154=PLANE('',#8272);
#7155=PLANE('',#8275);
#7156=PLANE('',#8276);
#7157=PLANE('',#8279);
#7158=PLANE('',#8280);
#7159=PLANE('',#8283);
#7160=PLANE('',#8284);
#7161=PLANE('',#8287);
#7162=PLANE('',#8288);
#7163=PLANE('',#8291);
#7164=PLANE('',#8292);
#7165=PLANE('',#8295);
#7166=PLANE('',#8296);
#7167=PLANE('',#8299);
#7168=PLANE('',#8300);
#7169=PLANE('',#8303);
#7170=PLANE('',#8304);
#7171=PLANE('',#8307);
#7172=PLANE('',#8308);
#7173=PLANE('',#8311);
#7174=PLANE('',#8312);
#7175=PLANE('',#8315);
#7176=PLANE('',#8316);
#7177=PLANE('',#8319);
#7178=PLANE('',#8320);
#7179=PLANE('',#8323);
#7180=PLANE('',#8324);
#7181=PLANE('',#8327);
#7182=PLANE('',#8328);
#7183=PLANE('',#8331);
#7184=PLANE('',#8332);
#7185=PLANE('',#8335);
#7186=PLANE('',#8336);
#7187=PLANE('',#8339);
#7188=PLANE('',#8340);
#7189=PLANE('',#8343);
#7190=PLANE('',#8344);
#7191=PLANE('',#8347);
#7192=PLANE('',#8348);
#7193=PLANE('',#8351);
#7194=PLANE('',#8352);
#7195=PLANE('',#8355);
#7196=PLANE('',#8356);
#7197=PLANE('',#8359);
#7198=PLANE('',#8360);
#7199=PLANE('',#8363);
#7200=PLANE('',#8364);
#7201=PLANE('',#8367);
#7202=PLANE('',#8368);
#7203=PLANE('',#8371);
#7204=PLANE('',#8372);
#7205=PLANE('',#8375);
#7206=PLANE('',#8376);
#7207=PLANE('',#8379);
#7208=PLANE('',#8380);
#7209=PLANE('',#8383);
#7210=PLANE('',#8384);
#7211=PLANE('',#8387);
#7212=PLANE('',#8388);
#7213=PLANE('',#8390);
#7214=PLANE('',#8393);
#7215=PLANE('',#8394);
#7216=PLANE('',#8397);
#7217=PLANE('',#8405);
#7218=PLANE('',#8406);
#7219=PLANE('',#8409);
#7220=PLANE('',#8410);
#7221=PLANE('',#8413);
#7222=PLANE('',#8415);
#7223=PLANE('',#8418);
#7224=PLANE('',#8421);
#7225=PLANE('',#8422);
#7226=PLANE('',#8425);
#7227=PLANE('',#8427);
#7228=PLANE('',#8428);
#7229=PLANE('',#8431);
#7230=PLANE('',#8432);
#7231=PLANE('',#8435);
#7232=PLANE('',#8436);
#7233=PLANE('',#8439);
#7234=PLANE('',#8440);
#7235=PLANE('',#8443);
#7236=PLANE('',#8444);
#7237=PLANE('',#8447);
#7238=PLANE('',#8448);
#7239=PLANE('',#8451);
#7240=PLANE('',#8452);
#7241=PLANE('',#8455);
#7242=PLANE('',#8456);
#7243=PLANE('',#8459);
#7244=PLANE('',#8460);
#7245=PLANE('',#8463);
#7246=PLANE('',#8464);
#7247=PLANE('',#8467);
#7248=PLANE('',#8468);
#7249=PLANE('',#8471);
#7250=PLANE('',#8472);
#7251=PLANE('',#8475);
#7252=PLANE('',#8476);
#7253=PLANE('',#8479);
#7254=PLANE('',#8480);
#7255=PLANE('',#8483);
#7256=PLANE('',#8484);
#7257=PLANE('',#8487);
#7258=PLANE('',#8488);
#7259=PLANE('',#8491);
#7260=PLANE('',#8492);
#7261=PLANE('',#8495);
#7262=PLANE('',#8496);
#7263=PLANE('',#8499);
#7264=PLANE('',#8500);
#7265=PLANE('',#8503);
#7266=PLANE('',#8504);
#7267=PLANE('',#8507);
#7268=PLANE('',#8508);
#7269=PLANE('',#8511);
#7270=PLANE('',#8512);
#7271=PLANE('',#8515);
#7272=PLANE('',#8516);
#7273=PLANE('',#8519);
#7274=PLANE('',#8520);
#7275=PLANE('',#8523);
#7276=PLANE('',#8524);
#7277=PLANE('',#8527);
#7278=PLANE('',#8528);
#7279=PLANE('',#8531);
#7280=PLANE('',#8532);
#7281=PLANE('',#8535);
#7282=PLANE('',#8536);
#7283=PLANE('',#8539);
#7284=PLANE('',#8540);
#7285=PLANE('',#8543);
#7286=PLANE('',#8544);
#7287=PLANE('',#8553);
#7288=PLANE('',#8554);
#7289=PLANE('',#8557);
#7290=PLANE('',#8558);
#7291=PLANE('',#8560);
#7292=PLANE('',#8563);
#7293=PLANE('',#8565);
#7294=PLANE('',#8567);
#7295=PLANE('',#8569);
#7296=PLANE('',#8571);
#7297=PLANE('',#8572);
#7298=ADVANCED_FACE('',(#6534),#7070,.T.);
#7299=ADVANCED_FACE('',(#6535),#7071,.F.);
#7300=ADVANCED_FACE('',(#6536),#7072,.T.);
#7301=ADVANCED_FACE('',(#6537),#7073,.T.);
#7302=ADVANCED_FACE('',(#6538),#7074,.T.);
#7303=ADVANCED_FACE('',(#6539),#7075,.T.);
#7304=ADVANCED_FACE('',(#6540,#6541,#6542,#6543,#6544,#6545,#6546,#6547,
#6548,#6549,#6550,#6551,#6552,#6553,#6554,#6555,#6556,#6557,#6558,#6559,
#6560,#6561,#6562,#6563),#7076,.T.);
#7305=ADVANCED_FACE('',(#6564,#6565,#6566,#6567,#6568,#6569,#6570,#6571,
#6572,#6573,#6574,#6575,#6576,#6577,#6578,#6579,#6580,#6581,#6582,#6583,
#6584,#6585,#6586,#6587),#7077,.F.);
#7306=ADVANCED_FACE('',(#6588),#7078,.T.);
#7307=ADVANCED_FACE('',(#6589),#7079,.F.);
#7308=ADVANCED_FACE('',(#6590),#7080,.F.);
#7309=ADVANCED_FACE('',(#6591),#7081,.F.);
#7310=ADVANCED_FACE('',(#6592),#174,.F.);
#7311=ADVANCED_FACE('',(#6593),#7082,.T.);
#7312=ADVANCED_FACE('',(#6594),#175,.F.);
#7313=ADVANCED_FACE('',(#6595),#7083,.T.);
#7314=ADVANCED_FACE('',(#6596),#176,.F.);
#7315=ADVANCED_FACE('',(#6597),#7084,.F.);
#7316=ADVANCED_FACE('',(#6598),#177,.F.);
#7317=ADVANCED_FACE('',(#6599),#7085,.F.);
#7318=ADVANCED_FACE('',(#6600),#7086,.T.);
#7319=ADVANCED_FACE('',(#6601,#6602),#178,.F.);
#7320=ADVANCED_FACE('',(#6603,#6604),#179,.F.);
#7321=ADVANCED_FACE('',(#6605,#6606),#180,.F.);
#7322=ADVANCED_FACE('',(#6607),#7087,.T.);
#7323=ADVANCED_FACE('',(#6608,#6609),#181,.F.);
#7324=ADVANCED_FACE('',(#6610,#6611),#182,.F.);
#7325=ADVANCED_FACE('',(#6612,#6613),#183,.F.);
#7326=ADVANCED_FACE('',(#6614),#7088,.F.);
#7327=ADVANCED_FACE('',(#6615),#184,.T.);
#7328=ADVANCED_FACE('',(#6616),#185,.T.);
#7329=ADVANCED_FACE('',(#6617),#186,.T.);
#7330=ADVANCED_FACE('',(#6618),#187,.T.);
#7331=ADVANCED_FACE('',(#6619),#188,.F.);
#7332=ADVANCED_FACE('',(#6620),#7089,.F.);
#7333=ADVANCED_FACE('',(#6621),#189,.F.);
#7334=ADVANCED_FACE('',(#6622),#7090,.F.);
#7335=ADVANCED_FACE('',(#6623),#190,.F.);
#7336=ADVANCED_FACE('',(#6624),#7091,.T.);
#7337=ADVANCED_FACE('',(#6625),#191,.F.);
#7338=ADVANCED_FACE('',(#6626),#7092,.T.);
#7339=ADVANCED_FACE('',(#6627),#192,.F.);
#7340=ADVANCED_FACE('',(#6628),#7093,.F.);
#7341=ADVANCED_FACE('',(#6629),#193,.F.);
#7342=ADVANCED_FACE('',(#6630),#7094,.F.);
#7343=ADVANCED_FACE('',(#6631),#194,.F.);
#7344=ADVANCED_FACE('',(#6632),#7095,.T.);
#7345=ADVANCED_FACE('',(#6633),#195,.F.);
#7346=ADVANCED_FACE('',(#6634),#7096,.T.);
#7347=ADVANCED_FACE('',(#6635),#196,.F.);
#7348=ADVANCED_FACE('',(#6636),#7097,.F.);
#7349=ADVANCED_FACE('',(#6637),#197,.F.);
#7350=ADVANCED_FACE('',(#6638),#7098,.F.);
#7351=ADVANCED_FACE('',(#6639),#198,.F.);
#7352=ADVANCED_FACE('',(#6640),#7099,.T.);
#7353=ADVANCED_FACE('',(#6641),#199,.F.);
#7354=ADVANCED_FACE('',(#6642),#7100,.T.);
#7355=ADVANCED_FACE('',(#6643),#200,.F.);
#7356=ADVANCED_FACE('',(#6644),#7101,.F.);
#7357=ADVANCED_FACE('',(#6645),#201,.F.);
#7358=ADVANCED_FACE('',(#6646),#7102,.F.);
#7359=ADVANCED_FACE('',(#6647),#202,.F.);
#7360=ADVANCED_FACE('',(#6648),#7103,.T.);
#7361=ADVANCED_FACE('',(#6649),#203,.F.);
#7362=ADVANCED_FACE('',(#6650),#7104,.T.);
#7363=ADVANCED_FACE('',(#6651),#204,.F.);
#7364=ADVANCED_FACE('',(#6652),#7105,.F.);
#7365=ADVANCED_FACE('',(#6653),#205,.F.);
#7366=ADVANCED_FACE('',(#6654),#7106,.F.);
#7367=ADVANCED_FACE('',(#6655),#206,.F.);
#7368=ADVANCED_FACE('',(#6656),#7107,.T.);
#7369=ADVANCED_FACE('',(#6657),#207,.F.);
#7370=ADVANCED_FACE('',(#6658),#7108,.T.);
#7371=ADVANCED_FACE('',(#6659),#208,.F.);
#7372=ADVANCED_FACE('',(#6660),#7109,.F.);
#7373=ADVANCED_FACE('',(#6661),#209,.F.);
#7374=ADVANCED_FACE('',(#6662),#7110,.F.);
#7375=ADVANCED_FACE('',(#6663),#210,.F.);
#7376=ADVANCED_FACE('',(#6664),#7111,.T.);
#7377=ADVANCED_FACE('',(#6665),#211,.F.);
#7378=ADVANCED_FACE('',(#6666),#7112,.T.);
#7379=ADVANCED_FACE('',(#6667),#212,.F.);
#7380=ADVANCED_FACE('',(#6668),#7113,.F.);
#7381=ADVANCED_FACE('',(#6669),#213,.F.);
#7382=ADVANCED_FACE('',(#6670),#7114,.F.);
#7383=ADVANCED_FACE('',(#6671),#214,.F.);
#7384=ADVANCED_FACE('',(#6672),#7115,.T.);
#7385=ADVANCED_FACE('',(#6673),#215,.F.);
#7386=ADVANCED_FACE('',(#6674),#7116,.T.);
#7387=ADVANCED_FACE('',(#6675),#216,.F.);
#7388=ADVANCED_FACE('',(#6676),#7117,.F.);
#7389=ADVANCED_FACE('',(#6677),#217,.F.);
#7390=ADVANCED_FACE('',(#6678),#7118,.F.);
#7391=ADVANCED_FACE('',(#6679),#218,.F.);
#7392=ADVANCED_FACE('',(#6680),#7119,.T.);
#7393=ADVANCED_FACE('',(#6681),#219,.F.);
#7394=ADVANCED_FACE('',(#6682),#7120,.T.);
#7395=ADVANCED_FACE('',(#6683),#220,.F.);
#7396=ADVANCED_FACE('',(#6684),#7121,.F.);
#7397=ADVANCED_FACE('',(#6685),#221,.F.);
#7398=ADVANCED_FACE('',(#6686),#7122,.F.);
#7399=ADVANCED_FACE('',(#6687),#222,.F.);
#7400=ADVANCED_FACE('',(#6688),#7123,.T.);
#7401=ADVANCED_FACE('',(#6689),#223,.F.);
#7402=ADVANCED_FACE('',(#6690),#7124,.T.);
#7403=ADVANCED_FACE('',(#6691),#224,.F.);
#7404=ADVANCED_FACE('',(#6692),#7125,.F.);
#7405=ADVANCED_FACE('',(#6693),#225,.F.);
#7406=ADVANCED_FACE('',(#6694),#7126,.F.);
#7407=ADVANCED_FACE('',(#6695),#226,.F.);
#7408=ADVANCED_FACE('',(#6696),#7127,.T.);
#7409=ADVANCED_FACE('',(#6697),#227,.F.);
#7410=ADVANCED_FACE('',(#6698),#7128,.T.);
#7411=ADVANCED_FACE('',(#6699),#228,.F.);
#7412=ADVANCED_FACE('',(#6700),#7129,.F.);
#7413=ADVANCED_FACE('',(#6701),#229,.F.);
#7414=ADVANCED_FACE('',(#6702),#7130,.F.);
#7415=ADVANCED_FACE('',(#6703),#230,.F.);
#7416=ADVANCED_FACE('',(#6704),#7131,.T.);
#7417=ADVANCED_FACE('',(#6705),#231,.F.);
#7418=ADVANCED_FACE('',(#6706),#7132,.T.);
#7419=ADVANCED_FACE('',(#6707),#232,.F.);
#7420=ADVANCED_FACE('',(#6708),#7133,.F.);
#7421=ADVANCED_FACE('',(#6709),#233,.F.);
#7422=ADVANCED_FACE('',(#6710),#7134,.F.);
#7423=ADVANCED_FACE('',(#6711),#234,.F.);
#7424=ADVANCED_FACE('',(#6712),#7135,.T.);
#7425=ADVANCED_FACE('',(#6713),#235,.F.);
#7426=ADVANCED_FACE('',(#6714),#7136,.T.);
#7427=ADVANCED_FACE('',(#6715),#236,.F.);
#7428=ADVANCED_FACE('',(#6716),#7137,.F.);
#7429=ADVANCED_FACE('',(#6717),#237,.F.);
#7430=ADVANCED_FACE('',(#6718),#7138,.F.);
#7431=ADVANCED_FACE('',(#6719),#238,.F.);
#7432=ADVANCED_FACE('',(#6720),#7139,.T.);
#7433=ADVANCED_FACE('',(#6721),#239,.F.);
#7434=ADVANCED_FACE('',(#6722),#7140,.T.);
#7435=ADVANCED_FACE('',(#6723),#240,.F.);
#7436=ADVANCED_FACE('',(#6724),#7141,.F.);
#7437=ADVANCED_FACE('',(#6725),#241,.F.);
#7438=ADVANCED_FACE('',(#6726),#7142,.F.);
#7439=ADVANCED_FACE('',(#6727),#242,.F.);
#7440=ADVANCED_FACE('',(#6728),#7143,.T.);
#7441=ADVANCED_FACE('',(#6729),#243,.F.);
#7442=ADVANCED_FACE('',(#6730),#7144,.T.);
#7443=ADVANCED_FACE('',(#6731),#244,.F.);
#7444=ADVANCED_FACE('',(#6732),#7145,.F.);
#7445=ADVANCED_FACE('',(#6733),#245,.F.);
#7446=ADVANCED_FACE('',(#6734),#7146,.F.);
#7447=ADVANCED_FACE('',(#6735),#246,.F.);
#7448=ADVANCED_FACE('',(#6736),#7147,.T.);
#7449=ADVANCED_FACE('',(#6737),#247,.F.);
#7450=ADVANCED_FACE('',(#6738),#7148,.T.);
#7451=ADVANCED_FACE('',(#6739),#248,.F.);
#7452=ADVANCED_FACE('',(#6740),#249,.F.);
#7453=ADVANCED_FACE('',(#6741),#250,.F.);
#7454=ADVANCED_FACE('',(#6742),#251,.F.);
#7455=ADVANCED_FACE('',(#6743),#7149,.T.);
#7456=ADVANCED_FACE('',(#6744),#18,.F.);
#7457=ADVANCED_FACE('',(#6745),#19,.F.);
#7458=ADVANCED_FACE('',(#6746),#7150,.F.);
#7459=ADVANCED_FACE('',(#6747),#7151,.T.);
#7460=ADVANCED_FACE('',(#6748),#20,.F.);
#7461=ADVANCED_FACE('',(#6749),#21,.F.);
#7462=ADVANCED_FACE('',(#6750),#7152,.F.);
#7463=ADVANCED_FACE('',(#6751),#22,.F.);
#7464=ADVANCED_FACE('',(#6752),#7153,.F.);
#7465=ADVANCED_FACE('',(#6753),#7154,.T.);
#7466=ADVANCED_FACE('',(#6754),#23,.F.);
#7467=ADVANCED_FACE('',(#6755),#24,.F.);
#7468=ADVANCED_FACE('',(#6756),#7155,.F.);
#7469=ADVANCED_FACE('',(#6757),#7156,.T.);
#7470=ADVANCED_FACE('',(#6758),#25,.F.);
#7471=ADVANCED_FACE('',(#6759),#26,.F.);
#7472=ADVANCED_FACE('',(#6760),#7157,.F.);
#7473=ADVANCED_FACE('',(#6761),#7158,.T.);
#7474=ADVANCED_FACE('',(#6762),#27,.F.);
#7475=ADVANCED_FACE('',(#6763),#28,.F.);
#7476=ADVANCED_FACE('',(#6764),#7159,.F.);
#7477=ADVANCED_FACE('',(#6765),#7160,.T.);
#7478=ADVANCED_FACE('',(#6766),#29,.F.);
#7479=ADVANCED_FACE('',(#6767),#30,.F.);
#7480=ADVANCED_FACE('',(#6768),#7161,.F.);
#7481=ADVANCED_FACE('',(#6769),#7162,.T.);
#7482=ADVANCED_FACE('',(#6770),#31,.F.);
#7483=ADVANCED_FACE('',(#6771),#32,.F.);
#7484=ADVANCED_FACE('',(#6772),#7163,.F.);
#7485=ADVANCED_FACE('',(#6773),#7164,.T.);
#7486=ADVANCED_FACE('',(#6774),#33,.F.);
#7487=ADVANCED_FACE('',(#6775),#34,.F.);
#7488=ADVANCED_FACE('',(#6776),#7165,.F.);
#7489=ADVANCED_FACE('',(#6777),#7166,.T.);
#7490=ADVANCED_FACE('',(#6778),#35,.F.);
#7491=ADVANCED_FACE('',(#6779),#36,.F.);
#7492=ADVANCED_FACE('',(#6780),#7167,.F.);
#7493=ADVANCED_FACE('',(#6781),#7168,.T.);
#7494=ADVANCED_FACE('',(#6782),#37,.F.);
#7495=ADVANCED_FACE('',(#6783),#38,.F.);
#7496=ADVANCED_FACE('',(#6784),#7169,.F.);
#7497=ADVANCED_FACE('',(#6785),#7170,.T.);
#7498=ADVANCED_FACE('',(#6786),#39,.F.);
#7499=ADVANCED_FACE('',(#6787),#40,.F.);
#7500=ADVANCED_FACE('',(#6788),#7171,.F.);
#7501=ADVANCED_FACE('',(#6789),#7172,.T.);
#7502=ADVANCED_FACE('',(#6790),#41,.F.);
#7503=ADVANCED_FACE('',(#6791),#42,.F.);
#7504=ADVANCED_FACE('',(#6792),#7173,.F.);
#7505=ADVANCED_FACE('',(#6793),#7174,.T.);
#7506=ADVANCED_FACE('',(#6794),#43,.F.);
#7507=ADVANCED_FACE('',(#6795),#44,.F.);
#7508=ADVANCED_FACE('',(#6796),#7175,.F.);
#7509=ADVANCED_FACE('',(#6797),#7176,.T.);
#7510=ADVANCED_FACE('',(#6798),#45,.F.);
#7511=ADVANCED_FACE('',(#6799),#46,.F.);
#7512=ADVANCED_FACE('',(#6800),#7177,.F.);
#7513=ADVANCED_FACE('',(#6801),#7178,.T.);
#7514=ADVANCED_FACE('',(#6802),#47,.F.);
#7515=ADVANCED_FACE('',(#6803),#48,.F.);
#7516=ADVANCED_FACE('',(#6804),#7179,.F.);
#7517=ADVANCED_FACE('',(#6805),#7180,.T.);
#7518=ADVANCED_FACE('',(#6806),#49,.F.);
#7519=ADVANCED_FACE('',(#6807),#50,.F.);
#7520=ADVANCED_FACE('',(#6808),#7181,.F.);
#7521=ADVANCED_FACE('',(#6809),#7182,.T.);
#7522=ADVANCED_FACE('',(#6810),#51,.F.);
#7523=ADVANCED_FACE('',(#6811),#52,.F.);
#7524=ADVANCED_FACE('',(#6812),#7183,.F.);
#7525=ADVANCED_FACE('',(#6813),#7184,.T.);
#7526=ADVANCED_FACE('',(#6814),#53,.F.);
#7527=ADVANCED_FACE('',(#6815),#54,.F.);
#7528=ADVANCED_FACE('',(#6816),#7185,.F.);
#7529=ADVANCED_FACE('',(#6817),#7186,.T.);
#7530=ADVANCED_FACE('',(#6818),#55,.F.);
#7531=ADVANCED_FACE('',(#6819),#56,.F.);
#7532=ADVANCED_FACE('',(#6820),#7187,.F.);
#7533=ADVANCED_FACE('',(#6821),#7188,.T.);
#7534=ADVANCED_FACE('',(#6822),#57,.F.);
#7535=ADVANCED_FACE('',(#6823),#58,.F.);
#7536=ADVANCED_FACE('',(#6824),#7189,.F.);
#7537=ADVANCED_FACE('',(#6825),#7190,.T.);
#7538=ADVANCED_FACE('',(#6826),#59,.F.);
#7539=ADVANCED_FACE('',(#6827),#60,.F.);
#7540=ADVANCED_FACE('',(#6828),#7191,.F.);
#7541=ADVANCED_FACE('',(#6829),#7192,.T.);
#7542=ADVANCED_FACE('',(#6830),#61,.F.);
#7543=ADVANCED_FACE('',(#6831),#62,.F.);
#7544=ADVANCED_FACE('',(#6832),#7193,.F.);
#7545=ADVANCED_FACE('',(#6833),#7194,.T.);
#7546=ADVANCED_FACE('',(#6834),#63,.F.);
#7547=ADVANCED_FACE('',(#6835),#64,.F.);
#7548=ADVANCED_FACE('',(#6836),#7195,.F.);
#7549=ADVANCED_FACE('',(#6837),#7196,.T.);
#7550=ADVANCED_FACE('',(#6838),#65,.F.);
#7551=ADVANCED_FACE('',(#6839),#66,.F.);
#7552=ADVANCED_FACE('',(#6840),#7197,.F.);
#7553=ADVANCED_FACE('',(#6841),#7198,.T.);
#7554=ADVANCED_FACE('',(#6842),#67,.F.);
#7555=ADVANCED_FACE('',(#6843),#68,.F.);
#7556=ADVANCED_FACE('',(#6844),#7199,.F.);
#7557=ADVANCED_FACE('',(#6845),#7200,.T.);
#7558=ADVANCED_FACE('',(#6846),#69,.F.);
#7559=ADVANCED_FACE('',(#6847),#70,.F.);
#7560=ADVANCED_FACE('',(#6848),#7201,.F.);
#7561=ADVANCED_FACE('',(#6849),#7202,.T.);
#7562=ADVANCED_FACE('',(#6850),#71,.F.);
#7563=ADVANCED_FACE('',(#6851),#72,.F.);
#7564=ADVANCED_FACE('',(#6852),#7203,.F.);
#7565=ADVANCED_FACE('',(#6853),#7204,.T.);
#7566=ADVANCED_FACE('',(#6854),#73,.F.);
#7567=ADVANCED_FACE('',(#6855),#74,.F.);
#7568=ADVANCED_FACE('',(#6856),#7205,.F.);
#7569=ADVANCED_FACE('',(#6857),#7206,.T.);
#7570=ADVANCED_FACE('',(#6858),#75,.F.);
#7571=ADVANCED_FACE('',(#6859),#76,.F.);
#7572=ADVANCED_FACE('',(#6860),#7207,.F.);
#7573=ADVANCED_FACE('',(#6861),#7208,.T.);
#7574=ADVANCED_FACE('',(#6862),#77,.F.);
#7575=ADVANCED_FACE('',(#6863),#78,.F.);
#7576=ADVANCED_FACE('',(#6864),#7209,.F.);
#7577=ADVANCED_FACE('',(#6865),#7210,.T.);
#7578=ADVANCED_FACE('',(#6866),#79,.F.);
#7579=ADVANCED_FACE('',(#6867),#80,.F.);
#7580=ADVANCED_FACE('',(#6868),#7211,.F.);
#7581=ADVANCED_FACE('',(#6869),#7212,.T.);
#7582=ADVANCED_FACE('',(#6870),#81,.F.);
#7583=ADVANCED_FACE('',(#6871),#7213,.T.);
#7584=ADVANCED_FACE('',(#6872),#82,.T.);
#7585=ADVANCED_FACE('',(#6873),#83,.T.);
#7586=ADVANCED_FACE('',(#6874),#7214,.T.);
#7587=ADVANCED_FACE('',(#6875),#7215,.F.);
#7588=ADVANCED_FACE('',(#6876),#84,.T.);
#7589=ADVANCED_FACE('',(#6877),#85,.T.);
#7590=ADVANCED_FACE('',(#6878),#7216,.F.);
#7591=ADVANCED_FACE('',(#6879,#6880),#86,.F.);
#7592=ADVANCED_FACE('',(#6881,#6882),#87,.F.);
#7593=ADVANCED_FACE('',(#6883,#6884),#88,.F.);
#7594=ADVANCED_FACE('',(#6885,#6886),#89,.F.);
#7595=ADVANCED_FACE('',(#6887,#6888),#90,.F.);
#7596=ADVANCED_FACE('',(#6889,#6890),#91,.F.);
#7597=ADVANCED_FACE('',(#6891),#92,.F.);
#7598=ADVANCED_FACE('',(#6892),#7217,.T.);
#7599=ADVANCED_FACE('',(#6893),#7218,.F.);
#7600=ADVANCED_FACE('',(#6894),#93,.F.);
#7601=ADVANCED_FACE('',(#6895),#94,.F.);
#7602=ADVANCED_FACE('',(#6896),#7219,.T.);
#7603=ADVANCED_FACE('',(#6897),#7220,.F.);
#7604=ADVANCED_FACE('',(#6898),#95,.F.);
#7605=ADVANCED_FACE('',(#6899),#252,.F.);
#7606=ADVANCED_FACE('',(#6900),#7221,.T.);
#7607=ADVANCED_FACE('',(#6901),#253,.F.);
#7608=ADVANCED_FACE('',(#6902),#7222,.T.);
#7609=ADVANCED_FACE('',(#6903),#7223,.F.);
#7610=ADVANCED_FACE('',(#6904),#96,.F.);
#7611=ADVANCED_FACE('',(#6905),#97,.F.);
#7612=ADVANCED_FACE('',(#6906),#7224,.T.);
#7613=ADVANCED_FACE('',(#6907),#7225,.F.);
#7614=ADVANCED_FACE('',(#6908),#98,.F.);
#7615=ADVANCED_FACE('',(#6909),#99,.F.);
#7616=ADVANCED_FACE('',(#6910),#7226,.T.);
#7617=ADVANCED_FACE('',(#6911),#100,.F.);
#7618=ADVANCED_FACE('',(#6912),#7227,.T.);
#7619=ADVANCED_FACE('',(#6913),#7228,.F.);
#7620=ADVANCED_FACE('',(#6914),#101,.F.);
#7621=ADVANCED_FACE('',(#6915),#102,.F.);
#7622=ADVANCED_FACE('',(#6916),#7229,.T.);
#7623=ADVANCED_FACE('',(#6917),#7230,.F.);
#7624=ADVANCED_FACE('',(#6918),#103,.F.);
#7625=ADVANCED_FACE('',(#6919),#104,.F.);
#7626=ADVANCED_FACE('',(#6920),#7231,.T.);
#7627=ADVANCED_FACE('',(#6921),#7232,.F.);
#7628=ADVANCED_FACE('',(#6922),#105,.F.);
#7629=ADVANCED_FACE('',(#6923),#106,.F.);
#7630=ADVANCED_FACE('',(#6924),#7233,.T.);
#7631=ADVANCED_FACE('',(#6925),#7234,.F.);
#7632=ADVANCED_FACE('',(#6926),#107,.F.);
#7633=ADVANCED_FACE('',(#6927),#108,.F.);
#7634=ADVANCED_FACE('',(#6928),#7235,.T.);
#7635=ADVANCED_FACE('',(#6929),#7236,.F.);
#7636=ADVANCED_FACE('',(#6930),#109,.F.);
#7637=ADVANCED_FACE('',(#6931),#110,.F.);
#7638=ADVANCED_FACE('',(#6932),#7237,.T.);
#7639=ADVANCED_FACE('',(#6933),#7238,.F.);
#7640=ADVANCED_FACE('',(#6934),#111,.F.);
#7641=ADVANCED_FACE('',(#6935),#112,.F.);
#7642=ADVANCED_FACE('',(#6936),#7239,.T.);
#7643=ADVANCED_FACE('',(#6937),#7240,.F.);
#7644=ADVANCED_FACE('',(#6938),#113,.F.);
#7645=ADVANCED_FACE('',(#6939),#114,.F.);
#7646=ADVANCED_FACE('',(#6940),#7241,.T.);
#7647=ADVANCED_FACE('',(#6941),#7242,.F.);
#7648=ADVANCED_FACE('',(#6942),#115,.F.);
#7649=ADVANCED_FACE('',(#6943),#116,.F.);
#7650=ADVANCED_FACE('',(#6944),#7243,.T.);
#7651=ADVANCED_FACE('',(#6945),#7244,.F.);
#7652=ADVANCED_FACE('',(#6946),#117,.F.);
#7653=ADVANCED_FACE('',(#6947),#118,.F.);
#7654=ADVANCED_FACE('',(#6948),#7245,.T.);
#7655=ADVANCED_FACE('',(#6949),#7246,.F.);
#7656=ADVANCED_FACE('',(#6950),#119,.F.);
#7657=ADVANCED_FACE('',(#6951),#120,.F.);
#7658=ADVANCED_FACE('',(#6952),#7247,.T.);
#7659=ADVANCED_FACE('',(#6953),#7248,.F.);
#7660=ADVANCED_FACE('',(#6954),#121,.F.);
#7661=ADVANCED_FACE('',(#6955),#122,.F.);
#7662=ADVANCED_FACE('',(#6956),#7249,.T.);
#7663=ADVANCED_FACE('',(#6957),#7250,.F.);
#7664=ADVANCED_FACE('',(#6958),#123,.F.);
#7665=ADVANCED_FACE('',(#6959),#124,.F.);
#7666=ADVANCED_FACE('',(#6960),#7251,.T.);
#7667=ADVANCED_FACE('',(#6961),#7252,.F.);
#7668=ADVANCED_FACE('',(#6962),#125,.F.);
#7669=ADVANCED_FACE('',(#6963),#126,.F.);
#7670=ADVANCED_FACE('',(#6964),#7253,.T.);
#7671=ADVANCED_FACE('',(#6965),#7254,.F.);
#7672=ADVANCED_FACE('',(#6966),#127,.F.);
#7673=ADVANCED_FACE('',(#6967),#128,.F.);
#7674=ADVANCED_FACE('',(#6968),#7255,.T.);
#7675=ADVANCED_FACE('',(#6969),#7256,.F.);
#7676=ADVANCED_FACE('',(#6970),#129,.F.);
#7677=ADVANCED_FACE('',(#6971),#130,.F.);
#7678=ADVANCED_FACE('',(#6972),#7257,.T.);
#7679=ADVANCED_FACE('',(#6973),#7258,.F.);
#7680=ADVANCED_FACE('',(#6974),#131,.F.);
#7681=ADVANCED_FACE('',(#6975),#132,.F.);
#7682=ADVANCED_FACE('',(#6976),#7259,.T.);
#7683=ADVANCED_FACE('',(#6977),#7260,.F.);
#7684=ADVANCED_FACE('',(#6978),#133,.F.);
#7685=ADVANCED_FACE('',(#6979),#134,.F.);
#7686=ADVANCED_FACE('',(#6980),#7261,.T.);
#7687=ADVANCED_FACE('',(#6981),#7262,.F.);
#7688=ADVANCED_FACE('',(#6982),#135,.F.);
#7689=ADVANCED_FACE('',(#6983),#136,.F.);
#7690=ADVANCED_FACE('',(#6984),#7263,.T.);
#7691=ADVANCED_FACE('',(#6985),#7264,.F.);
#7692=ADVANCED_FACE('',(#6986),#137,.F.);
#7693=ADVANCED_FACE('',(#6987),#138,.F.);
#7694=ADVANCED_FACE('',(#6988),#7265,.T.);
#7695=ADVANCED_FACE('',(#6989),#7266,.F.);
#7696=ADVANCED_FACE('',(#6990),#139,.F.);
#7697=ADVANCED_FACE('',(#6991),#140,.F.);
#7698=ADVANCED_FACE('',(#6992),#7267,.T.);
#7699=ADVANCED_FACE('',(#6993),#7268,.F.);
#7700=ADVANCED_FACE('',(#6994),#141,.F.);
#7701=ADVANCED_FACE('',(#6995),#142,.F.);
#7702=ADVANCED_FACE('',(#6996),#7269,.T.);
#7703=ADVANCED_FACE('',(#6997),#7270,.F.);
#7704=ADVANCED_FACE('',(#6998),#143,.F.);
#7705=ADVANCED_FACE('',(#6999),#144,.F.);
#7706=ADVANCED_FACE('',(#7000),#7271,.T.);
#7707=ADVANCED_FACE('',(#7001),#7272,.F.);
#7708=ADVANCED_FACE('',(#7002),#145,.F.);
#7709=ADVANCED_FACE('',(#7003),#146,.F.);
#7710=ADVANCED_FACE('',(#7004),#7273,.T.);
#7711=ADVANCED_FACE('',(#7005),#7274,.F.);
#7712=ADVANCED_FACE('',(#7006),#147,.F.);
#7713=ADVANCED_FACE('',(#7007),#148,.F.);
#7714=ADVANCED_FACE('',(#7008),#7275,.T.);
#7715=ADVANCED_FACE('',(#7009),#7276,.F.);
#7716=ADVANCED_FACE('',(#7010),#149,.F.);
#7717=ADVANCED_FACE('',(#7011),#150,.F.);
#7718=ADVANCED_FACE('',(#7012),#7277,.T.);
#7719=ADVANCED_FACE('',(#7013),#7278,.F.);
#7720=ADVANCED_FACE('',(#7014),#151,.F.);
#7721=ADVANCED_FACE('',(#7015),#152,.F.);
#7722=ADVANCED_FACE('',(#7016),#7279,.T.);
#7723=ADVANCED_FACE('',(#7017),#7280,.F.);
#7724=ADVANCED_FACE('',(#7018),#153,.F.);
#7725=ADVANCED_FACE('',(#7019),#154,.F.);
#7726=ADVANCED_FACE('',(#7020),#7281,.T.);
#7727=ADVANCED_FACE('',(#7021),#7282,.F.);
#7728=ADVANCED_FACE('',(#7022),#155,.F.);
#7729=ADVANCED_FACE('',(#7023),#156,.F.);
#7730=ADVANCED_FACE('',(#7024),#7283,.T.);
#7731=ADVANCED_FACE('',(#7025),#7284,.F.);
#7732=ADVANCED_FACE('',(#7026),#157,.F.);
#7733=ADVANCED_FACE('',(#7027),#158,.F.);
#7734=ADVANCED_FACE('',(#7028),#7285,.T.);
#7735=ADVANCED_FACE('',(#7029),#7286,.F.);
#7736=ADVANCED_FACE('',(#7030),#159,.F.);
#7737=ADVANCED_FACE('',(#7031,#7032),#160,.F.);
#7738=ADVANCED_FACE('',(#7033,#7034),#161,.F.);
#7739=ADVANCED_FACE('',(#7035,#7036),#162,.F.);
#7740=ADVANCED_FACE('',(#7037,#7038),#163,.F.);
#7741=ADVANCED_FACE('',(#7039,#7040),#164,.F.);
#7742=ADVANCED_FACE('',(#7041,#7042),#165,.F.);
#7743=ADVANCED_FACE('',(#7043),#166,.F.);
#7744=ADVANCED_FACE('',(#7044),#7287,.F.);
#7745=ADVANCED_FACE('',(#7045),#7288,.T.);
#7746=ADVANCED_FACE('',(#7046),#167,.F.);
#7747=ADVANCED_FACE('',(#7047),#168,.F.);
#7748=ADVANCED_FACE('',(#7048),#7289,.F.);
#7749=ADVANCED_FACE('',(#7049),#7290,.T.);
#7750=ADVANCED_FACE('',(#7050),#169,.F.);
#7751=ADVANCED_FACE('',(#7051),#7291,.T.);
#7752=ADVANCED_FACE('',(#7052),#170,.T.);
#7753=ADVANCED_FACE('',(#7053),#7292,.T.);
#7754=ADVANCED_FACE('',(#7054),#171,.T.);
#7755=ADVANCED_FACE('',(#7055),#7293,.F.);
#7756=ADVANCED_FACE('',(#7056),#172,.T.);
#7757=ADVANCED_FACE('',(#7057),#7294,.F.);
#7758=ADVANCED_FACE('',(#7058),#173,.T.);
#7759=ADVANCED_FACE('',(#7059),#7295,.T.);
#7760=ADVANCED_FACE('',(#7060),#7296,.F.);
#7761=ADVANCED_FACE('',(#7061),#7297,.T.);
#7762=ADVANCED_FACE('',(#7062),#254,.T.);
#7763=ADVANCED_FACE('',(#7063),#255,.T.);
#7764=ADVANCED_FACE('',(#7064),#256,.T.);
#7765=ADVANCED_FACE('',(#7065),#257,.T.);
#7766=ADVANCED_FACE('',(#7066),#258,.T.);
#7767=ADVANCED_FACE('',(#7067),#259,.T.);
#7768=ADVANCED_FACE('',(#7068),#260,.T.);
#7769=ADVANCED_FACE('',(#7069),#261,.T.);
#7770=CLOSED_SHELL('',(#7298,#7299,#7300,#7301,#7302,#7303,#7304,#7305,
#7306,#7307,#7308,#7309,#7310,#7311,#7312,#7313,#7314,#7315,#7316,#7317,
#7318,#7319,#7320,#7321,#7322,#7323,#7324,#7325,#7326,#7327,#7328,#7329,
#7330,#7331,#7332,#7333,#7334,#7335,#7336,#7337,#7338,#7339,#7340,#7341,
#7342,#7343,#7344,#7345,#7346,#7347,#7348,#7349,#7350,#7351,#7352,#7353,
#7354,#7355,#7356,#7357,#7358,#7359,#7360,#7361,#7362,#7363,#7364,#7365,
#7366,#7367,#7368,#7369,#7370,#7371,#7372,#7373,#7374,#7375,#7376,#7377,
#7378,#7379,#7380,#7381,#7382,#7383,#7384,#7385,#7386,#7387,#7388,#7389,
#7390,#7391,#7392,#7393,#7394,#7395,#7396,#7397,#7398,#7399,#7400,#7401,
#7402,#7403,#7404,#7405,#7406,#7407,#7408,#7409,#7410,#7411,#7412,#7413,
#7414,#7415,#7416,#7417,#7418,#7419,#7420,#7421,#7422,#7423,#7424,#7425,
#7426,#7427,#7428,#7429,#7430,#7431,#7432,#7433,#7434,#7435,#7436,#7437,
#7438,#7439,#7440,#7441,#7442,#7443,#7444,#7445,#7446,#7447,#7448,#7449,
#7450,#7451,#7452,#7453,#7454,#7455,#7456,#7457,#7458,#7459,#7460,#7461,
#7462,#7463,#7464,#7465,#7466,#7467,#7468,#7469,#7470,#7471,#7472,#7473,
#7474,#7475,#7476,#7477,#7478,#7479,#7480,#7481,#7482,#7483,#7484,#7485,
#7486,#7487,#7488,#7489,#7490,#7491,#7492,#7493,#7494,#7495,#7496,#7497,
#7498,#7499,#7500,#7501,#7502,#7503,#7504,#7505,#7506,#7507,#7508,#7509,
#7510,#7511,#7512,#7513,#7514,#7515,#7516,#7517,#7518,#7519,#7520,#7521,
#7522,#7523,#7524,#7525,#7526,#7527,#7528,#7529,#7530,#7531,#7532,#7533,
#7534,#7535,#7536,#7537,#7538,#7539,#7540,#7541,#7542,#7543,#7544,#7545,
#7546,#7547,#7548,#7549,#7550,#7551,#7552,#7553,#7554,#7555,#7556,#7557,
#7558,#7559,#7560,#7561,#7562,#7563,#7564,#7565,#7566,#7567,#7568,#7569,
#7570,#7571,#7572,#7573,#7574,#7575,#7576,#7577,#7578,#7579,#7580,#7581,
#7582,#7583,#7584,#7585,#7586,#7587,#7588,#7589,#7590,#7591,#7592,#7593,
#7594,#7595,#7596,#7597,#7598,#7599,#7600,#7601,#7602,#7603,#7604,#7605,
#7606,#7607,#7608,#7609,#7610,#7611,#7612,#7613,#7614,#7615,#7616,#7617,
#7618,#7619,#7620,#7621,#7622,#7623,#7624,#7625,#7626,#7627,#7628,#7629,
#7630,#7631,#7632,#7633,#7634,#7635,#7636,#7637,#7638,#7639,#7640,#7641,
#7642,#7643,#7644,#7645,#7646,#7647,#7648,#7649,#7650,#7651,#7652,#7653,
#7654,#7655,#7656,#7657,#7658,#7659,#7660,#7661,#7662,#7663,#7664,#7665,
#7666,#7667,#7668,#7669,#7670,#7671,#7672,#7673,#7674,#7675,#7676,#7677,
#7678,#7679,#7680,#7681,#7682,#7683,#7684,#7685,#7686,#7687,#7688,#7689,
#7690,#7691,#7692,#7693,#7694,#7695,#7696,#7697,#7698,#7699,#7700,#7701,
#7702,#7703,#7704,#7705,#7706,#7707,#7708,#7709,#7710,#7711,#7712,#7713,
#7714,#7715,#7716,#7717,#7718,#7719,#7720,#7721,#7722,#7723,#7724,#7725,
#7726,#7727,#7728,#7729,#7730,#7731,#7732,#7733,#7734,#7735,#7736,#7737,
#7738,#7739,#7740,#7741,#7742,#7743,#7744,#7745,#7746,#7747,#7748,#7749,
#7750,#7751,#7752,#7753,#7754,#7755,#7756,#7757,#7758,#7759,#7760,#7761,
#7762,#7763,#7764,#7765,#7766,#7767,#7768,#7769));
#7771=STYLED_ITEM('',(#7772),#7779);
#7772=PRESENTATION_STYLE_ASSIGNMENT((#7773));
#7773=SURFACE_STYLE_USAGE(.BOTH.,#7774);
#7774=SURFACE_SIDE_STYLE('',(#7775));
#7775=SURFACE_STYLE_FILL_AREA(#7776);
#7776=FILL_AREA_STYLE('',(#7777));
#7777=FILL_AREA_STYLE_COLOUR('',#7778);
#7778=COLOUR_RGB('',0.262745098039216,0.282352941176471,0.301960784313725);
#7779=MANIFOLD_SOLID_BREP('Plate',#7770);
#7780=SHAPE_DEFINITION_REPRESENTATION(#13162,#7781);
#7781=SHAPE_REPRESENTATION('Plate',(#7782),#13157);
#7782=AXIS2_PLACEMENT_3D('',#10939,#8583,#8584);
#7783=AXIS2_PLACEMENT_3D('',#10940,#8585,#8586);
#7784=AXIS2_PLACEMENT_3D('',#10944,#8588,#8589);
#7785=AXIS2_PLACEMENT_3D('',#10948,#8591,#8592);
#7786=AXIS2_PLACEMENT_3D('',#10949,#8593,#8594);
#7787=AXIS2_PLACEMENT_3D('',#10950,#8595,#8596);
#7788=AXIS2_PLACEMENT_3D('',#10955,#8598,#8599);
#7789=AXIS2_PLACEMENT_3D('',#10959,#8601,#8602);
#7790=AXIS2_PLACEMENT_3D('',#10963,#8604,#8605);
#7791=AXIS2_PLACEMENT_3D('',#10966,#8607,#8608);
#7792=AXIS2_PLACEMENT_3D('',#10972,#8612,#8613);
#7793=AXIS2_PLACEMENT_3D('',#10979,#8617,#8618);
#7794=AXIS2_PLACEMENT_3D('',#10986,#8622,#8623);
#7795=AXIS2_PLACEMENT_3D('',#11006,#8633,#8634);
#7796=AXIS2_PLACEMENT_3D('',#11010,#8636,#8637);
#7797=AXIS2_PLACEMENT_3D('',#11011,#8638,#8639);
#7798=AXIS2_PLACEMENT_3D('',#11012,#8640,#8641);
#7799=AXIS2_PLACEMENT_3D('',#11017,#8643,#8644);
#7800=AXIS2_PLACEMENT_3D('',#11021,#8646,#8647);
#7801=AXIS2_PLACEMENT_3D('',#11025,#8649,#8650);
#7802=AXIS2_PLACEMENT_3D('',#11031,#8653,#8654);
#7803=AXIS2_PLACEMENT_3D('',#11035,#8656,#8657);
#7804=AXIS2_PLACEMENT_3D('',#11039,#8659,#8660);
#7805=AXIS2_PLACEMENT_3D('',#11043,#8662,#8663);
#7806=AXIS2_PLACEMENT_3D('',#11047,#8665,#8666);
#7807=AXIS2_PLACEMENT_3D('',#11051,#8668,#8669);
#7808=AXIS2_PLACEMENT_3D('',#11055,#8671,#8672);
#7809=AXIS2_PLACEMENT_3D('',#11059,#8674,#8675);
#7810=AXIS2_PLACEMENT_3D('',#11063,#8677,#8678);
#7811=AXIS2_PLACEMENT_3D('',#11067,#8680,#8681);
#7812=AXIS2_PLACEMENT_3D('',#11071,#8683,#8684);
#7813=AXIS2_PLACEMENT_3D('',#11075,#8686,#8687);
#7814=AXIS2_PLACEMENT_3D('',#11079,#8689,#8690);
#7815=AXIS2_PLACEMENT_3D('',#11083,#8692,#8693);
#7816=AXIS2_PLACEMENT_3D('',#11087,#8695,#8696);
#7817=AXIS2_PLACEMENT_3D('',#11091,#8698,#8699);
#7818=AXIS2_PLACEMENT_3D('',#11095,#8701,#8702);
#7819=AXIS2_PLACEMENT_3D('',#11099,#8704,#8705);
#7820=AXIS2_PLACEMENT_3D('',#11103,#8707,#8708);
#7821=AXIS2_PLACEMENT_3D('',#11107,#8710,#8711);
#7822=AXIS2_PLACEMENT_3D('',#11111,#8713,#8714);
#7823=AXIS2_PLACEMENT_3D('',#11115,#8716,#8717);
#7824=AXIS2_PLACEMENT_3D('',#11119,#8719,#8720);
#7825=AXIS2_PLACEMENT_3D('',#11123,#8722,#8723);
#7826=AXIS2_PLACEMENT_3D('',#11127,#8725,#8726);
#7827=AXIS2_PLACEMENT_3D('',#11131,#8728,#8729);
#7828=AXIS2_PLACEMENT_3D('',#11135,#8731,#8732);
#7829=AXIS2_PLACEMENT_3D('',#11139,#8734,#8735);
#7830=AXIS2_PLACEMENT_3D('',#11143,#8737,#8738);
#7831=AXIS2_PLACEMENT_3D('',#11147,#8740,#8741);
#7832=AXIS2_PLACEMENT_3D('',#11151,#8743,#8744);
#7833=AXIS2_PLACEMENT_3D('',#11155,#8746,#8747);
#7834=AXIS2_PLACEMENT_3D('',#11159,#8749,#8750);
#7835=AXIS2_PLACEMENT_3D('',#11163,#8752,#8753);
#7836=AXIS2_PLACEMENT_3D('',#11167,#8755,#8756);
#7837=AXIS2_PLACEMENT_3D('',#11171,#8758,#8759);
#7838=AXIS2_PLACEMENT_3D('',#11175,#8761,#8762);
#7839=AXIS2_PLACEMENT_3D('',#11179,#8764,#8765);
#7840=AXIS2_PLACEMENT_3D('',#11183,#8767,#8768);
#7841=AXIS2_PLACEMENT_3D('',#11187,#8770,#8771);
#7842=AXIS2_PLACEMENT_3D('',#11191,#8773,#8774);
#7843=AXIS2_PLACEMENT_3D('',#11195,#8776,#8777);
#7844=AXIS2_PLACEMENT_3D('',#11199,#8779,#8780);
#7845=AXIS2_PLACEMENT_3D('',#11203,#8782,#8783);
#7846=AXIS2_PLACEMENT_3D('',#11207,#8785,#8786);
#7847=AXIS2_PLACEMENT_3D('',#11211,#8788,#8789);
#7848=AXIS2_PLACEMENT_3D('',#11215,#8791,#8792);
#7849=AXIS2_PLACEMENT_3D('',#11219,#8794,#8795);
#7850=AXIS2_PLACEMENT_3D('',#11223,#8797,#8798);
#7851=AXIS2_PLACEMENT_3D('',#11227,#8800,#8801);
#7852=AXIS2_PLACEMENT_3D('',#11231,#8803,#8804);
#7853=AXIS2_PLACEMENT_3D('',#11235,#8806,#8807);
#7854=AXIS2_PLACEMENT_3D('',#11239,#8809,#8810);
#7855=AXIS2_PLACEMENT_3D('',#11243,#8812,#8813);
#7856=AXIS2_PLACEMENT_3D('',#11247,#8815,#8816);
#7857=AXIS2_PLACEMENT_3D('',#11251,#8818,#8819);
#7858=AXIS2_PLACEMENT_3D('',#11255,#8821,#8822);
#7859=AXIS2_PLACEMENT_3D('',#11259,#8824,#8825);
#7860=AXIS2_PLACEMENT_3D('',#11263,#8827,#8828);
#7861=AXIS2_PLACEMENT_3D('',#11267,#8830,#8831);
#7862=AXIS2_PLACEMENT_3D('',#11268,#8832,#8833);
#7863=AXIS2_PLACEMENT_3D('',#11273,#8835,#8836);
#7864=AXIS2_PLACEMENT_3D('',#11277,#8838,#8839);
#7865=AXIS2_PLACEMENT_3D('',#11281,#8841,#8842);
#7866=AXIS2_PLACEMENT_3D('',#11284,#8844,#8845);
#7867=AXIS2_PLACEMENT_3D('',#11286,#8846,#8847);
#7868=AXIS2_PLACEMENT_3D('',#11288,#8848,#8849);
#7869=AXIS2_PLACEMENT_3D('',#11290,#8850,#8851);
#7870=AXIS2_PLACEMENT_3D('',#11292,#8852,#8853);
#7871=AXIS2_PLACEMENT_3D('',#11294,#8854,#8855);
#7872=AXIS2_PLACEMENT_3D('',#11299,#8857,#8858);
#7873=AXIS2_PLACEMENT_3D('',#11303,#8860,#8861);
#7874=AXIS2_PLACEMENT_3D('',#11307,#8863,#8864);
#7875=AXIS2_PLACEMENT_3D('',#11311,#8866,#8867);
#7876=AXIS2_PLACEMENT_3D('',#11312,#8868,#8869);
#7877=AXIS2_PLACEMENT_3D('',#11315,#8871,#8872);
#7878=AXIS2_PLACEMENT_3D('',#11316,#8873,#8874);
#7879=AXIS2_PLACEMENT_3D('',#11321,#8877,#8878);
#7880=AXIS2_PLACEMENT_3D('',#11325,#8880,#8881);
#7881=AXIS2_PLACEMENT_3D('',#11329,#8883,#8884);
#7882=AXIS2_PLACEMENT_3D('',#11333,#8886,#8887);
#7883=AXIS2_PLACEMENT_3D('',#11339,#8890,#8891);
#7884=AXIS2_PLACEMENT_3D('',#11343,#8893,#8894);
#7885=AXIS2_PLACEMENT_3D('',#11347,#8896,#8897);
#7886=AXIS2_PLACEMENT_3D('',#11351,#8899,#8900);
#7887=AXIS2_PLACEMENT_3D('',#11352,#8901,#8902);
#7888=AXIS2_PLACEMENT_3D('',#11354,#8903,#8904);
#7889=AXIS2_PLACEMENT_3D('',#11356,#8905,#8906);
#7890=AXIS2_PLACEMENT_3D('',#11358,#8907,#8908);
#7891=AXIS2_PLACEMENT_3D('',#11360,#8909,#8910);
#7892=AXIS2_PLACEMENT_3D('',#11362,#8911,#8912);
#7893=AXIS2_PLACEMENT_3D('',#11367,#8914,#8915);
#7894=AXIS2_PLACEMENT_3D('',#11371,#8917,#8918);
#7895=AXIS2_PLACEMENT_3D('',#11375,#8920,#8921);
#7896=AXIS2_PLACEMENT_3D('',#11379,#8923,#8924);
#7897=AXIS2_PLACEMENT_3D('',#11383,#8926,#8927);
#7898=AXIS2_PLACEMENT_3D('',#11387,#8929,#8930);
#7899=AXIS2_PLACEMENT_3D('',#11391,#8932,#8933);
#7900=AXIS2_PLACEMENT_3D('',#11395,#8935,#8936);
#7901=AXIS2_PLACEMENT_3D('',#11399,#8938,#8939);
#7902=AXIS2_PLACEMENT_3D('',#11403,#8941,#8942);
#7903=AXIS2_PLACEMENT_3D('',#11407,#8944,#8945);
#7904=AXIS2_PLACEMENT_3D('',#11411,#8947,#8948);
#7905=AXIS2_PLACEMENT_3D('',#11415,#8950,#8951);
#7906=AXIS2_PLACEMENT_3D('',#11419,#8953,#8954);
#7907=AXIS2_PLACEMENT_3D('',#11423,#8956,#8957);
#7908=AXIS2_PLACEMENT_3D('',#11427,#8959,#8960);
#7909=AXIS2_PLACEMENT_3D('',#11431,#8962,#8963);
#7910=AXIS2_PLACEMENT_3D('',#11435,#8965,#8966);
#7911=AXIS2_PLACEMENT_3D('',#11439,#8968,#8969);
#7912=AXIS2_PLACEMENT_3D('',#11443,#8971,#8972);
#7913=AXIS2_PLACEMENT_3D('',#11447,#8974,#8975);
#7914=AXIS2_PLACEMENT_3D('',#11451,#8977,#8978);
#7915=AXIS2_PLACEMENT_3D('',#11455,#8980,#8981);
#7916=AXIS2_PLACEMENT_3D('',#11459,#8983,#8984);
#7917=AXIS2_PLACEMENT_3D('',#11463,#8986,#8987);
#7918=AXIS2_PLACEMENT_3D('',#11467,#8989,#8990);
#7919=AXIS2_PLACEMENT_3D('',#11471,#8992,#8993);
#7920=AXIS2_PLACEMENT_3D('',#11475,#8995,#8996);
#7921=AXIS2_PLACEMENT_3D('',#11479,#8998,#8999);
#7922=AXIS2_PLACEMENT_3D('',#11483,#9001,#9002);
#7923=AXIS2_PLACEMENT_3D('',#11487,#9004,#9005);
#7924=AXIS2_PLACEMENT_3D('',#11491,#9007,#9008);
#7925=AXIS2_PLACEMENT_3D('',#11495,#9010,#9011);
#7926=AXIS2_PLACEMENT_3D('',#11499,#9013,#9014);
#7927=AXIS2_PLACEMENT_3D('',#11503,#9016,#9017);
#7928=AXIS2_PLACEMENT_3D('',#11507,#9019,#9020);
#7929=AXIS2_PLACEMENT_3D('',#11511,#9022,#9023);
#7930=AXIS2_PLACEMENT_3D('',#11515,#9025,#9026);
#7931=AXIS2_PLACEMENT_3D('',#11519,#9028,#9029);
#7932=AXIS2_PLACEMENT_3D('',#11523,#9031,#9032);
#7933=AXIS2_PLACEMENT_3D('',#11527,#9034,#9035);
#7934=AXIS2_PLACEMENT_3D('',#11531,#9037,#9038);
#7935=AXIS2_PLACEMENT_3D('',#11535,#9040,#9041);
#7936=AXIS2_PLACEMENT_3D('',#11539,#9043,#9044);
#7937=AXIS2_PLACEMENT_3D('',#11543,#9046,#9047);
#7938=AXIS2_PLACEMENT_3D('',#11547,#9049,#9050);
#7939=AXIS2_PLACEMENT_3D('',#11551,#9052,#9053);
#7940=AXIS2_PLACEMENT_3D('',#11555,#9055,#9056);
#7941=AXIS2_PLACEMENT_3D('',#11559,#9058,#9059);
#7942=AXIS2_PLACEMENT_3D('',#11563,#9061,#9062);
#7943=AXIS2_PLACEMENT_3D('',#11567,#9064,#9065);
#7944=AXIS2_PLACEMENT_3D('',#11571,#9067,#9068);
#7945=AXIS2_PLACEMENT_3D('',#11575,#9070,#9071);
#7946=AXIS2_PLACEMENT_3D('',#11579,#9073,#9074);
#7947=AXIS2_PLACEMENT_3D('',#11583,#9076,#9077);
#7948=AXIS2_PLACEMENT_3D('',#11587,#9079,#9080);
#7949=AXIS2_PLACEMENT_3D('',#11591,#9082,#9083);
#7950=AXIS2_PLACEMENT_3D('',#11595,#9085,#9086);
#7951=AXIS2_PLACEMENT_3D('',#11599,#9088,#9089);
#7952=AXIS2_PLACEMENT_3D('',#11603,#9091,#9092);
#7953=AXIS2_PLACEMENT_3D('',#11604,#9093,#9094);
#7954=AXIS2_PLACEMENT_3D('',#11609,#9096,#9097);
#7955=AXIS2_PLACEMENT_3D('',#11613,#9099,#9100);
#7956=AXIS2_PLACEMENT_3D('',#11617,#9102,#9103);
#7957=AXIS2_PLACEMENT_3D('',#11620,#9105,#9106);
#7958=AXIS2_PLACEMENT_3D('',#11629,#9111,#9112);
#7959=AXIS2_PLACEMENT_3D('',#11638,#9117,#9118);
#7960=AXIS2_PLACEMENT_3D('',#11647,#9123,#9124);
#7961=AXIS2_PLACEMENT_3D('',#11656,#9129,#9130);
#7962=AXIS2_PLACEMENT_3D('',#11660,#9132,#9133);
#7963=AXIS2_PLACEMENT_3D('',#11664,#9135,#9136);
#7964=AXIS2_PLACEMENT_3D('',#11665,#9137,#9138);
#7965=AXIS2_PLACEMENT_3D('',#11671,#9142,#9143);
#7966=AXIS2_PLACEMENT_3D('',#11672,#9144,#9145);
#7967=AXIS2_PLACEMENT_3D('',#11676,#9147,#9148);
#7968=AXIS2_PLACEMENT_3D('',#11677,#9149,#9150);
#7969=AXIS2_PLACEMENT_3D('',#11683,#9154,#9155);
#7970=AXIS2_PLACEMENT_3D('',#11684,#9156,#9157);
#7971=AXIS2_PLACEMENT_3D('',#11688,#9159,#9160);
#7972=AXIS2_PLACEMENT_3D('',#11689,#9161,#9162);
#7973=AXIS2_PLACEMENT_3D('',#11695,#9166,#9167);
#7974=AXIS2_PLACEMENT_3D('',#11696,#9168,#9169);
#7975=AXIS2_PLACEMENT_3D('',#11700,#9171,#9172);
#7976=AXIS2_PLACEMENT_3D('',#11701,#9173,#9174);
#7977=AXIS2_PLACEMENT_3D('',#11704,#9177,#9178);
#7978=AXIS2_PLACEMENT_3D('',#11713,#9183,#9184);
#7979=AXIS2_PLACEMENT_3D('',#11714,#9185,#9186);
#7980=AXIS2_PLACEMENT_3D('',#11716,#9187,#9188);
#7981=AXIS2_PLACEMENT_3D('',#11718,#9189,#9190);
#7982=AXIS2_PLACEMENT_3D('',#11719,#9191,#9192);
#7983=AXIS2_PLACEMENT_3D('',#11721,#9193,#9194);
#7984=AXIS2_PLACEMENT_3D('',#11723,#9195,#9196);
#7985=AXIS2_PLACEMENT_3D('',#11724,#9197,#9198);
#7986=AXIS2_PLACEMENT_3D('',#11726,#9199,#9200);
#7987=AXIS2_PLACEMENT_3D('',#11728,#9201,#9202);
#7988=AXIS2_PLACEMENT_3D('',#11737,#9207,#9208);
#7989=AXIS2_PLACEMENT_3D('',#11738,#9209,#9210);
#7990=AXIS2_PLACEMENT_3D('',#11740,#9211,#9212);
#7991=AXIS2_PLACEMENT_3D('',#11742,#9213,#9214);
#7992=AXIS2_PLACEMENT_3D('',#11743,#9215,#9216);
#7993=AXIS2_PLACEMENT_3D('',#11745,#9217,#9218);
#7994=AXIS2_PLACEMENT_3D('',#11747,#9219,#9220);
#7995=AXIS2_PLACEMENT_3D('',#11748,#9221,#9222);
#7996=AXIS2_PLACEMENT_3D('',#11750,#9223,#9224);
#7997=AXIS2_PLACEMENT_3D('',#11752,#9225,#9226);
#7998=AXIS2_PLACEMENT_3D('',#11761,#9231,#9232);
#7999=AXIS2_PLACEMENT_3D('',#11762,#9233,#9234);
#8000=AXIS2_PLACEMENT_3D('',#11763,#9235,#9236);
#8001=AXIS2_PLACEMENT_3D('',#11764,#9237,#9238);
#8002=AXIS2_PLACEMENT_3D('',#11765,#9239,#9240);
#8003=AXIS2_PLACEMENT_3D('',#11766,#9241,#9242);
#8004=AXIS2_PLACEMENT_3D('',#11767,#9243,#9244);
#8005=AXIS2_PLACEMENT_3D('',#11768,#9245,#9246);
#8006=AXIS2_PLACEMENT_3D('',#11769,#9247,#9248);
#8007=AXIS2_PLACEMENT_3D('',#11770,#9249,#9250);
#8008=AXIS2_PLACEMENT_3D('',#11771,#9251,#9252);
#8009=AXIS2_PLACEMENT_3D('',#11772,#9253,#9254);
#8010=AXIS2_PLACEMENT_3D('',#11773,#9255,#9256);
#8011=AXIS2_PLACEMENT_3D('',#11777,#9258,#9259);
#8012=AXIS2_PLACEMENT_3D('',#11781,#9261,#9262);
#8013=AXIS2_PLACEMENT_3D('',#11782,#9263,#9264);
#8014=AXIS2_PLACEMENT_3D('',#11788,#9268,#9269);
#8015=AXIS2_PLACEMENT_3D('',#11792,#9271,#9272);
#8016=AXIS2_PLACEMENT_3D('',#11793,#9273,#9274);
#8017=AXIS2_PLACEMENT_3D('',#11794,#9275,#9276);
#8018=AXIS2_PLACEMENT_3D('',#11800,#9280,#9281);
#8019=AXIS2_PLACEMENT_3D('',#11804,#9283,#9284);
#8020=AXIS2_PLACEMENT_3D('',#11805,#9285,#9286);
#8021=AXIS2_PLACEMENT_3D('',#11806,#9287,#9288);
#8022=AXIS2_PLACEMENT_3D('',#11812,#9292,#9293);
#8023=AXIS2_PLACEMENT_3D('',#11816,#9295,#9296);
#8024=AXIS2_PLACEMENT_3D('',#11817,#9297,#9298);
#8025=AXIS2_PLACEMENT_3D('',#11818,#9299,#9300);
#8026=AXIS2_PLACEMENT_3D('',#11821,#9303,#9304);
#8027=AXIS2_PLACEMENT_3D('',#11825,#9306,#9307);
#8028=AXIS2_PLACEMENT_3D('',#11829,#9309,#9310);
#8029=AXIS2_PLACEMENT_3D('',#11830,#9311,#9312);
#8030=AXIS2_PLACEMENT_3D('',#11836,#9316,#9317);
#8031=AXIS2_PLACEMENT_3D('',#11840,#9319,#9320);
#8032=AXIS2_PLACEMENT_3D('',#11841,#9321,#9322);
#8033=AXIS2_PLACEMENT_3D('',#11842,#9323,#9324);
#8034=AXIS2_PLACEMENT_3D('',#11848,#9328,#9329);
#8035=AXIS2_PLACEMENT_3D('',#11852,#9331,#9332);
#8036=AXIS2_PLACEMENT_3D('',#11853,#9333,#9334);
#8037=AXIS2_PLACEMENT_3D('',#11854,#9335,#9336);
#8038=AXIS2_PLACEMENT_3D('',#11860,#9340,#9341);
#8039=AXIS2_PLACEMENT_3D('',#11864,#9343,#9344);
#8040=AXIS2_PLACEMENT_3D('',#11865,#9345,#9346);
#8041=AXIS2_PLACEMENT_3D('',#11866,#9347,#9348);
#8042=AXIS2_PLACEMENT_3D('',#11869,#9351,#9352);
#8043=AXIS2_PLACEMENT_3D('',#11873,#9354,#9355);
#8044=AXIS2_PLACEMENT_3D('',#11877,#9357,#9358);
#8045=AXIS2_PLACEMENT_3D('',#11878,#9359,#9360);
#8046=AXIS2_PLACEMENT_3D('',#11884,#9364,#9365);
#8047=AXIS2_PLACEMENT_3D('',#11888,#9367,#9368);
#8048=AXIS2_PLACEMENT_3D('',#11889,#9369,#9370);
#8049=AXIS2_PLACEMENT_3D('',#11890,#9371,#9372);
#8050=AXIS2_PLACEMENT_3D('',#11896,#9376,#9377);
#8051=AXIS2_PLACEMENT_3D('',#11900,#9379,#9380);
#8052=AXIS2_PLACEMENT_3D('',#11901,#9381,#9382);
#8053=AXIS2_PLACEMENT_3D('',#11902,#9383,#9384);
#8054=AXIS2_PLACEMENT_3D('',#11908,#9388,#9389);
#8055=AXIS2_PLACEMENT_3D('',#11912,#9391,#9392);
#8056=AXIS2_PLACEMENT_3D('',#11913,#9393,#9394);
#8057=AXIS2_PLACEMENT_3D('',#11914,#9395,#9396);
#8058=AXIS2_PLACEMENT_3D('',#11917,#9399,#9400);
#8059=AXIS2_PLACEMENT_3D('',#11921,#9402,#9403);
#8060=AXIS2_PLACEMENT_3D('',#11925,#9405,#9406);
#8061=AXIS2_PLACEMENT_3D('',#11926,#9407,#9408);
#8062=AXIS2_PLACEMENT_3D('',#11932,#9412,#9413);
#8063=AXIS2_PLACEMENT_3D('',#11936,#9415,#9416);
#8064=AXIS2_PLACEMENT_3D('',#11937,#9417,#9418);
#8065=AXIS2_PLACEMENT_3D('',#11938,#9419,#9420);
#8066=AXIS2_PLACEMENT_3D('',#11944,#9424,#9425);
#8067=AXIS2_PLACEMENT_3D('',#11948,#9427,#9428);
#8068=AXIS2_PLACEMENT_3D('',#11949,#9429,#9430);
#8069=AXIS2_PLACEMENT_3D('',#11950,#9431,#9432);
#8070=AXIS2_PLACEMENT_3D('',#11956,#9436,#9437);
#8071=AXIS2_PLACEMENT_3D('',#11960,#9439,#9440);
#8072=AXIS2_PLACEMENT_3D('',#11961,#9441,#9442);
#8073=AXIS2_PLACEMENT_3D('',#11962,#9443,#9444);
#8074=AXIS2_PLACEMENT_3D('',#11965,#9447,#9448);
#8075=AXIS2_PLACEMENT_3D('',#11969,#9450,#9451);
#8076=AXIS2_PLACEMENT_3D('',#11973,#9453,#9454);
#8077=AXIS2_PLACEMENT_3D('',#11974,#9455,#9456);
#8078=AXIS2_PLACEMENT_3D('',#11980,#9460,#9461);
#8079=AXIS2_PLACEMENT_3D('',#11984,#9463,#9464);
#8080=AXIS2_PLACEMENT_3D('',#11985,#9465,#9466);
#8081=AXIS2_PLACEMENT_3D('',#11986,#9467,#9468);
#8082=AXIS2_PLACEMENT_3D('',#11992,#9472,#9473);
#8083=AXIS2_PLACEMENT_3D('',#11996,#9475,#9476);
#8084=AXIS2_PLACEMENT_3D('',#11997,#9477,#9478);
#8085=AXIS2_PLACEMENT_3D('',#11998,#9479,#9480);
#8086=AXIS2_PLACEMENT_3D('',#12004,#9484,#9485);
#8087=AXIS2_PLACEMENT_3D('',#12008,#9487,#9488);
#8088=AXIS2_PLACEMENT_3D('',#12009,#9489,#9490);
#8089=AXIS2_PLACEMENT_3D('',#12010,#9491,#9492);
#8090=AXIS2_PLACEMENT_3D('',#12013,#9495,#9496);
#8091=AXIS2_PLACEMENT_3D('',#12017,#9498,#9499);
#8092=AXIS2_PLACEMENT_3D('',#12021,#9501,#9502);
#8093=AXIS2_PLACEMENT_3D('',#12022,#9503,#9504);
#8094=AXIS2_PLACEMENT_3D('',#12028,#9508,#9509);
#8095=AXIS2_PLACEMENT_3D('',#12032,#9511,#9512);
#8096=AXIS2_PLACEMENT_3D('',#12033,#9513,#9514);
#8097=AXIS2_PLACEMENT_3D('',#12034,#9515,#9516);
#8098=AXIS2_PLACEMENT_3D('',#12040,#9520,#9521);
#8099=AXIS2_PLACEMENT_3D('',#12044,#9523,#9524);
#8100=AXIS2_PLACEMENT_3D('',#12045,#9525,#9526);
#8101=AXIS2_PLACEMENT_3D('',#12046,#9527,#9528);
#8102=AXIS2_PLACEMENT_3D('',#12052,#9532,#9533);
#8103=AXIS2_PLACEMENT_3D('',#12056,#9535,#9536);
#8104=AXIS2_PLACEMENT_3D('',#12057,#9537,#9538);
#8105=AXIS2_PLACEMENT_3D('',#12058,#9539,#9540);
#8106=AXIS2_PLACEMENT_3D('',#12061,#9543,#9544);
#8107=AXIS2_PLACEMENT_3D('',#12065,#9546,#9547);
#8108=AXIS2_PLACEMENT_3D('',#12069,#9549,#9550);
#8109=AXIS2_PLACEMENT_3D('',#12070,#9551,#9552);
#8110=AXIS2_PLACEMENT_3D('',#12076,#9556,#9557);
#8111=AXIS2_PLACEMENT_3D('',#12080,#9559,#9560);
#8112=AXIS2_PLACEMENT_3D('',#12081,#9561,#9562);
#8113=AXIS2_PLACEMENT_3D('',#12082,#9563,#9564);
#8114=AXIS2_PLACEMENT_3D('',#12088,#9568,#9569);
#8115=AXIS2_PLACEMENT_3D('',#12092,#9571,#9572);
#8116=AXIS2_PLACEMENT_3D('',#12093,#9573,#9574);
#8117=AXIS2_PLACEMENT_3D('',#12094,#9575,#9576);
#8118=AXIS2_PLACEMENT_3D('',#12100,#9580,#9581);
#8119=AXIS2_PLACEMENT_3D('',#12104,#9583,#9584);
#8120=AXIS2_PLACEMENT_3D('',#12105,#9585,#9586);
#8121=AXIS2_PLACEMENT_3D('',#12106,#9587,#9588);
#8122=AXIS2_PLACEMENT_3D('',#12109,#9591,#9592);
#8123=AXIS2_PLACEMENT_3D('',#12113,#9594,#9595);
#8124=AXIS2_PLACEMENT_3D('',#12117,#9597,#9598);
#8125=AXIS2_PLACEMENT_3D('',#12118,#9599,#9600);
#8126=AXIS2_PLACEMENT_3D('',#12124,#9604,#9605);
#8127=AXIS2_PLACEMENT_3D('',#12128,#9607,#9608);
#8128=AXIS2_PLACEMENT_3D('',#12129,#9609,#9610);
#8129=AXIS2_PLACEMENT_3D('',#12130,#9611,#9612);
#8130=AXIS2_PLACEMENT_3D('',#12136,#9616,#9617);
#8131=AXIS2_PLACEMENT_3D('',#12140,#9619,#9620);
#8132=AXIS2_PLACEMENT_3D('',#12141,#9621,#9622);
#8133=AXIS2_PLACEMENT_3D('',#12142,#9623,#9624);
#8134=AXIS2_PLACEMENT_3D('',#12148,#9628,#9629);
#8135=AXIS2_PLACEMENT_3D('',#12152,#9631,#9632);
#8136=AXIS2_PLACEMENT_3D('',#12153,#9633,#9634);
#8137=AXIS2_PLACEMENT_3D('',#12154,#9635,#9636);
#8138=AXIS2_PLACEMENT_3D('',#12157,#9639,#9640);
#8139=AXIS2_PLACEMENT_3D('',#12161,#9642,#9643);
#8140=AXIS2_PLACEMENT_3D('',#12165,#9645,#9646);
#8141=AXIS2_PLACEMENT_3D('',#12166,#9647,#9648);
#8142=AXIS2_PLACEMENT_3D('',#12172,#9652,#9653);
#8143=AXIS2_PLACEMENT_3D('',#12176,#9655,#9656);
#8144=AXIS2_PLACEMENT_3D('',#12177,#9657,#9658);
#8145=AXIS2_PLACEMENT_3D('',#12178,#9659,#9660);
#8146=AXIS2_PLACEMENT_3D('',#12184,#9664,#9665);
#8147=AXIS2_PLACEMENT_3D('',#12188,#9667,#9668);
#8148=AXIS2_PLACEMENT_3D('',#12189,#9669,#9670);
#8149=AXIS2_PLACEMENT_3D('',#12190,#9671,#9672);
#8150=AXIS2_PLACEMENT_3D('',#12196,#9676,#9677);
#8151=AXIS2_PLACEMENT_3D('',#12200,#9679,#9680);
#8152=AXIS2_PLACEMENT_3D('',#12201,#9681,#9682);
#8153=AXIS2_PLACEMENT_3D('',#12202,#9683,#9684);
#8154=AXIS2_PLACEMENT_3D('',#12205,#9687,#9688);
#8155=AXIS2_PLACEMENT_3D('',#12209,#9690,#9691);
#8156=AXIS2_PLACEMENT_3D('',#12213,#9693,#9694);
#8157=AXIS2_PLACEMENT_3D('',#12214,#9695,#9696);
#8158=AXIS2_PLACEMENT_3D('',#12220,#9700,#9701);
#8159=AXIS2_PLACEMENT_3D('',#12224,#9703,#9704);
#8160=AXIS2_PLACEMENT_3D('',#12225,#9705,#9706);
#8161=AXIS2_PLACEMENT_3D('',#12226,#9707,#9708);
#8162=AXIS2_PLACEMENT_3D('',#12232,#9712,#9713);
#8163=AXIS2_PLACEMENT_3D('',#12236,#9715,#9716);
#8164=AXIS2_PLACEMENT_3D('',#12237,#9717,#9718);
#8165=AXIS2_PLACEMENT_3D('',#12238,#9719,#9720);
#8166=AXIS2_PLACEMENT_3D('',#12244,#9724,#9725);
#8167=AXIS2_PLACEMENT_3D('',#12248,#9727,#9728);
#8168=AXIS2_PLACEMENT_3D('',#12249,#9729,#9730);
#8169=AXIS2_PLACEMENT_3D('',#12250,#9731,#9732);
#8170=AXIS2_PLACEMENT_3D('',#12253,#9735,#9736);
#8171=AXIS2_PLACEMENT_3D('',#12257,#9738,#9739);
#8172=AXIS2_PLACEMENT_3D('',#12261,#9741,#9742);
#8173=AXIS2_PLACEMENT_3D('',#12262,#9743,#9744);
#8174=AXIS2_PLACEMENT_3D('',#12268,#9748,#9749);
#8175=AXIS2_PLACEMENT_3D('',#12272,#9751,#9752);
#8176=AXIS2_PLACEMENT_3D('',#12273,#9753,#9754);
#8177=AXIS2_PLACEMENT_3D('',#12274,#9755,#9756);
#8178=AXIS2_PLACEMENT_3D('',#12280,#9760,#9761);
#8179=AXIS2_PLACEMENT_3D('',#12284,#9763,#9764);
#8180=AXIS2_PLACEMENT_3D('',#12285,#9765,#9766);
#8181=AXIS2_PLACEMENT_3D('',#12286,#9767,#9768);
#8182=AXIS2_PLACEMENT_3D('',#12292,#9772,#9773);
#8183=AXIS2_PLACEMENT_3D('',#12296,#9775,#9776);
#8184=AXIS2_PLACEMENT_3D('',#12297,#9777,#9778);
#8185=AXIS2_PLACEMENT_3D('',#12298,#9779,#9780);
#8186=AXIS2_PLACEMENT_3D('',#12301,#9783,#9784);
#8187=AXIS2_PLACEMENT_3D('',#12305,#9786,#9787);
#8188=AXIS2_PLACEMENT_3D('',#12309,#9789,#9790);
#8189=AXIS2_PLACEMENT_3D('',#12310,#9791,#9792);
#8190=AXIS2_PLACEMENT_3D('',#12316,#9796,#9797);
#8191=AXIS2_PLACEMENT_3D('',#12320,#9799,#9800);
#8192=AXIS2_PLACEMENT_3D('',#12321,#9801,#9802);
#8193=AXIS2_PLACEMENT_3D('',#12322,#9803,#9804);
#8194=AXIS2_PLACEMENT_3D('',#12328,#9808,#9809);
#8195=AXIS2_PLACEMENT_3D('',#12332,#9811,#9812);
#8196=AXIS2_PLACEMENT_3D('',#12333,#9813,#9814);
#8197=AXIS2_PLACEMENT_3D('',#12334,#9815,#9816);
#8198=AXIS2_PLACEMENT_3D('',#12340,#9820,#9821);
#8199=AXIS2_PLACEMENT_3D('',#12344,#9823,#9824);
#8200=AXIS2_PLACEMENT_3D('',#12345,#9825,#9826);
#8201=AXIS2_PLACEMENT_3D('',#12346,#9827,#9828);
#8202=AXIS2_PLACEMENT_3D('',#12349,#9831,#9832);
#8203=AXIS2_PLACEMENT_3D('',#12353,#9834,#9835);
#8204=AXIS2_PLACEMENT_3D('',#12357,#9837,#9838);
#8205=AXIS2_PLACEMENT_3D('',#12358,#9839,#9840);
#8206=AXIS2_PLACEMENT_3D('',#12364,#9844,#9845);
#8207=AXIS2_PLACEMENT_3D('',#12368,#9847,#9848);
#8208=AXIS2_PLACEMENT_3D('',#12369,#9849,#9850);
#8209=AXIS2_PLACEMENT_3D('',#12370,#9851,#9852);
#8210=AXIS2_PLACEMENT_3D('',#12376,#9856,#9857);
#8211=AXIS2_PLACEMENT_3D('',#12380,#9859,#9860);
#8212=AXIS2_PLACEMENT_3D('',#12381,#9861,#9862);
#8213=AXIS2_PLACEMENT_3D('',#12382,#9863,#9864);
#8214=AXIS2_PLACEMENT_3D('',#12388,#9868,#9869);
#8215=AXIS2_PLACEMENT_3D('',#12392,#9871,#9872);
#8216=AXIS2_PLACEMENT_3D('',#12393,#9873,#9874);
#8217=AXIS2_PLACEMENT_3D('',#12394,#9875,#9876);
#8218=AXIS2_PLACEMENT_3D('',#12397,#9879,#9880);
#8219=AXIS2_PLACEMENT_3D('',#12401,#9882,#9883);
#8220=AXIS2_PLACEMENT_3D('',#12405,#9885,#9886);
#8221=AXIS2_PLACEMENT_3D('',#12406,#9887,#9888);
#8222=AXIS2_PLACEMENT_3D('',#12412,#9892,#9893);
#8223=AXIS2_PLACEMENT_3D('',#12416,#9895,#9896);
#8224=AXIS2_PLACEMENT_3D('',#12417,#9897,#9898);
#8225=AXIS2_PLACEMENT_3D('',#12418,#9899,#9900);
#8226=AXIS2_PLACEMENT_3D('',#12424,#9904,#9905);
#8227=AXIS2_PLACEMENT_3D('',#12428,#9907,#9908);
#8228=AXIS2_PLACEMENT_3D('',#12429,#9909,#9910);
#8229=AXIS2_PLACEMENT_3D('',#12430,#9911,#9912);
#8230=AXIS2_PLACEMENT_3D('',#12436,#9916,#9917);
#8231=AXIS2_PLACEMENT_3D('',#12440,#9919,#9920);
#8232=AXIS2_PLACEMENT_3D('',#12441,#9921,#9922);
#8233=AXIS2_PLACEMENT_3D('',#12442,#9923,#9924);
#8234=AXIS2_PLACEMENT_3D('',#12445,#9927,#9928);
#8235=AXIS2_PLACEMENT_3D('',#12449,#9930,#9931);
#8236=AXIS2_PLACEMENT_3D('',#12453,#9933,#9934);
#8237=AXIS2_PLACEMENT_3D('',#12454,#9935,#9936);
#8238=AXIS2_PLACEMENT_3D('',#12460,#9940,#9941);
#8239=AXIS2_PLACEMENT_3D('',#12464,#9943,#9944);
#8240=AXIS2_PLACEMENT_3D('',#12465,#9945,#9946);
#8241=AXIS2_PLACEMENT_3D('',#12466,#9947,#9948);
#8242=AXIS2_PLACEMENT_3D('',#12472,#9952,#9953);
#8243=AXIS2_PLACEMENT_3D('',#12476,#9955,#9956);
#8244=AXIS2_PLACEMENT_3D('',#12477,#9957,#9958);
#8245=AXIS2_PLACEMENT_3D('',#12478,#9959,#9960);
#8246=AXIS2_PLACEMENT_3D('',#12484,#9964,#9965);
#8247=AXIS2_PLACEMENT_3D('',#12488,#9967,#9968);
#8248=AXIS2_PLACEMENT_3D('',#12489,#9969,#9970);
#8249=AXIS2_PLACEMENT_3D('',#12490,#9971,#9972);
#8250=AXIS2_PLACEMENT_3D('',#12493,#9975,#9976);
#8251=AXIS2_PLACEMENT_3D('',#12494,#9977,#9978);
#8252=AXIS2_PLACEMENT_3D('',#12495,#9979,#9980);
#8253=AXIS2_PLACEMENT_3D('',#12496,#9981,#9982);
#8254=AXIS2_PLACEMENT_3D('',#12497,#9983,#9984);
#8255=AXIS2_PLACEMENT_3D('',#12498,#9985,#9986);
#8256=AXIS2_PLACEMENT_3D('',#12499,#9987,#9988);
#8257=AXIS2_PLACEMENT_3D('',#12500,#9989,#9990);
#8258=AXIS2_PLACEMENT_3D('',#12501,#9991,#9992);
#8259=AXIS2_PLACEMENT_3D('',#12502,#9993,#9994);
#8260=AXIS2_PLACEMENT_3D('',#12503,#9995,#9996);
#8261=AXIS2_PLACEMENT_3D('',#12504,#9997,#9998);
#8262=AXIS2_PLACEMENT_3D('',#12505,#9999,#10000);
#8263=AXIS2_PLACEMENT_3D('',#12508,#10003,#10004);
#8264=AXIS2_PLACEMENT_3D('',#12510,#10006,#10007);
#8265=AXIS2_PLACEMENT_3D('',#12512,#10009,#10010);
#8266=AXIS2_PLACEMENT_3D('',#12514,#10012,#10013);
#8267=AXIS2_PLACEMENT_3D('',#12516,#10015,#10016);
#8268=AXIS2_PLACEMENT_3D('',#12518,#10018,#10019);
#8269=AXIS2_PLACEMENT_3D('',#12520,#10021,#10022);
#8270=AXIS2_PLACEMENT_3D('',#12521,#10023,#10024);
#8271=AXIS2_PLACEMENT_3D('',#12524,#10027,#10028);
#8272=AXIS2_PLACEMENT_3D('',#12526,#10030,#10031);
#8273=AXIS2_PLACEMENT_3D('',#12528,#10033,#10034);
#8274=AXIS2_PLACEMENT_3D('',#12530,#10036,#10037);
#8275=AXIS2_PLACEMENT_3D('',#12532,#10039,#10040);
#8276=AXIS2_PLACEMENT_3D('',#12534,#10042,#10043);
#8277=AXIS2_PLACEMENT_3D('',#12536,#10045,#10046);
#8278=AXIS2_PLACEMENT_3D('',#12537,#10047,#10048);
#8279=AXIS2_PLACEMENT_3D('',#12540,#10051,#10052);
#8280=AXIS2_PLACEMENT_3D('',#12542,#10054,#10055);
#8281=AXIS2_PLACEMENT_3D('',#12544,#10057,#10058);
#8282=AXIS2_PLACEMENT_3D('',#12546,#10060,#10061);
#8283=AXIS2_PLACEMENT_3D('',#12548,#10063,#10064);
#8284=AXIS2_PLACEMENT_3D('',#12550,#10066,#10067);
#8285=AXIS2_PLACEMENT_3D('',#12552,#10069,#10070);
#8286=AXIS2_PLACEMENT_3D('',#12553,#10071,#10072);
#8287=AXIS2_PLACEMENT_3D('',#12556,#10075,#10076);
#8288=AXIS2_PLACEMENT_3D('',#12558,#10078,#10079);
#8289=AXIS2_PLACEMENT_3D('',#12560,#10081,#10082);
#8290=AXIS2_PLACEMENT_3D('',#12562,#10084,#10085);
#8291=AXIS2_PLACEMENT_3D('',#12564,#10087,#10088);
#8292=AXIS2_PLACEMENT_3D('',#12566,#10090,#10091);
#8293=AXIS2_PLACEMENT_3D('',#12568,#10093,#10094);
#8294=AXIS2_PLACEMENT_3D('',#12569,#10095,#10096);
#8295=AXIS2_PLACEMENT_3D('',#12572,#10099,#10100);
#8296=AXIS2_PLACEMENT_3D('',#12574,#10102,#10103);
#8297=AXIS2_PLACEMENT_3D('',#12576,#10105,#10106);
#8298=AXIS2_PLACEMENT_3D('',#12578,#10108,#10109);
#8299=AXIS2_PLACEMENT_3D('',#12580,#10111,#10112);
#8300=AXIS2_PLACEMENT_3D('',#12582,#10114,#10115);
#8301=AXIS2_PLACEMENT_3D('',#12584,#10117,#10118);
#8302=AXIS2_PLACEMENT_3D('',#12585,#10119,#10120);
#8303=AXIS2_PLACEMENT_3D('',#12588,#10123,#10124);
#8304=AXIS2_PLACEMENT_3D('',#12590,#10126,#10127);
#8305=AXIS2_PLACEMENT_3D('',#12592,#10129,#10130);
#8306=AXIS2_PLACEMENT_3D('',#12594,#10132,#10133);
#8307=AXIS2_PLACEMENT_3D('',#12596,#10135,#10136);
#8308=AXIS2_PLACEMENT_3D('',#12598,#10138,#10139);
#8309=AXIS2_PLACEMENT_3D('',#12600,#10141,#10142);
#8310=AXIS2_PLACEMENT_3D('',#12601,#10143,#10144);
#8311=AXIS2_PLACEMENT_3D('',#12604,#10147,#10148);
#8312=AXIS2_PLACEMENT_3D('',#12606,#10150,#10151);
#8313=AXIS2_PLACEMENT_3D('',#12608,#10153,#10154);
#8314=AXIS2_PLACEMENT_3D('',#12610,#10156,#10157);
#8315=AXIS2_PLACEMENT_3D('',#12612,#10159,#10160);
#8316=AXIS2_PLACEMENT_3D('',#12614,#10162,#10163);
#8317=AXIS2_PLACEMENT_3D('',#12616,#10165,#10166);
#8318=AXIS2_PLACEMENT_3D('',#12617,#10167,#10168);
#8319=AXIS2_PLACEMENT_3D('',#12620,#10171,#10172);
#8320=AXIS2_PLACEMENT_3D('',#12622,#10174,#10175);
#8321=AXIS2_PLACEMENT_3D('',#12624,#10177,#10178);
#8322=AXIS2_PLACEMENT_3D('',#12626,#10180,#10181);
#8323=AXIS2_PLACEMENT_3D('',#12628,#10183,#10184);
#8324=AXIS2_PLACEMENT_3D('',#12630,#10186,#10187);
#8325=AXIS2_PLACEMENT_3D('',#12632,#10189,#10190);
#8326=AXIS2_PLACEMENT_3D('',#12633,#10191,#10192);
#8327=AXIS2_PLACEMENT_3D('',#12636,#10195,#10196);
#8328=AXIS2_PLACEMENT_3D('',#12638,#10198,#10199);
#8329=AXIS2_PLACEMENT_3D('',#12640,#10201,#10202);
#8330=AXIS2_PLACEMENT_3D('',#12642,#10204,#10205);
#8331=AXIS2_PLACEMENT_3D('',#12644,#10207,#10208);
#8332=AXIS2_PLACEMENT_3D('',#12646,#10210,#10211);
#8333=AXIS2_PLACEMENT_3D('',#12648,#10213,#10214);
#8334=AXIS2_PLACEMENT_3D('',#12649,#10215,#10216);
#8335=AXIS2_PLACEMENT_3D('',#12652,#10219,#10220);
#8336=AXIS2_PLACEMENT_3D('',#12654,#10222,#10223);
#8337=AXIS2_PLACEMENT_3D('',#12656,#10225,#10226);
#8338=AXIS2_PLACEMENT_3D('',#12658,#10228,#10229);
#8339=AXIS2_PLACEMENT_3D('',#12660,#10231,#10232);
#8340=AXIS2_PLACEMENT_3D('',#12662,#10234,#10235);
#8341=AXIS2_PLACEMENT_3D('',#12664,#10237,#10238);
#8342=AXIS2_PLACEMENT_3D('',#12665,#10239,#10240);
#8343=AXIS2_PLACEMENT_3D('',#12668,#10243,#10244);
#8344=AXIS2_PLACEMENT_3D('',#12670,#10246,#10247);
#8345=AXIS2_PLACEMENT_3D('',#12672,#10249,#10250);
#8346=AXIS2_PLACEMENT_3D('',#12674,#10252,#10253);
#8347=AXIS2_PLACEMENT_3D('',#12676,#10255,#10256);
#8348=AXIS2_PLACEMENT_3D('',#12678,#10258,#10259);
#8349=AXIS2_PLACEMENT_3D('',#12680,#10261,#10262);
#8350=AXIS2_PLACEMENT_3D('',#12681,#10263,#10264);
#8351=AXIS2_PLACEMENT_3D('',#12684,#10267,#10268);
#8352=AXIS2_PLACEMENT_3D('',#12686,#10270,#10271);
#8353=AXIS2_PLACEMENT_3D('',#12688,#10273,#10274);
#8354=AXIS2_PLACEMENT_3D('',#12690,#10276,#10277);
#8355=AXIS2_PLACEMENT_3D('',#12692,#10279,#10280);
#8356=AXIS2_PLACEMENT_3D('',#12694,#10282,#10283);
#8357=AXIS2_PLACEMENT_3D('',#12696,#10285,#10286);
#8358=AXIS2_PLACEMENT_3D('',#12697,#10287,#10288);
#8359=AXIS2_PLACEMENT_3D('',#12700,#10291,#10292);
#8360=AXIS2_PLACEMENT_3D('',#12702,#10294,#10295);
#8361=AXIS2_PLACEMENT_3D('',#12704,#10297,#10298);
#8362=AXIS2_PLACEMENT_3D('',#12706,#10300,#10301);
#8363=AXIS2_PLACEMENT_3D('',#12708,#10303,#10304);
#8364=AXIS2_PLACEMENT_3D('',#12710,#10306,#10307);
#8365=AXIS2_PLACEMENT_3D('',#12712,#10309,#10310);
#8366=AXIS2_PLACEMENT_3D('',#12713,#10311,#10312);
#8367=AXIS2_PLACEMENT_3D('',#12716,#10315,#10316);
#8368=AXIS2_PLACEMENT_3D('',#12718,#10318,#10319);
#8369=AXIS2_PLACEMENT_3D('',#12720,#10321,#10322);
#8370=AXIS2_PLACEMENT_3D('',#12722,#10324,#10325);
#8371=AXIS2_PLACEMENT_3D('',#12724,#10327,#10328);
#8372=AXIS2_PLACEMENT_3D('',#12726,#10330,#10331);
#8373=AXIS2_PLACEMENT_3D('',#12728,#10333,#10334);
#8374=AXIS2_PLACEMENT_3D('',#12729,#10335,#10336);
#8375=AXIS2_PLACEMENT_3D('',#12732,#10339,#10340);
#8376=AXIS2_PLACEMENT_3D('',#12734,#10342,#10343);
#8377=AXIS2_PLACEMENT_3D('',#12736,#10345,#10346);
#8378=AXIS2_PLACEMENT_3D('',#12738,#10348,#10349);
#8379=AXIS2_PLACEMENT_3D('',#12740,#10351,#10352);
#8380=AXIS2_PLACEMENT_3D('',#12742,#10354,#10355);
#8381=AXIS2_PLACEMENT_3D('',#12744,#10357,#10358);
#8382=AXIS2_PLACEMENT_3D('',#12745,#10359,#10360);
#8383=AXIS2_PLACEMENT_3D('',#12748,#10363,#10364);
#8384=AXIS2_PLACEMENT_3D('',#12750,#10366,#10367);
#8385=AXIS2_PLACEMENT_3D('',#12752,#10369,#10370);
#8386=AXIS2_PLACEMENT_3D('',#12754,#10372,#10373);
#8387=AXIS2_PLACEMENT_3D('',#12756,#10375,#10376);
#8388=AXIS2_PLACEMENT_3D('',#12758,#10378,#10379);
#8389=AXIS2_PLACEMENT_3D('',#12760,#10381,#10382);
#8390=AXIS2_PLACEMENT_3D('',#12761,#10383,#10384);
#8391=AXIS2_PLACEMENT_3D('',#12764,#10387,#10388);
#8392=AXIS2_PLACEMENT_3D('',#12766,#10390,#10391);
#8393=AXIS2_PLACEMENT_3D('',#12768,#10393,#10394);
#8394=AXIS2_PLACEMENT_3D('',#12770,#10396,#10397);
#8395=AXIS2_PLACEMENT_3D('',#12772,#10399,#10400);
#8396=AXIS2_PLACEMENT_3D('',#12774,#10402,#10403);
#8397=AXIS2_PLACEMENT_3D('',#12776,#10405,#10406);
#8398=AXIS2_PLACEMENT_3D('',#12777,#10407,#10408);
#8399=AXIS2_PLACEMENT_3D('',#12778,#10409,#10410);
#8400=AXIS2_PLACEMENT_3D('',#12779,#10411,#10412);
#8401=AXIS2_PLACEMENT_3D('',#12780,#10413,#10414);
#8402=AXIS2_PLACEMENT_3D('',#12781,#10415,#10416);
#8403=AXIS2_PLACEMENT_3D('',#12782,#10417,#10418);
#8404=AXIS2_PLACEMENT_3D('',#12783,#10419,#10420);
#8405=AXIS2_PLACEMENT_3D('',#12786,#10423,#10424);
#8406=AXIS2_PLACEMENT_3D('',#12788,#10426,#10427);
#8407=AXIS2_PLACEMENT_3D('',#12790,#10429,#10430);
#8408=AXIS2_PLACEMENT_3D('',#12792,#10432,#10433);
#8409=AXIS2_PLACEMENT_3D('',#12794,#10435,#10436);
#8410=AXIS2_PLACEMENT_3D('',#12796,#10438,#10439);
#8411=AXIS2_PLACEMENT_3D('',#12798,#10441,#10442);
#8412=AXIS2_PLACEMENT_3D('',#12799,#10443,#10444);
#8413=AXIS2_PLACEMENT_3D('',#12810,#10446,#10447);
#8414=AXIS2_PLACEMENT_3D('',#12812,#10449,#10450);
#8415=AXIS2_PLACEMENT_3D('',#12825,#10452,#10453);
#8416=AXIS2_PLACEMENT_3D('',#12826,#10454,#10455);
#8417=AXIS2_PLACEMENT_3D('',#12830,#10457,#10458);
#8418=AXIS2_PLACEMENT_3D('',#12831,#10459,#10460);
#8419=AXIS2_PLACEMENT_3D('',#12834,#10463,#10464);
#8420=AXIS2_PLACEMENT_3D('',#12836,#10466,#10467);
#8421=AXIS2_PLACEMENT_3D('',#12838,#10469,#10470);
#8422=AXIS2_PLACEMENT_3D('',#12840,#10472,#10473);
#8423=AXIS2_PLACEMENT_3D('',#12842,#10475,#10476);
#8424=AXIS2_PLACEMENT_3D('',#12844,#10478,#10479);
#8425=AXIS2_PLACEMENT_3D('',#12846,#10481,#10482);
#8426=AXIS2_PLACEMENT_3D('',#12847,#10483,#10484);
#8427=AXIS2_PLACEMENT_3D('',#12850,#10487,#10488);
#8428=AXIS2_PLACEMENT_3D('',#12852,#10490,#10491);
#8429=AXIS2_PLACEMENT_3D('',#12854,#10493,#10494);
#8430=AXIS2_PLACEMENT_3D('',#12856,#10496,#10497);
#8431=AXIS2_PLACEMENT_3D('',#12858,#10499,#10500);
#8432=AXIS2_PLACEMENT_3D('',#12860,#10502,#10503);
#8433=AXIS2_PLACEMENT_3D('',#12862,#10505,#10506);
#8434=AXIS2_PLACEMENT_3D('',#12863,#10507,#10508);
#8435=AXIS2_PLACEMENT_3D('',#12866,#10511,#10512);
#8436=AXIS2_PLACEMENT_3D('',#12868,#10514,#10515);
#8437=AXIS2_PLACEMENT_3D('',#12870,#10517,#10518);
#8438=AXIS2_PLACEMENT_3D('',#12872,#10520,#10521);
#8439=AXIS2_PLACEMENT_3D('',#12874,#10523,#10524);
#8440=AXIS2_PLACEMENT_3D('',#12876,#10526,#10527);
#8441=AXIS2_PLACEMENT_3D('',#12878,#10529,#10530);
#8442=AXIS2_PLACEMENT_3D('',#12879,#10531,#10532);
#8443=AXIS2_PLACEMENT_3D('',#12882,#10535,#10536);
#8444=AXIS2_PLACEMENT_3D('',#12884,#10538,#10539);
#8445=AXIS2_PLACEMENT_3D('',#12886,#10541,#10542);
#8446=AXIS2_PLACEMENT_3D('',#12888,#10544,#10545);
#8447=AXIS2_PLACEMENT_3D('',#12890,#10547,#10548);
#8448=AXIS2_PLACEMENT_3D('',#12892,#10550,#10551);
#8449=AXIS2_PLACEMENT_3D('',#12894,#10553,#10554);
#8450=AXIS2_PLACEMENT_3D('',#12895,#10555,#10556);
#8451=AXIS2_PLACEMENT_3D('',#12898,#10559,#10560);
#8452=AXIS2_PLACEMENT_3D('',#12900,#10562,#10563);
#8453=AXIS2_PLACEMENT_3D('',#12902,#10565,#10566);
#8454=AXIS2_PLACEMENT_3D('',#12904,#10568,#10569);
#8455=AXIS2_PLACEMENT_3D('',#12906,#10571,#10572);
#8456=AXIS2_PLACEMENT_3D('',#12908,#10574,#10575);
#8457=AXIS2_PLACEMENT_3D('',#12910,#10577,#10578);
#8458=AXIS2_PLACEMENT_3D('',#12911,#10579,#10580);
#8459=AXIS2_PLACEMENT_3D('',#12914,#10583,#10584);
#8460=AXIS2_PLACEMENT_3D('',#12916,#10586,#10587);
#8461=AXIS2_PLACEMENT_3D('',#12918,#10589,#10590);
#8462=AXIS2_PLACEMENT_3D('',#12920,#10592,#10593);
#8463=AXIS2_PLACEMENT_3D('',#12922,#10595,#10596);
#8464=AXIS2_PLACEMENT_3D('',#12924,#10598,#10599);
#8465=AXIS2_PLACEMENT_3D('',#12926,#10601,#10602);
#8466=AXIS2_PLACEMENT_3D('',#12927,#10603,#10604);
#8467=AXIS2_PLACEMENT_3D('',#12930,#10607,#10608);
#8468=AXIS2_PLACEMENT_3D('',#12932,#10610,#10611);
#8469=AXIS2_PLACEMENT_3D('',#12934,#10613,#10614);
#8470=AXIS2_PLACEMENT_3D('',#12936,#10616,#10617);
#8471=AXIS2_PLACEMENT_3D('',#12938,#10619,#10620);
#8472=AXIS2_PLACEMENT_3D('',#12940,#10622,#10623);
#8473=AXIS2_PLACEMENT_3D('',#12942,#10625,#10626);
#8474=AXIS2_PLACEMENT_3D('',#12943,#10627,#10628);
#8475=AXIS2_PLACEMENT_3D('',#12946,#10631,#10632);
#8476=AXIS2_PLACEMENT_3D('',#12948,#10634,#10635);
#8477=AXIS2_PLACEMENT_3D('',#12950,#10637,#10638);
#8478=AXIS2_PLACEMENT_3D('',#12952,#10640,#10641);
#8479=AXIS2_PLACEMENT_3D('',#12954,#10643,#10644);
#8480=AXIS2_PLACEMENT_3D('',#12956,#10646,#10647);
#8481=AXIS2_PLACEMENT_3D('',#12958,#10649,#10650);
#8482=AXIS2_PLACEMENT_3D('',#12959,#10651,#10652);
#8483=AXIS2_PLACEMENT_3D('',#12962,#10655,#10656);
#8484=AXIS2_PLACEMENT_3D('',#12964,#10658,#10659);
#8485=AXIS2_PLACEMENT_3D('',#12966,#10661,#10662);
#8486=AXIS2_PLACEMENT_3D('',#12968,#10664,#10665);
#8487=AXIS2_PLACEMENT_3D('',#12970,#10667,#10668);
#8488=AXIS2_PLACEMENT_3D('',#12972,#10670,#10671);
#8489=AXIS2_PLACEMENT_3D('',#12974,#10673,#10674);
#8490=AXIS2_PLACEMENT_3D('',#12975,#10675,#10676);
#8491=AXIS2_PLACEMENT_3D('',#12978,#10679,#10680);
#8492=AXIS2_PLACEMENT_3D('',#12980,#10682,#10683);
#8493=AXIS2_PLACEMENT_3D('',#12982,#10685,#10686);
#8494=AXIS2_PLACEMENT_3D('',#12984,#10688,#10689);
#8495=AXIS2_PLACEMENT_3D('',#12986,#10691,#10692);
#8496=AXIS2_PLACEMENT_3D('',#12988,#10694,#10695);
#8497=AXIS2_PLACEMENT_3D('',#12990,#10697,#10698);
#8498=AXIS2_PLACEMENT_3D('',#12991,#10699,#10700);
#8499=AXIS2_PLACEMENT_3D('',#12994,#10703,#10704);
#8500=AXIS2_PLACEMENT_3D('',#12996,#10706,#10707);
#8501=AXIS2_PLACEMENT_3D('',#12998,#10709,#10710);
#8502=AXIS2_PLACEMENT_3D('',#13000,#10712,#10713);
#8503=AXIS2_PLACEMENT_3D('',#13002,#10715,#10716);
#8504=AXIS2_PLACEMENT_3D('',#13004,#10718,#10719);
#8505=AXIS2_PLACEMENT_3D('',#13006,#10721,#10722);
#8506=AXIS2_PLACEMENT_3D('',#13007,#10723,#10724);
#8507=AXIS2_PLACEMENT_3D('',#13010,#10727,#10728);
#8508=AXIS2_PLACEMENT_3D('',#13012,#10730,#10731);
#8509=AXIS2_PLACEMENT_3D('',#13014,#10733,#10734);
#8510=AXIS2_PLACEMENT_3D('',#13016,#10736,#10737);
#8511=AXIS2_PLACEMENT_3D('',#13018,#10739,#10740);
#8512=AXIS2_PLACEMENT_3D('',#13020,#10742,#10743);
#8513=AXIS2_PLACEMENT_3D('',#13022,#10745,#10746);
#8514=AXIS2_PLACEMENT_3D('',#13023,#10747,#10748);
#8515=AXIS2_PLACEMENT_3D('',#13026,#10751,#10752);
#8516=AXIS2_PLACEMENT_3D('',#13028,#10754,#10755);
#8517=AXIS2_PLACEMENT_3D('',#13030,#10757,#10758);
#8518=AXIS2_PLACEMENT_3D('',#13032,#10760,#10761);
#8519=AXIS2_PLACEMENT_3D('',#13034,#10763,#10764);
#8520=AXIS2_PLACEMENT_3D('',#13036,#10766,#10767);
#8521=AXIS2_PLACEMENT_3D('',#13038,#10769,#10770);
#8522=AXIS2_PLACEMENT_3D('',#13039,#10771,#10772);
#8523=AXIS2_PLACEMENT_3D('',#13042,#10775,#10776);
#8524=AXIS2_PLACEMENT_3D('',#13044,#10778,#10779);
#8525=AXIS2_PLACEMENT_3D('',#13046,#10781,#10782);
#8526=AXIS2_PLACEMENT_3D('',#13048,#10784,#10785);
#8527=AXIS2_PLACEMENT_3D('',#13050,#10787,#10788);
#8528=AXIS2_PLACEMENT_3D('',#13052,#10790,#10791);
#8529=AXIS2_PLACEMENT_3D('',#13054,#10793,#10794);
#8530=AXIS2_PLACEMENT_3D('',#13055,#10795,#10796);
#8531=AXIS2_PLACEMENT_3D('',#13058,#10799,#10800);
#8532=AXIS2_PLACEMENT_3D('',#13060,#10802,#10803);
#8533=AXIS2_PLACEMENT_3D('',#13062,#10805,#10806);
#8534=AXIS2_PLACEMENT_3D('',#13064,#10808,#10809);
#8535=AXIS2_PLACEMENT_3D('',#13066,#10811,#10812);
#8536=AXIS2_PLACEMENT_3D('',#13068,#10814,#10815);
#8537=AXIS2_PLACEMENT_3D('',#13070,#10817,#10818);
#8538=AXIS2_PLACEMENT_3D('',#13071,#10819,#10820);
#8539=AXIS2_PLACEMENT_3D('',#13074,#10823,#10824);
#8540=AXIS2_PLACEMENT_3D('',#13076,#10826,#10827);
#8541=AXIS2_PLACEMENT_3D('',#13078,#10829,#10830);
#8542=AXIS2_PLACEMENT_3D('',#13080,#10832,#10833);
#8543=AXIS2_PLACEMENT_3D('',#13082,#10835,#10836);
#8544=AXIS2_PLACEMENT_3D('',#13084,#10838,#10839);
#8545=AXIS2_PLACEMENT_3D('',#13086,#10841,#10842);
#8546=AXIS2_PLACEMENT_3D('',#13087,#10843,#10844);
#8547=AXIS2_PLACEMENT_3D('',#13088,#10845,#10846);
#8548=AXIS2_PLACEMENT_3D('',#13089,#10847,#10848);
#8549=AXIS2_PLACEMENT_3D('',#13090,#10849,#10850);
#8550=AXIS2_PLACEMENT_3D('',#13091,#10851,#10852);
#8551=AXIS2_PLACEMENT_3D('',#13092,#10853,#10854);
#8552=AXIS2_PLACEMENT_3D('',#13093,#10855,#10856);
#8553=AXIS2_PLACEMENT_3D('',#13096,#10859,#10860);
#8554=AXIS2_PLACEMENT_3D('',#13098,#10862,#10863);
#8555=AXIS2_PLACEMENT_3D('',#13100,#10865,#10866);
#8556=AXIS2_PLACEMENT_3D('',#13102,#10868,#10869);
#8557=AXIS2_PLACEMENT_3D('',#13104,#10871,#10872);
#8558=AXIS2_PLACEMENT_3D('',#13106,#10874,#10875);
#8559=AXIS2_PLACEMENT_3D('',#13108,#10877,#10878);
#8560=AXIS2_PLACEMENT_3D('',#13109,#10879,#10880);
#8561=AXIS2_PLACEMENT_3D('',#13110,#10881,#10882);
#8562=AXIS2_PLACEMENT_3D('',#13112,#10884,#10885);
#8563=AXIS2_PLACEMENT_3D('',#13114,#10887,#10888);
#8564=AXIS2_PLACEMENT_3D('',#13116,#10890,#10891);
#8565=AXIS2_PLACEMENT_3D('',#13118,#10893,#10894);
#8566=AXIS2_PLACEMENT_3D('',#13120,#10896,#10897);
#8567=AXIS2_PLACEMENT_3D('',#13122,#10899,#10900);
#8568=AXIS2_PLACEMENT_3D('',#13124,#10902,#10903);
#8569=AXIS2_PLACEMENT_3D('',#13126,#10905,#10906);
#8570=AXIS2_PLACEMENT_3D('',#13127,#10907,#10908);
#8571=AXIS2_PLACEMENT_3D('',#13128,#10909,#10910);
#8572=AXIS2_PLACEMENT_3D('',#13133,#10914,#10915);
#8573=AXIS2_PLACEMENT_3D('',#13138,#10919,#10920);
#8574=AXIS2_PLACEMENT_3D('',#13139,#10921,#10922);
#8575=AXIS2_PLACEMENT_3D('',#13140,#10923,#10924);
#8576=AXIS2_PLACEMENT_3D('',#13141,#10925,#10926);
#8577=AXIS2_PLACEMENT_3D('',#13142,#10927,#10928);
#8578=AXIS2_PLACEMENT_3D('',#13143,#10929,#10930);
#8579=AXIS2_PLACEMENT_3D('',#13144,#10931,#10932);
#8580=AXIS2_PLACEMENT_3D('',#13149,#10933,#10934);
#8581=AXIS2_PLACEMENT_3D('',#13150,#10935,#10936);
#8582=AXIS2_PLACEMENT_3D('',#13155,#10937,#10938);
#8583=DIRECTION('',(0.,0.,1.));
#8584=DIRECTION('',(1.,0.,0.));
#8585=DIRECTION('',(-1.22464679914735E-16,1.22464679914735E-16,1.));
#8586=DIRECTION('',(1.,7.49879891330929E-33,1.22464679914735E-16));
#8587=DIRECTION('',(0.0174524064372833,0.999847695156391,-1.2030872458273E-16));
#8588=DIRECTION('',(-1.22464679914735E-16,1.22464679914735E-16,1.));
#8589=DIRECTION('',(1.,7.49879891330929E-33,1.22464679914735E-16));
#8590=DIRECTION('',(-1.54197642309049E-16,1.,-1.22464679914735E-16));
#8591=DIRECTION('',(-1.22464679914735E-16,1.22464679914735E-16,1.));
#8592=DIRECTION('',(1.,7.49879891330929E-33,1.22464679914735E-16));
#8593=DIRECTION('',(7.49879891330929E-33,1.,-1.22464679914735E-16));
#8594=DIRECTION('',(1.22464679914735E-16,-1.22464679914735E-16,-1.));
#8595=DIRECTION('',(7.49879891330929E-33,1.,-1.22464679914735E-16));
#8596=DIRECTION('',(-0.0174524064372831,-1.22446027950813E-16,-0.999847695156391));
#8597=DIRECTION('',(1.22464679914735E-16,-1.22464679914735E-16,-1.));
#8598=DIRECTION('',(7.49879891330929E-33,1.,-1.22464679914735E-16));
#8599=DIRECTION('',(1.22464679914735E-16,-1.22464679914735E-16,-1.));
#8600=DIRECTION('',(1.,2.98611520950016E-32,3.05067151070189E-16));
#8601=DIRECTION('',(7.49879891330929E-33,1.,-1.22464679914735E-16));
#8602=DIRECTION('',(1.22464679914735E-16,-1.22464679914735E-16,-1.));
#8603=DIRECTION('',(1.22464679914735E-16,-1.22464679914735E-16,-1.));
#8604=DIRECTION('',(7.49879891330929E-33,1.,-1.22464679914735E-16));
#8605=DIRECTION('',(-0.0174524064372832,1.22446027950813E-16,0.999847695156391));
#8606=DIRECTION('',(-1.,-7.49879891330929E-33,-1.22464679914735E-16));
#8607=DIRECTION('',(-8.65956056235494E-17,-0.707106781186547,0.707106781186548));
#8608=DIRECTION('',(-1.,-7.49879891330929E-33,-1.22464679914735E-16));
#8609=DIRECTION('',(1.,7.49879891330929E-33,1.22464679914735E-16));
#8610=DIRECTION('',(-0.0123416547509365,-0.707052927141247,-0.707052927141246));
#8611=DIRECTION('',(0.0123416547509365,-0.707052927141247,-0.707052927141246));
#8612=DIRECTION('',(1.,7.49879891330929E-33,1.22464679914735E-16));
#8613=DIRECTION('',(1.22464679914735E-16,-1.22464679914735E-16,-1.));
#8614=DIRECTION('',(8.65956056235481E-17,0.707106781186557,-0.707106781186538));
#8615=DIRECTION('',(1.22464679914735E-16,-1.22464679914735E-16,-1.));
#8616=DIRECTION('',(-7.49879891330929E-33,-1.,1.22464679914735E-16));
#8617=DIRECTION('',(-1.,-7.49879891330929E-33,-1.22464679914735E-16));
#8618=DIRECTION('',(-1.22464679914735E-16,1.22464679914735E-16,1.));
#8619=DIRECTION('',(7.49879891330929E-33,1.,-1.22464679914735E-16));
#8620=DIRECTION('',(1.22464679914735E-16,-1.22464679914735E-16,-1.));
#8621=DIRECTION('',(-8.65956056235481E-17,-0.707106781186557,0.707106781186538));
#8622=DIRECTION('',(7.49879891330929E-33,1.,-1.22464679914735E-16));
#8623=DIRECTION('',(1.22464679914735E-16,-1.22464679914735E-16,-1.));
#8624=DIRECTION('',(1.22464679914735E-16,-1.22464679914735E-16,-1.));
#8625=DIRECTION('',(1.22464679914735E-16,-1.22464679914735E-16,-1.));
#8626=DIRECTION('',(1.,7.49879891330929E-33,1.22464679914735E-16));
#8627=DIRECTION('',(1.22464679914735E-16,-1.22464679914735E-16,-1.));
#8628=DIRECTION('',(-1.,-7.49879891330929E-33,-1.22464679914735E-16));
#8629=DIRECTION('',(1.22464679914735E-16,-1.22464679914735E-16,-1.));
#8630=DIRECTION('',(1.,7.49879891330929E-33,1.22464679914735E-16));
#8631=DIRECTION('',(1.22464679914735E-16,-1.22464679914735E-16,-1.));
#8632=DIRECTION('',(1.22464679914735E-16,-1.22464679914735E-16,-1.));
#8633=DIRECTION('',(-1.54197642309049E-16,1.,-1.22464679914735E-16));
#8634=DIRECTION('',(1.,1.54197642309049E-16,1.22464679914735E-16));
#8635=DIRECTION('',(1.,1.54197642309049E-16,3.05067151070188E-16));
#8636=DIRECTION('',(-1.54197642309049E-16,1.,-1.22464679914735E-16));
#8637=DIRECTION('',(1.,1.54197642309049E-16,1.22464679914735E-16));
#8638=DIRECTION('',(1.22464679914735E-16,-1.22464679914735E-16,-1.));
#8639=DIRECTION('',(-1.,-7.49879891330929E-33,-1.22464679914735E-16));
#8640=DIRECTION('',(1.22464679914735E-16,-1.22464679914735E-16,-1.));
#8641=DIRECTION('',(-1.,-7.49879891330929E-33,-1.22464679914735E-16));
#8642=DIRECTION('',(7.49879891330929E-33,1.,-1.22464679914735E-16));
#8643=DIRECTION('',(1.22464679914735E-16,-1.22464679914735E-16,-1.));
#8644=DIRECTION('',(-1.,-7.49879891330929E-33,-1.22464679914735E-16));
#8645=DIRECTION('',(-1.,-7.49879891330929E-33,-1.22464679914735E-16));
#8646=DIRECTION('',(1.22464679914735E-16,-1.22464679914735E-16,-1.));
#8647=DIRECTION('',(-1.,-7.49879891330929E-33,-1.22464679914735E-16));
#8648=DIRECTION('',(-7.49879891330929E-33,-1.,1.22464679914735E-16));
#8649=DIRECTION('',(1.22464679914735E-16,-1.22464679914735E-16,-1.));
#8650=DIRECTION('',(-1.,-7.49879891330929E-33,-1.22464679914735E-16));
#8651=DIRECTION('',(1.,7.49879891330929E-33,1.22464679914735E-16));
#8652=DIRECTION('',(1.,7.49879891330929E-33,1.22464679914735E-16));
#8653=DIRECTION('',(1.22464679914735E-16,-1.22464679914735E-16,-1.));
#8654=DIRECTION('',(-1.,-7.49879891330929E-33,-1.22464679914735E-16));
#8655=DIRECTION('',(7.49879891330929E-33,1.,-1.22464679914735E-16));
#8656=DIRECTION('',(1.22464679914735E-16,-1.22464679914735E-16,-1.));
#8657=DIRECTION('',(-1.,-7.49879891330929E-33,-1.22464679914735E-16));
#8658=DIRECTION('',(-1.,-7.49879891330929E-33,-1.22464679914735E-16));
#8659=DIRECTION('',(1.22464679914735E-16,-1.22464679914735E-16,-1.));
#8660=DIRECTION('',(-1.,-7.49879891330929E-33,-1.22464679914735E-16));
#8661=DIRECTION('',(-7.49879891330929E-33,-1.,1.22464679914735E-16));
#8662=DIRECTION('',(1.22464679914735E-16,-1.22464679914735E-16,-1.));
#8663=DIRECTION('',(-1.,-7.49879891330929E-33,-1.22464679914735E-16));
#8664=DIRECTION('',(1.,7.49879891330929E-33,1.22464679914735E-16));
#8665=DIRECTION('',(1.22464679914735E-16,-1.22464679914735E-16,-1.));
#8666=DIRECTION('',(-1.,-7.49879891330929E-33,-1.22464679914735E-16));
#8667=DIRECTION('',(7.49879891330929E-33,1.,-1.22464679914735E-16));
#8668=DIRECTION('',(1.22464679914735E-16,-1.22464679914735E-16,-1.));
#8669=DIRECTION('',(-1.,-7.49879891330929E-33,-1.22464679914735E-16));
#8670=DIRECTION('',(-1.,-7.49879891330929E-33,-1.22464679914735E-16));
#8671=DIRECTION('',(1.22464679914735E-16,-1.22464679914735E-16,-1.));
#8672=DIRECTION('',(-1.,-7.49879891330929E-33,-1.22464679914735E-16));
#8673=DIRECTION('',(-7.49879891330929E-33,-1.,1.22464679914735E-16));
#8674=DIRECTION('',(1.22464679914735E-16,-1.22464679914735E-16,-1.));
#8675=DIRECTION('',(-1.,-7.49879891330929E-33,-1.22464679914735E-16));
#8676=DIRECTION('',(1.,7.49879891330929E-33,1.22464679914735E-16));
#8677=DIRECTION('',(1.22464679914735E-16,-1.22464679914735E-16,-1.));
#8678=DIRECTION('',(-1.,-7.49879891330929E-33,-1.22464679914735E-16));
#8679=DIRECTION('',(7.49879891330929E-33,1.,-1.22464679914735E-16));
#8680=DIRECTION('',(1.22464679914735E-16,-1.22464679914735E-16,-1.));
#8681=DIRECTION('',(-1.,-7.49879891330929E-33,-1.22464679914735E-16));
#8682=DIRECTION('',(-1.,-7.49879891330929E-33,-1.22464679914735E-16));
#8683=DIRECTION('',(1.22464679914735E-16,-1.22464679914735E-16,-1.));
#8684=DIRECTION('',(-1.,-7.49879891330929E-33,-1.22464679914735E-16));
#8685=DIRECTION('',(-7.49879891330929E-33,-1.,1.22464679914735E-16));
#8686=DIRECTION('',(1.22464679914735E-16,-1.22464679914735E-16,-1.));
#8687=DIRECTION('',(-1.,-7.49879891330929E-33,-1.22464679914735E-16));
#8688=DIRECTION('',(1.,7.49879891330929E-33,1.22464679914735E-16));
#8689=DIRECTION('',(1.22464679914735E-16,-1.22464679914735E-16,-1.));
#8690=DIRECTION('',(-1.,-7.49879891330929E-33,-1.22464679914735E-16));
#8691=DIRECTION('',(7.49879891330929E-33,1.,-1.22464679914735E-16));
#8692=DIRECTION('',(1.22464679914735E-16,-1.22464679914735E-16,-1.));
#8693=DIRECTION('',(-1.,-7.49879891330929E-33,-1.22464679914735E-16));
#8694=DIRECTION('',(-1.,-7.49879891330929E-33,-1.22464679914735E-16));
#8695=DIRECTION('',(1.22464679914735E-16,-1.22464679914735E-16,-1.));
#8696=DIRECTION('',(-1.,-7.49879891330929E-33,-1.22464679914735E-16));
#8697=DIRECTION('',(-7.49879891330929E-33,-1.,1.22464679914735E-16));
#8698=DIRECTION('',(1.22464679914735E-16,-1.22464679914735E-16,-1.));
#8699=DIRECTION('',(-1.,-7.49879891330929E-33,-1.22464679914735E-16));
#8700=DIRECTION('',(1.,7.49879891330929E-33,1.22464679914735E-16));
#8701=DIRECTION('',(1.22464679914735E-16,-1.22464679914735E-16,-1.));
#8702=DIRECTION('',(-1.,-7.49879891330929E-33,-1.22464679914735E-16));
#8703=DIRECTION('',(7.49879891330929E-33,1.,-1.22464679914735E-16));
#8704=DIRECTION('',(1.22464679914735E-16,-1.22464679914735E-16,-1.));
#8705=DIRECTION('',(-1.,-7.49879891330929E-33,-1.22464679914735E-16));
#8706=DIRECTION('',(-1.,-7.49879891330929E-33,-1.22464679914735E-16));
#8707=DIRECTION('',(1.22464679914735E-16,-1.22464679914735E-16,-1.));
#8708=DIRECTION('',(-1.,-7.49879891330929E-33,-1.22464679914735E-16));
#8709=DIRECTION('',(-7.49879891330929E-33,-1.,1.22464679914735E-16));
#8710=DIRECTION('',(1.22464679914735E-16,-1.22464679914735E-16,-1.));
#8711=DIRECTION('',(-1.,-7.49879891330929E-33,-1.22464679914735E-16));
#8712=DIRECTION('',(1.,7.49879891330929E-33,1.22464679914735E-16));
#8713=DIRECTION('',(1.22464679914735E-16,-1.22464679914735E-16,-1.));
#8714=DIRECTION('',(-1.,-7.49879891330929E-33,-1.22464679914735E-16));
#8715=DIRECTION('',(7.49879891330929E-33,1.,-1.22464679914735E-16));
#8716=DIRECTION('',(1.22464679914735E-16,-1.22464679914735E-16,-1.));
#8717=DIRECTION('',(-1.,-7.49879891330929E-33,-1.22464679914735E-16));
#8718=DIRECTION('',(-1.,-7.49879891330929E-33,-1.22464679914735E-16));
#8719=DIRECTION('',(1.22464679914735E-16,-1.22464679914735E-16,-1.));
#8720=DIRECTION('',(-1.,-7.49879891330929E-33,-1.22464679914735E-16));
#8721=DIRECTION('',(-7.49879891330929E-33,-1.,1.22464679914735E-16));
#8722=DIRECTION('',(1.22464679914735E-16,-1.22464679914735E-16,-1.));
#8723=DIRECTION('',(-1.,-7.49879891330929E-33,-1.22464679914735E-16));
#8724=DIRECTION('',(1.,7.49879891330929E-33,1.22464679914735E-16));
#8725=DIRECTION('',(1.22464679914735E-16,-1.22464679914735E-16,-1.));
#8726=DIRECTION('',(-1.,-7.49879891330929E-33,-1.22464679914735E-16));
#8727=DIRECTION('',(7.49879891330929E-33,1.,-1.22464679914735E-16));
#8728=DIRECTION('',(1.22464679914735E-16,-1.22464679914735E-16,-1.));
#8729=DIRECTION('',(-1.,-7.49879891330929E-33,-1.22464679914735E-16));
#8730=DIRECTION('',(-1.,-7.49879891330929E-33,-1.22464679914735E-16));
#8731=DIRECTION('',(1.22464679914735E-16,-1.22464679914735E-16,-1.));
#8732=DIRECTION('',(-1.,-7.49879891330929E-33,-1.22464679914735E-16));
#8733=DIRECTION('',(-7.49879891330929E-33,-1.,1.22464679914735E-16));
#8734=DIRECTION('',(1.22464679914735E-16,-1.22464679914735E-16,-1.));
#8735=DIRECTION('',(-1.,-7.49879891330929E-33,-1.22464679914735E-16));
#8736=DIRECTION('',(1.,7.49879891330929E-33,1.22464679914735E-16));
#8737=DIRECTION('',(1.22464679914735E-16,-1.22464679914735E-16,-1.));
#8738=DIRECTION('',(-1.,-7.49879891330929E-33,-1.22464679914735E-16));
#8739=DIRECTION('',(7.49879891330929E-33,1.,-1.22464679914735E-16));
#8740=DIRECTION('',(1.22464679914735E-16,-1.22464679914735E-16,-1.));
#8741=DIRECTION('',(-1.,-7.49879891330929E-33,-1.22464679914735E-16));
#8742=DIRECTION('',(-1.,-7.49879891330929E-33,-1.22464679914735E-16));
#8743=DIRECTION('',(1.22464679914735E-16,-1.22464679914735E-16,-1.));
#8744=DIRECTION('',(-1.,-7.49879891330929E-33,-1.22464679914735E-16));
#8745=DIRECTION('',(-7.49879891330929E-33,-1.,1.22464679914735E-16));
#8746=DIRECTION('',(1.22464679914735E-16,-1.22464679914735E-16,-1.));
#8747=DIRECTION('',(-1.,-7.49879891330929E-33,-1.22464679914735E-16));
#8748=DIRECTION('',(1.,7.49879891330929E-33,1.22464679914735E-16));
#8749=DIRECTION('',(1.22464679914735E-16,-1.22464679914735E-16,-1.));
#8750=DIRECTION('',(-1.,-7.49879891330929E-33,-1.22464679914735E-16));
#8751=DIRECTION('',(7.49879891330929E-33,1.,-1.22464679914735E-16));
#8752=DIRECTION('',(1.22464679914735E-16,-1.22464679914735E-16,-1.));
#8753=DIRECTION('',(-1.,-7.49879891330929E-33,-1.22464679914735E-16));
#8754=DIRECTION('',(-1.,-7.49879891330929E-33,-1.22464679914735E-16));
#8755=DIRECTION('',(1.22464679914735E-16,-1.22464679914735E-16,-1.));
#8756=DIRECTION('',(-1.,-7.49879891330929E-33,-1.22464679914735E-16));
#8757=DIRECTION('',(-7.49879891330929E-33,-1.,1.22464679914735E-16));
#8758=DIRECTION('',(1.22464679914735E-16,-1.22464679914735E-16,-1.));
#8759=DIRECTION('',(-1.,-7.49879891330929E-33,-1.22464679914735E-16));
#8760=DIRECTION('',(1.,7.49879891330929E-33,1.22464679914735E-16));
#8761=DIRECTION('',(1.22464679914735E-16,-1.22464679914735E-16,-1.));
#8762=DIRECTION('',(-1.,-7.49879891330929E-33,-1.22464679914735E-16));
#8763=DIRECTION('',(7.49879891330929E-33,1.,-1.22464679914735E-16));
#8764=DIRECTION('',(1.22464679914735E-16,-1.22464679914735E-16,-1.));
#8765=DIRECTION('',(-1.,-7.49879891330929E-33,-1.22464679914735E-16));
#8766=DIRECTION('',(-1.,-7.49879891330929E-33,-1.22464679914735E-16));
#8767=DIRECTION('',(1.22464679914735E-16,-1.22464679914735E-16,-1.));
#8768=DIRECTION('',(-1.,-7.49879891330929E-33,-1.22464679914735E-16));
#8769=DIRECTION('',(-7.49879891330929E-33,-1.,1.22464679914735E-16));
#8770=DIRECTION('',(1.22464679914735E-16,-1.22464679914735E-16,-1.));
#8771=DIRECTION('',(-1.,-7.49879891330929E-33,-1.22464679914735E-16));
#8772=DIRECTION('',(1.,7.49879891330929E-33,1.22464679914735E-16));
#8773=DIRECTION('',(1.22464679914735E-16,-1.22464679914735E-16,-1.));
#8774=DIRECTION('',(-1.,-7.49879891330929E-33,-1.22464679914735E-16));
#8775=DIRECTION('',(7.49879891330929E-33,1.,-1.22464679914735E-16));
#8776=DIRECTION('',(1.22464679914735E-16,-1.22464679914735E-16,-1.));
#8777=DIRECTION('',(-1.,-7.49879891330929E-33,-1.22464679914735E-16));
#8778=DIRECTION('',(-1.,-7.49879891330929E-33,-1.22464679914735E-16));
#8779=DIRECTION('',(1.22464679914735E-16,-1.22464679914735E-16,-1.));
#8780=DIRECTION('',(-1.,-7.49879891330929E-33,-1.22464679914735E-16));
#8781=DIRECTION('',(-7.49879891330929E-33,-1.,1.22464679914735E-16));
#8782=DIRECTION('',(1.22464679914735E-16,-1.22464679914735E-16,-1.));
#8783=DIRECTION('',(-1.,-7.49879891330929E-33,-1.22464679914735E-16));
#8784=DIRECTION('',(1.,7.49879891330929E-33,1.22464679914735E-16));
#8785=DIRECTION('',(1.22464679914735E-16,-1.22464679914735E-16,-1.));
#8786=DIRECTION('',(-1.,-7.49879891330929E-33,-1.22464679914735E-16));
#8787=DIRECTION('',(7.49879891330929E-33,1.,-1.22464679914735E-16));
#8788=DIRECTION('',(1.22464679914735E-16,-1.22464679914735E-16,-1.));
#8789=DIRECTION('',(-1.,-7.49879891330929E-33,-1.22464679914735E-16));
#8790=DIRECTION('',(-1.,-7.49879891330929E-33,-1.22464679914735E-16));
#8791=DIRECTION('',(1.22464679914735E-16,-1.22464679914735E-16,-1.));
#8792=DIRECTION('',(-1.,-7.49879891330929E-33,-1.22464679914735E-16));
#8793=DIRECTION('',(-7.49879891330929E-33,-1.,1.22464679914735E-16));
#8794=DIRECTION('',(1.22464679914735E-16,-1.22464679914735E-16,-1.));
#8795=DIRECTION('',(-1.,-7.49879891330929E-33,-1.22464679914735E-16));
#8796=DIRECTION('',(1.,7.49879891330929E-33,1.22464679914735E-16));
#8797=DIRECTION('',(1.22464679914735E-16,-1.22464679914735E-16,-1.));
#8798=DIRECTION('',(-1.,-7.49879891330929E-33,-1.22464679914735E-16));
#8799=DIRECTION('',(7.49879891330929E-33,1.,-1.22464679914735E-16));
#8800=DIRECTION('',(1.22464679914735E-16,-1.22464679914735E-16,-1.));
#8801=DIRECTION('',(-1.,-7.49879891330929E-33,-1.22464679914735E-16));
#8802=DIRECTION('',(-1.,-7.49879891330929E-33,-1.22464679914735E-16));
#8803=DIRECTION('',(1.22464679914735E-16,-1.22464679914735E-16,-1.));
#8804=DIRECTION('',(-1.,-7.49879891330929E-33,-1.22464679914735E-16));
#8805=DIRECTION('',(-7.49879891330929E-33,-1.,1.22464679914735E-16));
#8806=DIRECTION('',(1.22464679914735E-16,-1.22464679914735E-16,-1.));
#8807=DIRECTION('',(-1.,-7.49879891330929E-33,-1.22464679914735E-16));
#8808=DIRECTION('',(1.,7.49879891330929E-33,1.22464679914735E-16));
#8809=DIRECTION('',(1.22464679914735E-16,-1.22464679914735E-16,-1.));
#8810=DIRECTION('',(-1.,-7.49879891330929E-33,-1.22464679914735E-16));
#8811=DIRECTION('',(7.49879891330929E-33,1.,-1.22464679914735E-16));
#8812=DIRECTION('',(1.22464679914735E-16,-1.22464679914735E-16,-1.));
#8813=DIRECTION('',(-1.,-7.49879891330929E-33,-1.22464679914735E-16));
#8814=DIRECTION('',(-1.,-7.49879891330929E-33,-1.22464679914735E-16));
#8815=DIRECTION('',(1.22464679914735E-16,-1.22464679914735E-16,-1.));
#8816=DIRECTION('',(-1.,-7.49879891330929E-33,-1.22464679914735E-16));
#8817=DIRECTION('',(-7.49879891330929E-33,-1.,1.22464679914735E-16));
#8818=DIRECTION('',(1.22464679914735E-16,-1.22464679914735E-16,-1.));
#8819=DIRECTION('',(-1.,-7.49879891330929E-33,-1.22464679914735E-16));
#8820=DIRECTION('',(1.,7.49879891330929E-33,1.22464679914735E-16));
#8821=DIRECTION('',(1.22464679914735E-16,-1.22464679914735E-16,-1.));
#8822=DIRECTION('',(-1.,-7.49879891330929E-33,-1.22464679914735E-16));
#8823=DIRECTION('',(7.49879891330929E-33,1.,-1.22464679914735E-16));
#8824=DIRECTION('',(1.22464679914735E-16,-1.22464679914735E-16,-1.));
#8825=DIRECTION('',(-1.,-7.49879891330929E-33,-1.22464679914735E-16));
#8826=DIRECTION('',(-1.,-7.49879891330929E-33,-1.22464679914735E-16));
#8827=DIRECTION('',(1.22464679914735E-16,-1.22464679914735E-16,-1.));
#8828=DIRECTION('',(-1.,-7.49879891330929E-33,-1.22464679914735E-16));
#8829=DIRECTION('',(-7.49879891330929E-33,-1.,1.22464679914735E-16));
#8830=DIRECTION('',(1.22464679914735E-16,-1.22464679914735E-16,-1.));
#8831=DIRECTION('',(-1.,-7.49879891330929E-33,-1.22464679914735E-16));
#8832=DIRECTION('',(1.22464679914735E-16,-1.22464679914735E-16,-1.));
#8833=DIRECTION('',(-1.,-7.49879891330929E-33,-1.22464679914735E-16));
#8834=DIRECTION('',(1.,7.49879891330929E-33,1.22464679914735E-16));
#8835=DIRECTION('',(1.22464679914735E-16,-1.22464679914735E-16,-1.));
#8836=DIRECTION('',(-1.,-7.49879891330929E-33,-1.22464679914735E-16));
#8837=DIRECTION('',(1.33440267382831E-16,-1.,1.22464679914735E-16));
#8838=DIRECTION('',(1.22464679914735E-16,-1.22464679914735E-16,-1.));
#8839=DIRECTION('',(-1.,-7.49879891330929E-33,-1.22464679914735E-16));
#8840=DIRECTION('',(-1.,-7.49879891330929E-33,-1.22464679914735E-16));
#8841=DIRECTION('',(1.22464679914735E-16,-1.22464679914735E-16,-1.));
#8842=DIRECTION('',(-1.,-7.49879891330929E-33,-1.22464679914735E-16));
#8843=DIRECTION('',(1.33440267382831E-16,1.,-1.22464679914735E-16));
#8844=DIRECTION('',(1.22464679914735E-16,-1.22464679914735E-16,-1.));
#8845=DIRECTION('',(-1.,-7.49879891330929E-33,-1.22464679914735E-16));
#8846=DIRECTION('',(1.22464679914735E-16,-1.22464679914735E-16,-1.));
#8847=DIRECTION('',(-1.,-7.49879891330929E-33,-1.22464679914735E-16));
#8848=DIRECTION('',(1.22464679914735E-16,-1.22464679914735E-16,-1.));
#8849=DIRECTION('',(-1.,-7.49879891330929E-33,-1.22464679914735E-16));
#8850=DIRECTION('',(1.22464679914735E-16,-1.22464679914735E-16,-1.));
#8851=DIRECTION('',(-1.,-7.49879891330929E-33,-1.22464679914735E-16));
#8852=DIRECTION('',(1.22464679914735E-16,-1.22464679914735E-16,-1.));
#8853=DIRECTION('',(-1.,-7.49879891330929E-33,-1.22464679914735E-16));
#8854=DIRECTION('',(1.22464679914735E-16,-1.22464679914735E-16,-1.));
#8855=DIRECTION('',(-1.,-7.49879891330929E-33,-1.22464679914735E-16));
#8856=DIRECTION('',(1.,7.49879891330929E-33,1.22464679914735E-16));
#8857=DIRECTION('',(1.22464679914735E-16,-1.22464679914735E-16,-1.));
#8858=DIRECTION('',(-1.,-7.49879891330929E-33,-1.22464679914735E-16));
#8859=DIRECTION('',(7.49879891330929E-33,1.,-1.22464679914735E-16));
#8860=DIRECTION('',(1.22464679914735E-16,-1.22464679914735E-16,-1.));
#8861=DIRECTION('',(-1.,-7.49879891330929E-33,-1.22464679914735E-16));
#8862=DIRECTION('',(-1.,-7.49879891330929E-33,-1.22464679914735E-16));
#8863=DIRECTION('',(1.22464679914735E-16,-1.22464679914735E-16,-1.));
#8864=DIRECTION('',(-1.,-7.49879891330929E-33,-1.22464679914735E-16));
#8865=DIRECTION('',(-7.49879891330929E-33,-1.,1.22464679914735E-16));
#8866=DIRECTION('',(1.22464679914735E-16,-1.22464679914735E-16,-1.));
#8867=DIRECTION('',(-1.,-7.49879891330929E-33,-1.22464679914735E-16));
#8868=DIRECTION('',(1.22464679914735E-16,-1.22464679914735E-16,-1.));
#8869=DIRECTION('',(-1.,-7.49879891330929E-33,-1.22464679914735E-16));
#8870=DIRECTION('',(-0.0174524064372833,-0.999847695156391,1.2030872458273E-16));
#8871=DIRECTION('',(1.22464679914735E-16,-1.22464679914735E-16,-1.));
#8872=DIRECTION('',(-0.0174524064372832,-0.999847695156391,1.2030872458273E-16));
#8873=DIRECTION('',(1.22464679914735E-16,-1.22464679914735E-16,-1.));
#8874=DIRECTION('',(-0.0174524064372831,0.999847695156391,-1.24583331318897E-16));
#8875=DIRECTION('',(0.0174524064372831,-0.999847695156391,1.24583331318897E-16));
#8876=DIRECTION('',(-1.,-7.49879891330929E-33,-1.22464679914735E-16));
#8877=DIRECTION('',(1.22464679914735E-16,-1.22464679914735E-16,-1.));
#8878=DIRECTION('',(-1.,-7.49879891330929E-33,-1.22464679914735E-16));
#8879=DIRECTION('',(-1.33440267382831E-16,-1.,1.22464679914735E-16));
#8880=DIRECTION('',(1.22464679914735E-16,-1.22464679914735E-16,-1.));
#8881=DIRECTION('',(-1.,-7.49879891330929E-33,-1.22464679914735E-16));
#8882=DIRECTION('',(1.,7.49879891330929E-33,1.22464679914735E-16));
#8883=DIRECTION('',(1.22464679914735E-16,-1.22464679914735E-16,-1.));
#8884=DIRECTION('',(-1.,-7.49879891330929E-33,-1.22464679914735E-16));
#8885=DIRECTION('',(-1.33440267382831E-16,1.,-1.22464679914735E-16));
#8886=DIRECTION('',(1.22464679914735E-16,-1.22464679914735E-16,-1.));
#8887=DIRECTION('',(-1.,-7.49879891330929E-33,-1.22464679914735E-16));
#8888=DIRECTION('',(-1.,-7.49879891330929E-33,-1.22464679914735E-16));
#8889=DIRECTION('',(-7.49879891330929E-33,-1.,1.22464679914735E-16));
#8890=DIRECTION('',(1.22464679914735E-16,-1.22464679914735E-16,-1.));
#8891=DIRECTION('',(-1.,-7.49879891330929E-33,-1.22464679914735E-16));
#8892=DIRECTION('',(-1.,-7.49879891330929E-33,-1.22464679914735E-16));
#8893=DIRECTION('',(1.22464679914735E-16,-1.22464679914735E-16,-1.));
#8894=DIRECTION('',(-1.,-7.49879891330929E-33,-1.22464679914735E-16));
#8895=DIRECTION('',(7.49879891330929E-33,1.,-1.22464679914735E-16));
#8896=DIRECTION('',(1.22464679914735E-16,-1.22464679914735E-16,-1.));
#8897=DIRECTION('',(-1.,-7.49879891330929E-33,-1.22464679914735E-16));
#8898=DIRECTION('',(1.,7.49879891330929E-33,1.22464679914735E-16));
#8899=DIRECTION('',(1.22464679914735E-16,-1.22464679914735E-16,-1.));
#8900=DIRECTION('',(-1.,-7.49879891330929E-33,-1.22464679914735E-16));
#8901=DIRECTION('',(1.22464679914735E-16,-1.22464679914735E-16,-1.));
#8902=DIRECTION('',(-1.,-7.49879891330929E-33,-1.22464679914735E-16));
#8903=DIRECTION('',(1.22464679914735E-16,-1.22464679914735E-16,-1.));
#8904=DIRECTION('',(-1.,-7.49879891330929E-33,-1.22464679914735E-16));
#8905=DIRECTION('',(1.22464679914735E-16,-1.22464679914735E-16,-1.));
#8906=DIRECTION('',(-1.,-7.49879891330929E-33,-1.22464679914735E-16));
#8907=DIRECTION('',(1.22464679914735E-16,-1.22464679914735E-16,-1.));
#8908=DIRECTION('',(-1.,-7.49879891330929E-33,-1.22464679914735E-16));
#8909=DIRECTION('',(1.22464679914735E-16,-1.22464679914735E-16,-1.));
#8910=DIRECTION('',(-1.,-7.49879891330929E-33,-1.22464679914735E-16));
#8911=DIRECTION('',(1.22464679914735E-16,-1.22464679914735E-16,-1.));
#8912=DIRECTION('',(-1.,-7.49879891330929E-33,-1.22464679914735E-16));
#8913=DIRECTION('',(-7.49879891330929E-33,-1.,1.22464679914735E-16));
#8914=DIRECTION('',(1.22464679914735E-16,-1.22464679914735E-16,-1.));
#8915=DIRECTION('',(-1.,-7.49879891330929E-33,-1.22464679914735E-16));
#8916=DIRECTION('',(-1.,-7.49879891330929E-33,-1.22464679914735E-16));
#8917=DIRECTION('',(1.22464679914735E-16,-1.22464679914735E-16,-1.));
#8918=DIRECTION('',(-1.,-7.49879891330929E-33,-1.22464679914735E-16));
#8919=DIRECTION('',(7.49879891330929E-33,1.,-1.22464679914735E-16));
#8920=DIRECTION('',(1.22464679914735E-16,-1.22464679914735E-16,-1.));
#8921=DIRECTION('',(-1.,-7.49879891330929E-33,-1.22464679914735E-16));
#8922=DIRECTION('',(1.,7.49879891330929E-33,1.22464679914735E-16));
#8923=DIRECTION('',(1.22464679914735E-16,-1.22464679914735E-16,-1.));
#8924=DIRECTION('',(-1.,-7.49879891330929E-33,-1.22464679914735E-16));
#8925=DIRECTION('',(-7.49879891330929E-33,-1.,1.22464679914735E-16));
#8926=DIRECTION('',(1.22464679914735E-16,-1.22464679914735E-16,-1.));
#8927=DIRECTION('',(-1.,-7.49879891330929E-33,-1.22464679914735E-16));
#8928=DIRECTION('',(-1.,-7.49879891330929E-33,-1.22464679914735E-16));
#8929=DIRECTION('',(1.22464679914735E-16,-1.22464679914735E-16,-1.));
#8930=DIRECTION('',(-1.,-7.49879891330929E-33,-1.22464679914735E-16));
#8931=DIRECTION('',(7.49879891330929E-33,1.,-1.22464679914735E-16));
#8932=DIRECTION('',(1.22464679914735E-16,-1.22464679914735E-16,-1.));
#8933=DIRECTION('',(-1.,-7.49879891330929E-33,-1.22464679914735E-16));
#8934=DIRECTION('',(1.,7.49879891330929E-33,1.22464679914735E-16));
#8935=DIRECTION('',(1.22464679914735E-16,-1.22464679914735E-16,-1.));
#8936=DIRECTION('',(-1.,-7.49879891330929E-33,-1.22464679914735E-16));
#8937=DIRECTION('',(-7.49879891330929E-33,-1.,1.22464679914735E-16));
#8938=DIRECTION('',(1.22464679914735E-16,-1.22464679914735E-16,-1.));
#8939=DIRECTION('',(-1.,-7.49879891330929E-33,-1.22464679914735E-16));
#8940=DIRECTION('',(-1.,-7.49879891330929E-33,-1.22464679914735E-16));
#8941=DIRECTION('',(1.22464679914735E-16,-1.22464679914735E-16,-1.));
#8942=DIRECTION('',(-1.,-7.49879891330929E-33,-1.22464679914735E-16));
#8943=DIRECTION('',(7.49879891330929E-33,1.,-1.22464679914735E-16));
#8944=DIRECTION('',(1.22464679914735E-16,-1.22464679914735E-16,-1.));
#8945=DIRECTION('',(-1.,-7.49879891330929E-33,-1.22464679914735E-16));
#8946=DIRECTION('',(1.,7.49879891330929E-33,1.22464679914735E-16));
#8947=DIRECTION('',(1.22464679914735E-16,-1.22464679914735E-16,-1.));
#8948=DIRECTION('',(-1.,-7.49879891330929E-33,-1.22464679914735E-16));
#8949=DIRECTION('',(-7.49879891330929E-33,-1.,1.22464679914735E-16));
#8950=DIRECTION('',(1.22464679914735E-16,-1.22464679914735E-16,-1.));
#8951=DIRECTION('',(-1.,-7.49879891330929E-33,-1.22464679914735E-16));
#8952=DIRECTION('',(-1.,-7.49879891330929E-33,-1.22464679914735E-16));
#8953=DIRECTION('',(1.22464679914735E-16,-1.22464679914735E-16,-1.));
#8954=DIRECTION('',(-1.,-7.49879891330929E-33,-1.22464679914735E-16));
#8955=DIRECTION('',(7.49879891330929E-33,1.,-1.22464679914735E-16));
#8956=DIRECTION('',(1.22464679914735E-16,-1.22464679914735E-16,-1.));
#8957=DIRECTION('',(-1.,-7.49879891330929E-33,-1.22464679914735E-16));
#8958=DIRECTION('',(1.,7.49879891330929E-33,1.22464679914735E-16));
#8959=DIRECTION('',(1.22464679914735E-16,-1.22464679914735E-16,-1.));
#8960=DIRECTION('',(-1.,-7.49879891330929E-33,-1.22464679914735E-16));
#8961=DIRECTION('',(-7.49879891330929E-33,-1.,1.22464679914735E-16));
#8962=DIRECTION('',(1.22464679914735E-16,-1.22464679914735E-16,-1.));
#8963=DIRECTION('',(-1.,-7.49879891330929E-33,-1.22464679914735E-16));
#8964=DIRECTION('',(-1.,-7.49879891330929E-33,-1.22464679914735E-16));
#8965=DIRECTION('',(1.22464679914735E-16,-1.22464679914735E-16,-1.));
#8966=DIRECTION('',(-1.,-7.49879891330929E-33,-1.22464679914735E-16));
#8967=DIRECTION('',(7.49879891330929E-33,1.,-1.22464679914735E-16));
#8968=DIRECTION('',(1.22464679914735E-16,-1.22464679914735E-16,-1.));
#8969=DIRECTION('',(-1.,-7.49879891330929E-33,-1.22464679914735E-16));
#8970=DIRECTION('',(1.,7.49879891330929E-33,1.22464679914735E-16));
#8971=DIRECTION('',(1.22464679914735E-16,-1.22464679914735E-16,-1.));
#8972=DIRECTION('',(-1.,-7.49879891330929E-33,-1.22464679914735E-16));
#8973=DIRECTION('',(-7.49879891330929E-33,-1.,1.22464679914735E-16));
#8974=DIRECTION('',(1.22464679914735E-16,-1.22464679914735E-16,-1.));
#8975=DIRECTION('',(-1.,-7.49879891330929E-33,-1.22464679914735E-16));
#8976=DIRECTION('',(-1.,-7.49879891330929E-33,-1.22464679914735E-16));
#8977=DIRECTION('',(1.22464679914735E-16,-1.22464679914735E-16,-1.));
#8978=DIRECTION('',(-1.,-7.49879891330929E-33,-1.22464679914735E-16));
#8979=DIRECTION('',(7.49879891330929E-33,1.,-1.22464679914735E-16));
#8980=DIRECTION('',(1.22464679914735E-16,-1.22464679914735E-16,-1.));
#8981=DIRECTION('',(-1.,-7.49879891330929E-33,-1.22464679914735E-16));
#8982=DIRECTION('',(1.,7.49879891330929E-33,1.22464679914735E-16));
#8983=DIRECTION('',(1.22464679914735E-16,-1.22464679914735E-16,-1.));
#8984=DIRECTION('',(-1.,-7.49879891330929E-33,-1.22464679914735E-16));
#8985=DIRECTION('',(-7.49879891330929E-33,-1.,1.22464679914735E-16));
#8986=DIRECTION('',(1.22464679914735E-16,-1.22464679914735E-16,-1.));
#8987=DIRECTION('',(-1.,-7.49879891330929E-33,-1.22464679914735E-16));
#8988=DIRECTION('',(-1.,-7.49879891330929E-33,-1.22464679914735E-16));
#8989=DIRECTION('',(1.22464679914735E-16,-1.22464679914735E-16,-1.));
#8990=DIRECTION('',(-1.,-7.49879891330929E-33,-1.22464679914735E-16));
#8991=DIRECTION('',(7.49879891330929E-33,1.,-1.22464679914735E-16));
#8992=DIRECTION('',(1.22464679914735E-16,-1.22464679914735E-16,-1.));
#8993=DIRECTION('',(-1.,-7.49879891330929E-33,-1.22464679914735E-16));
#8994=DIRECTION('',(1.,7.49879891330929E-33,1.22464679914735E-16));
#8995=DIRECTION('',(1.22464679914735E-16,-1.22464679914735E-16,-1.));
#8996=DIRECTION('',(-1.,-7.49879891330929E-33,-1.22464679914735E-16));
#8997=DIRECTION('',(-7.49879891330929E-33,-1.,1.22464679914735E-16));
#8998=DIRECTION('',(1.22464679914735E-16,-1.22464679914735E-16,-1.));
#8999=DIRECTION('',(-1.,-7.49879891330929E-33,-1.22464679914735E-16));
#9000=DIRECTION('',(-1.,-7.49879891330929E-33,-1.22464679914735E-16));
#9001=DIRECTION('',(1.22464679914735E-16,-1.22464679914735E-16,-1.));
#9002=DIRECTION('',(-1.,-7.49879891330929E-33,-1.22464679914735E-16));
#9003=DIRECTION('',(7.49879891330929E-33,1.,-1.22464679914735E-16));
#9004=DIRECTION('',(1.22464679914735E-16,-1.22464679914735E-16,-1.));
#9005=DIRECTION('',(-1.,-7.49879891330929E-33,-1.22464679914735E-16));
#9006=DIRECTION('',(1.,7.49879891330929E-33,1.22464679914735E-16));
#9007=DIRECTION('',(1.22464679914735E-16,-1.22464679914735E-16,-1.));
#9008=DIRECTION('',(-1.,-7.49879891330929E-33,-1.22464679914735E-16));
#9009=DIRECTION('',(-7.49879891330929E-33,-1.,1.22464679914735E-16));
#9010=DIRECTION('',(1.22464679914735E-16,-1.22464679914735E-16,-1.));
#9011=DIRECTION('',(-1.,-7.49879891330929E-33,-1.22464679914735E-16));
#9012=DIRECTION('',(-1.,-7.49879891330929E-33,-1.22464679914735E-16));
#9013=DIRECTION('',(1.22464679914735E-16,-1.22464679914735E-16,-1.));
#9014=DIRECTION('',(-1.,-7.49879891330929E-33,-1.22464679914735E-16));
#9015=DIRECTION('',(7.49879891330929E-33,1.,-1.22464679914735E-16));
#9016=DIRECTION('',(1.22464679914735E-16,-1.22464679914735E-16,-1.));
#9017=DIRECTION('',(-1.,-7.49879891330929E-33,-1.22464679914735E-16));
#9018=DIRECTION('',(1.,7.49879891330929E-33,1.22464679914735E-16));
#9019=DIRECTION('',(1.22464679914735E-16,-1.22464679914735E-16,-1.));
#9020=DIRECTION('',(-1.,-7.49879891330929E-33,-1.22464679914735E-16));
#9021=DIRECTION('',(-7.49879891330929E-33,-1.,1.22464679914735E-16));
#9022=DIRECTION('',(1.22464679914735E-16,-1.22464679914735E-16,-1.));
#9023=DIRECTION('',(-1.,-7.49879891330929E-33,-1.22464679914735E-16));
#9024=DIRECTION('',(-1.,-7.49879891330929E-33,-1.22464679914735E-16));
#9025=DIRECTION('',(1.22464679914735E-16,-1.22464679914735E-16,-1.));
#9026=DIRECTION('',(-1.,-7.49879891330929E-33,-1.22464679914735E-16));
#9027=DIRECTION('',(7.49879891330929E-33,1.,-1.22464679914735E-16));
#9028=DIRECTION('',(1.22464679914735E-16,-1.22464679914735E-16,-1.));
#9029=DIRECTION('',(-1.,-7.49879891330929E-33,-1.22464679914735E-16));
#9030=DIRECTION('',(1.,7.49879891330929E-33,1.22464679914735E-16));
#9031=DIRECTION('',(1.22464679914735E-16,-1.22464679914735E-16,-1.));
#9032=DIRECTION('',(-1.,-7.49879891330929E-33,-1.22464679914735E-16));
#9033=DIRECTION('',(-7.49879891330929E-33,-1.,1.22464679914735E-16));
#9034=DIRECTION('',(1.22464679914735E-16,-1.22464679914735E-16,-1.));
#9035=DIRECTION('',(-1.,-7.49879891330929E-33,-1.22464679914735E-16));
#9036=DIRECTION('',(-1.,-7.49879891330929E-33,-1.22464679914735E-16));
#9037=DIRECTION('',(1.22464679914735E-16,-1.22464679914735E-16,-1.));
#9038=DIRECTION('',(-1.,-7.49879891330929E-33,-1.22464679914735E-16));
#9039=DIRECTION('',(7.49879891330929E-33,1.,-1.22464679914735E-16));
#9040=DIRECTION('',(1.22464679914735E-16,-1.22464679914735E-16,-1.));
#9041=DIRECTION('',(-1.,-7.49879891330929E-33,-1.22464679914735E-16));
#9042=DIRECTION('',(1.,7.49879891330929E-33,1.22464679914735E-16));
#9043=DIRECTION('',(1.22464679914735E-16,-1.22464679914735E-16,-1.));
#9044=DIRECTION('',(-1.,-7.49879891330929E-33,-1.22464679914735E-16));
#9045=DIRECTION('',(-7.49879891330929E-33,-1.,1.22464679914735E-16));
#9046=DIRECTION('',(1.22464679914735E-16,-1.22464679914735E-16,-1.));
#9047=DIRECTION('',(-1.,-7.49879891330929E-33,-1.22464679914735E-16));
#9048=DIRECTION('',(-1.,-7.49879891330929E-33,-1.22464679914735E-16));
#9049=DIRECTION('',(1.22464679914735E-16,-1.22464679914735E-16,-1.));
#9050=DIRECTION('',(-1.,-7.49879891330929E-33,-1.22464679914735E-16));
#9051=DIRECTION('',(7.49879891330929E-33,1.,-1.22464679914735E-16));
#9052=DIRECTION('',(1.22464679914735E-16,-1.22464679914735E-16,-1.));
#9053=DIRECTION('',(-1.,-7.49879891330929E-33,-1.22464679914735E-16));
#9054=DIRECTION('',(1.,7.49879891330929E-33,1.22464679914735E-16));
#9055=DIRECTION('',(1.22464679914735E-16,-1.22464679914735E-16,-1.));
#9056=DIRECTION('',(-1.,-7.49879891330929E-33,-1.22464679914735E-16));
#9057=DIRECTION('',(-7.49879891330929E-33,-1.,1.22464679914735E-16));
#9058=DIRECTION('',(1.22464679914735E-16,-1.22464679914735E-16,-1.));
#9059=DIRECTION('',(-1.,-7.49879891330929E-33,-1.22464679914735E-16));
#9060=DIRECTION('',(-1.,-7.49879891330929E-33,-1.22464679914735E-16));
#9061=DIRECTION('',(1.22464679914735E-16,-1.22464679914735E-16,-1.));
#9062=DIRECTION('',(-1.,-7.49879891330929E-33,-1.22464679914735E-16));
#9063=DIRECTION('',(7.49879891330929E-33,1.,-1.22464679914735E-16));
#9064=DIRECTION('',(1.22464679914735E-16,-1.22464679914735E-16,-1.));
#9065=DIRECTION('',(-1.,-7.49879891330929E-33,-1.22464679914735E-16));
#9066=DIRECTION('',(1.,7.49879891330929E-33,1.22464679914735E-16));
#9067=DIRECTION('',(1.22464679914735E-16,-1.22464679914735E-16,-1.));
#9068=DIRECTION('',(-1.,-7.49879891330929E-33,-1.22464679914735E-16));
#9069=DIRECTION('',(-7.49879891330929E-33,-1.,1.22464679914735E-16));
#9070=DIRECTION('',(1.22464679914735E-16,-1.22464679914735E-16,-1.));
#9071=DIRECTION('',(-1.,-7.49879891330929E-33,-1.22464679914735E-16));
#9072=DIRECTION('',(-1.,-7.49879891330929E-33,-1.22464679914735E-16));
#9073=DIRECTION('',(1.22464679914735E-16,-1.22464679914735E-16,-1.));
#9074=DIRECTION('',(-1.,-7.49879891330929E-33,-1.22464679914735E-16));
#9075=DIRECTION('',(7.49879891330929E-33,1.,-1.22464679914735E-16));
#9076=DIRECTION('',(1.22464679914735E-16,-1.22464679914735E-16,-1.));
#9077=DIRECTION('',(-1.,-7.49879891330929E-33,-1.22464679914735E-16));
#9078=DIRECTION('',(1.,7.49879891330929E-33,1.22464679914735E-16));
#9079=DIRECTION('',(1.22464679914735E-16,-1.22464679914735E-16,-1.));
#9080=DIRECTION('',(-1.,-7.49879891330929E-33,-1.22464679914735E-16));
#9081=DIRECTION('',(-7.49879891330929E-33,-1.,1.22464679914735E-16));
#9082=DIRECTION('',(1.22464679914735E-16,-1.22464679914735E-16,-1.));
#9083=DIRECTION('',(-1.,-7.49879891330929E-33,-1.22464679914735E-16));
#9084=DIRECTION('',(-1.,-7.49879891330929E-33,-1.22464679914735E-16));
#9085=DIRECTION('',(1.22464679914735E-16,-1.22464679914735E-16,-1.));
#9086=DIRECTION('',(-1.,-7.49879891330929E-33,-1.22464679914735E-16));
#9087=DIRECTION('',(7.49879891330929E-33,1.,-1.22464679914735E-16));
#9088=DIRECTION('',(1.22464679914735E-16,-1.22464679914735E-16,-1.));
#9089=DIRECTION('',(-1.,-7.49879891330929E-33,-1.22464679914735E-16));
#9090=DIRECTION('',(1.,7.49879891330929E-33,1.22464679914735E-16));
#9091=DIRECTION('',(1.22464679914735E-16,-1.22464679914735E-16,-1.));
#9092=DIRECTION('',(-1.,-7.49879891330929E-33,-1.22464679914735E-16));
#9093=DIRECTION('',(1.22464679914735E-16,-1.22464679914735E-16,-1.));
#9094=DIRECTION('',(-1.,-7.49879891330929E-33,-1.22464679914735E-16));
#9095=DIRECTION('',(-7.49879891330929E-33,-1.,1.22464679914735E-16));
#9096=DIRECTION('',(1.22464679914735E-16,-1.22464679914735E-16,-1.));
#9097=DIRECTION('',(-1.,-7.49879891330929E-33,-1.22464679914735E-16));
#9098=DIRECTION('',(-1.,-7.49879891330929E-33,-1.22464679914735E-16));
#9099=DIRECTION('',(1.22464679914735E-16,-1.22464679914735E-16,-1.));
#9100=DIRECTION('',(-1.,-7.49879891330929E-33,-1.22464679914735E-16));
#9101=DIRECTION('',(7.49879891330929E-33,1.,-1.22464679914735E-16));
#9102=DIRECTION('',(1.22464679914735E-16,-1.22464679914735E-16,-1.));
#9103=DIRECTION('',(-1.,-7.49879891330929E-33,-1.22464679914735E-16));
#9104=DIRECTION('',(1.,7.49879891330929E-33,1.22464679914735E-16));
#9105=DIRECTION('',(-7.49879891330929E-33,-1.,1.22464679914735E-16));
#9106=DIRECTION('',(-1.22464679914735E-16,1.22464679914735E-16,1.));
#9107=DIRECTION('',(-1.22464679914735E-16,1.22464679914735E-16,1.));
#9108=DIRECTION('',(-1.,-7.49879891330929E-33,-1.22464679914735E-16));
#9109=DIRECTION('',(-1.22464679914735E-16,1.22464679914735E-16,1.));
#9110=DIRECTION('',(1.,7.49879891330929E-33,1.22464679914735E-16));
#9111=DIRECTION('',(-1.,-7.49879891330929E-33,-1.22464679914735E-16));
#9112=DIRECTION('',(-1.22464679914735E-16,1.22464679914735E-16,1.));
#9113=DIRECTION('',(-1.22464679914735E-16,1.22464679914735E-16,1.));
#9114=DIRECTION('',(-7.49879891330929E-33,-1.,1.22464679914735E-16));
#9115=DIRECTION('',(-1.22464679914735E-16,1.22464679914735E-16,1.));
#9116=DIRECTION('',(7.49879891330929E-33,1.,-1.22464679914735E-16));
#9117=DIRECTION('',(-7.49879891330929E-33,-1.,1.22464679914735E-16));
#9118=DIRECTION('',(-1.22464679914735E-16,1.22464679914735E-16,1.));
#9119=DIRECTION('',(-1.22464679914735E-16,1.22464679914735E-16,1.));
#9120=DIRECTION('',(1.,7.49879891330929E-33,1.22464679914735E-16));
#9121=DIRECTION('',(-1.22464679914735E-16,1.22464679914735E-16,1.));
#9122=DIRECTION('',(-1.,-7.49879891330929E-33,-1.22464679914735E-16));
#9123=DIRECTION('',(7.49879891330929E-33,1.,-1.22464679914735E-16));
#9124=DIRECTION('',(1.22464679914735E-16,-1.22464679914735E-16,-1.));
#9125=DIRECTION('',(1.22464679914735E-16,-1.22464679914735E-16,-1.));
#9126=DIRECTION('',(-1.,-7.49879891330929E-33,-1.22464679914735E-16));
#9127=DIRECTION('',(1.22464679914735E-16,-1.22464679914735E-16,-1.));
#9128=DIRECTION('',(1.,7.49879891330929E-33,1.22464679914735E-16));
#9129=DIRECTION('',(-1.22464679914735E-16,1.22464679914735E-16,1.));
#9130=DIRECTION('',(1.,7.49879891330929E-33,1.22464679914735E-16));
#9131=DIRECTION('',(-1.22464679914735E-16,1.22464679914735E-16,1.));
#9132=DIRECTION('',(1.22464679914735E-16,-1.22464679914735E-16,-1.));
#9133=DIRECTION('',(-1.,-7.49879891330929E-33,-1.22464679914735E-16));
#9134=DIRECTION('',(1.22464679914735E-16,-1.22464679914735E-16,-1.));
#9135=DIRECTION('',(1.22464679914735E-16,-1.22464679914735E-16,-1.));
#9136=DIRECTION('',(-1.,-7.49879891330929E-33,-1.22464679914735E-16));
#9137=DIRECTION('',(1.,7.49879891330929E-33,1.22464679914735E-16));
#9138=DIRECTION('',(1.22464679914735E-16,-1.22464679914735E-16,-1.));
#9139=DIRECTION('',(-7.49879891330929E-33,-1.,1.22464679914735E-16));
#9140=DIRECTION('',(-1.22464679914735E-16,1.22464679914735E-16,1.));
#9141=DIRECTION('',(7.49879891330929E-33,1.,-1.22464679914735E-16));
#9142=DIRECTION('',(-1.22464679914735E-16,1.22464679914735E-16,1.));
#9143=DIRECTION('',(1.,7.49879891330929E-33,1.22464679914735E-16));
#9144=DIRECTION('',(1.22464679914735E-16,-1.22464679914735E-16,-1.));
#9145=DIRECTION('',(-1.,-7.49879891330929E-33,-1.22464679914735E-16));
#9146=DIRECTION('',(1.22464679914735E-16,-1.22464679914735E-16,-1.));
#9147=DIRECTION('',(1.22464679914735E-16,-1.22464679914735E-16,-1.));
#9148=DIRECTION('',(-1.,-7.49879891330929E-33,-1.22464679914735E-16));
#9149=DIRECTION('',(7.49879891330929E-33,1.,-1.22464679914735E-16));
#9150=DIRECTION('',(1.22464679914735E-16,-1.22464679914735E-16,-1.));
#9151=DIRECTION('',(1.,7.49879891330929E-33,1.22464679914735E-16));
#9152=DIRECTION('',(-1.22464679914735E-16,1.22464679914735E-16,1.));
#9153=DIRECTION('',(-1.,-7.49879891330929E-33,-1.22464679914735E-16));
#9154=DIRECTION('',(-1.22464679914735E-16,1.22464679914735E-16,1.));
#9155=DIRECTION('',(1.,7.49879891330929E-33,1.22464679914735E-16));
#9156=DIRECTION('',(1.22464679914735E-16,-1.22464679914735E-16,-1.));
#9157=DIRECTION('',(-1.,-7.49879891330929E-33,-1.22464679914735E-16));
#9158=DIRECTION('',(1.22464679914735E-16,-1.22464679914735E-16,-1.));
#9159=DIRECTION('',(1.22464679914735E-16,-1.22464679914735E-16,-1.));
#9160=DIRECTION('',(-1.,-7.49879891330929E-33,-1.22464679914735E-16));
#9161=DIRECTION('',(1.,7.49879891330929E-33,1.22464679914735E-16));
#9162=DIRECTION('',(1.22464679914735E-16,-1.22464679914735E-16,-1.));
#9163=DIRECTION('',(7.49879891330929E-33,1.,-1.22464679914735E-16));
#9164=DIRECTION('',(-1.22464679914735E-16,1.22464679914735E-16,1.));
#9165=DIRECTION('',(-7.49879891330929E-33,-1.,1.22464679914735E-16));
#9166=DIRECTION('',(-1.22464679914735E-16,1.22464679914735E-16,1.));
#9167=DIRECTION('',(1.,7.49879891330929E-33,1.22464679914735E-16));
#9168=DIRECTION('',(1.22464679914735E-16,-1.22464679914735E-16,-1.));
#9169=DIRECTION('',(-1.,-7.49879891330929E-33,-1.22464679914735E-16));
#9170=DIRECTION('',(1.22464679914735E-16,-1.22464679914735E-16,-1.));
#9171=DIRECTION('',(1.22464679914735E-16,-1.22464679914735E-16,-1.));
#9172=DIRECTION('',(-1.,-7.49879891330929E-33,-1.22464679914735E-16));
#9173=DIRECTION('',(7.49879891330929E-33,1.,-1.22464679914735E-16));
#9174=DIRECTION('',(1.22464679914735E-16,-1.22464679914735E-16,-1.));
#9175=DIRECTION('',(-1.,-7.49879891330929E-33,-1.22464679914735E-16));
#9176=DIRECTION('',(1.,7.49879891330929E-33,1.22464679914735E-16));
#9177=DIRECTION('',(-1.,-7.49879891330929E-33,-1.22464679914735E-16));
#9178=DIRECTION('',(-1.22464679914735E-16,1.22464679914735E-16,1.));
#9179=DIRECTION('',(-1.22464679914735E-16,1.22464679914735E-16,1.));
#9180=DIRECTION('',(7.49879891330929E-33,1.,-1.22464679914735E-16));
#9181=DIRECTION('',(-1.22464679914735E-16,1.22464679914735E-16,1.));
#9182=DIRECTION('',(-7.49879891330929E-33,-1.,1.22464679914735E-16));
#9183=DIRECTION('',(1.22464679914735E-16,-1.22464679914735E-16,-1.));
#9184=DIRECTION('',(-1.,-7.49879891330929E-33,-1.22464679914735E-16));
#9185=DIRECTION('',(1.22464679914735E-16,-1.22464679914735E-16,-1.));
#9186=DIRECTION('',(-1.,-7.49879891330929E-33,-1.22464679914735E-16));
#9187=DIRECTION('',(1.22464679914735E-16,-1.22464679914735E-16,-1.));
#9188=DIRECTION('',(-1.,-7.49879891330929E-33,-1.22464679914735E-16));
#9189=DIRECTION('',(1.22464679914735E-16,-1.22464679914735E-16,-1.));
#9190=DIRECTION('',(-1.,-7.49879891330929E-33,-1.22464679914735E-16));
#9191=DIRECTION('',(1.22464679914735E-16,-1.22464679914735E-16,-1.));
#9192=DIRECTION('',(-1.,-7.49879891330929E-33,-1.22464679914735E-16));
#9193=DIRECTION('',(1.22464679914735E-16,-1.22464679914735E-16,-1.));
#9194=DIRECTION('',(-1.,-7.49879891330929E-33,-1.22464679914735E-16));
#9195=DIRECTION('',(1.22464679914735E-16,-1.22464679914735E-16,-1.));
#9196=DIRECTION('',(-1.,-7.49879891330929E-33,-1.22464679914735E-16));
#9197=DIRECTION('',(1.22464679914735E-16,-1.22464679914735E-16,-1.));
#9198=DIRECTION('',(-1.,-7.49879891330929E-33,-1.22464679914735E-16));
#9199=DIRECTION('',(1.22464679914735E-16,-1.22464679914735E-16,-1.));
#9200=DIRECTION('',(-1.,-7.49879891330929E-33,-1.22464679914735E-16));
#9201=DIRECTION('',(-1.,1.33440267382831E-16,-1.22464679914735E-16));
#9202=DIRECTION('',(1.33440267382831E-16,1.,-1.22464679914735E-16));
#9203=DIRECTION('',(1.22464679914735E-16,-1.22464679914735E-16,-1.));
#9204=DIRECTION('',(1.33440267382831E-16,1.,-1.22464679914735E-16));
#9205=DIRECTION('',(1.22464679914735E-16,-1.22464679914735E-16,-1.));
#9206=DIRECTION('',(-1.33440267382831E-16,-1.,1.22464679914735E-16));
#9207=DIRECTION('',(1.22464679914735E-16,-1.22464679914735E-16,-1.));
#9208=DIRECTION('',(-1.,-7.49879891330929E-33,-1.22464679914735E-16));
#9209=DIRECTION('',(1.22464679914735E-16,-1.22464679914735E-16,-1.));
#9210=DIRECTION('',(-1.,-7.49879891330929E-33,-1.22464679914735E-16));
#9211=DIRECTION('',(1.22464679914735E-16,-1.22464679914735E-16,-1.));
#9212=DIRECTION('',(-1.,-7.49879891330929E-33,-1.22464679914735E-16));
#9213=DIRECTION('',(1.22464679914735E-16,-1.22464679914735E-16,-1.));
#9214=DIRECTION('',(-1.,-7.49879891330929E-33,-1.22464679914735E-16));
#9215=DIRECTION('',(1.22464679914735E-16,-1.22464679914735E-16,-1.));
#9216=DIRECTION('',(-1.,-7.49879891330929E-33,-1.22464679914735E-16));
#9217=DIRECTION('',(1.22464679914735E-16,-1.22464679914735E-16,-1.));
#9218=DIRECTION('',(-1.,-7.49879891330929E-33,-1.22464679914735E-16));
#9219=DIRECTION('',(1.22464679914735E-16,-1.22464679914735E-16,-1.));
#9220=DIRECTION('',(-1.,-7.49879891330929E-33,-1.22464679914735E-16));
#9221=DIRECTION('',(1.22464679914735E-16,-1.22464679914735E-16,-1.));
#9222=DIRECTION('',(-1.,-7.49879891330929E-33,-1.22464679914735E-16));
#9223=DIRECTION('',(1.22464679914735E-16,-1.22464679914735E-16,-1.));
#9224=DIRECTION('',(-1.,-7.49879891330929E-33,-1.22464679914735E-16));
#9225=DIRECTION('',(-1.,-1.33440267382831E-16,-1.22464679914735E-16));
#9226=DIRECTION('',(-1.33440267382831E-16,1.,-1.22464679914735E-16));
#9227=DIRECTION('',(1.22464679914735E-16,-1.22464679914735E-16,-1.));
#9228=DIRECTION('',(1.33440267382831E-16,-1.,1.22464679914735E-16));
#9229=DIRECTION('',(1.22464679914735E-16,-1.22464679914735E-16,-1.));
#9230=DIRECTION('',(-1.33440267382831E-16,1.,-1.22464679914735E-16));
#9231=DIRECTION('',(-1.22464679914735E-16,1.22464679914735E-16,1.));
#9232=DIRECTION('',(1.,7.49879891330929E-33,1.22464679914735E-16));
#9233=DIRECTION('',(1.22464679914735E-16,-1.22464679914735E-16,-1.));
#9234=DIRECTION('',(-1.,-7.49879891330929E-33,-1.22464679914735E-16));
#9235=DIRECTION('',(1.22464679914735E-16,-1.22464679914735E-16,-1.));
#9236=DIRECTION('',(-1.,-7.49879891330929E-33,-1.22464679914735E-16));
#9237=DIRECTION('',(1.22464679914735E-16,-1.22464679914735E-16,-1.));
#9238=DIRECTION('',(-1.,-7.49879891330929E-33,-1.22464679914735E-16));
#9239=DIRECTION('',(1.22464679914735E-16,-1.22464679914735E-16,-1.));
#9240=DIRECTION('',(-1.,-7.49879891330929E-33,-1.22464679914735E-16));
#9241=DIRECTION('',(1.22464679914735E-16,-1.22464679914735E-16,-1.));
#9242=DIRECTION('',(-1.,-7.49879891330929E-33,-1.22464679914735E-16));
#9243=DIRECTION('',(-1.22464679914735E-16,1.22464679914735E-16,1.));
#9244=DIRECTION('',(1.,7.49879891330929E-33,1.22464679914735E-16));
#9245=DIRECTION('',(1.22464679914735E-16,-1.22464679914735E-16,-1.));
#9246=DIRECTION('',(-1.,-7.49879891330929E-33,-1.22464679914735E-16));
#9247=DIRECTION('',(1.22464679914735E-16,-1.22464679914735E-16,-1.));
#9248=DIRECTION('',(-1.,-7.49879891330929E-33,-1.22464679914735E-16));
#9249=DIRECTION('',(1.22464679914735E-16,-1.22464679914735E-16,-1.));
#9250=DIRECTION('',(-1.,-7.49879891330929E-33,-1.22464679914735E-16));
#9251=DIRECTION('',(1.22464679914735E-16,-1.22464679914735E-16,-1.));
#9252=DIRECTION('',(-1.,-7.49879891330929E-33,-1.22464679914735E-16));
#9253=DIRECTION('',(1.22464679914735E-16,-1.22464679914735E-16,-1.));
#9254=DIRECTION('',(-1.,-7.49879891330929E-33,-1.22464679914735E-16));
#9255=DIRECTION('',(1.22464679914735E-16,-1.22464679914735E-16,-1.));
#9256=DIRECTION('',(-1.,-7.49879891330929E-33,-1.22464679914735E-16));
#9257=DIRECTION('',(1.22464679914735E-16,-1.22464679914735E-16,-1.));
#9258=DIRECTION('',(1.22464679914735E-16,-1.22464679914735E-16,-1.));
#9259=DIRECTION('',(-1.,-7.49879891330929E-33,-1.22464679914735E-16));
#9260=DIRECTION('',(1.22464679914735E-16,-1.22464679914735E-16,-1.));
#9261=DIRECTION('',(1.22464679914735E-16,-1.22464679914735E-16,-1.));
#9262=DIRECTION('',(-1.,-7.49879891330929E-33,-1.22464679914735E-16));
#9263=DIRECTION('',(-7.49879891330929E-33,-1.,1.22464679914735E-16));
#9264=DIRECTION('',(-1.22464679914735E-16,1.22464679914735E-16,1.));
#9265=DIRECTION('',(1.22464679914735E-16,-1.22464679914735E-16,-1.));
#9266=DIRECTION('',(1.,7.49879891330929E-33,1.22464679914735E-16));
#9267=DIRECTION('',(-1.,-7.49879891330929E-33,-1.22464679914735E-16));
#9268=DIRECTION('',(1.22464679914735E-16,-1.22464679914735E-16,-1.));
#9269=DIRECTION('',(-1.,-7.49879891330929E-33,-1.22464679914735E-16));
#9270=DIRECTION('',(1.22464679914735E-16,-1.22464679914735E-16,-1.));
#9271=DIRECTION('',(1.22464679914735E-16,-1.22464679914735E-16,-1.));
#9272=DIRECTION('',(-1.,-7.49879891330929E-33,-1.22464679914735E-16));
#9273=DIRECTION('',(1.22464679914735E-16,-1.22464679914735E-16,-1.));
#9274=DIRECTION('',(-1.,-7.49879891330929E-33,-1.22464679914735E-16));
#9275=DIRECTION('',(-1.,-7.49879891330929E-33,-1.22464679914735E-16));
#9276=DIRECTION('',(-1.22464679914735E-16,1.22464679914735E-16,1.));
#9277=DIRECTION('',(1.22464679914735E-16,-1.22464679914735E-16,-1.));
#9278=DIRECTION('',(-7.49879891330929E-33,-1.,1.22464679914735E-16));
#9279=DIRECTION('',(7.49879891330929E-33,1.,-1.22464679914735E-16));
#9280=DIRECTION('',(1.22464679914735E-16,-1.22464679914735E-16,-1.));
#9281=DIRECTION('',(-1.,-7.49879891330929E-33,-1.22464679914735E-16));
#9282=DIRECTION('',(1.22464679914735E-16,-1.22464679914735E-16,-1.));
#9283=DIRECTION('',(1.22464679914735E-16,-1.22464679914735E-16,-1.));
#9284=DIRECTION('',(-1.,-7.49879891330929E-33,-1.22464679914735E-16));
#9285=DIRECTION('',(1.22464679914735E-16,-1.22464679914735E-16,-1.));
#9286=DIRECTION('',(-1.,-7.49879891330929E-33,-1.22464679914735E-16));
#9287=DIRECTION('',(-7.49879891330929E-33,-1.,1.22464679914735E-16));
#9288=DIRECTION('',(-1.22464679914735E-16,1.22464679914735E-16,1.));
#9289=DIRECTION('',(1.22464679914735E-16,-1.22464679914735E-16,-1.));
#9290=DIRECTION('',(-1.,-7.49879891330929E-33,-1.22464679914735E-16));
#9291=DIRECTION('',(1.,7.49879891330929E-33,1.22464679914735E-16));
#9292=DIRECTION('',(1.22464679914735E-16,-1.22464679914735E-16,-1.));
#9293=DIRECTION('',(-1.,-7.49879891330929E-33,-1.22464679914735E-16));
#9294=DIRECTION('',(1.22464679914735E-16,-1.22464679914735E-16,-1.));
#9295=DIRECTION('',(1.22464679914735E-16,-1.22464679914735E-16,-1.));
#9296=DIRECTION('',(-1.,-7.49879891330929E-33,-1.22464679914735E-16));
#9297=DIRECTION('',(1.22464679914735E-16,-1.22464679914735E-16,-1.));
#9298=DIRECTION('',(-1.,-7.49879891330929E-33,-1.22464679914735E-16));
#9299=DIRECTION('',(-1.,-7.49879891330929E-33,-1.22464679914735E-16));
#9300=DIRECTION('',(-1.22464679914735E-16,1.22464679914735E-16,1.));
#9301=DIRECTION('',(7.49879891330929E-33,1.,-1.22464679914735E-16));
#9302=DIRECTION('',(-7.49879891330929E-33,-1.,1.22464679914735E-16));
#9303=DIRECTION('',(1.22464679914735E-16,-1.22464679914735E-16,-1.));
#9304=DIRECTION('',(-1.,-7.49879891330929E-33,-1.22464679914735E-16));
#9305=DIRECTION('',(1.22464679914735E-16,-1.22464679914735E-16,-1.));
#9306=DIRECTION('',(1.22464679914735E-16,-1.22464679914735E-16,-1.));
#9307=DIRECTION('',(-1.,-7.49879891330929E-33,-1.22464679914735E-16));
#9308=DIRECTION('',(1.22464679914735E-16,-1.22464679914735E-16,-1.));
#9309=DIRECTION('',(1.22464679914735E-16,-1.22464679914735E-16,-1.));
#9310=DIRECTION('',(-1.,-7.49879891330929E-33,-1.22464679914735E-16));
#9311=DIRECTION('',(-7.49879891330929E-33,-1.,1.22464679914735E-16));
#9312=DIRECTION('',(-1.22464679914735E-16,1.22464679914735E-16,1.));
#9313=DIRECTION('',(1.22464679914735E-16,-1.22464679914735E-16,-1.));
#9314=DIRECTION('',(1.,7.49879891330929E-33,1.22464679914735E-16));
#9315=DIRECTION('',(-1.,-7.49879891330929E-33,-1.22464679914735E-16));
#9316=DIRECTION('',(1.22464679914735E-16,-1.22464679914735E-16,-1.));
#9317=DIRECTION('',(-1.,-7.49879891330929E-33,-1.22464679914735E-16));
#9318=DIRECTION('',(1.22464679914735E-16,-1.22464679914735E-16,-1.));
#9319=DIRECTION('',(1.22464679914735E-16,-1.22464679914735E-16,-1.));
#9320=DIRECTION('',(-1.,-7.49879891330929E-33,-1.22464679914735E-16));
#9321=DIRECTION('',(1.22464679914735E-16,-1.22464679914735E-16,-1.));
#9322=DIRECTION('',(-1.,-7.49879891330929E-33,-1.22464679914735E-16));
#9323=DIRECTION('',(-1.,-7.49879891330929E-33,-1.22464679914735E-16));
#9324=DIRECTION('',(-1.22464679914735E-16,1.22464679914735E-16,1.));
#9325=DIRECTION('',(1.22464679914735E-16,-1.22464679914735E-16,-1.));
#9326=DIRECTION('',(-7.49879891330929E-33,-1.,1.22464679914735E-16));
#9327=DIRECTION('',(7.49879891330929E-33,1.,-1.22464679914735E-16));
#9328=DIRECTION('',(1.22464679914735E-16,-1.22464679914735E-16,-1.));
#9329=DIRECTION('',(-1.,-7.49879891330929E-33,-1.22464679914735E-16));
#9330=DIRECTION('',(1.22464679914735E-16,-1.22464679914735E-16,-1.));
#9331=DIRECTION('',(1.22464679914735E-16,-1.22464679914735E-16,-1.));
#9332=DIRECTION('',(-1.,-7.49879891330929E-33,-1.22464679914735E-16));
#9333=DIRECTION('',(1.22464679914735E-16,-1.22464679914735E-16,-1.));
#9334=DIRECTION('',(-1.,-7.49879891330929E-33,-1.22464679914735E-16));
#9335=DIRECTION('',(-7.49879891330929E-33,-1.,1.22464679914735E-16));
#9336=DIRECTION('',(-1.22464679914735E-16,1.22464679914735E-16,1.));
#9337=DIRECTION('',(1.22464679914735E-16,-1.22464679914735E-16,-1.));
#9338=DIRECTION('',(-1.,-7.49879891330929E-33,-1.22464679914735E-16));
#9339=DIRECTION('',(1.,7.49879891330929E-33,1.22464679914735E-16));
#9340=DIRECTION('',(1.22464679914735E-16,-1.22464679914735E-16,-1.));
#9341=DIRECTION('',(-1.,-7.49879891330929E-33,-1.22464679914735E-16));
#9342=DIRECTION('',(1.22464679914735E-16,-1.22464679914735E-16,-1.));
#9343=DIRECTION('',(1.22464679914735E-16,-1.22464679914735E-16,-1.));
#9344=DIRECTION('',(-1.,-7.49879891330929E-33,-1.22464679914735E-16));
#9345=DIRECTION('',(1.22464679914735E-16,-1.22464679914735E-16,-1.));
#9346=DIRECTION('',(-1.,-7.49879891330929E-33,-1.22464679914735E-16));
#9347=DIRECTION('',(-1.,-7.49879891330929E-33,-1.22464679914735E-16));
#9348=DIRECTION('',(-1.22464679914735E-16,1.22464679914735E-16,1.));
#9349=DIRECTION('',(7.49879891330929E-33,1.,-1.22464679914735E-16));
#9350=DIRECTION('',(-7.49879891330929E-33,-1.,1.22464679914735E-16));
#9351=DIRECTION('',(1.22464679914735E-16,-1.22464679914735E-16,-1.));
#9352=DIRECTION('',(-1.,-7.49879891330929E-33,-1.22464679914735E-16));
#9353=DIRECTION('',(1.22464679914735E-16,-1.22464679914735E-16,-1.));
#9354=DIRECTION('',(1.22464679914735E-16,-1.22464679914735E-16,-1.));
#9355=DIRECTION('',(-1.,-7.49879891330929E-33,-1.22464679914735E-16));
#9356=DIRECTION('',(1.22464679914735E-16,-1.22464679914735E-16,-1.));
#9357=DIRECTION('',(1.22464679914735E-16,-1.22464679914735E-16,-1.));
#9358=DIRECTION('',(-1.,-7.49879891330929E-33,-1.22464679914735E-16));
#9359=DIRECTION('',(-7.49879891330929E-33,-1.,1.22464679914735E-16));
#9360=DIRECTION('',(-1.22464679914735E-16,1.22464679914735E-16,1.));
#9361=DIRECTION('',(1.22464679914735E-16,-1.22464679914735E-16,-1.));
#9362=DIRECTION('',(1.,7.49879891330929E-33,1.22464679914735E-16));
#9363=DIRECTION('',(-1.,-7.49879891330929E-33,-1.22464679914735E-16));
#9364=DIRECTION('',(1.22464679914735E-16,-1.22464679914735E-16,-1.));
#9365=DIRECTION('',(-1.,-7.49879891330929E-33,-1.22464679914735E-16));
#9366=DIRECTION('',(1.22464679914735E-16,-1.22464679914735E-16,-1.));
#9367=DIRECTION('',(1.22464679914735E-16,-1.22464679914735E-16,-1.));
#9368=DIRECTION('',(-1.,-7.49879891330929E-33,-1.22464679914735E-16));
#9369=DIRECTION('',(1.22464679914735E-16,-1.22464679914735E-16,-1.));
#9370=DIRECTION('',(-1.,-7.49879891330929E-33,-1.22464679914735E-16));
#9371=DIRECTION('',(-1.,-7.49879891330929E-33,-1.22464679914735E-16));
#9372=DIRECTION('',(-1.22464679914735E-16,1.22464679914735E-16,1.));
#9373=DIRECTION('',(1.22464679914735E-16,-1.22464679914735E-16,-1.));
#9374=DIRECTION('',(-7.49879891330929E-33,-1.,1.22464679914735E-16));
#9375=DIRECTION('',(7.49879891330929E-33,1.,-1.22464679914735E-16));
#9376=DIRECTION('',(1.22464679914735E-16,-1.22464679914735E-16,-1.));
#9377=DIRECTION('',(-1.,-7.49879891330929E-33,-1.22464679914735E-16));
#9378=DIRECTION('',(1.22464679914735E-16,-1.22464679914735E-16,-1.));
#9379=DIRECTION('',(1.22464679914735E-16,-1.22464679914735E-16,-1.));
#9380=DIRECTION('',(-1.,-7.49879891330929E-33,-1.22464679914735E-16));
#9381=DIRECTION('',(1.22464679914735E-16,-1.22464679914735E-16,-1.));
#9382=DIRECTION('',(-1.,-7.49879891330929E-33,-1.22464679914735E-16));
#9383=DIRECTION('',(-7.49879891330929E-33,-1.,1.22464679914735E-16));
#9384=DIRECTION('',(-1.22464679914735E-16,1.22464679914735E-16,1.));
#9385=DIRECTION('',(1.22464679914735E-16,-1.22464679914735E-16,-1.));
#9386=DIRECTION('',(-1.,-7.49879891330929E-33,-1.22464679914735E-16));
#9387=DIRECTION('',(1.,7.49879891330929E-33,1.22464679914735E-16));
#9388=DIRECTION('',(1.22464679914735E-16,-1.22464679914735E-16,-1.));
#9389=DIRECTION('',(-1.,-7.49879891330929E-33,-1.22464679914735E-16));
#9390=DIRECTION('',(1.22464679914735E-16,-1.22464679914735E-16,-1.));
#9391=DIRECTION('',(1.22464679914735E-16,-1.22464679914735E-16,-1.));
#9392=DIRECTION('',(-1.,-7.49879891330929E-33,-1.22464679914735E-16));
#9393=DIRECTION('',(1.22464679914735E-16,-1.22464679914735E-16,-1.));
#9394=DIRECTION('',(-1.,-7.49879891330929E-33,-1.22464679914735E-16));
#9395=DIRECTION('',(-1.,-7.49879891330929E-33,-1.22464679914735E-16));
#9396=DIRECTION('',(-1.22464679914735E-16,1.22464679914735E-16,1.));
#9397=DIRECTION('',(7.49879891330929E-33,1.,-1.22464679914735E-16));
#9398=DIRECTION('',(-7.49879891330929E-33,-1.,1.22464679914735E-16));
#9399=DIRECTION('',(1.22464679914735E-16,-1.22464679914735E-16,-1.));
#9400=DIRECTION('',(-1.,-7.49879891330929E-33,-1.22464679914735E-16));
#9401=DIRECTION('',(1.22464679914735E-16,-1.22464679914735E-16,-1.));
#9402=DIRECTION('',(1.22464679914735E-16,-1.22464679914735E-16,-1.));
#9403=DIRECTION('',(-1.,-7.49879891330929E-33,-1.22464679914735E-16));
#9404=DIRECTION('',(1.22464679914735E-16,-1.22464679914735E-16,-1.));
#9405=DIRECTION('',(1.22464679914735E-16,-1.22464679914735E-16,-1.));
#9406=DIRECTION('',(-1.,-7.49879891330929E-33,-1.22464679914735E-16));
#9407=DIRECTION('',(-7.49879891330929E-33,-1.,1.22464679914735E-16));
#9408=DIRECTION('',(-1.22464679914735E-16,1.22464679914735E-16,1.));
#9409=DIRECTION('',(1.22464679914735E-16,-1.22464679914735E-16,-1.));
#9410=DIRECTION('',(1.,7.49879891330929E-33,1.22464679914735E-16));
#9411=DIRECTION('',(-1.,-7.49879891330929E-33,-1.22464679914735E-16));
#9412=DIRECTION('',(1.22464679914735E-16,-1.22464679914735E-16,-1.));
#9413=DIRECTION('',(-1.,-7.49879891330929E-33,-1.22464679914735E-16));
#9414=DIRECTION('',(1.22464679914735E-16,-1.22464679914735E-16,-1.));
#9415=DIRECTION('',(1.22464679914735E-16,-1.22464679914735E-16,-1.));
#9416=DIRECTION('',(-1.,-7.49879891330929E-33,-1.22464679914735E-16));
#9417=DIRECTION('',(1.22464679914735E-16,-1.22464679914735E-16,-1.));
#9418=DIRECTION('',(-1.,-7.49879891330929E-33,-1.22464679914735E-16));
#9419=DIRECTION('',(-1.,-7.49879891330929E-33,-1.22464679914735E-16));
#9420=DIRECTION('',(-1.22464679914735E-16,1.22464679914735E-16,1.));
#9421=DIRECTION('',(1.22464679914735E-16,-1.22464679914735E-16,-1.));
#9422=DIRECTION('',(-7.49879891330929E-33,-1.,1.22464679914735E-16));
#9423=DIRECTION('',(7.49879891330929E-33,1.,-1.22464679914735E-16));
#9424=DIRECTION('',(1.22464679914735E-16,-1.22464679914735E-16,-1.));
#9425=DIRECTION('',(-1.,-7.49879891330929E-33,-1.22464679914735E-16));
#9426=DIRECTION('',(1.22464679914735E-16,-1.22464679914735E-16,-1.));
#9427=DIRECTION('',(1.22464679914735E-16,-1.22464679914735E-16,-1.));
#9428=DIRECTION('',(-1.,-7.49879891330929E-33,-1.22464679914735E-16));
#9429=DIRECTION('',(1.22464679914735E-16,-1.22464679914735E-16,-1.));
#9430=DIRECTION('',(-1.,-7.49879891330929E-33,-1.22464679914735E-16));
#9431=DIRECTION('',(-7.49879891330929E-33,-1.,1.22464679914735E-16));
#9432=DIRECTION('',(-1.22464679914735E-16,1.22464679914735E-16,1.));
#9433=DIRECTION('',(1.22464679914735E-16,-1.22464679914735E-16,-1.));
#9434=DIRECTION('',(-1.,-7.49879891330929E-33,-1.22464679914735E-16));
#9435=DIRECTION('',(1.,7.49879891330929E-33,1.22464679914735E-16));
#9436=DIRECTION('',(1.22464679914735E-16,-1.22464679914735E-16,-1.));
#9437=DIRECTION('',(-1.,-7.49879891330929E-33,-1.22464679914735E-16));
#9438=DIRECTION('',(1.22464679914735E-16,-1.22464679914735E-16,-1.));
#9439=DIRECTION('',(1.22464679914735E-16,-1.22464679914735E-16,-1.));
#9440=DIRECTION('',(-1.,-7.49879891330929E-33,-1.22464679914735E-16));
#9441=DIRECTION('',(1.22464679914735E-16,-1.22464679914735E-16,-1.));
#9442=DIRECTION('',(-1.,-7.49879891330929E-33,-1.22464679914735E-16));
#9443=DIRECTION('',(-1.,-7.49879891330929E-33,-1.22464679914735E-16));
#9444=DIRECTION('',(-1.22464679914735E-16,1.22464679914735E-16,1.));
#9445=DIRECTION('',(7.49879891330929E-33,1.,-1.22464679914735E-16));
#9446=DIRECTION('',(-7.49879891330929E-33,-1.,1.22464679914735E-16));
#9447=DIRECTION('',(1.22464679914735E-16,-1.22464679914735E-16,-1.));
#9448=DIRECTION('',(-1.,-7.49879891330929E-33,-1.22464679914735E-16));
#9449=DIRECTION('',(1.22464679914735E-16,-1.22464679914735E-16,-1.));
#9450=DIRECTION('',(1.22464679914735E-16,-1.22464679914735E-16,-1.));
#9451=DIRECTION('',(-1.,-7.49879891330929E-33,-1.22464679914735E-16));
#9452=DIRECTION('',(1.22464679914735E-16,-1.22464679914735E-16,-1.));
#9453=DIRECTION('',(1.22464679914735E-16,-1.22464679914735E-16,-1.));
#9454=DIRECTION('',(-1.,-7.49879891330929E-33,-1.22464679914735E-16));
#9455=DIRECTION('',(-7.49879891330929E-33,-1.,1.22464679914735E-16));
#9456=DIRECTION('',(-1.22464679914735E-16,1.22464679914735E-16,1.));
#9457=DIRECTION('',(1.22464679914735E-16,-1.22464679914735E-16,-1.));
#9458=DIRECTION('',(1.,7.49879891330929E-33,1.22464679914735E-16));
#9459=DIRECTION('',(-1.,-7.49879891330929E-33,-1.22464679914735E-16));
#9460=DIRECTION('',(1.22464679914735E-16,-1.22464679914735E-16,-1.));
#9461=DIRECTION('',(-1.,-7.49879891330929E-33,-1.22464679914735E-16));
#9462=DIRECTION('',(1.22464679914735E-16,-1.22464679914735E-16,-1.));
#9463=DIRECTION('',(1.22464679914735E-16,-1.22464679914735E-16,-1.));
#9464=DIRECTION('',(-1.,-7.49879891330929E-33,-1.22464679914735E-16));
#9465=DIRECTION('',(1.22464679914735E-16,-1.22464679914735E-16,-1.));
#9466=DIRECTION('',(-1.,-7.49879891330929E-33,-1.22464679914735E-16));
#9467=DIRECTION('',(-1.,-7.49879891330929E-33,-1.22464679914735E-16));
#9468=DIRECTION('',(-1.22464679914735E-16,1.22464679914735E-16,1.));
#9469=DIRECTION('',(1.22464679914735E-16,-1.22464679914735E-16,-1.));
#9470=DIRECTION('',(-7.49879891330929E-33,-1.,1.22464679914735E-16));
#9471=DIRECTION('',(7.49879891330929E-33,1.,-1.22464679914735E-16));
#9472=DIRECTION('',(1.22464679914735E-16,-1.22464679914735E-16,-1.));
#9473=DIRECTION('',(-1.,-7.49879891330929E-33,-1.22464679914735E-16));
#9474=DIRECTION('',(1.22464679914735E-16,-1.22464679914735E-16,-1.));
#9475=DIRECTION('',(1.22464679914735E-16,-1.22464679914735E-16,-1.));
#9476=DIRECTION('',(-1.,-7.49879891330929E-33,-1.22464679914735E-16));
#9477=DIRECTION('',(1.22464679914735E-16,-1.22464679914735E-16,-1.));
#9478=DIRECTION('',(-1.,-7.49879891330929E-33,-1.22464679914735E-16));
#9479=DIRECTION('',(-7.49879891330929E-33,-1.,1.22464679914735E-16));
#9480=DIRECTION('',(-1.22464679914735E-16,1.22464679914735E-16,1.));
#9481=DIRECTION('',(1.22464679914735E-16,-1.22464679914735E-16,-1.));
#9482=DIRECTION('',(-1.,-7.49879891330929E-33,-1.22464679914735E-16));
#9483=DIRECTION('',(1.,7.49879891330929E-33,1.22464679914735E-16));
#9484=DIRECTION('',(1.22464679914735E-16,-1.22464679914735E-16,-1.));
#9485=DIRECTION('',(-1.,-7.49879891330929E-33,-1.22464679914735E-16));
#9486=DIRECTION('',(1.22464679914735E-16,-1.22464679914735E-16,-1.));
#9487=DIRECTION('',(1.22464679914735E-16,-1.22464679914735E-16,-1.));
#9488=DIRECTION('',(-1.,-7.49879891330929E-33,-1.22464679914735E-16));
#9489=DIRECTION('',(1.22464679914735E-16,-1.22464679914735E-16,-1.));
#9490=DIRECTION('',(-1.,-7.49879891330929E-33,-1.22464679914735E-16));
#9491=DIRECTION('',(-1.,-7.49879891330929E-33,-1.22464679914735E-16));
#9492=DIRECTION('',(-1.22464679914735E-16,1.22464679914735E-16,1.));
#9493=DIRECTION('',(7.49879891330929E-33,1.,-1.22464679914735E-16));
#9494=DIRECTION('',(-7.49879891330929E-33,-1.,1.22464679914735E-16));
#9495=DIRECTION('',(1.22464679914735E-16,-1.22464679914735E-16,-1.));
#9496=DIRECTION('',(-1.,-7.49879891330929E-33,-1.22464679914735E-16));
#9497=DIRECTION('',(1.22464679914735E-16,-1.22464679914735E-16,-1.));
#9498=DIRECTION('',(1.22464679914735E-16,-1.22464679914735E-16,-1.));
#9499=DIRECTION('',(-1.,-7.49879891330929E-33,-1.22464679914735E-16));
#9500=DIRECTION('',(1.22464679914735E-16,-1.22464679914735E-16,-1.));
#9501=DIRECTION('',(1.22464679914735E-16,-1.22464679914735E-16,-1.));
#9502=DIRECTION('',(-1.,-7.49879891330929E-33,-1.22464679914735E-16));
#9503=DIRECTION('',(-7.49879891330929E-33,-1.,1.22464679914735E-16));
#9504=DIRECTION('',(-1.22464679914735E-16,1.22464679914735E-16,1.));
#9505=DIRECTION('',(1.22464679914735E-16,-1.22464679914735E-16,-1.));
#9506=DIRECTION('',(1.,7.49879891330929E-33,1.22464679914735E-16));
#9507=DIRECTION('',(-1.,-7.49879891330929E-33,-1.22464679914735E-16));
#9508=DIRECTION('',(1.22464679914735E-16,-1.22464679914735E-16,-1.));
#9509=DIRECTION('',(-1.,-7.49879891330929E-33,-1.22464679914735E-16));
#9510=DIRECTION('',(1.22464679914735E-16,-1.22464679914735E-16,-1.));
#9511=DIRECTION('',(1.22464679914735E-16,-1.22464679914735E-16,-1.));
#9512=DIRECTION('',(-1.,-7.49879891330929E-33,-1.22464679914735E-16));
#9513=DIRECTION('',(1.22464679914735E-16,-1.22464679914735E-16,-1.));
#9514=DIRECTION('',(-1.,-7.49879891330929E-33,-1.22464679914735E-16));
#9515=DIRECTION('',(-1.,-7.49879891330929E-33,-1.22464679914735E-16));
#9516=DIRECTION('',(-1.22464679914735E-16,1.22464679914735E-16,1.));
#9517=DIRECTION('',(1.22464679914735E-16,-1.22464679914735E-16,-1.));
#9518=DIRECTION('',(-7.49879891330929E-33,-1.,1.22464679914735E-16));
#9519=DIRECTION('',(7.49879891330929E-33,1.,-1.22464679914735E-16));
#9520=DIRECTION('',(1.22464679914735E-16,-1.22464679914735E-16,-1.));
#9521=DIRECTION('',(-1.,-7.49879891330929E-33,-1.22464679914735E-16));
#9522=DIRECTION('',(1.22464679914735E-16,-1.22464679914735E-16,-1.));
#9523=DIRECTION('',(1.22464679914735E-16,-1.22464679914735E-16,-1.));
#9524=DIRECTION('',(-1.,-7.49879891330929E-33,-1.22464679914735E-16));
#9525=DIRECTION('',(1.22464679914735E-16,-1.22464679914735E-16,-1.));
#9526=DIRECTION('',(-1.,-7.49879891330929E-33,-1.22464679914735E-16));
#9527=DIRECTION('',(-7.49879891330929E-33,-1.,1.22464679914735E-16));
#9528=DIRECTION('',(-1.22464679914735E-16,1.22464679914735E-16,1.));
#9529=DIRECTION('',(1.22464679914735E-16,-1.22464679914735E-16,-1.));
#9530=DIRECTION('',(-1.,-7.49879891330929E-33,-1.22464679914735E-16));
#9531=DIRECTION('',(1.,7.49879891330929E-33,1.22464679914735E-16));
#9532=DIRECTION('',(1.22464679914735E-16,-1.22464679914735E-16,-1.));
#9533=DIRECTION('',(-1.,-7.49879891330929E-33,-1.22464679914735E-16));
#9534=DIRECTION('',(1.22464679914735E-16,-1.22464679914735E-16,-1.));
#9535=DIRECTION('',(1.22464679914735E-16,-1.22464679914735E-16,-1.));
#9536=DIRECTION('',(-1.,-7.49879891330929E-33,-1.22464679914735E-16));
#9537=DIRECTION('',(1.22464679914735E-16,-1.22464679914735E-16,-1.));
#9538=DIRECTION('',(-1.,-7.49879891330929E-33,-1.22464679914735E-16));
#9539=DIRECTION('',(-1.,-7.49879891330929E-33,-1.22464679914735E-16));
#9540=DIRECTION('',(-1.22464679914735E-16,1.22464679914735E-16,1.));
#9541=DIRECTION('',(7.49879891330929E-33,1.,-1.22464679914735E-16));
#9542=DIRECTION('',(-7.49879891330929E-33,-1.,1.22464679914735E-16));
#9543=DIRECTION('',(1.22464679914735E-16,-1.22464679914735E-16,-1.));
#9544=DIRECTION('',(-1.,-7.49879891330929E-33,-1.22464679914735E-16));
#9545=DIRECTION('',(1.22464679914735E-16,-1.22464679914735E-16,-1.));
#9546=DIRECTION('',(1.22464679914735E-16,-1.22464679914735E-16,-1.));
#9547=DIRECTION('',(-1.,-7.49879891330929E-33,-1.22464679914735E-16));
#9548=DIRECTION('',(1.22464679914735E-16,-1.22464679914735E-16,-1.));
#9549=DIRECTION('',(1.22464679914735E-16,-1.22464679914735E-16,-1.));
#9550=DIRECTION('',(-1.,-7.49879891330929E-33,-1.22464679914735E-16));
#9551=DIRECTION('',(-7.49879891330929E-33,-1.,1.22464679914735E-16));
#9552=DIRECTION('',(-1.22464679914735E-16,1.22464679914735E-16,1.));
#9553=DIRECTION('',(1.22464679914735E-16,-1.22464679914735E-16,-1.));
#9554=DIRECTION('',(1.,7.49879891330929E-33,1.22464679914735E-16));
#9555=DIRECTION('',(-1.,-7.49879891330929E-33,-1.22464679914735E-16));
#9556=DIRECTION('',(1.22464679914735E-16,-1.22464679914735E-16,-1.));
#9557=DIRECTION('',(-1.,-7.49879891330929E-33,-1.22464679914735E-16));
#9558=DIRECTION('',(1.22464679914735E-16,-1.22464679914735E-16,-1.));
#9559=DIRECTION('',(1.22464679914735E-16,-1.22464679914735E-16,-1.));
#9560=DIRECTION('',(-1.,-7.49879891330929E-33,-1.22464679914735E-16));
#9561=DIRECTION('',(1.22464679914735E-16,-1.22464679914735E-16,-1.));
#9562=DIRECTION('',(-1.,-7.49879891330929E-33,-1.22464679914735E-16));
#9563=DIRECTION('',(-1.,-7.49879891330929E-33,-1.22464679914735E-16));
#9564=DIRECTION('',(-1.22464679914735E-16,1.22464679914735E-16,1.));
#9565=DIRECTION('',(1.22464679914735E-16,-1.22464679914735E-16,-1.));
#9566=DIRECTION('',(-7.49879891330929E-33,-1.,1.22464679914735E-16));
#9567=DIRECTION('',(7.49879891330929E-33,1.,-1.22464679914735E-16));
#9568=DIRECTION('',(1.22464679914735E-16,-1.22464679914735E-16,-1.));
#9569=DIRECTION('',(-1.,-7.49879891330929E-33,-1.22464679914735E-16));
#9570=DIRECTION('',(1.22464679914735E-16,-1.22464679914735E-16,-1.));
#9571=DIRECTION('',(1.22464679914735E-16,-1.22464679914735E-16,-1.));
#9572=DIRECTION('',(-1.,-7.49879891330929E-33,-1.22464679914735E-16));
#9573=DIRECTION('',(1.22464679914735E-16,-1.22464679914735E-16,-1.));
#9574=DIRECTION('',(-1.,-7.49879891330929E-33,-1.22464679914735E-16));
#9575=DIRECTION('',(-7.49879891330929E-33,-1.,1.22464679914735E-16));
#9576=DIRECTION('',(-1.22464679914735E-16,1.22464679914735E-16,1.));
#9577=DIRECTION('',(1.22464679914735E-16,-1.22464679914735E-16,-1.));
#9578=DIRECTION('',(-1.,-7.49879891330929E-33,-1.22464679914735E-16));
#9579=DIRECTION('',(1.,7.49879891330929E-33,1.22464679914735E-16));
#9580=DIRECTION('',(1.22464679914735E-16,-1.22464679914735E-16,-1.));
#9581=DIRECTION('',(-1.,-7.49879891330929E-33,-1.22464679914735E-16));
#9582=DIRECTION('',(1.22464679914735E-16,-1.22464679914735E-16,-1.));
#9583=DIRECTION('',(1.22464679914735E-16,-1.22464679914735E-16,-1.));
#9584=DIRECTION('',(-1.,-7.49879891330929E-33,-1.22464679914735E-16));
#9585=DIRECTION('',(1.22464679914735E-16,-1.22464679914735E-16,-1.));
#9586=DIRECTION('',(-1.,-7.49879891330929E-33,-1.22464679914735E-16));
#9587=DIRECTION('',(-1.,-7.49879891330929E-33,-1.22464679914735E-16));
#9588=DIRECTION('',(-1.22464679914735E-16,1.22464679914735E-16,1.));
#9589=DIRECTION('',(7.49879891330929E-33,1.,-1.22464679914735E-16));
#9590=DIRECTION('',(-7.49879891330929E-33,-1.,1.22464679914735E-16));
#9591=DIRECTION('',(1.22464679914735E-16,-1.22464679914735E-16,-1.));
#9592=DIRECTION('',(-1.,-7.49879891330929E-33,-1.22464679914735E-16));
#9593=DIRECTION('',(1.22464679914735E-16,-1.22464679914735E-16,-1.));
#9594=DIRECTION('',(1.22464679914735E-16,-1.22464679914735E-16,-1.));
#9595=DIRECTION('',(-1.,-7.49879891330929E-33,-1.22464679914735E-16));
#9596=DIRECTION('',(1.22464679914735E-16,-1.22464679914735E-16,-1.));
#9597=DIRECTION('',(1.22464679914735E-16,-1.22464679914735E-16,-1.));
#9598=DIRECTION('',(-1.,-7.49879891330929E-33,-1.22464679914735E-16));
#9599=DIRECTION('',(-7.49879891330929E-33,-1.,1.22464679914735E-16));
#9600=DIRECTION('',(-1.22464679914735E-16,1.22464679914735E-16,1.));
#9601=DIRECTION('',(1.22464679914735E-16,-1.22464679914735E-16,-1.));
#9602=DIRECTION('',(1.,7.49879891330929E-33,1.22464679914735E-16));
#9603=DIRECTION('',(-1.,-7.49879891330929E-33,-1.22464679914735E-16));
#9604=DIRECTION('',(1.22464679914735E-16,-1.22464679914735E-16,-1.));
#9605=DIRECTION('',(-1.,-7.49879891330929E-33,-1.22464679914735E-16));
#9606=DIRECTION('',(1.22464679914735E-16,-1.22464679914735E-16,-1.));
#9607=DIRECTION('',(1.22464679914735E-16,-1.22464679914735E-16,-1.));
#9608=DIRECTION('',(-1.,-7.49879891330929E-33,-1.22464679914735E-16));
#9609=DIRECTION('',(1.22464679914735E-16,-1.22464679914735E-16,-1.));
#9610=DIRECTION('',(-1.,-7.49879891330929E-33,-1.22464679914735E-16));
#9611=DIRECTION('',(-1.,-7.49879891330929E-33,-1.22464679914735E-16));
#9612=DIRECTION('',(-1.22464679914735E-16,1.22464679914735E-16,1.));
#9613=DIRECTION('',(1.22464679914735E-16,-1.22464679914735E-16,-1.));
#9614=DIRECTION('',(-7.49879891330929E-33,-1.,1.22464679914735E-16));
#9615=DIRECTION('',(7.49879891330929E-33,1.,-1.22464679914735E-16));
#9616=DIRECTION('',(1.22464679914735E-16,-1.22464679914735E-16,-1.));
#9617=DIRECTION('',(-1.,-7.49879891330929E-33,-1.22464679914735E-16));
#9618=DIRECTION('',(1.22464679914735E-16,-1.22464679914735E-16,-1.));
#9619=DIRECTION('',(1.22464679914735E-16,-1.22464679914735E-16,-1.));
#9620=DIRECTION('',(-1.,-7.49879891330929E-33,-1.22464679914735E-16));
#9621=DIRECTION('',(1.22464679914735E-16,-1.22464679914735E-16,-1.));
#9622=DIRECTION('',(-1.,-7.49879891330929E-33,-1.22464679914735E-16));
#9623=DIRECTION('',(-7.49879891330929E-33,-1.,1.22464679914735E-16));
#9624=DIRECTION('',(-1.22464679914735E-16,1.22464679914735E-16,1.));
#9625=DIRECTION('',(1.22464679914735E-16,-1.22464679914735E-16,-1.));
#9626=DIRECTION('',(-1.,-7.49879891330929E-33,-1.22464679914735E-16));
#9627=DIRECTION('',(1.,7.49879891330929E-33,1.22464679914735E-16));
#9628=DIRECTION('',(1.22464679914735E-16,-1.22464679914735E-16,-1.));
#9629=DIRECTION('',(-1.,-7.49879891330929E-33,-1.22464679914735E-16));
#9630=DIRECTION('',(1.22464679914735E-16,-1.22464679914735E-16,-1.));
#9631=DIRECTION('',(1.22464679914735E-16,-1.22464679914735E-16,-1.));
#9632=DIRECTION('',(-1.,-7.49879891330929E-33,-1.22464679914735E-16));
#9633=DIRECTION('',(1.22464679914735E-16,-1.22464679914735E-16,-1.));
#9634=DIRECTION('',(-1.,-7.49879891330929E-33,-1.22464679914735E-16));
#9635=DIRECTION('',(-1.,-7.49879891330929E-33,-1.22464679914735E-16));
#9636=DIRECTION('',(-1.22464679914735E-16,1.22464679914735E-16,1.));
#9637=DIRECTION('',(7.49879891330929E-33,1.,-1.22464679914735E-16));
#9638=DIRECTION('',(-7.49879891330929E-33,-1.,1.22464679914735E-16));
#9639=DIRECTION('',(1.22464679914735E-16,-1.22464679914735E-16,-1.));
#9640=DIRECTION('',(-1.,-7.49879891330929E-33,-1.22464679914735E-16));
#9641=DIRECTION('',(1.22464679914735E-16,-1.22464679914735E-16,-1.));
#9642=DIRECTION('',(1.22464679914735E-16,-1.22464679914735E-16,-1.));
#9643=DIRECTION('',(-1.,-7.49879891330929E-33,-1.22464679914735E-16));
#9644=DIRECTION('',(1.22464679914735E-16,-1.22464679914735E-16,-1.));
#9645=DIRECTION('',(1.22464679914735E-16,-1.22464679914735E-16,-1.));
#9646=DIRECTION('',(-1.,-7.49879891330929E-33,-1.22464679914735E-16));
#9647=DIRECTION('',(-7.49879891330929E-33,-1.,1.22464679914735E-16));
#9648=DIRECTION('',(-1.22464679914735E-16,1.22464679914735E-16,1.));
#9649=DIRECTION('',(1.22464679914735E-16,-1.22464679914735E-16,-1.));
#9650=DIRECTION('',(1.,7.49879891330929E-33,1.22464679914735E-16));
#9651=DIRECTION('',(-1.,-7.49879891330929E-33,-1.22464679914735E-16));
#9652=DIRECTION('',(1.22464679914735E-16,-1.22464679914735E-16,-1.));
#9653=DIRECTION('',(-1.,-7.49879891330929E-33,-1.22464679914735E-16));
#9654=DIRECTION('',(1.22464679914735E-16,-1.22464679914735E-16,-1.));
#9655=DIRECTION('',(1.22464679914735E-16,-1.22464679914735E-16,-1.));
#9656=DIRECTION('',(-1.,-7.49879891330929E-33,-1.22464679914735E-16));
#9657=DIRECTION('',(1.22464679914735E-16,-1.22464679914735E-16,-1.));
#9658=DIRECTION('',(-1.,-7.49879891330929E-33,-1.22464679914735E-16));
#9659=DIRECTION('',(-1.,-7.49879891330929E-33,-1.22464679914735E-16));
#9660=DIRECTION('',(-1.22464679914735E-16,1.22464679914735E-16,1.));
#9661=DIRECTION('',(1.22464679914735E-16,-1.22464679914735E-16,-1.));
#9662=DIRECTION('',(-7.49879891330929E-33,-1.,1.22464679914735E-16));
#9663=DIRECTION('',(7.49879891330929E-33,1.,-1.22464679914735E-16));
#9664=DIRECTION('',(1.22464679914735E-16,-1.22464679914735E-16,-1.));
#9665=DIRECTION('',(-1.,-7.49879891330929E-33,-1.22464679914735E-16));
#9666=DIRECTION('',(1.22464679914735E-16,-1.22464679914735E-16,-1.));
#9667=DIRECTION('',(1.22464679914735E-16,-1.22464679914735E-16,-1.));
#9668=DIRECTION('',(-1.,-7.49879891330929E-33,-1.22464679914735E-16));
#9669=DIRECTION('',(1.22464679914735E-16,-1.22464679914735E-16,-1.));
#9670=DIRECTION('',(-1.,-7.49879891330929E-33,-1.22464679914735E-16));
#9671=DIRECTION('',(-7.49879891330929E-33,-1.,1.22464679914735E-16));
#9672=DIRECTION('',(-1.22464679914735E-16,1.22464679914735E-16,1.));
#9673=DIRECTION('',(1.22464679914735E-16,-1.22464679914735E-16,-1.));
#9674=DIRECTION('',(-1.,-7.49879891330929E-33,-1.22464679914735E-16));
#9675=DIRECTION('',(1.,7.49879891330929E-33,1.22464679914735E-16));
#9676=DIRECTION('',(1.22464679914735E-16,-1.22464679914735E-16,-1.));
#9677=DIRECTION('',(-1.,-7.49879891330929E-33,-1.22464679914735E-16));
#9678=DIRECTION('',(1.22464679914735E-16,-1.22464679914735E-16,-1.));
#9679=DIRECTION('',(1.22464679914735E-16,-1.22464679914735E-16,-1.));
#9680=DIRECTION('',(-1.,-7.49879891330929E-33,-1.22464679914735E-16));
#9681=DIRECTION('',(1.22464679914735E-16,-1.22464679914735E-16,-1.));
#9682=DIRECTION('',(-1.,-7.49879891330929E-33,-1.22464679914735E-16));
#9683=DIRECTION('',(-1.,-7.49879891330929E-33,-1.22464679914735E-16));
#9684=DIRECTION('',(-1.22464679914735E-16,1.22464679914735E-16,1.));
#9685=DIRECTION('',(7.49879891330929E-33,1.,-1.22464679914735E-16));
#9686=DIRECTION('',(-7.49879891330929E-33,-1.,1.22464679914735E-16));
#9687=DIRECTION('',(1.22464679914735E-16,-1.22464679914735E-16,-1.));
#9688=DIRECTION('',(-1.,-7.49879891330929E-33,-1.22464679914735E-16));
#9689=DIRECTION('',(1.22464679914735E-16,-1.22464679914735E-16,-1.));
#9690=DIRECTION('',(1.22464679914735E-16,-1.22464679914735E-16,-1.));
#9691=DIRECTION('',(-1.,-7.49879891330929E-33,-1.22464679914735E-16));
#9692=DIRECTION('',(1.22464679914735E-16,-1.22464679914735E-16,-1.));
#9693=DIRECTION('',(1.22464679914735E-16,-1.22464679914735E-16,-1.));
#9694=DIRECTION('',(-1.,-7.49879891330929E-33,-1.22464679914735E-16));
#9695=DIRECTION('',(-7.49879891330929E-33,-1.,1.22464679914735E-16));
#9696=DIRECTION('',(-1.22464679914735E-16,1.22464679914735E-16,1.));
#9697=DIRECTION('',(1.22464679914735E-16,-1.22464679914735E-16,-1.));
#9698=DIRECTION('',(1.,7.49879891330929E-33,1.22464679914735E-16));
#9699=DIRECTION('',(-1.,-7.49879891330929E-33,-1.22464679914735E-16));
#9700=DIRECTION('',(1.22464679914735E-16,-1.22464679914735E-16,-1.));
#9701=DIRECTION('',(-1.,-7.49879891330929E-33,-1.22464679914735E-16));
#9702=DIRECTION('',(1.22464679914735E-16,-1.22464679914735E-16,-1.));
#9703=DIRECTION('',(1.22464679914735E-16,-1.22464679914735E-16,-1.));
#9704=DIRECTION('',(-1.,-7.49879891330929E-33,-1.22464679914735E-16));
#9705=DIRECTION('',(1.22464679914735E-16,-1.22464679914735E-16,-1.));
#9706=DIRECTION('',(-1.,-7.49879891330929E-33,-1.22464679914735E-16));
#9707=DIRECTION('',(-1.,-7.49879891330929E-33,-1.22464679914735E-16));
#9708=DIRECTION('',(-1.22464679914735E-16,1.22464679914735E-16,1.));
#9709=DIRECTION('',(1.22464679914735E-16,-1.22464679914735E-16,-1.));
#9710=DIRECTION('',(-7.49879891330929E-33,-1.,1.22464679914735E-16));
#9711=DIRECTION('',(7.49879891330929E-33,1.,-1.22464679914735E-16));
#9712=DIRECTION('',(1.22464679914735E-16,-1.22464679914735E-16,-1.));
#9713=DIRECTION('',(-1.,-7.49879891330929E-33,-1.22464679914735E-16));
#9714=DIRECTION('',(1.22464679914735E-16,-1.22464679914735E-16,-1.));
#9715=DIRECTION('',(1.22464679914735E-16,-1.22464679914735E-16,-1.));
#9716=DIRECTION('',(-1.,-7.49879891330929E-33,-1.22464679914735E-16));
#9717=DIRECTION('',(1.22464679914735E-16,-1.22464679914735E-16,-1.));
#9718=DIRECTION('',(-1.,-7.49879891330929E-33,-1.22464679914735E-16));
#9719=DIRECTION('',(-7.49879891330929E-33,-1.,1.22464679914735E-16));
#9720=DIRECTION('',(-1.22464679914735E-16,1.22464679914735E-16,1.));
#9721=DIRECTION('',(1.22464679914735E-16,-1.22464679914735E-16,-1.));
#9722=DIRECTION('',(-1.,-7.49879891330929E-33,-1.22464679914735E-16));
#9723=DIRECTION('',(1.,7.49879891330929E-33,1.22464679914735E-16));
#9724=DIRECTION('',(1.22464679914735E-16,-1.22464679914735E-16,-1.));
#9725=DIRECTION('',(-1.,-7.49879891330929E-33,-1.22464679914735E-16));
#9726=DIRECTION('',(1.22464679914735E-16,-1.22464679914735E-16,-1.));
#9727=DIRECTION('',(1.22464679914735E-16,-1.22464679914735E-16,-1.));
#9728=DIRECTION('',(-1.,-7.49879891330929E-33,-1.22464679914735E-16));
#9729=DIRECTION('',(1.22464679914735E-16,-1.22464679914735E-16,-1.));
#9730=DIRECTION('',(-1.,-7.49879891330929E-33,-1.22464679914735E-16));
#9731=DIRECTION('',(-1.,-7.49879891330929E-33,-1.22464679914735E-16));
#9732=DIRECTION('',(-1.22464679914735E-16,1.22464679914735E-16,1.));
#9733=DIRECTION('',(7.49879891330929E-33,1.,-1.22464679914735E-16));
#9734=DIRECTION('',(-7.49879891330929E-33,-1.,1.22464679914735E-16));
#9735=DIRECTION('',(1.22464679914735E-16,-1.22464679914735E-16,-1.));
#9736=DIRECTION('',(-1.,-7.49879891330929E-33,-1.22464679914735E-16));
#9737=DIRECTION('',(1.22464679914735E-16,-1.22464679914735E-16,-1.));
#9738=DIRECTION('',(1.22464679914735E-16,-1.22464679914735E-16,-1.));
#9739=DIRECTION('',(-1.,-7.49879891330929E-33,-1.22464679914735E-16));
#9740=DIRECTION('',(1.22464679914735E-16,-1.22464679914735E-16,-1.));
#9741=DIRECTION('',(1.22464679914735E-16,-1.22464679914735E-16,-1.));
#9742=DIRECTION('',(-1.,-7.49879891330929E-33,-1.22464679914735E-16));
#9743=DIRECTION('',(-7.49879891330929E-33,-1.,1.22464679914735E-16));
#9744=DIRECTION('',(-1.22464679914735E-16,1.22464679914735E-16,1.));
#9745=DIRECTION('',(1.22464679914735E-16,-1.22464679914735E-16,-1.));
#9746=DIRECTION('',(1.,7.49879891330929E-33,1.22464679914735E-16));
#9747=DIRECTION('',(-1.,-7.49879891330929E-33,-1.22464679914735E-16));
#9748=DIRECTION('',(1.22464679914735E-16,-1.22464679914735E-16,-1.));
#9749=DIRECTION('',(-1.,-7.49879891330929E-33,-1.22464679914735E-16));
#9750=DIRECTION('',(1.22464679914735E-16,-1.22464679914735E-16,-1.));
#9751=DIRECTION('',(1.22464679914735E-16,-1.22464679914735E-16,-1.));
#9752=DIRECTION('',(-1.,-7.49879891330929E-33,-1.22464679914735E-16));
#9753=DIRECTION('',(1.22464679914735E-16,-1.22464679914735E-16,-1.));
#9754=DIRECTION('',(-1.,-7.49879891330929E-33,-1.22464679914735E-16));
#9755=DIRECTION('',(-1.,-7.49879891330929E-33,-1.22464679914735E-16));
#9756=DIRECTION('',(-1.22464679914735E-16,1.22464679914735E-16,1.));
#9757=DIRECTION('',(1.22464679914735E-16,-1.22464679914735E-16,-1.));
#9758=DIRECTION('',(-7.49879891330929E-33,-1.,1.22464679914735E-16));
#9759=DIRECTION('',(7.49879891330929E-33,1.,-1.22464679914735E-16));
#9760=DIRECTION('',(1.22464679914735E-16,-1.22464679914735E-16,-1.));
#9761=DIRECTION('',(-1.,-7.49879891330929E-33,-1.22464679914735E-16));
#9762=DIRECTION('',(1.22464679914735E-16,-1.22464679914735E-16,-1.));
#9763=DIRECTION('',(1.22464679914735E-16,-1.22464679914735E-16,-1.));
#9764=DIRECTION('',(-1.,-7.49879891330929E-33,-1.22464679914735E-16));
#9765=DIRECTION('',(1.22464679914735E-16,-1.22464679914735E-16,-1.));
#9766=DIRECTION('',(-1.,-7.49879891330929E-33,-1.22464679914735E-16));
#9767=DIRECTION('',(-7.49879891330929E-33,-1.,1.22464679914735E-16));
#9768=DIRECTION('',(-1.22464679914735E-16,1.22464679914735E-16,1.));
#9769=DIRECTION('',(1.22464679914735E-16,-1.22464679914735E-16,-1.));
#9770=DIRECTION('',(-1.,-7.49879891330929E-33,-1.22464679914735E-16));
#9771=DIRECTION('',(1.,7.49879891330929E-33,1.22464679914735E-16));
#9772=DIRECTION('',(1.22464679914735E-16,-1.22464679914735E-16,-1.));
#9773=DIRECTION('',(-1.,-7.49879891330929E-33,-1.22464679914735E-16));
#9774=DIRECTION('',(1.22464679914735E-16,-1.22464679914735E-16,-1.));
#9775=DIRECTION('',(1.22464679914735E-16,-1.22464679914735E-16,-1.));
#9776=DIRECTION('',(-1.,-7.49879891330929E-33,-1.22464679914735E-16));
#9777=DIRECTION('',(1.22464679914735E-16,-1.22464679914735E-16,-1.));
#9778=DIRECTION('',(-1.,-7.49879891330929E-33,-1.22464679914735E-16));
#9779=DIRECTION('',(-1.,-7.49879891330929E-33,-1.22464679914735E-16));
#9780=DIRECTION('',(-1.22464679914735E-16,1.22464679914735E-16,1.));
#9781=DIRECTION('',(7.49879891330929E-33,1.,-1.22464679914735E-16));
#9782=DIRECTION('',(-7.49879891330929E-33,-1.,1.22464679914735E-16));
#9783=DIRECTION('',(1.22464679914735E-16,-1.22464679914735E-16,-1.));
#9784=DIRECTION('',(-1.,-7.49879891330929E-33,-1.22464679914735E-16));
#9785=DIRECTION('',(1.22464679914735E-16,-1.22464679914735E-16,-1.));
#9786=DIRECTION('',(1.22464679914735E-16,-1.22464679914735E-16,-1.));
#9787=DIRECTION('',(-1.,-7.49879891330929E-33,-1.22464679914735E-16));
#9788=DIRECTION('',(1.22464679914735E-16,-1.22464679914735E-16,-1.));
#9789=DIRECTION('',(1.22464679914735E-16,-1.22464679914735E-16,-1.));
#9790=DIRECTION('',(-1.,-7.49879891330929E-33,-1.22464679914735E-16));
#9791=DIRECTION('',(-7.49879891330929E-33,-1.,1.22464679914735E-16));
#9792=DIRECTION('',(-1.22464679914735E-16,1.22464679914735E-16,1.));
#9793=DIRECTION('',(1.22464679914735E-16,-1.22464679914735E-16,-1.));
#9794=DIRECTION('',(1.,7.49879891330929E-33,1.22464679914735E-16));
#9795=DIRECTION('',(-1.,-7.49879891330929E-33,-1.22464679914735E-16));
#9796=DIRECTION('',(1.22464679914735E-16,-1.22464679914735E-16,-1.));
#9797=DIRECTION('',(-1.,-7.49879891330929E-33,-1.22464679914735E-16));
#9798=DIRECTION('',(1.22464679914735E-16,-1.22464679914735E-16,-1.));
#9799=DIRECTION('',(1.22464679914735E-16,-1.22464679914735E-16,-1.));
#9800=DIRECTION('',(-1.,-7.49879891330929E-33,-1.22464679914735E-16));
#9801=DIRECTION('',(1.22464679914735E-16,-1.22464679914735E-16,-1.));
#9802=DIRECTION('',(-1.,-7.49879891330929E-33,-1.22464679914735E-16));
#9803=DIRECTION('',(-1.,-7.49879891330929E-33,-1.22464679914735E-16));
#9804=DIRECTION('',(-1.22464679914735E-16,1.22464679914735E-16,1.));
#9805=DIRECTION('',(1.22464679914735E-16,-1.22464679914735E-16,-1.));
#9806=DIRECTION('',(-7.49879891330929E-33,-1.,1.22464679914735E-16));
#9807=DIRECTION('',(7.49879891330929E-33,1.,-1.22464679914735E-16));
#9808=DIRECTION('',(1.22464679914735E-16,-1.22464679914735E-16,-1.));
#9809=DIRECTION('',(-1.,-7.49879891330929E-33,-1.22464679914735E-16));
#9810=DIRECTION('',(1.22464679914735E-16,-1.22464679914735E-16,-1.));
#9811=DIRECTION('',(1.22464679914735E-16,-1.22464679914735E-16,-1.));
#9812=DIRECTION('',(-1.,-7.49879891330929E-33,-1.22464679914735E-16));
#9813=DIRECTION('',(1.22464679914735E-16,-1.22464679914735E-16,-1.));
#9814=DIRECTION('',(-1.,-7.49879891330929E-33,-1.22464679914735E-16));
#9815=DIRECTION('',(-7.49879891330929E-33,-1.,1.22464679914735E-16));
#9816=DIRECTION('',(-1.22464679914735E-16,1.22464679914735E-16,1.));
#9817=DIRECTION('',(1.22464679914735E-16,-1.22464679914735E-16,-1.));
#9818=DIRECTION('',(-1.,-7.49879891330929E-33,-1.22464679914735E-16));
#9819=DIRECTION('',(1.,7.49879891330929E-33,1.22464679914735E-16));
#9820=DIRECTION('',(1.22464679914735E-16,-1.22464679914735E-16,-1.));
#9821=DIRECTION('',(-1.,-7.49879891330929E-33,-1.22464679914735E-16));
#9822=DIRECTION('',(1.22464679914735E-16,-1.22464679914735E-16,-1.));
#9823=DIRECTION('',(1.22464679914735E-16,-1.22464679914735E-16,-1.));
#9824=DIRECTION('',(-1.,-7.49879891330929E-33,-1.22464679914735E-16));
#9825=DIRECTION('',(1.22464679914735E-16,-1.22464679914735E-16,-1.));
#9826=DIRECTION('',(-1.,-7.49879891330929E-33,-1.22464679914735E-16));
#9827=DIRECTION('',(-1.,-7.49879891330929E-33,-1.22464679914735E-16));
#9828=DIRECTION('',(-1.22464679914735E-16,1.22464679914735E-16,1.));
#9829=DIRECTION('',(7.49879891330929E-33,1.,-1.22464679914735E-16));
#9830=DIRECTION('',(-7.49879891330929E-33,-1.,1.22464679914735E-16));
#9831=DIRECTION('',(1.22464679914735E-16,-1.22464679914735E-16,-1.));
#9832=DIRECTION('',(-1.,-7.49879891330929E-33,-1.22464679914735E-16));
#9833=DIRECTION('',(1.22464679914735E-16,-1.22464679914735E-16,-1.));
#9834=DIRECTION('',(1.22464679914735E-16,-1.22464679914735E-16,-1.));
#9835=DIRECTION('',(-1.,-7.49879891330929E-33,-1.22464679914735E-16));
#9836=DIRECTION('',(1.22464679914735E-16,-1.22464679914735E-16,-1.));
#9837=DIRECTION('',(1.22464679914735E-16,-1.22464679914735E-16,-1.));
#9838=DIRECTION('',(-1.,-7.49879891330929E-33,-1.22464679914735E-16));
#9839=DIRECTION('',(-7.49879891330929E-33,-1.,1.22464679914735E-16));
#9840=DIRECTION('',(-1.22464679914735E-16,1.22464679914735E-16,1.));
#9841=DIRECTION('',(1.22464679914735E-16,-1.22464679914735E-16,-1.));
#9842=DIRECTION('',(1.,7.49879891330929E-33,1.22464679914735E-16));
#9843=DIRECTION('',(-1.,-7.49879891330929E-33,-1.22464679914735E-16));
#9844=DIRECTION('',(1.22464679914735E-16,-1.22464679914735E-16,-1.));
#9845=DIRECTION('',(-1.,-7.49879891330929E-33,-1.22464679914735E-16));
#9846=DIRECTION('',(1.22464679914735E-16,-1.22464679914735E-16,-1.));
#9847=DIRECTION('',(1.22464679914735E-16,-1.22464679914735E-16,-1.));
#9848=DIRECTION('',(-1.,-7.49879891330929E-33,-1.22464679914735E-16));
#9849=DIRECTION('',(1.22464679914735E-16,-1.22464679914735E-16,-1.));
#9850=DIRECTION('',(-1.,-7.49879891330929E-33,-1.22464679914735E-16));
#9851=DIRECTION('',(-1.,-7.49879891330929E-33,-1.22464679914735E-16));
#9852=DIRECTION('',(-1.22464679914735E-16,1.22464679914735E-16,1.));
#9853=DIRECTION('',(1.22464679914735E-16,-1.22464679914735E-16,-1.));
#9854=DIRECTION('',(-7.49879891330929E-33,-1.,1.22464679914735E-16));
#9855=DIRECTION('',(7.49879891330929E-33,1.,-1.22464679914735E-16));
#9856=DIRECTION('',(1.22464679914735E-16,-1.22464679914735E-16,-1.));
#9857=DIRECTION('',(-1.,-7.49879891330929E-33,-1.22464679914735E-16));
#9858=DIRECTION('',(1.22464679914735E-16,-1.22464679914735E-16,-1.));
#9859=DIRECTION('',(1.22464679914735E-16,-1.22464679914735E-16,-1.));
#9860=DIRECTION('',(-1.,-7.49879891330929E-33,-1.22464679914735E-16));
#9861=DIRECTION('',(1.22464679914735E-16,-1.22464679914735E-16,-1.));
#9862=DIRECTION('',(-1.,-7.49879891330929E-33,-1.22464679914735E-16));
#9863=DIRECTION('',(-7.49879891330929E-33,-1.,1.22464679914735E-16));
#9864=DIRECTION('',(-1.22464679914735E-16,1.22464679914735E-16,1.));
#9865=DIRECTION('',(1.22464679914735E-16,-1.22464679914735E-16,-1.));
#9866=DIRECTION('',(-1.,-7.49879891330929E-33,-1.22464679914735E-16));
#9867=DIRECTION('',(1.,7.49879891330929E-33,1.22464679914735E-16));
#9868=DIRECTION('',(1.22464679914735E-16,-1.22464679914735E-16,-1.));
#9869=DIRECTION('',(-1.,-7.49879891330929E-33,-1.22464679914735E-16));
#9870=DIRECTION('',(1.22464679914735E-16,-1.22464679914735E-16,-1.));
#9871=DIRECTION('',(1.22464679914735E-16,-1.22464679914735E-16,-1.));
#9872=DIRECTION('',(-1.,-7.49879891330929E-33,-1.22464679914735E-16));
#9873=DIRECTION('',(1.22464679914735E-16,-1.22464679914735E-16,-1.));
#9874=DIRECTION('',(-1.,-7.49879891330929E-33,-1.22464679914735E-16));
#9875=DIRECTION('',(-1.,-7.49879891330929E-33,-1.22464679914735E-16));
#9876=DIRECTION('',(-1.22464679914735E-16,1.22464679914735E-16,1.));
#9877=DIRECTION('',(7.49879891330929E-33,1.,-1.22464679914735E-16));
#9878=DIRECTION('',(-7.49879891330929E-33,-1.,1.22464679914735E-16));
#9879=DIRECTION('',(1.22464679914735E-16,-1.22464679914735E-16,-1.));
#9880=DIRECTION('',(-1.,-7.49879891330929E-33,-1.22464679914735E-16));
#9881=DIRECTION('',(1.22464679914735E-16,-1.22464679914735E-16,-1.));
#9882=DIRECTION('',(1.22464679914735E-16,-1.22464679914735E-16,-1.));
#9883=DIRECTION('',(-1.,-7.49879891330929E-33,-1.22464679914735E-16));
#9884=DIRECTION('',(1.22464679914735E-16,-1.22464679914735E-16,-1.));
#9885=DIRECTION('',(1.22464679914735E-16,-1.22464679914735E-16,-1.));
#9886=DIRECTION('',(-1.,-7.49879891330929E-33,-1.22464679914735E-16));
#9887=DIRECTION('',(-7.49879891330929E-33,-1.,1.22464679914735E-16));
#9888=DIRECTION('',(-1.22464679914735E-16,1.22464679914735E-16,1.));
#9889=DIRECTION('',(1.22464679914735E-16,-1.22464679914735E-16,-1.));
#9890=DIRECTION('',(1.,7.49879891330929E-33,1.22464679914735E-16));
#9891=DIRECTION('',(-1.,-7.49879891330929E-33,-1.22464679914735E-16));
#9892=DIRECTION('',(1.22464679914735E-16,-1.22464679914735E-16,-1.));
#9893=DIRECTION('',(-1.,-7.49879891330929E-33,-1.22464679914735E-16));
#9894=DIRECTION('',(1.22464679914735E-16,-1.22464679914735E-16,-1.));
#9895=DIRECTION('',(1.22464679914735E-16,-1.22464679914735E-16,-1.));
#9896=DIRECTION('',(-1.,-7.49879891330929E-33,-1.22464679914735E-16));
#9897=DIRECTION('',(1.22464679914735E-16,-1.22464679914735E-16,-1.));
#9898=DIRECTION('',(-1.,-7.49879891330929E-33,-1.22464679914735E-16));
#9899=DIRECTION('',(-1.,-7.49879891330929E-33,-1.22464679914735E-16));
#9900=DIRECTION('',(-1.22464679914735E-16,1.22464679914735E-16,1.));
#9901=DIRECTION('',(1.22464679914735E-16,-1.22464679914735E-16,-1.));
#9902=DIRECTION('',(-7.49879891330929E-33,-1.,1.22464679914735E-16));
#9903=DIRECTION('',(7.49879891330929E-33,1.,-1.22464679914735E-16));
#9904=DIRECTION('',(1.22464679914735E-16,-1.22464679914735E-16,-1.));
#9905=DIRECTION('',(-1.,-7.49879891330929E-33,-1.22464679914735E-16));
#9906=DIRECTION('',(1.22464679914735E-16,-1.22464679914735E-16,-1.));
#9907=DIRECTION('',(1.22464679914735E-16,-1.22464679914735E-16,-1.));
#9908=DIRECTION('',(-1.,-7.49879891330929E-33,-1.22464679914735E-16));
#9909=DIRECTION('',(1.22464679914735E-16,-1.22464679914735E-16,-1.));
#9910=DIRECTION('',(-1.,-7.49879891330929E-33,-1.22464679914735E-16));
#9911=DIRECTION('',(-7.49879891330929E-33,-1.,1.22464679914735E-16));
#9912=DIRECTION('',(-1.22464679914735E-16,1.22464679914735E-16,1.));
#9913=DIRECTION('',(1.22464679914735E-16,-1.22464679914735E-16,-1.));
#9914=DIRECTION('',(-1.,-7.49879891330929E-33,-1.22464679914735E-16));
#9915=DIRECTION('',(1.,7.49879891330929E-33,1.22464679914735E-16));
#9916=DIRECTION('',(1.22464679914735E-16,-1.22464679914735E-16,-1.));
#9917=DIRECTION('',(-1.,-7.49879891330929E-33,-1.22464679914735E-16));
#9918=DIRECTION('',(1.22464679914735E-16,-1.22464679914735E-16,-1.));
#9919=DIRECTION('',(1.22464679914735E-16,-1.22464679914735E-16,-1.));
#9920=DIRECTION('',(-1.,-7.49879891330929E-33,-1.22464679914735E-16));
#9921=DIRECTION('',(1.22464679914735E-16,-1.22464679914735E-16,-1.));
#9922=DIRECTION('',(-1.,-7.49879891330929E-33,-1.22464679914735E-16));
#9923=DIRECTION('',(-1.,-7.49879891330929E-33,-1.22464679914735E-16));
#9924=DIRECTION('',(-1.22464679914735E-16,1.22464679914735E-16,1.));
#9925=DIRECTION('',(7.49879891330929E-33,1.,-1.22464679914735E-16));
#9926=DIRECTION('',(-7.49879891330929E-33,-1.,1.22464679914735E-16));
#9927=DIRECTION('',(1.22464679914735E-16,-1.22464679914735E-16,-1.));
#9928=DIRECTION('',(-1.,-7.49879891330929E-33,-1.22464679914735E-16));
#9929=DIRECTION('',(1.22464679914735E-16,-1.22464679914735E-16,-1.));
#9930=DIRECTION('',(1.22464679914735E-16,-1.22464679914735E-16,-1.));
#9931=DIRECTION('',(-1.,-7.49879891330929E-33,-1.22464679914735E-16));
#9932=DIRECTION('',(1.22464679914735E-16,-1.22464679914735E-16,-1.));
#9933=DIRECTION('',(1.22464679914735E-16,-1.22464679914735E-16,-1.));
#9934=DIRECTION('',(-1.,-7.49879891330929E-33,-1.22464679914735E-16));
#9935=DIRECTION('',(-7.49879891330929E-33,-1.,1.22464679914735E-16));
#9936=DIRECTION('',(-1.22464679914735E-16,1.22464679914735E-16,1.));
#9937=DIRECTION('',(1.22464679914735E-16,-1.22464679914735E-16,-1.));
#9938=DIRECTION('',(1.,7.49879891330929E-33,1.22464679914735E-16));
#9939=DIRECTION('',(-1.,-7.49879891330929E-33,-1.22464679914735E-16));
#9940=DIRECTION('',(1.22464679914735E-16,-1.22464679914735E-16,-1.));
#9941=DIRECTION('',(-1.,-7.49879891330929E-33,-1.22464679914735E-16));
#9942=DIRECTION('',(1.22464679914735E-16,-1.22464679914735E-16,-1.));
#9943=DIRECTION('',(1.22464679914735E-16,-1.22464679914735E-16,-1.));
#9944=DIRECTION('',(-1.,-7.49879891330929E-33,-1.22464679914735E-16));
#9945=DIRECTION('',(1.22464679914735E-16,-1.22464679914735E-16,-1.));
#9946=DIRECTION('',(-1.,-7.49879891330929E-33,-1.22464679914735E-16));
#9947=DIRECTION('',(-1.,-7.49879891330929E-33,-1.22464679914735E-16));
#9948=DIRECTION('',(-1.22464679914735E-16,1.22464679914735E-16,1.));
#9949=DIRECTION('',(1.22464679914735E-16,-1.22464679914735E-16,-1.));
#9950=DIRECTION('',(-7.49879891330929E-33,-1.,1.22464679914735E-16));
#9951=DIRECTION('',(7.49879891330929E-33,1.,-1.22464679914735E-16));
#9952=DIRECTION('',(1.22464679914735E-16,-1.22464679914735E-16,-1.));
#9953=DIRECTION('',(-1.,-7.49879891330929E-33,-1.22464679914735E-16));
#9954=DIRECTION('',(1.22464679914735E-16,-1.22464679914735E-16,-1.));
#9955=DIRECTION('',(1.22464679914735E-16,-1.22464679914735E-16,-1.));
#9956=DIRECTION('',(-1.,-7.49879891330929E-33,-1.22464679914735E-16));
#9957=DIRECTION('',(1.22464679914735E-16,-1.22464679914735E-16,-1.));
#9958=DIRECTION('',(-1.,-7.49879891330929E-33,-1.22464679914735E-16));
#9959=DIRECTION('',(-7.49879891330929E-33,-1.,1.22464679914735E-16));
#9960=DIRECTION('',(-1.22464679914735E-16,1.22464679914735E-16,1.));
#9961=DIRECTION('',(1.22464679914735E-16,-1.22464679914735E-16,-1.));
#9962=DIRECTION('',(-1.,-7.49879891330929E-33,-1.22464679914735E-16));
#9963=DIRECTION('',(1.,7.49879891330929E-33,1.22464679914735E-16));
#9964=DIRECTION('',(1.22464679914735E-16,-1.22464679914735E-16,-1.));
#9965=DIRECTION('',(-1.,-7.49879891330929E-33,-1.22464679914735E-16));
#9966=DIRECTION('',(1.22464679914735E-16,-1.22464679914735E-16,-1.));
#9967=DIRECTION('',(1.22464679914735E-16,-1.22464679914735E-16,-1.));
#9968=DIRECTION('',(-1.,-7.49879891330929E-33,-1.22464679914735E-16));
#9969=DIRECTION('',(1.22464679914735E-16,-1.22464679914735E-16,-1.));
#9970=DIRECTION('',(-1.,-7.49879891330929E-33,-1.22464679914735E-16));
#9971=DIRECTION('',(-1.,-7.49879891330929E-33,-1.22464679914735E-16));
#9972=DIRECTION('',(-1.22464679914735E-16,1.22464679914735E-16,1.));
#9973=DIRECTION('',(7.49879891330929E-33,1.,-1.22464679914735E-16));
#9974=DIRECTION('',(-7.49879891330929E-33,-1.,1.22464679914735E-16));
#9975=DIRECTION('',(-1.22464679914735E-16,1.22464679914735E-16,1.));
#9976=DIRECTION('',(1.,7.49879891330929E-33,1.22464679914735E-16));
#9977=DIRECTION('',(1.22464679914735E-16,-1.22464679914735E-16,-1.));
#9978=DIRECTION('',(-1.,-7.49879891330929E-33,-1.22464679914735E-16));
#9979=DIRECTION('',(1.22464679914735E-16,-1.22464679914735E-16,-1.));
#9980=DIRECTION('',(-1.,-7.49879891330929E-33,-1.22464679914735E-16));
#9981=DIRECTION('',(1.22464679914735E-16,-1.22464679914735E-16,-1.));
#9982=DIRECTION('',(-1.,-7.49879891330929E-33,-1.22464679914735E-16));
#9983=DIRECTION('',(1.22464679914735E-16,-1.22464679914735E-16,-1.));
#9984=DIRECTION('',(-1.,-7.49879891330929E-33,-1.22464679914735E-16));
#9985=DIRECTION('',(1.22464679914735E-16,-1.22464679914735E-16,-1.));
#9986=DIRECTION('',(-1.,-7.49879891330929E-33,-1.22464679914735E-16));
#9987=DIRECTION('',(-1.22464679914735E-16,1.22464679914735E-16,1.));
#9988=DIRECTION('',(1.,7.49879891330929E-33,1.22464679914735E-16));
#9989=DIRECTION('',(1.22464679914735E-16,-1.22464679914735E-16,-1.));
#9990=DIRECTION('',(-1.,-7.49879891330929E-33,-1.22464679914735E-16));
#9991=DIRECTION('',(1.22464679914735E-16,-1.22464679914735E-16,-1.));
#9992=DIRECTION('',(-1.,-7.49879891330929E-33,-1.22464679914735E-16));
#9993=DIRECTION('',(1.22464679914735E-16,-1.22464679914735E-16,-1.));
#9994=DIRECTION('',(-1.,-7.49879891330929E-33,-1.22464679914735E-16));
#9995=DIRECTION('',(1.22464679914735E-16,-1.22464679914735E-16,-1.));
#9996=DIRECTION('',(-1.,-7.49879891330929E-33,-1.22464679914735E-16));
#9997=DIRECTION('',(1.22464679914735E-16,-1.22464679914735E-16,-1.));
#9998=DIRECTION('',(-1.,-7.49879891330929E-33,-1.22464679914735E-16));
#9999=DIRECTION('',(0.70710678118655,-8.65956056235491E-17,-0.707106781186545));
#10000=DIRECTION('',(7.49879891330929E-33,1.,-1.22464679914735E-16));
#10001=DIRECTION('',(0.707106781186545,8.65956056235496E-17,0.70710678118655));
#10002=DIRECTION('',(-0.707106781186545,-8.65956056235496E-17,-0.70710678118655));
#10003=DIRECTION('',(1.22464679914735E-16,-1.22464679914735E-16,-1.));
#10004=DIRECTION('',(-1.,-7.49879891330929E-33,-1.22464679914735E-16));
#10005=DIRECTION('',(8.65956056235511E-17,0.707106781186533,-0.707106781186562));
#10006=DIRECTION('',(1.22464679914735E-16,-1.22464679914735E-16,-1.));
#10007=DIRECTION('',(-1.,-7.49879891330929E-33,-1.22464679914735E-16));
#10008=DIRECTION('',(-8.65956056235511E-17,0.707106781186533,0.707106781186562));
#10009=DIRECTION('',(-8.65956056235491E-17,0.70710678118655,0.707106781186545));
#10010=DIRECTION('',(1.,7.49879891330929E-33,1.22464679914735E-16));
#10011=DIRECTION('',(8.65956056235496E-17,0.707106781186545,-0.70710678118655));
#10012=DIRECTION('',(8.65956056235491E-17,0.70710678118655,-0.707106781186545));
#10013=DIRECTION('',(-1.,-7.49879891330929E-33,-1.22464679914735E-16));
#10014=DIRECTION('',(-8.65956056235496E-17,0.707106781186545,0.70710678118655));
#10015=DIRECTION('',(1.22464679914735E-16,-1.22464679914735E-16,-1.));
#10016=DIRECTION('',(-1.,-7.49879891330929E-33,-1.22464679914735E-16));
#10017=DIRECTION('',(0.707106781186533,-8.65956056235511E-17,-0.707106781186562));
#10018=DIRECTION('',(1.22464679914735E-16,-1.22464679914735E-16,-1.));
#10019=DIRECTION('',(-1.,-7.49879891330929E-33,-1.22464679914735E-16));
#10020=DIRECTION('',(-0.707106781186539,8.65956056235504E-17,0.707106781186556));
#10021=DIRECTION('',(0.707106781186556,8.65956056235483E-17,0.707106781186539));
#10022=DIRECTION('',(-7.49879891330929E-33,-1.,1.22464679914735E-16));
#10023=DIRECTION('',(1.22464679914735E-16,-1.22464679914735E-16,-1.));
#10024=DIRECTION('',(-1.,-7.49879891330929E-33,-1.22464679914735E-16));
#10025=DIRECTION('',(0.707106781186555,8.65956056235484E-17,0.70710678118654));
#10026=DIRECTION('',(8.65956056235484E-17,0.707106781186555,-0.70710678118654));
#10027=DIRECTION('',(-8.65956056235487E-17,0.707106781186553,0.707106781186543));
#10028=DIRECTION('',(-1.,-7.49879891330929E-33,-1.22464679914735E-16));
#10029=DIRECTION('',(8.659560562355E-17,0.707106781186543,-0.707106781186553));
#10030=DIRECTION('',(0.707106781186553,-8.65956056235487E-17,-0.707106781186543));
#10031=DIRECTION('',(-7.49879891330929E-33,-1.,1.22464679914735E-16));
#10032=DIRECTION('',(0.707106781186543,8.659560562355E-17,0.707106781186553));
#10033=DIRECTION('',(1.22464679914735E-16,-1.22464679914735E-16,-1.));
#10034=DIRECTION('',(-1.,-7.49879891330929E-33,-1.22464679914735E-16));
#10035=DIRECTION('',(0.707106781186543,-8.659560562355E-17,-0.707106781186553));
#10036=DIRECTION('',(1.22464679914735E-16,-1.22464679914735E-16,-1.));
#10037=DIRECTION('',(-1.,-7.49879891330929E-33,-1.22464679914735E-16));
#10038=DIRECTION('',(-8.659560562355E-17,0.707106781186543,0.707106781186553));
#10039=DIRECTION('',(0.707106781186553,8.65956056235487E-17,0.707106781186543));
#10040=DIRECTION('',(7.49879891330929E-33,1.,-1.22464679914735E-16));
#10041=DIRECTION('',(0.707106781186543,-8.659560562355E-17,-0.707106781186553));
#10042=DIRECTION('',(8.65956056235487E-17,0.707106781186553,-0.707106781186543));
#10043=DIRECTION('',(1.,7.49879891330929E-33,1.22464679914735E-16));
#10044=DIRECTION('',(-8.659560562355E-17,0.707106781186543,0.707106781186553));
#10045=DIRECTION('',(1.22464679914735E-16,-1.22464679914735E-16,-1.));
#10046=DIRECTION('',(-1.,-7.49879891330929E-33,-1.22464679914735E-16));
#10047=DIRECTION('',(1.22464679914735E-16,-1.22464679914735E-16,-1.));
#10048=DIRECTION('',(-1.,-7.49879891330929E-33,-1.22464679914735E-16));
#10049=DIRECTION('',(0.707106781186549,8.65956056235492E-17,0.707106781186547));
#10050=DIRECTION('',(8.65956056235484E-17,0.707106781186555,-0.70710678118654));
#10051=DIRECTION('',(-8.65956056235487E-17,0.707106781186553,0.707106781186543));
#10052=DIRECTION('',(-1.,-7.49879891330929E-33,-1.22464679914735E-16));
#10053=DIRECTION('',(8.659560562355E-17,0.707106781186543,-0.707106781186553));
#10054=DIRECTION('',(0.707106781186553,-8.65956056235487E-17,-0.707106781186543));
#10055=DIRECTION('',(-7.49879891330929E-33,-1.,1.22464679914735E-16));
#10056=DIRECTION('',(0.707106781186543,8.659560562355E-17,0.707106781186553));
#10057=DIRECTION('',(1.22464679914735E-16,-1.22464679914735E-16,-1.));
#10058=DIRECTION('',(-1.,-7.49879891330929E-33,-1.22464679914735E-16));
#10059=DIRECTION('',(0.707106781186543,-8.659560562355E-17,-0.707106781186553));
#10060=DIRECTION('',(1.22464679914735E-16,-1.22464679914735E-16,-1.));
#10061=DIRECTION('',(-1.,-7.49879891330929E-33,-1.22464679914735E-16));
#10062=DIRECTION('',(-8.659560562355E-17,0.707106781186543,0.707106781186553));
#10063=DIRECTION('',(0.707106781186553,8.65956056235487E-17,0.707106781186543));
#10064=DIRECTION('',(7.49879891330929E-33,1.,-1.22464679914735E-16));
#10065=DIRECTION('',(0.707106781186543,-8.659560562355E-17,-0.707106781186553));
#10066=DIRECTION('',(8.65956056235487E-17,0.707106781186553,-0.707106781186543));
#10067=DIRECTION('',(1.,7.49879891330929E-33,1.22464679914735E-16));
#10068=DIRECTION('',(-8.659560562355E-17,0.707106781186543,0.707106781186553));
#10069=DIRECTION('',(1.22464679914735E-16,-1.22464679914735E-16,-1.));
#10070=DIRECTION('',(-1.,-7.49879891330929E-33,-1.22464679914735E-16));
#10071=DIRECTION('',(1.22464679914735E-16,-1.22464679914735E-16,-1.));
#10072=DIRECTION('',(-1.,-7.49879891330929E-33,-1.22464679914735E-16));
#10073=DIRECTION('',(0.707106781186547,8.65956056235494E-17,0.707106781186548));
#10074=DIRECTION('',(8.65956056235484E-17,0.707106781186555,-0.70710678118654));
#10075=DIRECTION('',(-8.65956056235487E-17,0.707106781186553,0.707106781186543));
#10076=DIRECTION('',(-1.,-7.49879891330929E-33,-1.22464679914735E-16));
#10077=DIRECTION('',(8.659560562355E-17,0.707106781186543,-0.707106781186553));
#10078=DIRECTION('',(0.707106781186553,-8.65956056235487E-17,-0.707106781186543));
#10079=DIRECTION('',(-7.49879891330929E-33,-1.,1.22464679914735E-16));
#10080=DIRECTION('',(0.707106781186543,8.659560562355E-17,0.707106781186553));
#10081=DIRECTION('',(1.22464679914735E-16,-1.22464679914735E-16,-1.));
#10082=DIRECTION('',(-1.,-7.49879891330929E-33,-1.22464679914735E-16));
#10083=DIRECTION('',(0.707106781186543,-8.659560562355E-17,-0.707106781186553));
#10084=DIRECTION('',(1.22464679914735E-16,-1.22464679914735E-16,-1.));
#10085=DIRECTION('',(-1.,-7.49879891330929E-33,-1.22464679914735E-16));
#10086=DIRECTION('',(-8.659560562355E-17,0.707106781186543,0.707106781186553));
#10087=DIRECTION('',(0.707106781186553,8.65956056235487E-17,0.707106781186543));
#10088=DIRECTION('',(7.49879891330929E-33,1.,-1.22464679914735E-16));
#10089=DIRECTION('',(0.707106781186543,-8.659560562355E-17,-0.707106781186553));
#10090=DIRECTION('',(8.65956056235487E-17,0.707106781186553,-0.707106781186543));
#10091=DIRECTION('',(1.,7.49879891330929E-33,1.22464679914735E-16));
#10092=DIRECTION('',(-8.659560562355E-17,0.707106781186543,0.707106781186553));
#10093=DIRECTION('',(1.22464679914735E-16,-1.22464679914735E-16,-1.));
#10094=DIRECTION('',(-1.,-7.49879891330929E-33,-1.22464679914735E-16));
#10095=DIRECTION('',(1.22464679914735E-16,-1.22464679914735E-16,-1.));
#10096=DIRECTION('',(-1.,-7.49879891330929E-33,-1.22464679914735E-16));
#10097=DIRECTION('',(0.707106781186549,8.65956056235492E-17,0.707106781186547));
#10098=DIRECTION('',(8.65956056235484E-17,0.707106781186555,-0.70710678118654));
#10099=DIRECTION('',(-8.65956056235487E-17,0.707106781186553,0.707106781186543));
#10100=DIRECTION('',(-1.,-7.49879891330929E-33,-1.22464679914735E-16));
#10101=DIRECTION('',(8.659560562355E-17,0.707106781186543,-0.707106781186553));
#10102=DIRECTION('',(0.707106781186553,-8.65956056235487E-17,-0.707106781186543));
#10103=DIRECTION('',(-7.49879891330929E-33,-1.,1.22464679914735E-16));
#10104=DIRECTION('',(0.707106781186543,8.659560562355E-17,0.707106781186553));
#10105=DIRECTION('',(1.22464679914735E-16,-1.22464679914735E-16,-1.));
#10106=DIRECTION('',(-1.,-7.49879891330929E-33,-1.22464679914735E-16));
#10107=DIRECTION('',(0.707106781186543,-8.659560562355E-17,-0.707106781186553));
#10108=DIRECTION('',(1.22464679914735E-16,-1.22464679914735E-16,-1.));
#10109=DIRECTION('',(-1.,-7.49879891330929E-33,-1.22464679914735E-16));
#10110=DIRECTION('',(-8.659560562355E-17,0.707106781186543,0.707106781186553));
#10111=DIRECTION('',(0.707106781186553,8.65956056235487E-17,0.707106781186543));
#10112=DIRECTION('',(7.49879891330929E-33,1.,-1.22464679914735E-16));
#10113=DIRECTION('',(0.707106781186543,-8.659560562355E-17,-0.707106781186553));
#10114=DIRECTION('',(8.65956056235487E-17,0.707106781186553,-0.707106781186543));
#10115=DIRECTION('',(1.,7.49879891330929E-33,1.22464679914735E-16));
#10116=DIRECTION('',(-8.659560562355E-17,0.707106781186543,0.707106781186553));
#10117=DIRECTION('',(1.22464679914735E-16,-1.22464679914735E-16,-1.));
#10118=DIRECTION('',(-1.,-7.49879891330929E-33,-1.22464679914735E-16));
#10119=DIRECTION('',(1.22464679914735E-16,-1.22464679914735E-16,-1.));
#10120=DIRECTION('',(-1.,-7.49879891330929E-33,-1.22464679914735E-16));
#10121=DIRECTION('',(0.707106781186543,8.659560562355E-17,0.707106781186553));
#10122=DIRECTION('',(8.65956056235507E-17,0.707106781186536,-0.707106781186559));
#10123=DIRECTION('',(-8.65956056235487E-17,0.707106781186553,0.707106781186543));
#10124=DIRECTION('',(-1.,-7.49879891330929E-33,-1.22464679914735E-16));
#10125=DIRECTION('',(8.659560562355E-17,0.707106781186543,-0.707106781186553));
#10126=DIRECTION('',(0.707106781186553,-8.65956056235487E-17,-0.707106781186543));
#10127=DIRECTION('',(-7.49879891330929E-33,-1.,1.22464679914735E-16));
#10128=DIRECTION('',(0.707106781186543,8.659560562355E-17,0.707106781186553));
#10129=DIRECTION('',(1.22464679914735E-16,-1.22464679914735E-16,-1.));
#10130=DIRECTION('',(-1.,-7.49879891330929E-33,-1.22464679914735E-16));
#10131=DIRECTION('',(0.707106781186543,-8.659560562355E-17,-0.707106781186553));
#10132=DIRECTION('',(1.22464679914735E-16,-1.22464679914735E-16,-1.));
#10133=DIRECTION('',(-1.,-7.49879891330929E-33,-1.22464679914735E-16));
#10134=DIRECTION('',(-8.659560562355E-17,0.707106781186542,0.707106781186553));
#10135=DIRECTION('',(0.707106781186553,8.65956056235487E-17,0.707106781186543));
#10136=DIRECTION('',(7.49879891330929E-33,1.,-1.22464679914735E-16));
#10137=DIRECTION('',(0.707106781186543,-8.659560562355E-17,-0.707106781186553));
#10138=DIRECTION('',(8.65956056235491E-17,0.707106781186549,-0.707106781186546));
#10139=DIRECTION('',(1.,7.49879891330929E-33,1.22464679914735E-16));
#10140=DIRECTION('',(-8.65956056235496E-17,0.707106781186546,0.707106781186549));
#10141=DIRECTION('',(1.22464679914735E-16,-1.22464679914735E-16,-1.));
#10142=DIRECTION('',(-1.,-7.49879891330929E-33,-1.22464679914735E-16));
#10143=DIRECTION('',(1.22464679914735E-16,-1.22464679914735E-16,-1.));
#10144=DIRECTION('',(-1.,-7.49879891330929E-33,-1.22464679914735E-16));
#10145=DIRECTION('',(0.707106781186543,8.659560562355E-17,0.707106781186553));
#10146=DIRECTION('',(8.659560562355E-17,0.707106781186543,-0.707106781186553));
#10147=DIRECTION('',(-8.65956056235487E-17,0.707106781186553,0.707106781186543));
#10148=DIRECTION('',(-1.,-7.49879891330929E-33,-1.22464679914735E-16));
#10149=DIRECTION('',(8.659560562355E-17,0.707106781186543,-0.707106781186553));
#10150=DIRECTION('',(0.707106781186553,-8.65956056235487E-17,-0.707106781186543));
#10151=DIRECTION('',(-7.49879891330929E-33,-1.,1.22464679914735E-16));
#10152=DIRECTION('',(0.707106781186543,8.659560562355E-17,0.707106781186553));
#10153=DIRECTION('',(1.22464679914735E-16,-1.22464679914735E-16,-1.));
#10154=DIRECTION('',(-1.,-7.49879891330929E-33,-1.22464679914735E-16));
#10155=DIRECTION('',(0.707106781186543,-8.659560562355E-17,-0.707106781186553));
#10156=DIRECTION('',(1.22464679914735E-16,-1.22464679914735E-16,-1.));
#10157=DIRECTION('',(-1.,-7.49879891330929E-33,-1.22464679914735E-16));
#10158=DIRECTION('',(-8.659560562355E-17,0.707106781186542,0.707106781186553));
#10159=DIRECTION('',(0.70710678118655,8.6595605623549E-17,0.707106781186545));
#10160=DIRECTION('',(7.49879891330929E-33,1.,-1.22464679914735E-16));
#10161=DIRECTION('',(0.707106781186545,-8.65956056235497E-17,-0.70710678118655));
#10162=DIRECTION('',(8.65956056235491E-17,0.707106781186549,-0.707106781186546));
#10163=DIRECTION('',(1.,7.49879891330929E-33,1.22464679914735E-16));
#10164=DIRECTION('',(-8.65956056235496E-17,0.707106781186546,0.707106781186549));
#10165=DIRECTION('',(1.22464679914735E-16,-1.22464679914735E-16,-1.));
#10166=DIRECTION('',(-1.,-7.49879891330929E-33,-1.22464679914735E-16));
#10167=DIRECTION('',(1.22464679914735E-16,-1.22464679914735E-16,-1.));
#10168=DIRECTION('',(-1.,-7.49879891330929E-33,-1.22464679914735E-16));
#10169=DIRECTION('',(0.707106781186542,8.659560562355E-17,0.707106781186553));
#10170=DIRECTION('',(8.659560562355E-17,0.707106781186543,-0.707106781186553));
#10171=DIRECTION('',(-8.65956056235487E-17,0.707106781186553,0.707106781186543));
#10172=DIRECTION('',(-1.,-7.49879891330929E-33,-1.22464679914735E-16));
#10173=DIRECTION('',(8.659560562355E-17,0.707106781186543,-0.707106781186553));
#10174=DIRECTION('',(0.70710678118655,-8.6595605623549E-17,-0.707106781186545));
#10175=DIRECTION('',(-7.49879891330929E-33,-1.,1.22464679914735E-16));
#10176=DIRECTION('',(0.707106781186545,8.65956056235497E-17,0.70710678118655));
#10177=DIRECTION('',(1.22464679914735E-16,-1.22464679914735E-16,-1.));
#10178=DIRECTION('',(-1.,-7.49879891330929E-33,-1.22464679914735E-16));
#10179=DIRECTION('',(0.707106781186543,-8.659560562355E-17,-0.707106781186553));
#10180=DIRECTION('',(1.22464679914735E-16,-1.22464679914735E-16,-1.));
#10181=DIRECTION('',(-1.,-7.49879891330929E-33,-1.22464679914735E-16));
#10182=DIRECTION('',(-8.65956056235499E-17,0.707106781186544,0.707106781186552));
#10183=DIRECTION('',(0.707106781186553,8.65956056235487E-17,0.707106781186543));
#10184=DIRECTION('',(7.49879891330929E-33,1.,-1.22464679914735E-16));
#10185=DIRECTION('',(0.707106781186543,-8.659560562355E-17,-0.707106781186553));
#10186=DIRECTION('',(8.65956056235491E-17,0.707106781186549,-0.707106781186546));
#10187=DIRECTION('',(1.,7.49879891330929E-33,1.22464679914735E-16));
#10188=DIRECTION('',(-8.65956056235496E-17,0.707106781186546,0.707106781186549));
#10189=DIRECTION('',(1.22464679914735E-16,-1.22464679914735E-16,-1.));
#10190=DIRECTION('',(-1.,-7.49879891330929E-33,-1.22464679914735E-16));
#10191=DIRECTION('',(1.22464679914735E-16,-1.22464679914735E-16,-1.));
#10192=DIRECTION('',(-1.,-7.49879891330929E-33,-1.22464679914735E-16));
#10193=DIRECTION('',(0.707106781186543,8.659560562355E-17,0.707106781186553));
#10194=DIRECTION('',(8.659560562355E-17,0.707106781186543,-0.707106781186553));
#10195=DIRECTION('',(-8.65956056235487E-17,0.707106781186553,0.707106781186543));
#10196=DIRECTION('',(-1.,-7.49879891330929E-33,-1.22464679914735E-16));
#10197=DIRECTION('',(8.659560562355E-17,0.707106781186543,-0.707106781186553));
#10198=DIRECTION('',(0.707106781186553,-8.65956056235487E-17,-0.707106781186543));
#10199=DIRECTION('',(-7.49879891330929E-33,-1.,1.22464679914735E-16));
#10200=DIRECTION('',(0.707106781186543,8.659560562355E-17,0.707106781186553));
#10201=DIRECTION('',(1.22464679914735E-16,-1.22464679914735E-16,-1.));
#10202=DIRECTION('',(-1.,-7.49879891330929E-33,-1.22464679914735E-16));
#10203=DIRECTION('',(0.707106781186543,-8.659560562355E-17,-0.707106781186553));
#10204=DIRECTION('',(1.22464679914735E-16,-1.22464679914735E-16,-1.));
#10205=DIRECTION('',(-1.,-7.49879891330929E-33,-1.22464679914735E-16));
#10206=DIRECTION('',(-8.659560562355E-17,0.707106781186542,0.707106781186553));
#10207=DIRECTION('',(0.707106781186553,8.65956056235487E-17,0.707106781186543));
#10208=DIRECTION('',(7.49879891330929E-33,1.,-1.22464679914735E-16));
#10209=DIRECTION('',(0.707106781186543,-8.659560562355E-17,-0.707106781186553));
#10210=DIRECTION('',(8.65956056235491E-17,0.707106781186549,-0.707106781186546));
#10211=DIRECTION('',(1.,7.49879891330929E-33,1.22464679914735E-16));
#10212=DIRECTION('',(-8.65956056235496E-17,0.707106781186546,0.707106781186549));
#10213=DIRECTION('',(1.22464679914735E-16,-1.22464679914735E-16,-1.));
#10214=DIRECTION('',(-1.,-7.49879891330929E-33,-1.22464679914735E-16));
#10215=DIRECTION('',(1.22464679914735E-16,-1.22464679914735E-16,-1.));
#10216=DIRECTION('',(-1.,-7.49879891330929E-33,-1.22464679914735E-16));
#10217=DIRECTION('',(0.707106781186543,8.659560562355E-17,0.707106781186553));
#10218=DIRECTION('',(8.65956056235507E-17,0.707106781186536,-0.707106781186559));
#10219=DIRECTION('',(-8.65956056235487E-17,0.707106781186553,0.707106781186543));
#10220=DIRECTION('',(-1.,-7.49879891330929E-33,-1.22464679914735E-16));
#10221=DIRECTION('',(8.659560562355E-17,0.707106781186543,-0.707106781186553));
#10222=DIRECTION('',(0.707106781186553,-8.65956056235487E-17,-0.707106781186543));
#10223=DIRECTION('',(-7.49879891330929E-33,-1.,1.22464679914735E-16));
#10224=DIRECTION('',(0.707106781186543,8.659560562355E-17,0.707106781186553));
#10225=DIRECTION('',(1.22464679914735E-16,-1.22464679914735E-16,-1.));
#10226=DIRECTION('',(-1.,-7.49879891330929E-33,-1.22464679914735E-16));
#10227=DIRECTION('',(0.707106781186543,-8.659560562355E-17,-0.707106781186553));
#10228=DIRECTION('',(1.22464679914735E-16,-1.22464679914735E-16,-1.));
#10229=DIRECTION('',(-1.,-7.49879891330929E-33,-1.22464679914735E-16));
#10230=DIRECTION('',(-8.659560562355E-17,0.707106781186543,0.707106781186553));
#10231=DIRECTION('',(0.707106781186553,8.65956056235487E-17,0.707106781186543));
#10232=DIRECTION('',(7.49879891330929E-33,1.,-1.22464679914735E-16));
#10233=DIRECTION('',(0.707106781186543,-8.659560562355E-17,-0.707106781186553));
#10234=DIRECTION('',(8.65956056235487E-17,0.707106781186553,-0.707106781186543));
#10235=DIRECTION('',(1.,7.49879891330929E-33,1.22464679914735E-16));
#10236=DIRECTION('',(-8.659560562355E-17,0.707106781186543,0.707106781186553));
#10237=DIRECTION('',(1.22464679914735E-16,-1.22464679914735E-16,-1.));
#10238=DIRECTION('',(-1.,-7.49879891330929E-33,-1.22464679914735E-16));
#10239=DIRECTION('',(1.22464679914735E-16,-1.22464679914735E-16,-1.));
#10240=DIRECTION('',(-1.,-7.49879891330929E-33,-1.22464679914735E-16));
#10241=DIRECTION('',(0.707106781186543,8.659560562355E-17,0.707106781186553));
#10242=DIRECTION('',(8.659560562355E-17,0.707106781186543,-0.707106781186553));
#10243=DIRECTION('',(-8.65956056235487E-17,0.707106781186553,0.707106781186543));
#10244=DIRECTION('',(-1.,-7.49879891330929E-33,-1.22464679914735E-16));
#10245=DIRECTION('',(8.659560562355E-17,0.707106781186543,-0.707106781186553));
#10246=DIRECTION('',(0.707106781186553,-8.65956056235487E-17,-0.707106781186543));
#10247=DIRECTION('',(-7.49879891330929E-33,-1.,1.22464679914735E-16));
#10248=DIRECTION('',(0.707106781186543,8.659560562355E-17,0.707106781186553));
#10249=DIRECTION('',(1.22464679914735E-16,-1.22464679914735E-16,-1.));
#10250=DIRECTION('',(-1.,-7.49879891330929E-33,-1.22464679914735E-16));
#10251=DIRECTION('',(0.707106781186542,-8.659560562355E-17,-0.707106781186553));
#10252=DIRECTION('',(1.22464679914735E-16,-1.22464679914735E-16,-1.));
#10253=DIRECTION('',(-1.,-7.49879891330929E-33,-1.22464679914735E-16));
#10254=DIRECTION('',(-8.659560562355E-17,0.707106781186543,0.707106781186553));
#10255=DIRECTION('',(0.707106781186553,8.65956056235487E-17,0.707106781186543));
#10256=DIRECTION('',(7.49879891330929E-33,1.,-1.22464679914735E-16));
#10257=DIRECTION('',(0.707106781186543,-8.659560562355E-17,-0.707106781186553));
#10258=DIRECTION('',(8.65956056235487E-17,0.707106781186553,-0.707106781186543));
#10259=DIRECTION('',(1.,7.49879891330929E-33,1.22464679914735E-16));
#10260=DIRECTION('',(-8.659560562355E-17,0.707106781186543,0.707106781186553));
#10261=DIRECTION('',(1.22464679914735E-16,-1.22464679914735E-16,-1.));
#10262=DIRECTION('',(-1.,-7.49879891330929E-33,-1.22464679914735E-16));
#10263=DIRECTION('',(1.22464679914735E-16,-1.22464679914735E-16,-1.));
#10264=DIRECTION('',(-1.,-7.49879891330929E-33,-1.22464679914735E-16));
#10265=DIRECTION('',(0.707106781186542,8.659560562355E-17,0.707106781186553));
#10266=DIRECTION('',(8.659560562355E-17,0.707106781186542,-0.707106781186553));
#10267=DIRECTION('',(-8.65956056235487E-17,0.707106781186553,0.707106781186543));
#10268=DIRECTION('',(-1.,-7.49879891330929E-33,-1.22464679914735E-16));
#10269=DIRECTION('',(8.659560562355E-17,0.707106781186543,-0.707106781186553));
#10270=DIRECTION('',(0.707106781186553,-8.65956056235487E-17,-0.707106781186543));
#10271=DIRECTION('',(-7.49879891330929E-33,-1.,1.22464679914735E-16));
#10272=DIRECTION('',(0.707106781186543,8.659560562355E-17,0.707106781186553));
#10273=DIRECTION('',(1.22464679914735E-16,-1.22464679914735E-16,-1.));
#10274=DIRECTION('',(-1.,-7.49879891330929E-33,-1.22464679914735E-16));
#10275=DIRECTION('',(0.707106781186543,-8.659560562355E-17,-0.707106781186553));
#10276=DIRECTION('',(1.22464679914735E-16,-1.22464679914735E-16,-1.));
#10277=DIRECTION('',(-1.,-7.49879891330929E-33,-1.22464679914735E-16));
#10278=DIRECTION('',(-8.659560562355E-17,0.707106781186543,0.707106781186553));
#10279=DIRECTION('',(0.707106781186553,8.65956056235487E-17,0.707106781186543));
#10280=DIRECTION('',(7.49879891330929E-33,1.,-1.22464679914735E-16));
#10281=DIRECTION('',(0.707106781186543,-8.659560562355E-17,-0.707106781186553));
#10282=DIRECTION('',(8.65956056235487E-17,0.707106781186553,-0.707106781186543));
#10283=DIRECTION('',(1.,7.49879891330929E-33,1.22464679914735E-16));
#10284=DIRECTION('',(-8.659560562355E-17,0.707106781186543,0.707106781186553));
#10285=DIRECTION('',(1.22464679914735E-16,-1.22464679914735E-16,-1.));
#10286=DIRECTION('',(-1.,-7.49879891330929E-33,-1.22464679914735E-16));
#10287=DIRECTION('',(1.22464679914735E-16,-1.22464679914735E-16,-1.));
#10288=DIRECTION('',(-1.,-7.49879891330929E-33,-1.22464679914735E-16));
#10289=DIRECTION('',(0.707106781186543,8.659560562355E-17,0.707106781186553));
#10290=DIRECTION('',(8.659560562355E-17,0.707106781186543,-0.707106781186553));
#10291=DIRECTION('',(-8.65956056235487E-17,0.707106781186553,0.707106781186543));
#10292=DIRECTION('',(-1.,-7.49879891330929E-33,-1.22464679914735E-16));
#10293=DIRECTION('',(8.659560562355E-17,0.707106781186543,-0.707106781186553));
#10294=DIRECTION('',(0.707106781186553,-8.65956056235487E-17,-0.707106781186543));
#10295=DIRECTION('',(-7.49879891330929E-33,-1.,1.22464679914735E-16));
#10296=DIRECTION('',(0.707106781186543,8.659560562355E-17,0.707106781186553));
#10297=DIRECTION('',(1.22464679914735E-16,-1.22464679914735E-16,-1.));
#10298=DIRECTION('',(-1.,-7.49879891330929E-33,-1.22464679914735E-16));
#10299=DIRECTION('',(0.707106781186543,-8.659560562355E-17,-0.707106781186553));
#10300=DIRECTION('',(1.22464679914735E-16,-1.22464679914735E-16,-1.));
#10301=DIRECTION('',(-1.,-7.49879891330929E-33,-1.22464679914735E-16));
#10302=DIRECTION('',(-8.659560562355E-17,0.707106781186543,0.707106781186553));
#10303=DIRECTION('',(0.707106781186553,8.65956056235487E-17,0.707106781186543));
#10304=DIRECTION('',(7.49879891330929E-33,1.,-1.22464679914735E-16));
#10305=DIRECTION('',(0.707106781186543,-8.659560562355E-17,-0.707106781186553));
#10306=DIRECTION('',(8.65956056235487E-17,0.707106781186553,-0.707106781186543));
#10307=DIRECTION('',(1.,7.49879891330929E-33,1.22464679914735E-16));
#10308=DIRECTION('',(-8.659560562355E-17,0.707106781186543,0.707106781186553));
#10309=DIRECTION('',(1.22464679914735E-16,-1.22464679914735E-16,-1.));
#10310=DIRECTION('',(-1.,-7.49879891330929E-33,-1.22464679914735E-16));
#10311=DIRECTION('',(1.22464679914735E-16,-1.22464679914735E-16,-1.));
#10312=DIRECTION('',(-1.,-7.49879891330929E-33,-1.22464679914735E-16));
#10313=DIRECTION('',(0.707106781186543,8.659560562355E-17,0.707106781186553));
#10314=DIRECTION('',(8.65956056235507E-17,0.707106781186536,-0.707106781186559));
#10315=DIRECTION('',(-8.65956056235487E-17,0.707106781186553,0.707106781186543));
#10316=DIRECTION('',(-1.,-7.49879891330929E-33,-1.22464679914735E-16));
#10317=DIRECTION('',(8.659560562355E-17,0.707106781186543,-0.707106781186553));
#10318=DIRECTION('',(0.707106781186553,-8.65956056235487E-17,-0.707106781186543));
#10319=DIRECTION('',(-7.49879891330929E-33,-1.,1.22464679914735E-16));
#10320=DIRECTION('',(0.707106781186543,8.659560562355E-17,0.707106781186553));
#10321=DIRECTION('',(1.22464679914735E-16,-1.22464679914735E-16,-1.));
#10322=DIRECTION('',(-1.,-7.49879891330929E-33,-1.22464679914735E-16));
#10323=DIRECTION('',(0.707106781186543,-8.659560562355E-17,-0.707106781186553));
#10324=DIRECTION('',(1.22464679914735E-16,-1.22464679914735E-16,-1.));
#10325=DIRECTION('',(-1.,-7.49879891330929E-33,-1.22464679914735E-16));
#10326=DIRECTION('',(-8.659560562355E-17,0.707106781186543,0.707106781186553));
#10327=DIRECTION('',(0.707106781186553,8.65956056235487E-17,0.707106781186543));
#10328=DIRECTION('',(7.49879891330929E-33,1.,-1.22464679914735E-16));
#10329=DIRECTION('',(0.707106781186543,-8.659560562355E-17,-0.707106781186553));
#10330=DIRECTION('',(8.65956056235487E-17,0.707106781186553,-0.707106781186543));
#10331=DIRECTION('',(1.,7.49879891330929E-33,1.22464679914735E-16));
#10332=DIRECTION('',(-8.659560562355E-17,0.707106781186543,0.707106781186553));
#10333=DIRECTION('',(1.22464679914735E-16,-1.22464679914735E-16,-1.));
#10334=DIRECTION('',(-1.,-7.49879891330929E-33,-1.22464679914735E-16));
#10335=DIRECTION('',(1.22464679914735E-16,-1.22464679914735E-16,-1.));
#10336=DIRECTION('',(-1.,-7.49879891330929E-33,-1.22464679914735E-16));
#10337=DIRECTION('',(0.707106781186543,8.659560562355E-17,0.707106781186553));
#10338=DIRECTION('',(8.659560562355E-17,0.707106781186543,-0.707106781186553));
#10339=DIRECTION('',(-8.65956056235487E-17,0.707106781186553,0.707106781186543));
#10340=DIRECTION('',(-1.,-7.49879891330929E-33,-1.22464679914735E-16));
#10341=DIRECTION('',(8.659560562355E-17,0.707106781186543,-0.707106781186553));
#10342=DIRECTION('',(0.707106781186553,-8.65956056235487E-17,-0.707106781186543));
#10343=DIRECTION('',(-7.49879891330929E-33,-1.,1.22464679914735E-16));
#10344=DIRECTION('',(0.707106781186543,8.659560562355E-17,0.707106781186553));
#10345=DIRECTION('',(1.22464679914735E-16,-1.22464679914735E-16,-1.));
#10346=DIRECTION('',(-1.,-7.49879891330929E-33,-1.22464679914735E-16));
#10347=DIRECTION('',(0.707106781186543,-8.659560562355E-17,-0.707106781186553));
#10348=DIRECTION('',(1.22464679914735E-16,-1.22464679914735E-16,-1.));
#10349=DIRECTION('',(-1.,-7.49879891330929E-33,-1.22464679914735E-16));
#10350=DIRECTION('',(-8.659560562355E-17,0.707106781186543,0.707106781186553));
#10351=DIRECTION('',(0.707106781186553,8.65956056235487E-17,0.707106781186543));
#10352=DIRECTION('',(7.49879891330929E-33,1.,-1.22464679914735E-16));
#10353=DIRECTION('',(0.707106781186543,-8.659560562355E-17,-0.707106781186553));
#10354=DIRECTION('',(8.65956056235487E-17,0.707106781186553,-0.707106781186543));
#10355=DIRECTION('',(1.,7.49879891330929E-33,1.22464679914735E-16));
#10356=DIRECTION('',(-8.659560562355E-17,0.707106781186543,0.707106781186553));
#10357=DIRECTION('',(1.22464679914735E-16,-1.22464679914735E-16,-1.));
#10358=DIRECTION('',(-1.,-7.49879891330929E-33,-1.22464679914735E-16));
#10359=DIRECTION('',(1.22464679914735E-16,-1.22464679914735E-16,-1.));
#10360=DIRECTION('',(-1.,-7.49879891330929E-33,-1.22464679914735E-16));
#10361=DIRECTION('',(0.707106781186542,8.659560562355E-17,0.707106781186553));
#10362=DIRECTION('',(8.659560562355E-17,0.707106781186543,-0.707106781186553));
#10363=DIRECTION('',(-8.65956056235487E-17,0.707106781186553,0.707106781186543));
#10364=DIRECTION('',(-1.,-7.49879891330929E-33,-1.22464679914735E-16));
#10365=DIRECTION('',(8.659560562355E-17,0.707106781186543,-0.707106781186553));
#10366=DIRECTION('',(0.707106781186553,-8.65956056235487E-17,-0.707106781186543));
#10367=DIRECTION('',(-7.49879891330929E-33,-1.,1.22464679914735E-16));
#10368=DIRECTION('',(0.707106781186543,8.659560562355E-17,0.707106781186553));
#10369=DIRECTION('',(1.22464679914735E-16,-1.22464679914735E-16,-1.));
#10370=DIRECTION('',(-1.,-7.49879891330929E-33,-1.22464679914735E-16));
#10371=DIRECTION('',(0.707106781186543,-8.659560562355E-17,-0.707106781186553));
#10372=DIRECTION('',(1.22464679914735E-16,-1.22464679914735E-16,-1.));
#10373=DIRECTION('',(-1.,-7.49879891330929E-33,-1.22464679914735E-16));
#10374=DIRECTION('',(-8.659560562355E-17,0.707106781186543,0.707106781186553));
#10375=DIRECTION('',(0.707106781186553,8.65956056235487E-17,0.707106781186543));
#10376=DIRECTION('',(7.49879891330929E-33,1.,-1.22464679914735E-16));
#10377=DIRECTION('',(0.707106781186543,-8.659560562355E-17,-0.707106781186553));
#10378=DIRECTION('',(8.65956056235487E-17,0.707106781186553,-0.707106781186543));
#10379=DIRECTION('',(1.,7.49879891330929E-33,1.22464679914735E-16));
#10380=DIRECTION('',(-8.659560562355E-17,0.707106781186543,0.707106781186553));
#10381=DIRECTION('',(1.22464679914735E-16,-1.22464679914735E-16,-1.));
#10382=DIRECTION('',(-1.,-7.49879891330929E-33,-1.22464679914735E-16));
#10383=DIRECTION('',(8.65956056235506E-17,-0.707106781186538,-0.707106781186557));
#10384=DIRECTION('',(1.,7.49879891330929E-33,1.22464679914735E-16));
#10385=DIRECTION('',(-8.65956056235481E-17,-0.707106781186557,0.707106781186538));
#10386=DIRECTION('',(8.65956056235481E-17,0.707106781186557,-0.707106781186538));
#10387=DIRECTION('',(-1.22464679914735E-16,1.22464679914735E-16,1.));
#10388=DIRECTION('',(1.,7.49879891330929E-33,1.22464679914735E-16));
#10389=DIRECTION('',(-0.707106781186533,-8.65956056235511E-17,-0.707106781186562));
#10390=DIRECTION('',(-1.22464679914735E-16,1.22464679914735E-16,1.));
#10391=DIRECTION('',(1.,7.49879891330929E-33,1.22464679914735E-16));
#10392=DIRECTION('',(-0.707106781186533,8.65956056235511E-17,0.707106781186562));
#10393=DIRECTION('',(0.70710678118655,7.76091232619739E-18,-0.707106781186545));
#10394=DIRECTION('',(1.33440267382831E-16,-1.,1.22464679914735E-16));
#10395=DIRECTION('',(-0.707106781186545,-8.65956056235496E-17,-0.70710678118655));
#10396=DIRECTION('',(0.70710678118655,-7.76091232619739E-18,0.707106781186545));
#10397=DIRECTION('',(1.33440267382831E-16,1.,-1.22464679914735E-16));
#10398=DIRECTION('',(-0.707106781186545,8.65956056235496E-17,0.70710678118655));
#10399=DIRECTION('',(-1.22464679914735E-16,1.22464679914735E-16,1.));
#10400=DIRECTION('',(1.,7.49879891330929E-33,1.22464679914735E-16));
#10401=DIRECTION('',(8.65956056235511E-17,-0.707106781186533,-0.707106781186562));
#10402=DIRECTION('',(-1.22464679914735E-16,1.22464679914735E-16,1.));
#10403=DIRECTION('',(1.,7.49879891330929E-33,1.22464679914735E-16));
#10404=DIRECTION('',(-8.65956056235511E-17,0.707106781186533,0.707106781186562));
#10405=DIRECTION('',(-8.65956056235476E-17,-0.707106781186562,0.707106781186533));
#10406=DIRECTION('',(-1.,-7.49879891330929E-33,-1.22464679914735E-16));
#10407=DIRECTION('',(1.22464679914735E-16,-1.22464679914735E-16,-1.));
#10408=DIRECTION('',(-1.,-7.49879891330929E-33,-1.22464679914735E-16));
#10409=DIRECTION('',(1.22464679914735E-16,-1.22464679914735E-16,-1.));
#10410=DIRECTION('',(-1.,-7.49879891330929E-33,-1.22464679914735E-16));
#10411=DIRECTION('',(1.22464679914735E-16,-1.22464679914735E-16,-1.));
#10412=DIRECTION('',(-1.,-7.49879891330929E-33,-1.22464679914735E-16));
#10413=DIRECTION('',(1.22464679914735E-16,-1.22464679914735E-16,-1.));
#10414=DIRECTION('',(-1.,-7.49879891330929E-33,-1.22464679914735E-16));
#10415=DIRECTION('',(1.22464679914735E-16,-1.22464679914735E-16,-1.));
#10416=DIRECTION('',(-1.,-7.49879891330929E-33,-1.22464679914735E-16));
#10417=DIRECTION('',(1.22464679914735E-16,-1.22464679914735E-16,-1.));
#10418=DIRECTION('',(-1.,-7.49879891330929E-33,-1.22464679914735E-16));
#10419=DIRECTION('',(1.22464679914735E-16,-1.22464679914735E-16,-1.));
#10420=DIRECTION('',(-1.,-7.49879891330929E-33,-1.22464679914735E-16));
#10421=DIRECTION('',(0.707106781186545,8.65956056235496E-17,0.70710678118655));
#10422=DIRECTION('',(8.65956056235496E-17,0.707106781186545,-0.70710678118655));
#10423=DIRECTION('',(8.65956056235491E-17,-0.70710678118655,-0.707106781186545));
#10424=DIRECTION('',(1.,7.49879891330929E-33,1.22464679914735E-16));
#10425=DIRECTION('',(8.65956056235496E-17,0.707106781186545,-0.70710678118655));
#10426=DIRECTION('',(-0.70710678118655,8.65956056235491E-17,0.707106781186545));
#10427=DIRECTION('',(7.49879891330929E-33,1.,-1.22464679914735E-16));
#10428=DIRECTION('',(0.707106781186545,8.65956056235496E-17,0.70710678118655));
#10429=DIRECTION('',(1.22464679914735E-16,-1.22464679914735E-16,-1.));
#10430=DIRECTION('',(-1.,-7.49879891330929E-33,-1.22464679914735E-16));
#10431=DIRECTION('',(0.707106781186545,-8.65956056235496E-17,-0.70710678118655));
#10432=DIRECTION('',(1.22464679914735E-16,-1.22464679914735E-16,-1.));
#10433=DIRECTION('',(-1.,-7.49879891330929E-33,-1.22464679914735E-16));
#10434=DIRECTION('',(-8.65956056235496E-17,0.707106781186545,0.70710678118655));
#10435=DIRECTION('',(-0.70710678118655,-8.65956056235491E-17,-0.707106781186545));
#10436=DIRECTION('',(-7.49879891330929E-33,-1.,1.22464679914735E-16));
#10437=DIRECTION('',(0.707106781186545,-8.65956056235496E-17,-0.70710678118655));
#10438=DIRECTION('',(-8.65956056235491E-17,-0.70710678118655,0.707106781186545));
#10439=DIRECTION('',(-1.,-7.49879891330929E-33,-1.22464679914735E-16));
#10440=DIRECTION('',(-8.65956056235496E-17,0.707106781186545,0.70710678118655));
#10441=DIRECTION('',(1.22464679914735E-16,-1.22464679914735E-16,-1.));
#10442=DIRECTION('',(-1.,-7.49879891330929E-33,-1.22464679914735E-16));
#10443=DIRECTION('',(-1.54197642309049E-16,1.,-1.22464679914735E-16));
#10444=DIRECTION('',(1.,1.54197642309049E-16,1.22464679914735E-16));
#10445=DIRECTION('',(-1.54197642309049E-16,1.,-1.22464679914735E-16));
#10446=DIRECTION('',(-3.05067151070189E-16,1.22464679914735E-16,1.));
#10447=DIRECTION('',(1.,2.98611520950016E-32,3.05067151070189E-16));
#10448=DIRECTION('',(-1.54197642309049E-16,1.,-1.22464679914735E-16));
#10449=DIRECTION('',(-1.54197642309049E-16,1.,-1.22464679914735E-16));
#10450=DIRECTION('',(1.,1.54197642309049E-16,1.22464679914735E-16));
#10451=DIRECTION('',(-1.54197642309049E-16,1.,-1.22464679914735E-16));
#10452=DIRECTION('',(-1.22464679914735E-16,1.22464679914735E-16,1.));
#10453=DIRECTION('',(1.,7.49879891330929E-33,1.22464679914735E-16));
#10454=DIRECTION('',(-1.22464679914735E-16,1.22464679914735E-16,1.));
#10455=DIRECTION('',(1.,7.49879891330929E-33,1.22464679914735E-16));
#10456=DIRECTION('',(-0.0174524064372831,0.999847695156391,-1.24583331318897E-16));
#10457=DIRECTION('',(-1.22464679914735E-16,1.22464679914735E-16,1.));
#10458=DIRECTION('',(1.,7.49879891330929E-33,1.22464679914735E-16));
#10459=DIRECTION('',(-0.70710678118655,-8.65956056235491E-17,-0.707106781186545));
#10460=DIRECTION('',(-7.49879891330929E-33,-1.,1.22464679914735E-16));
#10461=DIRECTION('',(-0.707106781186545,8.65956056235496E-17,0.70710678118655));
#10462=DIRECTION('',(0.707106781186545,-8.65956056235496E-17,-0.70710678118655));
#10463=DIRECTION('',(-1.22464679914735E-16,1.22464679914735E-16,1.));
#10464=DIRECTION('',(1.,7.49879891330929E-33,1.22464679914735E-16));
#10465=DIRECTION('',(8.65956056235496E-17,-0.707106781186546,-0.70710678118655));
#10466=DIRECTION('',(-1.22464679914735E-16,1.22464679914735E-16,1.));
#10467=DIRECTION('',(1.,7.49879891330929E-33,1.22464679914735E-16));
#10468=DIRECTION('',(-8.65956056235496E-17,-0.707106781186545,0.70710678118655));
#10469=DIRECTION('',(-8.65956056235491E-17,-0.70710678118655,0.707106781186545));
#10470=DIRECTION('',(-1.,-7.49879891330929E-33,-1.22464679914735E-16));
#10471=DIRECTION('',(8.65956056235496E-17,-0.707106781186545,-0.70710678118655));
#10472=DIRECTION('',(8.65956056235491E-17,-0.70710678118655,-0.707106781186545));
#10473=DIRECTION('',(1.,7.49879891330929E-33,1.22464679914735E-16));
#10474=DIRECTION('',(-8.65956056235496E-17,-0.707106781186545,0.70710678118655));
#10475=DIRECTION('',(-1.22464679914735E-16,1.22464679914735E-16,1.));
#10476=DIRECTION('',(1.,7.49879891330929E-33,1.22464679914735E-16));
#10477=DIRECTION('',(-0.707106781186545,-8.65956056235496E-17,-0.70710678118655));
#10478=DIRECTION('',(-1.22464679914735E-16,1.22464679914735E-16,1.));
#10479=DIRECTION('',(1.,7.49879891330929E-33,1.22464679914735E-16));
#10480=DIRECTION('',(0.707106781186545,8.65956056235496E-17,0.70710678118655));
#10481=DIRECTION('',(-0.70710678118655,8.65956056235491E-17,0.707106781186545));
#10482=DIRECTION('',(7.49879891330929E-33,1.,-1.22464679914735E-16));
#10483=DIRECTION('',(-1.22464679914735E-16,1.22464679914735E-16,1.));
#10484=DIRECTION('',(1.,7.49879891330929E-33,1.22464679914735E-16));
#10485=DIRECTION('',(-0.70710678118656,8.65956056235478E-17,0.707106781186535));
#10486=DIRECTION('',(8.65956056235478E-17,-0.70710678118656,-0.707106781186535));
#10487=DIRECTION('',(-8.65956056235494E-17,-0.707106781186548,0.707106781186548));
#10488=DIRECTION('',(1.,7.49879891330929E-33,1.22464679914735E-16));
#10489=DIRECTION('',(8.65956056235494E-17,-0.707106781186548,-0.707106781186548));
#10490=DIRECTION('',(-0.707106781186548,-8.65956056235494E-17,-0.707106781186548));
#10491=DIRECTION('',(7.49879891330929E-33,1.,-1.22464679914735E-16));
#10492=DIRECTION('',(-0.707106781186548,8.65956056235493E-17,0.707106781186547));
#10493=DIRECTION('',(-1.22464679914735E-16,1.22464679914735E-16,1.));
#10494=DIRECTION('',(1.,7.49879891330929E-33,1.22464679914735E-16));
#10495=DIRECTION('',(-0.707106781186548,-8.65956056235494E-17,-0.707106781186548));
#10496=DIRECTION('',(-1.22464679914735E-16,1.22464679914735E-16,1.));
#10497=DIRECTION('',(1.,7.49879891330929E-33,1.22464679914735E-16));
#10498=DIRECTION('',(-8.65956056235494E-17,-0.707106781186548,0.707106781186548));
#10499=DIRECTION('',(-0.707106781186548,8.65956056235494E-17,0.707106781186548));
#10500=DIRECTION('',(-7.49879891330929E-33,-1.,1.22464679914735E-16));
#10501=DIRECTION('',(-0.707106781186548,-8.65956056235494E-17,-0.707106781186548));
#10502=DIRECTION('',(8.65956056235494E-17,-0.707106781186548,-0.707106781186548));
#10503=DIRECTION('',(-1.,-7.49879891330929E-33,-1.22464679914735E-16));
#10504=DIRECTION('',(-8.65956056235493E-17,-0.707106781186547,0.707106781186548));
#10505=DIRECTION('',(-1.22464679914735E-16,1.22464679914735E-16,1.));
#10506=DIRECTION('',(1.,7.49879891330929E-33,1.22464679914735E-16));
#10507=DIRECTION('',(-1.22464679914735E-16,1.22464679914735E-16,1.));
#10508=DIRECTION('',(1.,7.49879891330929E-33,1.22464679914735E-16));
#10509=DIRECTION('',(-0.707106781186542,8.65956056235501E-17,0.707106781186554));
#10510=DIRECTION('',(8.65956056235494E-17,-0.707106781186548,-0.707106781186548));
#10511=DIRECTION('',(-8.65956056235494E-17,-0.707106781186548,0.707106781186548));
#10512=DIRECTION('',(1.,7.49879891330929E-33,1.22464679914735E-16));
#10513=DIRECTION('',(8.65956056235494E-17,-0.707106781186548,-0.707106781186548));
#10514=DIRECTION('',(-0.707106781186548,-8.65956056235494E-17,-0.707106781186548));
#10515=DIRECTION('',(7.49879891330929E-33,1.,-1.22464679914735E-16));
#10516=DIRECTION('',(-0.707106781186548,8.65956056235493E-17,0.707106781186547));
#10517=DIRECTION('',(-1.22464679914735E-16,1.22464679914735E-16,1.));
#10518=DIRECTION('',(1.,7.49879891330929E-33,1.22464679914735E-16));
#10519=DIRECTION('',(-0.707106781186548,-8.65956056235494E-17,-0.707106781186548));
#10520=DIRECTION('',(-1.22464679914735E-16,1.22464679914735E-16,1.));
#10521=DIRECTION('',(1.,7.49879891330929E-33,1.22464679914735E-16));
#10522=DIRECTION('',(-8.65956056235494E-17,-0.707106781186548,0.707106781186548));
#10523=DIRECTION('',(-0.707106781186548,8.65956056235494E-17,0.707106781186548));
#10524=DIRECTION('',(-7.49879891330929E-33,-1.,1.22464679914735E-16));
#10525=DIRECTION('',(-0.707106781186548,-8.65956056235494E-17,-0.707106781186548));
#10526=DIRECTION('',(8.65956056235494E-17,-0.707106781186548,-0.707106781186548));
#10527=DIRECTION('',(-1.,-7.49879891330929E-33,-1.22464679914735E-16));
#10528=DIRECTION('',(-8.65956056235493E-17,-0.707106781186547,0.707106781186548));
#10529=DIRECTION('',(-1.22464679914735E-16,1.22464679914735E-16,1.));
#10530=DIRECTION('',(1.,7.49879891330929E-33,1.22464679914735E-16));
#10531=DIRECTION('',(-1.22464679914735E-16,1.22464679914735E-16,1.));
#10532=DIRECTION('',(1.,7.49879891330929E-33,1.22464679914735E-16));
#10533=DIRECTION('',(-0.707106781186542,8.65956056235501E-17,0.707106781186554));
#10534=DIRECTION('',(8.65956056235494E-17,-0.707106781186548,-0.707106781186548));
#10535=DIRECTION('',(-8.65956056235494E-17,-0.707106781186548,0.707106781186548));
#10536=DIRECTION('',(1.,7.49879891330929E-33,1.22464679914735E-16));
#10537=DIRECTION('',(8.65956056235494E-17,-0.707106781186548,-0.707106781186548));
#10538=DIRECTION('',(-0.707106781186548,-8.65956056235494E-17,-0.707106781186548));
#10539=DIRECTION('',(7.49879891330929E-33,1.,-1.22464679914735E-16));
#10540=DIRECTION('',(-0.707106781186548,8.65956056235493E-17,0.707106781186547));
#10541=DIRECTION('',(-1.22464679914735E-16,1.22464679914735E-16,1.));
#10542=DIRECTION('',(1.,7.49879891330929E-33,1.22464679914735E-16));
#10543=DIRECTION('',(-0.707106781186548,-8.65956056235494E-17,-0.707106781186548));
#10544=DIRECTION('',(-1.22464679914735E-16,1.22464679914735E-16,1.));
#10545=DIRECTION('',(1.,7.49879891330929E-33,1.22464679914735E-16));
#10546=DIRECTION('',(-8.65956056235494E-17,-0.707106781186548,0.707106781186548));
#10547=DIRECTION('',(-0.707106781186548,8.65956056235494E-17,0.707106781186548));
#10548=DIRECTION('',(-7.49879891330929E-33,-1.,1.22464679914735E-16));
#10549=DIRECTION('',(-0.707106781186548,-8.65956056235494E-17,-0.707106781186548));
#10550=DIRECTION('',(8.65956056235494E-17,-0.707106781186548,-0.707106781186548));
#10551=DIRECTION('',(-1.,-7.49879891330929E-33,-1.22464679914735E-16));
#10552=DIRECTION('',(-8.65956056235493E-17,-0.707106781186547,0.707106781186548));
#10553=DIRECTION('',(-1.22464679914735E-16,1.22464679914735E-16,1.));
#10554=DIRECTION('',(1.,7.49879891330929E-33,1.22464679914735E-16));
#10555=DIRECTION('',(-1.22464679914735E-16,1.22464679914735E-16,1.));
#10556=DIRECTION('',(1.,7.49879891330929E-33,1.22464679914735E-16));
#10557=DIRECTION('',(-0.707106781186542,8.65956056235501E-17,0.707106781186554));
#10558=DIRECTION('',(8.65956056235494E-17,-0.707106781186548,-0.707106781186548));
#10559=DIRECTION('',(-8.65956056235494E-17,-0.707106781186548,0.707106781186548));
#10560=DIRECTION('',(1.,7.49879891330929E-33,1.22464679914735E-16));
#10561=DIRECTION('',(8.65956056235494E-17,-0.707106781186548,-0.707106781186548));
#10562=DIRECTION('',(-0.707106781186548,-8.65956056235494E-17,-0.707106781186548));
#10563=DIRECTION('',(7.49879891330929E-33,1.,-1.22464679914735E-16));
#10564=DIRECTION('',(-0.707106781186548,8.65956056235493E-17,0.707106781186547));
#10565=DIRECTION('',(-1.22464679914735E-16,1.22464679914735E-16,1.));
#10566=DIRECTION('',(1.,7.49879891330929E-33,1.22464679914735E-16));
#10567=DIRECTION('',(-0.707106781186548,-8.65956056235494E-17,-0.707106781186548));
#10568=DIRECTION('',(-1.22464679914735E-16,1.22464679914735E-16,1.));
#10569=DIRECTION('',(1.,7.49879891330929E-33,1.22464679914735E-16));
#10570=DIRECTION('',(-8.65956056235494E-17,-0.707106781186548,0.707106781186548));
#10571=DIRECTION('',(-0.707106781186548,8.65956056235494E-17,0.707106781186548));
#10572=DIRECTION('',(-7.49879891330929E-33,-1.,1.22464679914735E-16));
#10573=DIRECTION('',(-0.707106781186548,-8.65956056235494E-17,-0.707106781186548));
#10574=DIRECTION('',(8.65956056235494E-17,-0.707106781186548,-0.707106781186548));
#10575=DIRECTION('',(-1.,-7.49879891330929E-33,-1.22464679914735E-16));
#10576=DIRECTION('',(-8.65956056235493E-17,-0.707106781186547,0.707106781186548));
#10577=DIRECTION('',(-1.22464679914735E-16,1.22464679914735E-16,1.));
#10578=DIRECTION('',(1.,7.49879891330929E-33,1.22464679914735E-16));
#10579=DIRECTION('',(-1.22464679914735E-16,1.22464679914735E-16,1.));
#10580=DIRECTION('',(1.,7.49879891330929E-33,1.22464679914735E-16));
#10581=DIRECTION('',(-0.70710678118656,8.65956056235478E-17,0.707106781186535));
#10582=DIRECTION('',(8.65956056235486E-17,-0.707106781186554,-0.707106781186541));
#10583=DIRECTION('',(-8.65956056235494E-17,-0.707106781186548,0.707106781186548));
#10584=DIRECTION('',(1.,7.49879891330929E-33,1.22464679914735E-16));
#10585=DIRECTION('',(8.65956056235494E-17,-0.707106781186548,-0.707106781186548));
#10586=DIRECTION('',(-0.707106781186548,-8.65956056235494E-17,-0.707106781186548));
#10587=DIRECTION('',(7.49879891330929E-33,1.,-1.22464679914735E-16));
#10588=DIRECTION('',(-0.707106781186548,8.65956056235493E-17,0.707106781186547));
#10589=DIRECTION('',(-1.22464679914735E-16,1.22464679914735E-16,1.));
#10590=DIRECTION('',(1.,7.49879891330929E-33,1.22464679914735E-16));
#10591=DIRECTION('',(-0.707106781186548,-8.65956056235494E-17,-0.707106781186548));
#10592=DIRECTION('',(-1.22464679914735E-16,1.22464679914735E-16,1.));
#10593=DIRECTION('',(1.,7.49879891330929E-33,1.22464679914735E-16));
#10594=DIRECTION('',(-8.65956056235494E-17,-0.707106781186548,0.707106781186548));
#10595=DIRECTION('',(-0.707106781186548,8.65956056235494E-17,0.707106781186548));
#10596=DIRECTION('',(-7.49879891330929E-33,-1.,1.22464679914735E-16));
#10597=DIRECTION('',(-0.707106781186548,-8.65956056235494E-17,-0.707106781186548));
#10598=DIRECTION('',(8.65956056235494E-17,-0.707106781186548,-0.707106781186548));
#10599=DIRECTION('',(-1.,-7.49879891330929E-33,-1.22464679914735E-16));
#10600=DIRECTION('',(-8.65956056235493E-17,-0.707106781186547,0.707106781186548));
#10601=DIRECTION('',(-1.22464679914735E-16,1.22464679914735E-16,1.));
#10602=DIRECTION('',(1.,7.49879891330929E-33,1.22464679914735E-16));
#10603=DIRECTION('',(-1.22464679914735E-16,1.22464679914735E-16,1.));
#10604=DIRECTION('',(1.,7.49879891330929E-33,1.22464679914735E-16));
#10605=DIRECTION('',(-0.707106781186548,8.65956056235494E-17,0.707106781186548));
#10606=DIRECTION('',(8.65956056235494E-17,-0.707106781186548,-0.707106781186548));
#10607=DIRECTION('',(-8.65956056235494E-17,-0.707106781186548,0.707106781186548));
#10608=DIRECTION('',(1.,7.49879891330929E-33,1.22464679914735E-16));
#10609=DIRECTION('',(8.65956056235494E-17,-0.707106781186548,-0.707106781186548));
#10610=DIRECTION('',(-0.707106781186548,-8.65956056235494E-17,-0.707106781186548));
#10611=DIRECTION('',(7.49879891330929E-33,1.,-1.22464679914735E-16));
#10612=DIRECTION('',(-0.707106781186548,8.65956056235493E-17,0.707106781186547));
#10613=DIRECTION('',(-1.22464679914735E-16,1.22464679914735E-16,1.));
#10614=DIRECTION('',(1.,7.49879891330929E-33,1.22464679914735E-16));
#10615=DIRECTION('',(-0.707106781186548,-8.65956056235494E-17,-0.707106781186548));
#10616=DIRECTION('',(-1.22464679914735E-16,1.22464679914735E-16,1.));
#10617=DIRECTION('',(1.,7.49879891330929E-33,1.22464679914735E-16));
#10618=DIRECTION('',(-8.65956056235494E-17,-0.707106781186548,0.707106781186548));
#10619=DIRECTION('',(-0.707106781186548,8.65956056235494E-17,0.707106781186548));
#10620=DIRECTION('',(-7.49879891330929E-33,-1.,1.22464679914735E-16));
#10621=DIRECTION('',(-0.707106781186548,-8.65956056235494E-17,-0.707106781186548));
#10622=DIRECTION('',(8.65956056235494E-17,-0.707106781186548,-0.707106781186548));
#10623=DIRECTION('',(-1.,-7.49879891330929E-33,-1.22464679914735E-16));
#10624=DIRECTION('',(-8.65956056235493E-17,-0.707106781186547,0.707106781186548));
#10625=DIRECTION('',(-1.22464679914735E-16,1.22464679914735E-16,1.));
#10626=DIRECTION('',(1.,7.49879891330929E-33,1.22464679914735E-16));
#10627=DIRECTION('',(-1.22464679914735E-16,1.22464679914735E-16,1.));
#10628=DIRECTION('',(1.,7.49879891330929E-33,1.22464679914735E-16));
#10629=DIRECTION('',(-0.707106781186548,8.65956056235494E-17,0.707106781186548));
#10630=DIRECTION('',(8.65956056235494E-17,-0.707106781186548,-0.707106781186548));
#10631=DIRECTION('',(-8.65956056235494E-17,-0.707106781186548,0.707106781186548));
#10632=DIRECTION('',(1.,7.49879891330929E-33,1.22464679914735E-16));
#10633=DIRECTION('',(8.65956056235494E-17,-0.707106781186548,-0.707106781186548));
#10634=DIRECTION('',(-0.707106781186548,-8.65956056235494E-17,-0.707106781186548));
#10635=DIRECTION('',(7.49879891330929E-33,1.,-1.22464679914735E-16));
#10636=DIRECTION('',(-0.707106781186548,8.65956056235493E-17,0.707106781186547));
#10637=DIRECTION('',(-1.22464679914735E-16,1.22464679914735E-16,1.));
#10638=DIRECTION('',(1.,7.49879891330929E-33,1.22464679914735E-16));
#10639=DIRECTION('',(-0.707106781186548,-8.65956056235494E-17,-0.707106781186548));
#10640=DIRECTION('',(-1.22464679914735E-16,1.22464679914735E-16,1.));
#10641=DIRECTION('',(1.,7.49879891330929E-33,1.22464679914735E-16));
#10642=DIRECTION('',(-8.65956056235494E-17,-0.707106781186548,0.707106781186548));
#10643=DIRECTION('',(-0.707106781186548,8.65956056235494E-17,0.707106781186548));
#10644=DIRECTION('',(-7.49879891330929E-33,-1.,1.22464679914735E-16));
#10645=DIRECTION('',(-0.707106781186548,-8.65956056235494E-17,-0.707106781186548));
#10646=DIRECTION('',(8.65956056235494E-17,-0.707106781186548,-0.707106781186548));
#10647=DIRECTION('',(-1.,-7.49879891330929E-33,-1.22464679914735E-16));
#10648=DIRECTION('',(-8.65956056235493E-17,-0.707106781186547,0.707106781186548));
#10649=DIRECTION('',(-1.22464679914735E-16,1.22464679914735E-16,1.));
#10650=DIRECTION('',(1.,7.49879891330929E-33,1.22464679914735E-16));
#10651=DIRECTION('',(-1.22464679914735E-16,1.22464679914735E-16,1.));
#10652=DIRECTION('',(1.,7.49879891330929E-33,1.22464679914735E-16));
#10653=DIRECTION('',(-0.707106781186548,8.65956056235494E-17,0.707106781186548));
#10654=DIRECTION('',(8.65956056235494E-17,-0.707106781186548,-0.707106781186548));
#10655=DIRECTION('',(-8.65956056235494E-17,-0.707106781186548,0.707106781186548));
#10656=DIRECTION('',(1.,7.49879891330929E-33,1.22464679914735E-16));
#10657=DIRECTION('',(8.65956056235494E-17,-0.707106781186548,-0.707106781186548));
#10658=DIRECTION('',(-0.707106781186548,-8.65956056235494E-17,-0.707106781186548));
#10659=DIRECTION('',(7.49879891330929E-33,1.,-1.22464679914735E-16));
#10660=DIRECTION('',(-0.707106781186548,8.65956056235493E-17,0.707106781186547));
#10661=DIRECTION('',(-1.22464679914735E-16,1.22464679914735E-16,1.));
#10662=DIRECTION('',(1.,7.49879891330929E-33,1.22464679914735E-16));
#10663=DIRECTION('',(-0.707106781186548,-8.65956056235494E-17,-0.707106781186548));
#10664=DIRECTION('',(-1.22464679914735E-16,1.22464679914735E-16,1.));
#10665=DIRECTION('',(1.,7.49879891330929E-33,1.22464679914735E-16));
#10666=DIRECTION('',(-8.65956056235494E-17,-0.707106781186548,0.707106781186548));
#10667=DIRECTION('',(-0.707106781186548,8.65956056235494E-17,0.707106781186548));
#10668=DIRECTION('',(-7.49879891330929E-33,-1.,1.22464679914735E-16));
#10669=DIRECTION('',(-0.707106781186548,-8.65956056235494E-17,-0.707106781186548));
#10670=DIRECTION('',(8.65956056235494E-17,-0.707106781186548,-0.707106781186548));
#10671=DIRECTION('',(-1.,-7.49879891330929E-33,-1.22464679914735E-16));
#10672=DIRECTION('',(-8.65956056235493E-17,-0.707106781186547,0.707106781186548));
#10673=DIRECTION('',(-1.22464679914735E-16,1.22464679914735E-16,1.));
#10674=DIRECTION('',(1.,7.49879891330929E-33,1.22464679914735E-16));
#10675=DIRECTION('',(-1.22464679914735E-16,1.22464679914735E-16,1.));
#10676=DIRECTION('',(1.,7.49879891330929E-33,1.22464679914735E-16));
#10677=DIRECTION('',(-0.70710678118656,8.65956056235478E-17,0.707106781186535));
#10678=DIRECTION('',(8.65956056235486E-17,-0.707106781186554,-0.707106781186541));
#10679=DIRECTION('',(-8.65956056235497E-17,-0.707106781186544,0.707106781186551));
#10680=DIRECTION('',(1.,7.49879891330929E-33,1.22464679914735E-16));
#10681=DIRECTION('',(8.6595605623549E-17,-0.707106781186551,-0.707106781186544));
#10682=DIRECTION('',(-0.707106781186548,-8.65956056235494E-17,-0.707106781186548));
#10683=DIRECTION('',(7.49879891330929E-33,1.,-1.22464679914735E-16));
#10684=DIRECTION('',(-0.707106781186548,8.65956056235493E-17,0.707106781186547));
#10685=DIRECTION('',(-1.22464679914735E-16,1.22464679914735E-16,1.));
#10686=DIRECTION('',(1.,7.49879891330929E-33,1.22464679914735E-16));
#10687=DIRECTION('',(-0.707106781186548,-8.65956056235493E-17,-0.707106781186548));
#10688=DIRECTION('',(-1.22464679914735E-16,1.22464679914735E-16,1.));
#10689=DIRECTION('',(1.,7.49879891330929E-33,1.22464679914735E-16));
#10690=DIRECTION('',(-8.65956056235494E-17,-0.707106781186548,0.707106781186548));
#10691=DIRECTION('',(-0.707106781186548,8.65956056235494E-17,0.707106781186548));
#10692=DIRECTION('',(-7.49879891330929E-33,-1.,1.22464679914735E-16));
#10693=DIRECTION('',(-0.707106781186548,-8.65956056235494E-17,-0.707106781186548));
#10694=DIRECTION('',(8.65956056235494E-17,-0.707106781186548,-0.707106781186548));
#10695=DIRECTION('',(-1.,-7.49879891330929E-33,-1.22464679914735E-16));
#10696=DIRECTION('',(-8.65956056235493E-17,-0.707106781186547,0.707106781186548));
#10697=DIRECTION('',(-1.22464679914735E-16,1.22464679914735E-16,1.));
#10698=DIRECTION('',(1.,7.49879891330929E-33,1.22464679914735E-16));
#10699=DIRECTION('',(-1.22464679914735E-16,1.22464679914735E-16,1.));
#10700=DIRECTION('',(1.,7.49879891330929E-33,1.22464679914735E-16));
#10701=DIRECTION('',(-0.707106781186548,8.65956056235494E-17,0.707106781186548));
#10702=DIRECTION('',(8.65956056235494E-17,-0.707106781186548,-0.707106781186548));
#10703=DIRECTION('',(-8.65956056235497E-17,-0.707106781186544,0.707106781186551));
#10704=DIRECTION('',(1.,7.49879891330929E-33,1.22464679914735E-16));
#10705=DIRECTION('',(8.6595605623549E-17,-0.707106781186551,-0.707106781186544));
#10706=DIRECTION('',(-0.707106781186548,-8.65956056235494E-17,-0.707106781186548));
#10707=DIRECTION('',(7.49879891330929E-33,1.,-1.22464679914735E-16));
#10708=DIRECTION('',(-0.707106781186548,8.65956056235493E-17,0.707106781186547));
#10709=DIRECTION('',(-1.22464679914735E-16,1.22464679914735E-16,1.));
#10710=DIRECTION('',(1.,7.49879891330929E-33,1.22464679914735E-16));
#10711=DIRECTION('',(-0.70710678118655,-8.6595605623549E-17,-0.707106781186545));
#10712=DIRECTION('',(-1.22464679914735E-16,1.22464679914735E-16,1.));
#10713=DIRECTION('',(1.,7.49879891330929E-33,1.22464679914735E-16));
#10714=DIRECTION('',(-8.65956056235494E-17,-0.707106781186548,0.707106781186548));
#10715=DIRECTION('',(-0.707106781186545,8.65956056235496E-17,0.70710678118655));
#10716=DIRECTION('',(-7.49879891330929E-33,-1.,1.22464679914735E-16));
#10717=DIRECTION('',(-0.70710678118655,-8.65956056235491E-17,-0.707106781186545));
#10718=DIRECTION('',(8.65956056235494E-17,-0.707106781186548,-0.707106781186548));
#10719=DIRECTION('',(-1.,-7.49879891330929E-33,-1.22464679914735E-16));
#10720=DIRECTION('',(-8.65956056235493E-17,-0.707106781186547,0.707106781186548));
#10721=DIRECTION('',(-1.22464679914735E-16,1.22464679914735E-16,1.));
#10722=DIRECTION('',(1.,7.49879891330929E-33,1.22464679914735E-16));
#10723=DIRECTION('',(-1.22464679914735E-16,1.22464679914735E-16,1.));
#10724=DIRECTION('',(1.,7.49879891330929E-33,1.22464679914735E-16));
#10725=DIRECTION('',(-0.70710678118655,8.6595605623549E-17,0.707106781186545));
#10726=DIRECTION('',(8.6595605623549E-17,-0.70710678118655,-0.707106781186545));
#10727=DIRECTION('',(-8.65956056235497E-17,-0.707106781186544,0.707106781186551));
#10728=DIRECTION('',(1.,7.49879891330929E-33,1.22464679914735E-16));
#10729=DIRECTION('',(8.6595605623549E-17,-0.707106781186551,-0.707106781186544));
#10730=DIRECTION('',(-0.707106781186545,-8.65956056235496E-17,-0.70710678118655));
#10731=DIRECTION('',(7.49879891330929E-33,1.,-1.22464679914735E-16));
#10732=DIRECTION('',(-0.70710678118655,8.65956056235491E-17,0.707106781186545));
#10733=DIRECTION('',(-1.22464679914735E-16,1.22464679914735E-16,1.));
#10734=DIRECTION('',(1.,7.49879891330929E-33,1.22464679914735E-16));
#10735=DIRECTION('',(-0.707106781186548,-8.65956056235493E-17,-0.707106781186548));
#10736=DIRECTION('',(-1.22464679914735E-16,1.22464679914735E-16,1.));
#10737=DIRECTION('',(1.,7.49879891330929E-33,1.22464679914735E-16));
#10738=DIRECTION('',(-8.65956056235494E-17,-0.707106781186548,0.707106781186548));
#10739=DIRECTION('',(-0.707106781186548,8.65956056235494E-17,0.707106781186548));
#10740=DIRECTION('',(-7.49879891330929E-33,-1.,1.22464679914735E-16));
#10741=DIRECTION('',(-0.707106781186548,-8.65956056235494E-17,-0.707106781186548));
#10742=DIRECTION('',(8.65956056235494E-17,-0.707106781186548,-0.707106781186548));
#10743=DIRECTION('',(-1.,-7.49879891330929E-33,-1.22464679914735E-16));
#10744=DIRECTION('',(-8.65956056235493E-17,-0.707106781186547,0.707106781186548));
#10745=DIRECTION('',(-1.22464679914735E-16,1.22464679914735E-16,1.));
#10746=DIRECTION('',(1.,7.49879891330929E-33,1.22464679914735E-16));
#10747=DIRECTION('',(-1.22464679914735E-16,1.22464679914735E-16,1.));
#10748=DIRECTION('',(1.,7.49879891330929E-33,1.22464679914735E-16));
#10749=DIRECTION('',(-0.707106781186548,8.65956056235494E-17,0.707106781186548));
#10750=DIRECTION('',(8.65956056235494E-17,-0.707106781186548,-0.707106781186548));
#10751=DIRECTION('',(-8.65956056235497E-17,-0.707106781186544,0.707106781186551));
#10752=DIRECTION('',(1.,7.49879891330929E-33,1.22464679914735E-16));
#10753=DIRECTION('',(8.6595605623549E-17,-0.707106781186551,-0.707106781186544));
#10754=DIRECTION('',(-0.707106781186548,-8.65956056235494E-17,-0.707106781186548));
#10755=DIRECTION('',(7.49879891330929E-33,1.,-1.22464679914735E-16));
#10756=DIRECTION('',(-0.707106781186548,8.65956056235493E-17,0.707106781186547));
#10757=DIRECTION('',(-1.22464679914735E-16,1.22464679914735E-16,1.));
#10758=DIRECTION('',(1.,7.49879891330929E-33,1.22464679914735E-16));
#10759=DIRECTION('',(-0.707106781186548,-8.65956056235493E-17,-0.707106781186548));
#10760=DIRECTION('',(-1.22464679914735E-16,1.22464679914735E-16,1.));
#10761=DIRECTION('',(1.,7.49879891330929E-33,1.22464679914735E-16));
#10762=DIRECTION('',(-8.65956056235494E-17,-0.707106781186548,0.707106781186548));
#10763=DIRECTION('',(-0.707106781186548,8.65956056235494E-17,0.707106781186548));
#10764=DIRECTION('',(-7.49879891330929E-33,-1.,1.22464679914735E-16));
#10765=DIRECTION('',(-0.707106781186548,-8.65956056235494E-17,-0.707106781186548));
#10766=DIRECTION('',(8.65956056235494E-17,-0.707106781186548,-0.707106781186548));
#10767=DIRECTION('',(-1.,-7.49879891330929E-33,-1.22464679914735E-16));
#10768=DIRECTION('',(-8.65956056235493E-17,-0.707106781186547,0.707106781186548));
#10769=DIRECTION('',(-1.22464679914735E-16,1.22464679914735E-16,1.));
#10770=DIRECTION('',(1.,7.49879891330929E-33,1.22464679914735E-16));
#10771=DIRECTION('',(-1.22464679914735E-16,1.22464679914735E-16,1.));
#10772=DIRECTION('',(1.,7.49879891330929E-33,1.22464679914735E-16));
#10773=DIRECTION('',(-0.70710678118656,8.65956056235478E-17,0.707106781186535));
#10774=DIRECTION('',(8.65956056235486E-17,-0.707106781186554,-0.707106781186541));
#10775=DIRECTION('',(-8.65956056235494E-17,-0.707106781186548,0.707106781186548));
#10776=DIRECTION('',(1.,7.49879891330929E-33,1.22464679914735E-16));
#10777=DIRECTION('',(8.65956056235494E-17,-0.707106781186548,-0.707106781186548));
#10778=DIRECTION('',(-0.707106781186548,-8.65956056235494E-17,-0.707106781186548));
#10779=DIRECTION('',(7.49879891330929E-33,1.,-1.22464679914735E-16));
#10780=DIRECTION('',(-0.707106781186548,8.65956056235493E-17,0.707106781186547));
#10781=DIRECTION('',(-1.22464679914735E-16,1.22464679914735E-16,1.));
#10782=DIRECTION('',(1.,7.49879891330929E-33,1.22464679914735E-16));
#10783=DIRECTION('',(-0.707106781186548,-8.65956056235494E-17,-0.707106781186548));
#10784=DIRECTION('',(-1.22464679914735E-16,1.22464679914735E-16,1.));
#10785=DIRECTION('',(1.,7.49879891330929E-33,1.22464679914735E-16));
#10786=DIRECTION('',(-8.65956056235494E-17,-0.707106781186548,0.707106781186548));
#10787=DIRECTION('',(-0.707106781186548,8.65956056235494E-17,0.707106781186548));
#10788=DIRECTION('',(-7.49879891330929E-33,-1.,1.22464679914735E-16));
#10789=DIRECTION('',(-0.707106781186548,-8.65956056235494E-17,-0.707106781186548));
#10790=DIRECTION('',(8.65956056235494E-17,-0.707106781186548,-0.707106781186548));
#10791=DIRECTION('',(-1.,-7.49879891330929E-33,-1.22464679914735E-16));
#10792=DIRECTION('',(-8.65956056235493E-17,-0.707106781186547,0.707106781186548));
#10793=DIRECTION('',(-1.22464679914735E-16,1.22464679914735E-16,1.));
#10794=DIRECTION('',(1.,7.49879891330929E-33,1.22464679914735E-16));
#10795=DIRECTION('',(-1.22464679914735E-16,1.22464679914735E-16,1.));
#10796=DIRECTION('',(1.,7.49879891330929E-33,1.22464679914735E-16));
#10797=DIRECTION('',(-0.707106781186548,8.65956056235494E-17,0.707106781186548));
#10798=DIRECTION('',(8.65956056235494E-17,-0.707106781186548,-0.707106781186548));
#10799=DIRECTION('',(-8.65956056235494E-17,-0.707106781186548,0.707106781186548));
#10800=DIRECTION('',(1.,7.49879891330929E-33,1.22464679914735E-16));
#10801=DIRECTION('',(8.65956056235494E-17,-0.707106781186548,-0.707106781186548));
#10802=DIRECTION('',(-0.707106781186548,-8.65956056235494E-17,-0.707106781186548));
#10803=DIRECTION('',(7.49879891330929E-33,1.,-1.22464679914735E-16));
#10804=DIRECTION('',(-0.707106781186548,8.65956056235493E-17,0.707106781186547));
#10805=DIRECTION('',(-1.22464679914735E-16,1.22464679914735E-16,1.));
#10806=DIRECTION('',(1.,7.49879891330929E-33,1.22464679914735E-16));
#10807=DIRECTION('',(-0.707106781186548,-8.65956056235494E-17,-0.707106781186548));
#10808=DIRECTION('',(-1.22464679914735E-16,1.22464679914735E-16,1.));
#10809=DIRECTION('',(1.,7.49879891330929E-33,1.22464679914735E-16));
#10810=DIRECTION('',(-8.65956056235494E-17,-0.707106781186548,0.707106781186548));
#10811=DIRECTION('',(-0.707106781186548,8.65956056235494E-17,0.707106781186548));
#10812=DIRECTION('',(-7.49879891330929E-33,-1.,1.22464679914735E-16));
#10813=DIRECTION('',(-0.707106781186548,-8.65956056235494E-17,-0.707106781186548));
#10814=DIRECTION('',(8.65956056235494E-17,-0.707106781186548,-0.707106781186548));
#10815=DIRECTION('',(-1.,-7.49879891330929E-33,-1.22464679914735E-16));
#10816=DIRECTION('',(-8.65956056235493E-17,-0.707106781186547,0.707106781186548));
#10817=DIRECTION('',(-1.22464679914735E-16,1.22464679914735E-16,1.));
#10818=DIRECTION('',(1.,7.49879891330929E-33,1.22464679914735E-16));
#10819=DIRECTION('',(-1.22464679914735E-16,1.22464679914735E-16,1.));
#10820=DIRECTION('',(1.,7.49879891330929E-33,1.22464679914735E-16));
#10821=DIRECTION('',(-0.707106781186548,8.65956056235494E-17,0.707106781186548));
#10822=DIRECTION('',(8.65956056235494E-17,-0.707106781186548,-0.707106781186548));
#10823=DIRECTION('',(-8.65956056235494E-17,-0.707106781186548,0.707106781186548));
#10824=DIRECTION('',(1.,7.49879891330929E-33,1.22464679914735E-16));
#10825=DIRECTION('',(8.65956056235494E-17,-0.707106781186548,-0.707106781186548));
#10826=DIRECTION('',(-0.707106781186548,-8.65956056235494E-17,-0.707106781186548));
#10827=DIRECTION('',(7.49879891330929E-33,1.,-1.22464679914735E-16));
#10828=DIRECTION('',(-0.707106781186548,8.65956056235493E-17,0.707106781186547));
#10829=DIRECTION('',(-1.22464679914735E-16,1.22464679914735E-16,1.));
#10830=DIRECTION('',(1.,7.49879891330929E-33,1.22464679914735E-16));
#10831=DIRECTION('',(-0.707106781186548,-8.65956056235494E-17,-0.707106781186548));
#10832=DIRECTION('',(-1.22464679914735E-16,1.22464679914735E-16,1.));
#10833=DIRECTION('',(1.,7.49879891330929E-33,1.22464679914735E-16));
#10834=DIRECTION('',(-8.65956056235494E-17,-0.707106781186548,0.707106781186548));
#10835=DIRECTION('',(-0.707106781186548,8.65956056235494E-17,0.707106781186548));
#10836=DIRECTION('',(-7.49879891330929E-33,-1.,1.22464679914735E-16));
#10837=DIRECTION('',(-0.707106781186548,-8.65956056235494E-17,-0.707106781186548));
#10838=DIRECTION('',(8.65956056235494E-17,-0.707106781186548,-0.707106781186548));
#10839=DIRECTION('',(-1.,-7.49879891330929E-33,-1.22464679914735E-16));
#10840=DIRECTION('',(-8.65956056235493E-17,-0.707106781186547,0.707106781186548));
#10841=DIRECTION('',(-1.22464679914735E-16,1.22464679914735E-16,1.));
#10842=DIRECTION('',(1.,7.49879891330929E-33,1.22464679914735E-16));
#10843=DIRECTION('',(-1.22464679914735E-16,1.22464679914735E-16,1.));
#10844=DIRECTION('',(1.,7.49879891330929E-33,1.22464679914735E-16));
#10845=DIRECTION('',(-1.22464679914735E-16,1.22464679914735E-16,1.));
#10846=DIRECTION('',(1.,7.49879891330929E-33,1.22464679914735E-16));
#10847=DIRECTION('',(-1.22464679914735E-16,1.22464679914735E-16,1.));
#10848=DIRECTION('',(1.,7.49879891330929E-33,1.22464679914735E-16));
#10849=DIRECTION('',(-1.22464679914735E-16,1.22464679914735E-16,1.));
#10850=DIRECTION('',(1.,7.49879891330929E-33,1.22464679914735E-16));
#10851=DIRECTION('',(-1.22464679914735E-16,1.22464679914735E-16,1.));
#10852=DIRECTION('',(1.,7.49879891330929E-33,1.22464679914735E-16));
#10853=DIRECTION('',(-1.22464679914735E-16,1.22464679914735E-16,1.));
#10854=DIRECTION('',(1.,7.49879891330929E-33,1.22464679914735E-16));
#10855=DIRECTION('',(-1.22464679914735E-16,1.22464679914735E-16,1.));
#10856=DIRECTION('',(1.,7.49879891330929E-33,1.22464679914735E-16));
#10857=DIRECTION('',(-0.707106781186545,8.65956056235496E-17,0.70710678118655));
#10858=DIRECTION('',(8.65956056235496E-17,-0.707106781186545,-0.70710678118655));
#10859=DIRECTION('',(8.65956056235491E-17,0.70710678118655,-0.707106781186545));
#10860=DIRECTION('',(-1.,-7.49879891330929E-33,-1.22464679914735E-16));
#10861=DIRECTION('',(8.65956056235496E-17,-0.707106781186545,-0.70710678118655));
#10862=DIRECTION('',(0.70710678118655,8.65956056235491E-17,0.707106781186545));
#10863=DIRECTION('',(-7.49879891330929E-33,-1.,1.22464679914735E-16));
#10864=DIRECTION('',(-0.707106781186545,8.65956056235496E-17,0.70710678118655));
#10865=DIRECTION('',(-1.22464679914735E-16,1.22464679914735E-16,1.));
#10866=DIRECTION('',(1.,7.49879891330929E-33,1.22464679914735E-16));
#10867=DIRECTION('',(-0.707106781186545,-8.65956056235496E-17,-0.70710678118655));
#10868=DIRECTION('',(-1.22464679914735E-16,1.22464679914735E-16,1.));
#10869=DIRECTION('',(1.,7.49879891330929E-33,1.22464679914735E-16));
#10870=DIRECTION('',(-8.65956056235496E-17,-0.707106781186545,0.70710678118655));
#10871=DIRECTION('',(0.70710678118655,-8.65956056235491E-17,-0.707106781186545));
#10872=DIRECTION('',(7.49879891330929E-33,1.,-1.22464679914735E-16));
#10873=DIRECTION('',(-0.707106781186545,-8.65956056235496E-17,-0.70710678118655));
#10874=DIRECTION('',(-8.65956056235491E-17,0.70710678118655,0.707106781186545));
#10875=DIRECTION('',(1.,7.49879891330929E-33,1.22464679914735E-16));
#10876=DIRECTION('',(-8.65956056235496E-17,-0.707106781186545,0.70710678118655));
#10877=DIRECTION('',(-1.22464679914735E-16,1.22464679914735E-16,1.));
#10878=DIRECTION('',(1.,7.49879891330929E-33,1.22464679914735E-16));
#10879=DIRECTION('',(-8.65956056235506E-17,0.707106781186538,0.707106781186557));
#10880=DIRECTION('',(1.,7.49879891330929E-33,1.22464679914735E-16));
#10881=DIRECTION('',(-8.65956056235506E-17,0.707106781186538,0.707106781186557));
#10882=DIRECTION('',(8.65956056235481E-17,0.707106781186557,-0.707106781186538));
#10883=DIRECTION('',(8.65956056235481E-17,0.707106781186557,-0.707106781186538));
#10884=DIRECTION('',(1.22464679914735E-16,-1.22464679914735E-16,-1.));
#10885=DIRECTION('',(-1.,-7.49879891330929E-33,-1.22464679914735E-16));
#10886=DIRECTION('',(-0.707106781186558,-8.65956056235481E-17,-0.707106781186538));
#10887=DIRECTION('',(-0.707106781186538,1.80952123573296E-16,0.707106781186558));
#10888=DIRECTION('',(1.33440267382831E-16,1.,-1.22464679914735E-16));
#10889=DIRECTION('',(-0.707106781186558,-8.65956056235481E-17,-0.707106781186538));
#10890=DIRECTION('',(1.22464679914735E-16,-1.22464679914735E-16,-1.));
#10891=DIRECTION('',(-1.,-7.49879891330929E-33,-1.22464679914735E-16));
#10892=DIRECTION('',(8.65956056235481E-17,-0.707106781186558,-0.707106781186538));
#10893=DIRECTION('',(8.65956056235506E-17,0.707106781186538,-0.707106781186558));
#10894=DIRECTION('',(-1.,-7.49879891330929E-33,-1.22464679914735E-16));
#10895=DIRECTION('',(8.65956056235481E-17,-0.707106781186558,-0.707106781186538));
#10896=DIRECTION('',(1.22464679914735E-16,-1.22464679914735E-16,-1.));
#10897=DIRECTION('',(-1.,-7.49879891330929E-33,-1.22464679914735E-16));
#10898=DIRECTION('',(0.707106781186558,-8.65956056235481E-17,-0.707106781186537));
#10899=DIRECTION('',(-0.707106781186537,-1.80952123573296E-16,-0.707106781186558));
#10900=DIRECTION('',(1.33440267382831E-16,-1.,1.22464679914735E-16));
#10901=DIRECTION('',(0.707106781186558,-8.65956056235481E-17,-0.707106781186537));
#10902=DIRECTION('',(1.22464679914735E-16,-1.22464679914735E-16,-1.));
#10903=DIRECTION('',(-1.,-7.49879891330929E-33,-1.22464679914735E-16));
#10904=DIRECTION('',(8.65956056235481E-17,0.707106781186557,-0.707106781186538));
#10905=DIRECTION('',(-8.65956056235506E-17,0.707106781186538,0.707106781186557));
#10906=DIRECTION('',(1.,7.49879891330929E-33,1.22464679914735E-16));
#10907=DIRECTION('',(-8.65956056235506E-17,0.707106781186538,0.707106781186557));
#10908=DIRECTION('',(8.65956056235481E-17,0.707106781186557,-0.707106781186538));
#10909=DIRECTION('',(0.999847695156391,0.0174524064372831,1.2030872458273E-16));
#10910=DIRECTION('',(0.0174524064372831,-0.999847695156391,1.24583331318897E-16));
#10911=DIRECTION('',(1.22464679914735E-16,-1.22464679914735E-16,-1.));
#10912=DIRECTION('',(-0.0123416547509365,0.707052927141247,0.707052927141246));
#10913=DIRECTION('',(1.22464679914735E-16,-1.22464679914735E-16,-1.));
#10914=DIRECTION('',(0.999847695156391,-0.0174524064372833,1.24583331318897E-16));
#10915=DIRECTION('',(-0.0174524064372833,-0.999847695156391,1.2030872458273E-16));
#10916=DIRECTION('',(1.22464679914735E-16,-1.22464679914735E-16,-1.));
#10917=DIRECTION('',(1.22464679914735E-16,-1.22464679914735E-16,-1.));
#10918=DIRECTION('',(0.0123416547509365,0.707052927141247,0.707052927141246));
#10919=DIRECTION('',(-1.22464679914735E-16,1.22464679914735E-16,1.));
#10920=DIRECTION('',(1.,7.49879891330929E-33,1.22464679914735E-16));
#10921=DIRECTION('',(-0.00667936077818334,-0.382660322700136,-0.923864959596706));
#10922=DIRECTION('',(-0.016123666768046,-0.923724250488519,0.382718612598574));
#10923=DIRECTION('',(-0.0123416547509365,-0.707052927141247,-0.707052927141246));
#10924=DIRECTION('',(-8.65956056235494E-17,-0.707106781186547,0.707106781186548));
#10925=DIRECTION('',(1.22464679914735E-16,-1.22464679914735E-16,-1.));
#10926=DIRECTION('',(-1.,-7.49879891330929E-33,-1.22464679914735E-16));
#10927=DIRECTION('',(-0.0066793607781835,0.382660322700136,0.923864959596706));
#10928=DIRECTION('',(-0.0161236667680458,0.923724250488519,-0.382718612598574));
#10929=DIRECTION('',(-0.0123416547509365,0.707052927141247,0.707052927141246));
#10930=DIRECTION('',(8.65956056235494E-17,0.707106781186547,-0.707106781186548));
#10931=DIRECTION('',(-1.22464679914735E-16,1.22464679914735E-16,1.));
#10932=DIRECTION('',(1.,7.49879891330929E-33,1.22464679914735E-16));
#10933=DIRECTION('',(1.22464679914735E-16,-1.22464679914735E-16,-1.));
#10934=DIRECTION('',(-1.,-7.49879891330929E-33,-1.22464679914735E-16));
#10935=DIRECTION('',(1.22464679914735E-16,-1.22464679914735E-16,-1.));
#10936=DIRECTION('',(-1.,-7.49879891330929E-33,-1.22464679914735E-16));
#10937=DIRECTION('',(1.22464679914735E-16,-1.22464679914735E-16,-1.));
#10938=DIRECTION('',(-1.,-7.49879891330929E-33,-1.22464679914735E-16));
#10939=CARTESIAN_POINT('',(0.,0.,0.));
#10940=CARTESIAN_POINT('',(0.0149392135623724,0.038425,0.00849));
#10941=CARTESIAN_POINT('',(0.0144887606204778,0.0384328626853478,0.00849));
#10942=CARTESIAN_POINT('',(0.0148985127697201,0.0619075475935627,0.00849));
#10943=CARTESIAN_POINT('',(0.0149232240302184,0.0633232547593563,0.00849));
#10944=CARTESIAN_POINT('',(0.0148232392607028,0.063325,0.00849));
#10945=CARTESIAN_POINT('',(0.0148534271247454,0.063420334636227,0.00849));
#10946=CARTESIAN_POINT('',(0.0148534271247454,0.038425,0.00849));
#10947=CARTESIAN_POINT('',(0.0148534271247454,0.0616276291414196,0.00849));
#10948=CARTESIAN_POINT('',(0.0138986650745637,0.061925,0.00849));
#10949=CARTESIAN_POINT('',(0.00965,0.060925,0.01));
#10950=CARTESIAN_POINT('',(0.0138812100096355,0.060925,0.000878679656440352));
#10951=CARTESIAN_POINT('',(0.0138935526044123,0.060925,0.00229289321881345));
#10952=CARTESIAN_POINT('',(0.0138986650745637,0.060925,0.00229287473844366));
#10953=CARTESIAN_POINT('',(0.0138986650745637,0.060925,0.00849));
#10954=CARTESIAN_POINT('',(0.0138986650745637,0.060925,0.00714705757894963));
#10955=CARTESIAN_POINT('',(0.0120249999999993,0.060925,0.00949));
#10956=CARTESIAN_POINT('',(0.0120249999999993,0.060925,0.00649));
#10957=CARTESIAN_POINT('',(0.00965,0.060925,0.00649));
#10958=CARTESIAN_POINT('',(0.00727499999999926,0.060925,0.00649));
#10959=CARTESIAN_POINT('',(0.00727499999999926,0.060925,0.00949));
#10960=CARTESIAN_POINT('',(0.00540133492543477,0.060925,0.00714705757894964));
#10961=CARTESIAN_POINT('',(0.00540133492543477,0.060925,0.01));
#10962=CARTESIAN_POINT('',(0.00540133492543477,0.060925,0.00229287473844366));
#10963=CARTESIAN_POINT('',(0.00541878999036299,0.060925,0.000878679656440354));
#10964=CARTESIAN_POINT('',(0.00540644739558619,0.060925,0.00229289321881345));
#10965=CARTESIAN_POINT('',(0.00965,0.060925,0.00229289321881345));
#10966=CARTESIAN_POINT('',(0.00965,0.0612785533905933,0.00264644660940672));
#10967=CARTESIAN_POINT('',(0.00965,0.0586321067811865,-5.9985780285074E-18));
#10968=CARTESIAN_POINT('',(0.0138535300044045,0.0586321067811865,-5.48379407200602E-18));
#10969=CARTESIAN_POINT('',(0.00544646999559405,0.0586321067811865,-6.51336198500896E-18));
#10970=CARTESIAN_POINT('',(0.0138937030640763,0.0609336198283738,0.0023015130471873));
#10971=CARTESIAN_POINT('',(0.00540092340102197,0.0612414694366332,0.00260936265544665));
#10972=CARTESIAN_POINT('',(0.014925,0.062175,0.01));
#10973=CARTESIAN_POINT('',(0.014925,0.063225,-5.91504403988172E-18));
#10974=CARTESIAN_POINT('',(0.014925,0.063225,-5.91504403988172E-18));
#10975=CARTESIAN_POINT('',(0.014925,0.063325,-0.000100000000000006));
#10976=CARTESIAN_POINT('',(0.014925,0.063325,0.01));
#10977=CARTESIAN_POINT('',(0.014925,0.063325,-5.92729050787319E-18));
#10978=CARTESIAN_POINT('',(0.014925,0.062175,-5.78645612597125E-18));
#10979=CARTESIAN_POINT('',(0.004375,0.062175,0.01));
#10980=CARTESIAN_POINT('',(0.004375,0.062175,-7.0784584990717E-18));
#10981=CARTESIAN_POINT('',(0.004375,0.063225,-7.20704641298218E-18));
#10982=CARTESIAN_POINT('',(0.004375,0.063325,-7.21929288097365E-18));
#10983=CARTESIAN_POINT('',(0.004375,0.063325,0.01));
#10984=CARTESIAN_POINT('',(0.004375,0.063325,-0.000100000000000007));
#10985=CARTESIAN_POINT('',(0.004375,0.063225,-7.20704641298218E-18));
#10986=CARTESIAN_POINT('',(1.95943487863577E-19,0.063425,-0.0016));
#10987=CARTESIAN_POINT('',(0.0148232392607028,0.063425,-0.0016));
#10988=CARTESIAN_POINT('',(0.0148232392607028,0.063425,0.00840840070272882));
#10989=CARTESIAN_POINT('',(0.014825,0.063425,-5.95178344385614E-18));
#10990=CARTESIAN_POINT('',(0.014825,0.063425,-0.0016));
#10991=CARTESIAN_POINT('',(0.014825,0.063425,-0.000200000000000006));
#10992=CARTESIAN_POINT('',(0.041,0.063425,-0.000200000000000003));
#10993=CARTESIAN_POINT('',(0.041,0.063425,-0.000200000000000003));
#10994=CARTESIAN_POINT('',(0.041,0.063425,-0.0016));
#10995=CARTESIAN_POINT('',(0.041,0.063425,-0.0014));
#10996=CARTESIAN_POINT('',(1.7145055188063E-19,0.063425,-0.0014));
#10997=CARTESIAN_POINT('',(-0.041,0.063425,-0.00140000000000001));
#10998=CARTESIAN_POINT('',(-0.041,0.063425,-0.0016));
#10999=CARTESIAN_POINT('',(-0.041,0.063425,-0.000200000000000013));
#11000=CARTESIAN_POINT('',(0.004375,0.063425,-0.000200000000000008));
#11001=CARTESIAN_POINT('',(0.004475,0.063425,-0.000200000000000008));
#11002=CARTESIAN_POINT('',(0.004475,0.063425,-0.0016));
#11003=CARTESIAN_POINT('',(0.004475,0.063425,-7.21929288097365E-18));
#11004=CARTESIAN_POINT('',(0.00447676073929575,0.063425,0.00849));
#11005=CARTESIAN_POINT('',(0.00447676073929575,0.063425,0.00840840070272882));
#11006=CARTESIAN_POINT('',(0.00727499999999926,0.063425,0.00949));
#11007=CARTESIAN_POINT('',(0.00727499999999926,0.063425,0.00649));
#11008=CARTESIAN_POINT('',(0.00964999999999926,0.063425,0.00649));
#11009=CARTESIAN_POINT('',(0.0120249999999993,0.063425,0.00649));
#11010=CARTESIAN_POINT('',(0.0120249999999993,0.063425,0.00949));
#11011=CARTESIAN_POINT('',(-6.74295041604365E-18,0.011425,-0.0016));
#11012=CARTESIAN_POINT('',(-0.022575,0.041625,-0.0016));
#11013=CARTESIAN_POINT('',(-0.022575,0.040925,-0.0016));
#11014=CARTESIAN_POINT('',(-0.021875,0.041625,-0.0016));
#11015=CARTESIAN_POINT('',(-0.021875,0.011425,-0.0016));
#11016=CARTESIAN_POINT('',(-0.021875,0.053625,-0.0016));
#11017=CARTESIAN_POINT('',(-0.022575,0.053625,-0.0016));
#11018=CARTESIAN_POINT('',(-0.022575,0.054325,-0.0016));
#11019=CARTESIAN_POINT('',(-6.74295041604365E-18,0.054325,-0.0016));
#11020=CARTESIAN_POINT('',(-0.034575,0.054325,-0.0016));
#11021=CARTESIAN_POINT('',(-0.034575,0.053625,-0.0016));
#11022=CARTESIAN_POINT('',(-0.035275,0.053625,-0.0016));
#11023=CARTESIAN_POINT('',(-0.035275,0.041625,-0.0016));
#11024=CARTESIAN_POINT('',(-0.035275,0.041625,-0.0016));
#11025=CARTESIAN_POINT('',(-0.034575,0.041625,-0.0016));
#11026=CARTESIAN_POINT('',(-0.034575,0.040925,-0.0016));
#11027=CARTESIAN_POINT('',(-0.022575,0.040925,-0.0016));
#11028=CARTESIAN_POINT('',(-0.022575,0.021275,-0.0016));
#11029=CARTESIAN_POINT('',(-0.034575,0.021275,-0.0016));
#11030=CARTESIAN_POINT('',(-0.022575,0.021275,-0.0016));
#11031=CARTESIAN_POINT('',(-0.022575,0.022575,-0.0016));
#11032=CARTESIAN_POINT('',(-0.021275,0.022575,-0.0016));
#11033=CARTESIAN_POINT('',(-0.021275,0.011425,-0.0016));
#11034=CARTESIAN_POINT('',(-0.021275,0.034575,-0.0016));
#11035=CARTESIAN_POINT('',(-0.022575,0.034575,-0.0016));
#11036=CARTESIAN_POINT('',(-0.022575,0.035875,-0.0016));
#11037=CARTESIAN_POINT('',(-6.74295041604365E-18,0.035875,-0.0016));
#11038=CARTESIAN_POINT('',(-0.034575,0.035875,-0.0016));
#11039=CARTESIAN_POINT('',(-0.034575,0.034575,-0.0016));
#11040=CARTESIAN_POINT('',(-0.035875,0.034575,-0.0016));
#11041=CARTESIAN_POINT('',(-0.035875,0.022575,-0.0016));
#11042=CARTESIAN_POINT('',(-0.035875,0.022575,-0.0016));
#11043=CARTESIAN_POINT('',(-0.034575,0.022575,-0.0016));
#11044=CARTESIAN_POINT('',(-0.003525,0.021275,-0.0016));
#11045=CARTESIAN_POINT('',(-0.015525,0.021275,-0.0016));
#11046=CARTESIAN_POINT('',(-0.003525,0.021275,-0.0016));
#11047=CARTESIAN_POINT('',(-0.003525,0.022575,-0.0016));
#11048=CARTESIAN_POINT('',(-0.002225,0.022575,-0.0016));
#11049=CARTESIAN_POINT('',(-0.002225,0.011425,-0.0016));
#11050=CARTESIAN_POINT('',(-0.002225,0.034575,-0.0016));
#11051=CARTESIAN_POINT('',(-0.003525,0.034575,-0.0016));
#11052=CARTESIAN_POINT('',(-0.003525,0.035875,-0.0016));
#11053=CARTESIAN_POINT('',(-6.74295041604365E-18,0.035875,-0.0016));
#11054=CARTESIAN_POINT('',(-0.015525,0.035875,-0.0016));
#11055=CARTESIAN_POINT('',(-0.015525,0.034575,-0.0016));
#11056=CARTESIAN_POINT('',(-0.016825,0.034575,-0.0016));
#11057=CARTESIAN_POINT('',(-0.016825,0.022575,-0.0016));
#11058=CARTESIAN_POINT('',(-0.016825,0.022575,-0.0016));
#11059=CARTESIAN_POINT('',(-0.015525,0.022575,-0.0016));
#11060=CARTESIAN_POINT('',(0.015525,0.021275,-0.0016));
#11061=CARTESIAN_POINT('',(0.003525,0.021275,-0.0016));
#11062=CARTESIAN_POINT('',(0.015525,0.021275,-0.0016));
#11063=CARTESIAN_POINT('',(0.015525,0.022575,-0.0016));
#11064=CARTESIAN_POINT('',(0.016825,0.022575,-0.0016));
#11065=CARTESIAN_POINT('',(0.016825,0.011425,-0.0016));
#11066=CARTESIAN_POINT('',(0.016825,0.034575,-0.0016));
#11067=CARTESIAN_POINT('',(0.015525,0.034575,-0.0016));
#11068=CARTESIAN_POINT('',(0.015525,0.035875,-0.0016));
#11069=CARTESIAN_POINT('',(-6.74295041604365E-18,0.035875,-0.0016));
#11070=CARTESIAN_POINT('',(0.003525,0.035875,-0.0016));
#11071=CARTESIAN_POINT('',(0.003525,0.034575,-0.0016));
#11072=CARTESIAN_POINT('',(0.002225,0.034575,-0.0016));
#11073=CARTESIAN_POINT('',(0.002225,0.022575,-0.0016));
#11074=CARTESIAN_POINT('',(0.002225,0.022575,-0.0016));
#11075=CARTESIAN_POINT('',(0.003525,0.022575,-0.0016));
#11076=CARTESIAN_POINT('',(0.034575,0.021275,-0.0016));
#11077=CARTESIAN_POINT('',(0.022575,0.021275,-0.0016));
#11078=CARTESIAN_POINT('',(0.034575,0.021275,-0.0016));
#11079=CARTESIAN_POINT('',(0.034575,0.022575,-0.0016));
#11080=CARTESIAN_POINT('',(0.035875,0.022575,-0.0016));
#11081=CARTESIAN_POINT('',(0.035875,0.011425,-0.0016));
#11082=CARTESIAN_POINT('',(0.035875,0.034575,-0.0016));
#11083=CARTESIAN_POINT('',(0.034575,0.034575,-0.0016));
#11084=CARTESIAN_POINT('',(0.034575,0.035875,-0.0016));
#11085=CARTESIAN_POINT('',(-6.74295041604365E-18,0.035875,-0.0016));
#11086=CARTESIAN_POINT('',(0.022575,0.035875,-0.0016));
#11087=CARTESIAN_POINT('',(0.022575,0.034575,-0.0016));
#11088=CARTESIAN_POINT('',(0.021275,0.034575,-0.0016));
#11089=CARTESIAN_POINT('',(0.021275,0.022575,-0.0016));
#11090=CARTESIAN_POINT('',(0.021275,0.022575,-0.0016));
#11091=CARTESIAN_POINT('',(0.022575,0.022575,-0.0016));
#11092=CARTESIAN_POINT('',(-0.022575,0.002225,-0.0016));
#11093=CARTESIAN_POINT('',(-0.034575,0.002225,-0.0016));
#11094=CARTESIAN_POINT('',(-0.022575,0.002225,-0.0016));
#11095=CARTESIAN_POINT('',(-0.022575,0.003525,-0.0016));
#11096=CARTESIAN_POINT('',(-0.021275,0.003525,-0.0016));
#11097=CARTESIAN_POINT('',(-0.021275,0.011425,-0.0016));
#11098=CARTESIAN_POINT('',(-0.021275,0.015525,-0.0016));
#11099=CARTESIAN_POINT('',(-0.022575,0.015525,-0.0016));
#11100=CARTESIAN_POINT('',(-0.022575,0.016825,-0.0016));
#11101=CARTESIAN_POINT('',(-6.74295041604365E-18,0.016825,-0.0016));
#11102=CARTESIAN_POINT('',(-0.034575,0.016825,-0.0016));
#11103=CARTESIAN_POINT('',(-0.034575,0.015525,-0.0016));
#11104=CARTESIAN_POINT('',(-0.035875,0.015525,-0.0016));
#11105=CARTESIAN_POINT('',(-0.035875,0.003525,-0.0016));
#11106=CARTESIAN_POINT('',(-0.035875,0.003525,-0.0016));
#11107=CARTESIAN_POINT('',(-0.034575,0.003525,-0.0016));
#11108=CARTESIAN_POINT('',(-0.003525,0.002225,-0.0016));
#11109=CARTESIAN_POINT('',(-0.015525,0.002225,-0.0016));
#11110=CARTESIAN_POINT('',(-0.003525,0.002225,-0.0016));
#11111=CARTESIAN_POINT('',(-0.003525,0.003525,-0.0016));
#11112=CARTESIAN_POINT('',(-0.002225,0.003525,-0.0016));
#11113=CARTESIAN_POINT('',(-0.002225,0.011425,-0.0016));
#11114=CARTESIAN_POINT('',(-0.002225,0.015525,-0.0016));
#11115=CARTESIAN_POINT('',(-0.003525,0.015525,-0.0016));
#11116=CARTESIAN_POINT('',(-0.003525,0.016825,-0.0016));
#11117=CARTESIAN_POINT('',(-6.74295041604365E-18,0.016825,-0.0016));
#11118=CARTESIAN_POINT('',(-0.015525,0.016825,-0.0016));
#11119=CARTESIAN_POINT('',(-0.015525,0.015525,-0.0016));
#11120=CARTESIAN_POINT('',(-0.016825,0.015525,-0.0016));
#11121=CARTESIAN_POINT('',(-0.016825,0.003525,-0.0016));
#11122=CARTESIAN_POINT('',(-0.016825,0.003525,-0.0016));
#11123=CARTESIAN_POINT('',(-0.015525,0.003525,-0.0016));
#11124=CARTESIAN_POINT('',(0.015525,0.002225,-0.0016));
#11125=CARTESIAN_POINT('',(0.003525,0.002225,-0.0016));
#11126=CARTESIAN_POINT('',(0.015525,0.002225,-0.0016));
#11127=CARTESIAN_POINT('',(0.015525,0.003525,-0.0016));
#11128=CARTESIAN_POINT('',(0.016825,0.003525,-0.0016));
#11129=CARTESIAN_POINT('',(0.016825,0.011425,-0.0016));
#11130=CARTESIAN_POINT('',(0.016825,0.015525,-0.0016));
#11131=CARTESIAN_POINT('',(0.015525,0.015525,-0.0016));
#11132=CARTESIAN_POINT('',(0.015525,0.016825,-0.0016));
#11133=CARTESIAN_POINT('',(-6.74295041604365E-18,0.016825,-0.0016));
#11134=CARTESIAN_POINT('',(0.003525,0.016825,-0.0016));
#11135=CARTESIAN_POINT('',(0.003525,0.015525,-0.0016));
#11136=CARTESIAN_POINT('',(0.002225,0.015525,-0.0016));
#11137=CARTESIAN_POINT('',(0.002225,0.003525,-0.0016));
#11138=CARTESIAN_POINT('',(0.002225,0.003525,-0.0016));
#11139=CARTESIAN_POINT('',(0.003525,0.003525,-0.0016));
#11140=CARTESIAN_POINT('',(0.034575,0.002225,-0.0016));
#11141=CARTESIAN_POINT('',(0.022575,0.002225,-0.0016));
#11142=CARTESIAN_POINT('',(0.034575,0.002225,-0.0016));
#11143=CARTESIAN_POINT('',(0.034575,0.003525,-0.0016));
#11144=CARTESIAN_POINT('',(0.035875,0.003525,-0.0016));
#11145=CARTESIAN_POINT('',(0.035875,0.011425,-0.0016));
#11146=CARTESIAN_POINT('',(0.035875,0.015525,-0.0016));
#11147=CARTESIAN_POINT('',(0.034575,0.015525,-0.0016));
#11148=CARTESIAN_POINT('',(0.034575,0.016825,-0.0016));
#11149=CARTESIAN_POINT('',(-6.74295041604365E-18,0.016825,-0.0016));
#11150=CARTESIAN_POINT('',(0.022575,0.016825,-0.0016));
#11151=CARTESIAN_POINT('',(0.022575,0.015525,-0.0016));
#11152=CARTESIAN_POINT('',(0.021275,0.015525,-0.0016));
#11153=CARTESIAN_POINT('',(0.021275,0.003525,-0.0016));
#11154=CARTESIAN_POINT('',(0.021275,0.003525,-0.0016));
#11155=CARTESIAN_POINT('',(0.022575,0.003525,-0.0016));
#11156=CARTESIAN_POINT('',(-0.022575,-0.016825,-0.0016));
#11157=CARTESIAN_POINT('',(-0.034575,-0.016825,-0.0016));
#11158=CARTESIAN_POINT('',(-0.022575,-0.016825,-0.0016));
#11159=CARTESIAN_POINT('',(-0.022575,-0.015525,-0.0016));
#11160=CARTESIAN_POINT('',(-0.021275,-0.015525,-0.0016));
#11161=CARTESIAN_POINT('',(-0.021275,0.011425,-0.0016));
#11162=CARTESIAN_POINT('',(-0.021275,-0.003525,-0.0016));
#11163=CARTESIAN_POINT('',(-0.022575,-0.003525,-0.0016));
#11164=CARTESIAN_POINT('',(-0.022575,-0.002225,-0.0016));
#11165=CARTESIAN_POINT('',(-6.74295041604365E-18,-0.002225,-0.0016));
#11166=CARTESIAN_POINT('',(-0.034575,-0.002225,-0.0016));
#11167=CARTESIAN_POINT('',(-0.034575,-0.003525,-0.0016));
#11168=CARTESIAN_POINT('',(-0.035875,-0.003525,-0.0016));
#11169=CARTESIAN_POINT('',(-0.035875,-0.015525,-0.0016));
#11170=CARTESIAN_POINT('',(-0.035875,-0.015525,-0.0016));
#11171=CARTESIAN_POINT('',(-0.034575,-0.015525,-0.0016));
#11172=CARTESIAN_POINT('',(-0.003525,-0.016825,-0.0016));
#11173=CARTESIAN_POINT('',(-0.015525,-0.016825,-0.0016));
#11174=CARTESIAN_POINT('',(-0.003525,-0.016825,-0.0016));
#11175=CARTESIAN_POINT('',(-0.003525,-0.015525,-0.0016));
#11176=CARTESIAN_POINT('',(-0.002225,-0.015525,-0.0016));
#11177=CARTESIAN_POINT('',(-0.002225,0.011425,-0.0016));
#11178=CARTESIAN_POINT('',(-0.002225,-0.003525,-0.0016));
#11179=CARTESIAN_POINT('',(-0.003525,-0.003525,-0.0016));
#11180=CARTESIAN_POINT('',(-0.003525,-0.002225,-0.0016));
#11181=CARTESIAN_POINT('',(-6.74295041604365E-18,-0.002225,-0.0016));
#11182=CARTESIAN_POINT('',(-0.015525,-0.002225,-0.0016));
#11183=CARTESIAN_POINT('',(-0.015525,-0.003525,-0.0016));
#11184=CARTESIAN_POINT('',(-0.016825,-0.003525,-0.0016));
#11185=CARTESIAN_POINT('',(-0.016825,-0.015525,-0.0016));
#11186=CARTESIAN_POINT('',(-0.016825,-0.015525,-0.0016));
#11187=CARTESIAN_POINT('',(-0.015525,-0.015525,-0.0016));
#11188=CARTESIAN_POINT('',(0.015525,-0.016825,-0.0016));
#11189=CARTESIAN_POINT('',(0.003525,-0.016825,-0.0016));
#11190=CARTESIAN_POINT('',(0.015525,-0.016825,-0.0016));
#11191=CARTESIAN_POINT('',(0.015525,-0.015525,-0.0016));
#11192=CARTESIAN_POINT('',(0.016825,-0.015525,-0.0016));
#11193=CARTESIAN_POINT('',(0.016825,0.011425,-0.0016));
#11194=CARTESIAN_POINT('',(0.016825,-0.003525,-0.0016));
#11195=CARTESIAN_POINT('',(0.015525,-0.003525,-0.0016));
#11196=CARTESIAN_POINT('',(0.015525,-0.002225,-0.0016));
#11197=CARTESIAN_POINT('',(-6.74295041604365E-18,-0.002225,-0.0016));
#11198=CARTESIAN_POINT('',(0.003525,-0.002225,-0.0016));
#11199=CARTESIAN_POINT('',(0.003525,-0.003525,-0.0016));
#11200=CARTESIAN_POINT('',(0.002225,-0.003525,-0.0016));
#11201=CARTESIAN_POINT('',(0.002225,-0.015525,-0.0016));
#11202=CARTESIAN_POINT('',(0.002225,-0.015525,-0.0016));
#11203=CARTESIAN_POINT('',(0.003525,-0.015525,-0.0016));
#11204=CARTESIAN_POINT('',(0.034575,-0.016825,-0.0016));
#11205=CARTESIAN_POINT('',(0.022575,-0.016825,-0.0016));
#11206=CARTESIAN_POINT('',(0.034575,-0.016825,-0.0016));
#11207=CARTESIAN_POINT('',(0.034575,-0.015525,-0.0016));
#11208=CARTESIAN_POINT('',(0.035875,-0.015525,-0.0016));
#11209=CARTESIAN_POINT('',(0.035875,0.011425,-0.0016));
#11210=CARTESIAN_POINT('',(0.035875,-0.003525,-0.0016));
#11211=CARTESIAN_POINT('',(0.034575,-0.003525,-0.0016));
#11212=CARTESIAN_POINT('',(0.034575,-0.002225,-0.0016));
#11213=CARTESIAN_POINT('',(-6.74295041604365E-18,-0.002225,-0.0016));
#11214=CARTESIAN_POINT('',(0.022575,-0.002225,-0.0016));
#11215=CARTESIAN_POINT('',(0.022575,-0.003525,-0.0016));
#11216=CARTESIAN_POINT('',(0.021275,-0.003525,-0.0016));
#11217=CARTESIAN_POINT('',(0.021275,-0.015525,-0.0016));
#11218=CARTESIAN_POINT('',(0.021275,-0.015525,-0.0016));
#11219=CARTESIAN_POINT('',(0.022575,-0.015525,-0.0016));
#11220=CARTESIAN_POINT('',(-0.022575,-0.035875,-0.0016));
#11221=CARTESIAN_POINT('',(-0.034575,-0.035875,-0.0016));
#11222=CARTESIAN_POINT('',(-0.022575,-0.035875,-0.0016));
#11223=CARTESIAN_POINT('',(-0.022575,-0.034575,-0.0016));
#11224=CARTESIAN_POINT('',(-0.021275,-0.034575,-0.0016));
#11225=CARTESIAN_POINT('',(-0.021275,0.011425,-0.0016));
#11226=CARTESIAN_POINT('',(-0.021275,-0.022575,-0.0016));
#11227=CARTESIAN_POINT('',(-0.022575,-0.022575,-0.0016));
#11228=CARTESIAN_POINT('',(-0.022575,-0.021275,-0.0016));
#11229=CARTESIAN_POINT('',(-6.74295041604365E-18,-0.021275,-0.0016));
#11230=CARTESIAN_POINT('',(-0.034575,-0.021275,-0.0016));
#11231=CARTESIAN_POINT('',(-0.034575,-0.022575,-0.0016));
#11232=CARTESIAN_POINT('',(-0.035875,-0.022575,-0.0016));
#11233=CARTESIAN_POINT('',(-0.035875,-0.034575,-0.0016));
#11234=CARTESIAN_POINT('',(-0.035875,-0.034575,-0.0016));
#11235=CARTESIAN_POINT('',(-0.034575,-0.034575,-0.0016));
#11236=CARTESIAN_POINT('',(-0.003525,-0.035875,-0.0016));
#11237=CARTESIAN_POINT('',(-0.015525,-0.035875,-0.0016));
#11238=CARTESIAN_POINT('',(-0.003525,-0.035875,-0.0016));
#11239=CARTESIAN_POINT('',(-0.003525,-0.034575,-0.0016));
#11240=CARTESIAN_POINT('',(-0.002225,-0.034575,-0.0016));
#11241=CARTESIAN_POINT('',(-0.002225,0.011425,-0.0016));
#11242=CARTESIAN_POINT('',(-0.002225,-0.022575,-0.0016));
#11243=CARTESIAN_POINT('',(-0.003525,-0.022575,-0.0016));
#11244=CARTESIAN_POINT('',(-0.003525,-0.021275,-0.0016));
#11245=CARTESIAN_POINT('',(-6.74295041604365E-18,-0.021275,-0.0016));
#11246=CARTESIAN_POINT('',(-0.015525,-0.021275,-0.0016));
#11247=CARTESIAN_POINT('',(-0.015525,-0.022575,-0.0016));
#11248=CARTESIAN_POINT('',(-0.016825,-0.022575,-0.0016));
#11249=CARTESIAN_POINT('',(-0.016825,-0.034575,-0.0016));
#11250=CARTESIAN_POINT('',(-0.016825,-0.034575,-0.0016));
#11251=CARTESIAN_POINT('',(-0.015525,-0.034575,-0.0016));
#11252=CARTESIAN_POINT('',(0.015525,-0.035875,-0.0016));
#11253=CARTESIAN_POINT('',(0.003525,-0.035875,-0.0016));
#11254=CARTESIAN_POINT('',(0.015525,-0.035875,-0.0016));
#11255=CARTESIAN_POINT('',(0.015525,-0.034575,-0.0016));
#11256=CARTESIAN_POINT('',(0.016825,-0.034575,-0.0016));
#11257=CARTESIAN_POINT('',(0.016825,0.011425,-0.0016));
#11258=CARTESIAN_POINT('',(0.016825,-0.022575,-0.0016));
#11259=CARTESIAN_POINT('',(0.015525,-0.022575,-0.0016));
#11260=CARTESIAN_POINT('',(0.015525,-0.021275,-0.0016));
#11261=CARTESIAN_POINT('',(-6.74295041604365E-18,-0.021275,-0.0016));
#11262=CARTESIAN_POINT('',(0.003525,-0.021275,-0.0016));
#11263=CARTESIAN_POINT('',(0.003525,-0.022575,-0.0016));
#11264=CARTESIAN_POINT('',(0.002225,-0.022575,-0.0016));
#11265=CARTESIAN_POINT('',(0.002225,-0.034575,-0.0016));
#11266=CARTESIAN_POINT('',(0.002225,-0.034575,-0.0016));
#11267=CARTESIAN_POINT('',(0.003525,-0.034575,-0.0016));
#11268=CARTESIAN_POINT('',(-0.041,0.057425,-0.0016));
#11269=CARTESIAN_POINT('',(-0.0468,0.057425,-0.0016));
#11270=CARTESIAN_POINT('',(-0.041,0.063225,-0.0016));
#11271=CARTESIAN_POINT('',(-6.74295041604365E-18,0.063225,-0.0016));
#11272=CARTESIAN_POINT('',(0.041,0.063225,-0.0016));
#11273=CARTESIAN_POINT('',(0.041,0.057425,-0.0016));
#11274=CARTESIAN_POINT('',(0.0468,0.057425,-0.0016));
#11275=CARTESIAN_POINT('',(0.0468,-0.034575,-0.0016));
#11276=CARTESIAN_POINT('',(0.0468,-0.034575,-0.0016));
#11277=CARTESIAN_POINT('',(0.041,-0.034575,-0.0016));
#11278=CARTESIAN_POINT('',(0.041,-0.040375,-0.0016));
#11279=CARTESIAN_POINT('',(-0.041,-0.040375,-0.0016));
#11280=CARTESIAN_POINT('',(-0.041,-0.040375,-0.0016));
#11281=CARTESIAN_POINT('',(-0.041,-0.034575,-0.0016));
#11282=CARTESIAN_POINT('',(-0.0468,-0.034575,-0.0016));
#11283=CARTESIAN_POINT('',(-0.0468,0.011425,-0.0016));
#11284=CARTESIAN_POINT('',(0.043,-0.034575,-0.0016));
#11285=CARTESIAN_POINT('',(0.04115,-0.034575,-0.0016));
#11286=CARTESIAN_POINT('',(0.043,0.057425,-0.0016));
#11287=CARTESIAN_POINT('',(0.04115,0.057425,-0.0016));
#11288=CARTESIAN_POINT('',(0.043,0.011425,-0.0016));
#11289=CARTESIAN_POINT('',(0.04115,0.011425,-0.0016));
#11290=CARTESIAN_POINT('',(-0.043,0.011425,-0.0016));
#11291=CARTESIAN_POINT('',(-0.04485,0.011425,-0.0016));
#11292=CARTESIAN_POINT('',(-0.043,0.057425,-0.0016));
#11293=CARTESIAN_POINT('',(-0.04485,0.057425,-0.0016));
#11294=CARTESIAN_POINT('',(-0.043,-0.034575,-0.0016));
#11295=CARTESIAN_POINT('',(-0.04485,-0.034575,-0.0016));
#11296=CARTESIAN_POINT('',(-6.74295041604365E-18,-0.035875,-0.0016));
#11297=CARTESIAN_POINT('',(0.022575,-0.035875,-0.0016));
#11298=CARTESIAN_POINT('',(0.034575,-0.035875,-0.0016));
#11299=CARTESIAN_POINT('',(0.034575,-0.034575,-0.0016));
#11300=CARTESIAN_POINT('',(0.035875,-0.034575,-0.0016));
#11301=CARTESIAN_POINT('',(0.035875,-0.022575,-0.0016));
#11302=CARTESIAN_POINT('',(0.035875,-0.022575,-0.0016));
#11303=CARTESIAN_POINT('',(0.034575,-0.022575,-0.0016));
#11304=CARTESIAN_POINT('',(0.034575,-0.021275,-0.0016));
#11305=CARTESIAN_POINT('',(0.022575,-0.021275,-0.0016));
#11306=CARTESIAN_POINT('',(0.022575,-0.021275,-0.0016));
#11307=CARTESIAN_POINT('',(0.022575,-0.022575,-0.0016));
#11308=CARTESIAN_POINT('',(0.021275,-0.022575,-0.0016));
#11309=CARTESIAN_POINT('',(0.021275,0.011425,-0.0016));
#11310=CARTESIAN_POINT('',(0.021275,-0.034575,-0.0016));
#11311=CARTESIAN_POINT('',(0.022575,-0.034575,-0.0016));
#11312=CARTESIAN_POINT('',(-6.93889390390723E-18,0.011425,-1.39915896802585E-18));
#11313=CARTESIAN_POINT('',(0.0148831698688358,0.0610285533905933,-5.65117962253473E-18));
#11314=CARTESIAN_POINT('',(0.0148657202943377,0.0600288679371224,-5.53089042001556E-18));
#11315=CARTESIAN_POINT('',(0.0138658725991813,0.0600463203435596,-5.65547375133446E-18));
#11316=CARTESIAN_POINT('',(0.00543412740081726,0.0600463203435596,-6.68806472817471E-18));
#11317=CARTESIAN_POINT('',(0.00443427970566086,0.0600288679371224,-6.80837345275744E-18));
#11318=CARTESIAN_POINT('',(0.00441683013116274,0.0610285533905933,-6.93293656838774E-18));
#11319=CARTESIAN_POINT('',(-0.041,0.063225,-1.27638812641133E-17));
#11320=CARTESIAN_POINT('',(-0.041,0.063225,-1.27638812641133E-17));
#11321=CARTESIAN_POINT('',(-0.041,0.057425,-1.20535861206078E-17));
#11322=CARTESIAN_POINT('',(-0.0468,0.057425,-1.27638812641133E-17));
#11323=CARTESIAN_POINT('',(-0.0468,-0.034575,-1.49713071195764E-18));
#11324=CARTESIAN_POINT('',(-0.0468,-0.034575,-1.49713071195764E-18));
#11325=CARTESIAN_POINT('',(-0.041,-0.034575,-7.86835568452175E-19));
#11326=CARTESIAN_POINT('',(-0.041,-0.040375,-7.65404249467109E-20));
#11327=CARTESIAN_POINT('',(-6.93889390390723E-18,-0.040375,4.94451145155744E-18));
#11328=CARTESIAN_POINT('',(0.041,-0.040375,9.96556332806159E-18));
#11329=CARTESIAN_POINT('',(0.041,-0.034575,9.25526818455612E-18));
#11330=CARTESIAN_POINT('',(0.0468,-0.034575,9.96556332806159E-18));
#11331=CARTESIAN_POINT('',(0.0468,0.011425,4.33218805198376E-18));
#11332=CARTESIAN_POINT('',(0.0468,0.057425,-1.30118722409406E-18));
#11333=CARTESIAN_POINT('',(0.041,0.057425,-2.01148236759953E-18));
#11334=CARTESIAN_POINT('',(0.041,0.063225,-2.72177751110499E-18));
#11335=CARTESIAN_POINT('',(0.014925,0.063225,-5.91504403988172E-18));
#11336=CARTESIAN_POINT('',(0.035875,0.011425,2.99426142391528E-18));
#11337=CARTESIAN_POINT('',(0.035875,-0.022575,7.15806054101628E-18));
#11338=CARTESIAN_POINT('',(0.035875,-0.034575,8.6276366999931E-18));
#11339=CARTESIAN_POINT('',(0.034575,-0.034575,8.46843261610395E-18));
#11340=CARTESIAN_POINT('',(0.034575,-0.035875,8.6276366999931E-18));
#11341=CARTESIAN_POINT('',(0.022575,-0.035875,7.15806054101628E-18));
#11342=CARTESIAN_POINT('',(0.022575,-0.035875,7.15806054101628E-18));
#11343=CARTESIAN_POINT('',(0.022575,-0.034575,6.99885645712713E-18));
#11344=CARTESIAN_POINT('',(0.021275,-0.034575,6.83965237323797E-18));
#11345=CARTESIAN_POINT('',(0.021275,-0.022575,5.37007621426115E-18));
#11346=CARTESIAN_POINT('',(0.021275,-0.022575,5.37007621426115E-18));
#11347=CARTESIAN_POINT('',(0.022575,-0.022575,5.5292802981503E-18));
#11348=CARTESIAN_POINT('',(0.022575,-0.021275,5.37007621426115E-18));
#11349=CARTESIAN_POINT('',(-6.93889390390723E-18,-0.021275,2.60543606518599E-18));
#11350=CARTESIAN_POINT('',(0.034575,-0.021275,6.83965237323797E-18));
#11351=CARTESIAN_POINT('',(0.034575,-0.022575,6.99885645712713E-18));
#11352=CARTESIAN_POINT('',(-0.043,-0.034575,-1.03176492828164E-18));
#11353=CARTESIAN_POINT('',(-0.04485,-0.034575,-1.2583245861239E-18));
#11354=CARTESIAN_POINT('',(-0.043,0.057425,-1.22985154804373E-17));
#11355=CARTESIAN_POINT('',(-0.04485,0.057425,-1.25250751382796E-17));
#11356=CARTESIAN_POINT('',(-0.043,0.011425,-6.66514020435947E-18));
#11357=CARTESIAN_POINT('',(-0.04485,0.011425,-6.89169986220173E-18));
#11358=CARTESIAN_POINT('',(0.043,0.011425,3.86682226830777E-18));
#11359=CARTESIAN_POINT('',(0.04115,0.011425,3.64026261046551E-18));
#11360=CARTESIAN_POINT('',(0.043,0.057425,-1.76655300777006E-18));
#11361=CARTESIAN_POINT('',(0.04115,0.057425,-1.99311266561232E-18));
#11362=CARTESIAN_POINT('',(0.043,-0.034575,9.50019754438559E-18));
#11363=CARTESIAN_POINT('',(0.04115,-0.034575,9.27363788654333E-18));
#11364=CARTESIAN_POINT('',(0.016825,-0.034575,6.2946845476174E-18));
#11365=CARTESIAN_POINT('',(0.016825,-0.022575,4.82510838864057E-18));
#11366=CARTESIAN_POINT('',(0.016825,-0.034575,6.2946845476174E-18));
#11367=CARTESIAN_POINT('',(0.015525,-0.034575,6.13548046372824E-18));
#11368=CARTESIAN_POINT('',(0.015525,-0.035875,6.2946845476174E-18));
#11369=CARTESIAN_POINT('',(-6.93889390390723E-18,-0.035875,4.39342039194113E-18));
#11370=CARTESIAN_POINT('',(0.003525,-0.035875,4.82510838864057E-18));
#11371=CARTESIAN_POINT('',(0.003525,-0.034575,4.66590430475142E-18));
#11372=CARTESIAN_POINT('',(0.002225,-0.034575,4.50670022086226E-18));
#11373=CARTESIAN_POINT('',(0.002225,0.011425,-1.12667505521556E-18));
#11374=CARTESIAN_POINT('',(0.002225,-0.022575,3.03712406188543E-18));
#11375=CARTESIAN_POINT('',(0.003525,-0.022575,3.19632814577459E-18));
#11376=CARTESIAN_POINT('',(0.003525,-0.021275,3.03712406188543E-18));
#11377=CARTESIAN_POINT('',(0.015525,-0.021275,4.50670022086226E-18));
#11378=CARTESIAN_POINT('',(0.015525,-0.021275,4.50670022086226E-18));
#11379=CARTESIAN_POINT('',(0.015525,-0.022575,4.66590430475142E-18));
#11380=CARTESIAN_POINT('',(-0.002225,-0.034575,3.96173239524169E-18));
#11381=CARTESIAN_POINT('',(-0.002225,-0.022575,2.49215623626486E-18));
#11382=CARTESIAN_POINT('',(-0.002225,-0.034575,3.96173239524169E-18));
#11383=CARTESIAN_POINT('',(-0.003525,-0.034575,3.80252831135253E-18));
#11384=CARTESIAN_POINT('',(-0.003525,-0.035875,3.96173239524169E-18));
#11385=CARTESIAN_POINT('',(-6.93889390390723E-18,-0.035875,4.39342039194113E-18));
#11386=CARTESIAN_POINT('',(-0.015525,-0.035875,2.49215623626486E-18));
#11387=CARTESIAN_POINT('',(-0.015525,-0.034575,2.33295215237571E-18));
#11388=CARTESIAN_POINT('',(-0.016825,-0.034575,2.17374806848655E-18));
#11389=CARTESIAN_POINT('',(-0.016825,0.011425,-3.45962720759127E-18));
#11390=CARTESIAN_POINT('',(-0.016825,-0.022575,7.04171909509728E-19));
#11391=CARTESIAN_POINT('',(-0.015525,-0.022575,8.63375993398883E-19));
#11392=CARTESIAN_POINT('',(-0.015525,-0.021275,7.04171909509728E-19));
#11393=CARTESIAN_POINT('',(-0.003525,-0.021275,2.17374806848655E-18));
#11394=CARTESIAN_POINT('',(-0.003525,-0.021275,2.17374806848655E-18));
#11395=CARTESIAN_POINT('',(-0.003525,-0.022575,2.33295215237571E-18));
#11396=CARTESIAN_POINT('',(-0.021275,-0.034575,1.62878024286598E-18));
#11397=CARTESIAN_POINT('',(-0.021275,-0.022575,1.59204083889157E-19));
#11398=CARTESIAN_POINT('',(-0.021275,-0.034575,1.62878024286598E-18));
#11399=CARTESIAN_POINT('',(-0.022575,-0.034575,1.46957615897682E-18));
#11400=CARTESIAN_POINT('',(-0.022575,-0.035875,1.62878024286598E-18));
#11401=CARTESIAN_POINT('',(-6.93889390390723E-18,-0.035875,4.39342039194113E-18));
#11402=CARTESIAN_POINT('',(-0.034575,-0.035875,1.59204083889156E-19));
#11403=CARTESIAN_POINT('',(-0.034575,-0.034575,7.70371977754894E-34));
#11404=CARTESIAN_POINT('',(-0.035875,-0.034575,-1.59204083889155E-19));
#11405=CARTESIAN_POINT('',(-0.035875,0.011425,-5.79257935996698E-18));
#11406=CARTESIAN_POINT('',(-0.035875,-0.022575,-1.62878024286598E-18));
#11407=CARTESIAN_POINT('',(-0.034575,-0.022575,-1.46957615897682E-18));
#11408=CARTESIAN_POINT('',(-0.034575,-0.021275,-1.62878024286598E-18));
#11409=CARTESIAN_POINT('',(-0.022575,-0.021275,-1.59204083889155E-19));
#11410=CARTESIAN_POINT('',(-0.022575,-0.021275,-1.59204083889155E-19));
#11411=CARTESIAN_POINT('',(-0.022575,-0.022575,1.15555796663234E-33));
#11412=CARTESIAN_POINT('',(0.035875,-0.015525,6.2946845476174E-18));
#11413=CARTESIAN_POINT('',(0.035875,-0.003525,4.82510838864057E-18));
#11414=CARTESIAN_POINT('',(0.035875,-0.015525,6.2946845476174E-18));
#11415=CARTESIAN_POINT('',(0.034575,-0.015525,6.13548046372824E-18));
#11416=CARTESIAN_POINT('',(0.034575,-0.016825,6.2946845476174E-18));
#11417=CARTESIAN_POINT('',(-6.93889390390723E-18,-0.016825,2.06046823956542E-18));
#11418=CARTESIAN_POINT('',(0.022575,-0.016825,4.82510838864057E-18));
#11419=CARTESIAN_POINT('',(0.022575,-0.015525,4.66590430475142E-18));
#11420=CARTESIAN_POINT('',(0.021275,-0.015525,4.50670022086226E-18));
#11421=CARTESIAN_POINT('',(0.021275,0.011425,1.20627709716014E-18));
#11422=CARTESIAN_POINT('',(0.021275,-0.003525,3.03712406188543E-18));
#11423=CARTESIAN_POINT('',(0.022575,-0.003525,3.19632814577459E-18));
#11424=CARTESIAN_POINT('',(0.022575,-0.002225,3.03712406188543E-18));
#11425=CARTESIAN_POINT('',(0.034575,-0.002225,4.50670022086226E-18));
#11426=CARTESIAN_POINT('',(0.034575,-0.002225,4.50670022086226E-18));
#11427=CARTESIAN_POINT('',(0.034575,-0.003525,4.66590430475142E-18));
#11428=CARTESIAN_POINT('',(0.016825,-0.015525,3.96173239524169E-18));
#11429=CARTESIAN_POINT('',(0.016825,-0.003525,2.49215623626486E-18));
#11430=CARTESIAN_POINT('',(0.016825,-0.015525,3.96173239524169E-18));
#11431=CARTESIAN_POINT('',(0.015525,-0.015525,3.80252831135253E-18));
#11432=CARTESIAN_POINT('',(0.015525,-0.016825,3.96173239524169E-18));
#11433=CARTESIAN_POINT('',(-6.93889390390723E-18,-0.016825,2.06046823956542E-18));
#11434=CARTESIAN_POINT('',(0.003525,-0.016825,2.49215623626486E-18));
#11435=CARTESIAN_POINT('',(0.003525,-0.015525,2.33295215237571E-18));
#11436=CARTESIAN_POINT('',(0.002225,-0.015525,2.17374806848655E-18));
#11437=CARTESIAN_POINT('',(0.002225,0.011425,-1.12667505521556E-18));
#11438=CARTESIAN_POINT('',(0.002225,-0.003525,7.04171909509728E-19));
#11439=CARTESIAN_POINT('',(0.003525,-0.003525,8.63375993398883E-19));
#11440=CARTESIAN_POINT('',(0.003525,-0.002225,7.04171909509728E-19));
#11441=CARTESIAN_POINT('',(0.015525,-0.002225,2.17374806848655E-18));
#11442=CARTESIAN_POINT('',(0.015525,-0.002225,2.17374806848655E-18));
#11443=CARTESIAN_POINT('',(0.015525,-0.003525,2.33295215237571E-18));
#11444=CARTESIAN_POINT('',(-0.002225,-0.015525,1.62878024286598E-18));
#11445=CARTESIAN_POINT('',(-0.002225,-0.003525,1.59204083889157E-19));
#11446=CARTESIAN_POINT('',(-0.002225,-0.015525,1.62878024286598E-18));
#11447=CARTESIAN_POINT('',(-0.003525,-0.015525,1.46957615897682E-18));
#11448=CARTESIAN_POINT('',(-0.003525,-0.016825,1.62878024286598E-18));
#11449=CARTESIAN_POINT('',(-6.93889390390723E-18,-0.016825,2.06046823956542E-18));
#11450=CARTESIAN_POINT('',(-0.015525,-0.016825,1.59204083889157E-19));
#11451=CARTESIAN_POINT('',(-0.015525,-0.015525,1.54074395550979E-33));
#11452=CARTESIAN_POINT('',(-0.016825,-0.015525,-1.59204083889154E-19));
#11453=CARTESIAN_POINT('',(-0.016825,0.011425,-3.45962720759127E-18));
#11454=CARTESIAN_POINT('',(-0.016825,-0.003525,-1.62878024286598E-18));
#11455=CARTESIAN_POINT('',(-0.015525,-0.003525,-1.46957615897682E-18));
#11456=CARTESIAN_POINT('',(-0.015525,-0.002225,-1.62878024286598E-18));
#11457=CARTESIAN_POINT('',(-0.003525,-0.002225,-1.59204083889155E-19));
#11458=CARTESIAN_POINT('',(-0.003525,-0.002225,-1.59204083889155E-19));
#11459=CARTESIAN_POINT('',(-0.003525,-0.003525,1.30000271246138E-33));
#11460=CARTESIAN_POINT('',(-0.021275,-0.015525,-7.04171909509728E-19));
#11461=CARTESIAN_POINT('',(-0.021275,-0.003525,-2.17374806848655E-18));
#11462=CARTESIAN_POINT('',(-0.021275,-0.015525,-7.04171909509728E-19));
#11463=CARTESIAN_POINT('',(-0.022575,-0.015525,-8.63375993398884E-19));
#11464=CARTESIAN_POINT('',(-0.022575,-0.016825,-7.04171909509728E-19));
#11465=CARTESIAN_POINT('',(-6.93889390390723E-18,-0.016825,2.06046823956542E-18));
#11466=CARTESIAN_POINT('',(-0.034575,-0.016825,-2.17374806848655E-18));
#11467=CARTESIAN_POINT('',(-0.034575,-0.015525,-2.33295215237571E-18));
#11468=CARTESIAN_POINT('',(-0.035875,-0.015525,-2.49215623626486E-18));
#11469=CARTESIAN_POINT('',(-0.035875,0.011425,-5.79257935996698E-18));
#11470=CARTESIAN_POINT('',(-0.035875,-0.003525,-3.96173239524169E-18));
#11471=CARTESIAN_POINT('',(-0.034575,-0.003525,-3.80252831135254E-18));
#11472=CARTESIAN_POINT('',(-0.034575,-0.002225,-3.96173239524169E-18));
#11473=CARTESIAN_POINT('',(-0.022575,-0.002225,-2.49215623626486E-18));
#11474=CARTESIAN_POINT('',(-0.022575,-0.002225,-2.49215623626486E-18));
#11475=CARTESIAN_POINT('',(-0.022575,-0.003525,-2.33295215237571E-18));
#11476=CARTESIAN_POINT('',(0.035875,0.003525,3.96173239524169E-18));
#11477=CARTESIAN_POINT('',(0.035875,0.015525,2.49215623626486E-18));
#11478=CARTESIAN_POINT('',(0.035875,0.003525,3.96173239524169E-18));
#11479=CARTESIAN_POINT('',(0.034575,0.003525,3.80252831135253E-18));
#11480=CARTESIAN_POINT('',(0.034575,0.002225,3.96173239524169E-18));
#11481=CARTESIAN_POINT('',(-6.93889390390723E-18,0.002225,-2.72483912810287E-19));
#11482=CARTESIAN_POINT('',(0.022575,0.002225,2.49215623626486E-18));
#11483=CARTESIAN_POINT('',(0.022575,0.003525,2.33295215237571E-18));
#11484=CARTESIAN_POINT('',(0.021275,0.003525,2.17374806848655E-18));
#11485=CARTESIAN_POINT('',(0.021275,0.011425,1.20627709716014E-18));
#11486=CARTESIAN_POINT('',(0.021275,0.015525,7.04171909509728E-19));
#11487=CARTESIAN_POINT('',(0.022575,0.015525,8.63375993398883E-19));
#11488=CARTESIAN_POINT('',(0.022575,0.016825,7.04171909509728E-19));
#11489=CARTESIAN_POINT('',(0.034575,0.016825,2.17374806848655E-18));
#11490=CARTESIAN_POINT('',(0.034575,0.016825,2.17374806848655E-18));
#11491=CARTESIAN_POINT('',(0.034575,0.015525,2.33295215237571E-18));
#11492=CARTESIAN_POINT('',(0.016825,0.003525,1.62878024286598E-18));
#11493=CARTESIAN_POINT('',(0.016825,0.015525,1.59204083889157E-19));
#11494=CARTESIAN_POINT('',(0.016825,0.003525,1.62878024286598E-18));
#11495=CARTESIAN_POINT('',(0.015525,0.003525,1.46957615897682E-18));
#11496=CARTESIAN_POINT('',(0.015525,0.002225,1.62878024286598E-18));
#11497=CARTESIAN_POINT('',(-6.93889390390723E-18,0.002225,-2.72483912810287E-19));
#11498=CARTESIAN_POINT('',(0.003525,0.002225,1.59204083889157E-19));
#11499=CARTESIAN_POINT('',(0.003525,0.003525,1.30000271246138E-33));
#11500=CARTESIAN_POINT('',(0.002225,0.003525,-1.59204083889154E-19));
#11501=CARTESIAN_POINT('',(0.002225,0.011425,-1.12667505521556E-18));
#11502=CARTESIAN_POINT('',(0.002225,0.015525,-1.62878024286598E-18));
#11503=CARTESIAN_POINT('',(0.003525,0.015525,-1.46957615897682E-18));
#11504=CARTESIAN_POINT('',(0.003525,0.016825,-1.62878024286598E-18));
#11505=CARTESIAN_POINT('',(0.015525,0.016825,-1.59204083889155E-19));
#11506=CARTESIAN_POINT('',(0.015525,0.016825,-1.59204083889155E-19));
#11507=CARTESIAN_POINT('',(0.015525,0.015525,1.54074395550979E-33));
#11508=CARTESIAN_POINT('',(-0.002225,0.003525,-7.04171909509728E-19));
#11509=CARTESIAN_POINT('',(-0.002225,0.015525,-2.17374806848655E-18));
#11510=CARTESIAN_POINT('',(-0.002225,0.003525,-7.04171909509728E-19));
#11511=CARTESIAN_POINT('',(-0.003525,0.003525,-8.63375993398884E-19));
#11512=CARTESIAN_POINT('',(-0.003525,0.002225,-7.04171909509728E-19));
#11513=CARTESIAN_POINT('',(-6.93889390390723E-18,0.002225,-2.72483912810287E-19));
#11514=CARTESIAN_POINT('',(-0.015525,0.002225,-2.17374806848655E-18));
#11515=CARTESIAN_POINT('',(-0.015525,0.003525,-2.33295215237571E-18));
#11516=CARTESIAN_POINT('',(-0.016825,0.003525,-2.49215623626486E-18));
#11517=CARTESIAN_POINT('',(-0.016825,0.011425,-3.45962720759127E-18));
#11518=CARTESIAN_POINT('',(-0.016825,0.015525,-3.96173239524169E-18));
#11519=CARTESIAN_POINT('',(-0.015525,0.015525,-3.80252831135254E-18));
#11520=CARTESIAN_POINT('',(-0.015525,0.016825,-3.96173239524169E-18));
#11521=CARTESIAN_POINT('',(-0.003525,0.016825,-2.49215623626486E-18));
#11522=CARTESIAN_POINT('',(-0.003525,0.016825,-2.49215623626486E-18));
#11523=CARTESIAN_POINT('',(-0.003525,0.015525,-2.33295215237571E-18));
#11524=CARTESIAN_POINT('',(-0.021275,0.003525,-3.03712406188543E-18));
#11525=CARTESIAN_POINT('',(-0.021275,0.015525,-4.50670022086226E-18));
#11526=CARTESIAN_POINT('',(-0.021275,0.003525,-3.03712406188543E-18));
#11527=CARTESIAN_POINT('',(-0.022575,0.003525,-3.19632814577459E-18));
#11528=CARTESIAN_POINT('',(-0.022575,0.002225,-3.03712406188543E-18));
#11529=CARTESIAN_POINT('',(-6.93889390390723E-18,0.002225,-2.72483912810287E-19));
#11530=CARTESIAN_POINT('',(-0.034575,0.002225,-4.50670022086226E-18));
#11531=CARTESIAN_POINT('',(-0.034575,0.003525,-4.66590430475142E-18));
#11532=CARTESIAN_POINT('',(-0.035875,0.003525,-4.82510838864057E-18));
#11533=CARTESIAN_POINT('',(-0.035875,0.011425,-5.79257935996698E-18));
#11534=CARTESIAN_POINT('',(-0.035875,0.015525,-6.2946845476174E-18));
#11535=CARTESIAN_POINT('',(-0.034575,0.015525,-6.13548046372824E-18));
#11536=CARTESIAN_POINT('',(-0.034575,0.016825,-6.2946845476174E-18));
#11537=CARTESIAN_POINT('',(-0.022575,0.016825,-4.82510838864057E-18));
#11538=CARTESIAN_POINT('',(-0.022575,0.016825,-4.82510838864057E-18));
#11539=CARTESIAN_POINT('',(-0.022575,0.015525,-4.66590430475142E-18));
#11540=CARTESIAN_POINT('',(0.035875,0.022575,1.62878024286598E-18));
#11541=CARTESIAN_POINT('',(0.035875,0.034575,1.59204083889156E-19));
#11542=CARTESIAN_POINT('',(0.035875,0.022575,1.62878024286598E-18));
#11543=CARTESIAN_POINT('',(0.034575,0.022575,1.46957615897682E-18));
#11544=CARTESIAN_POINT('',(0.034575,0.021275,1.62878024286598E-18));
#11545=CARTESIAN_POINT('',(-6.93889390390723E-18,0.021275,-2.60543606518599E-18));
#11546=CARTESIAN_POINT('',(0.022575,0.021275,1.59204083889157E-19));
#11547=CARTESIAN_POINT('',(0.022575,0.022575,1.15555796663234E-33));
#11548=CARTESIAN_POINT('',(0.021275,0.022575,-1.59204083889155E-19));
#11549=CARTESIAN_POINT('',(0.021275,0.011425,1.20627709716014E-18));
#11550=CARTESIAN_POINT('',(0.021275,0.034575,-1.62878024286598E-18));
#11551=CARTESIAN_POINT('',(0.022575,0.034575,-1.46957615897682E-18));
#11552=CARTESIAN_POINT('',(0.022575,0.035875,-1.62878024286598E-18));
#11553=CARTESIAN_POINT('',(0.034575,0.035875,-1.59204083889155E-19));
#11554=CARTESIAN_POINT('',(0.034575,0.035875,-1.59204083889155E-19));
#11555=CARTESIAN_POINT('',(0.034575,0.034575,7.70371977754894E-34));
#11556=CARTESIAN_POINT('',(0.016825,0.022575,-7.04171909509728E-19));
#11557=CARTESIAN_POINT('',(0.016825,0.034575,-2.17374806848655E-18));
#11558=CARTESIAN_POINT('',(0.016825,0.022575,-7.04171909509728E-19));
#11559=CARTESIAN_POINT('',(0.015525,0.022575,-8.63375993398884E-19));
#11560=CARTESIAN_POINT('',(0.015525,0.021275,-7.04171909509728E-19));
#11561=CARTESIAN_POINT('',(-6.93889390390723E-18,0.021275,-2.60543606518599E-18));
#11562=CARTESIAN_POINT('',(0.003525,0.021275,-2.17374806848655E-18));
#11563=CARTESIAN_POINT('',(0.003525,0.022575,-2.33295215237571E-18));
#11564=CARTESIAN_POINT('',(0.002225,0.022575,-2.49215623626486E-18));
#11565=CARTESIAN_POINT('',(0.002225,0.011425,-1.12667505521556E-18));
#11566=CARTESIAN_POINT('',(0.002225,0.034575,-3.96173239524169E-18));
#11567=CARTESIAN_POINT('',(0.003525,0.034575,-3.80252831135254E-18));
#11568=CARTESIAN_POINT('',(0.003525,0.035875,-3.96173239524169E-18));
#11569=CARTESIAN_POINT('',(0.015525,0.035875,-2.49215623626486E-18));
#11570=CARTESIAN_POINT('',(0.015525,0.035875,-2.49215623626486E-18));
#11571=CARTESIAN_POINT('',(0.015525,0.034575,-2.33295215237571E-18));
#11572=CARTESIAN_POINT('',(-0.002225,0.022575,-3.03712406188543E-18));
#11573=CARTESIAN_POINT('',(-0.002225,0.034575,-4.50670022086226E-18));
#11574=CARTESIAN_POINT('',(-0.002225,0.022575,-3.03712406188543E-18));
#11575=CARTESIAN_POINT('',(-0.003525,0.022575,-3.19632814577459E-18));
#11576=CARTESIAN_POINT('',(-0.003525,0.021275,-3.03712406188543E-18));
#11577=CARTESIAN_POINT('',(-6.93889390390723E-18,0.021275,-2.60543606518599E-18));
#11578=CARTESIAN_POINT('',(-0.015525,0.021275,-4.50670022086226E-18));
#11579=CARTESIAN_POINT('',(-0.015525,0.022575,-4.66590430475142E-18));
#11580=CARTESIAN_POINT('',(-0.016825,0.022575,-4.82510838864057E-18));
#11581=CARTESIAN_POINT('',(-0.016825,0.011425,-3.45962720759127E-18));
#11582=CARTESIAN_POINT('',(-0.016825,0.034575,-6.2946845476174E-18));
#11583=CARTESIAN_POINT('',(-0.015525,0.034575,-6.13548046372824E-18));
#11584=CARTESIAN_POINT('',(-0.015525,0.035875,-6.2946845476174E-18));
#11585=CARTESIAN_POINT('',(-0.003525,0.035875,-4.82510838864057E-18));
#11586=CARTESIAN_POINT('',(-0.003525,0.035875,-4.82510838864057E-18));
#11587=CARTESIAN_POINT('',(-0.003525,0.034575,-4.66590430475142E-18));
#11588=CARTESIAN_POINT('',(-0.021275,0.022575,-5.37007621426115E-18));
#11589=CARTESIAN_POINT('',(-0.021275,0.034575,-6.83965237323797E-18));
#11590=CARTESIAN_POINT('',(-0.021275,0.022575,-5.37007621426115E-18));
#11591=CARTESIAN_POINT('',(-0.022575,0.022575,-5.5292802981503E-18));
#11592=CARTESIAN_POINT('',(-0.022575,0.021275,-5.37007621426115E-18));
#11593=CARTESIAN_POINT('',(-6.93889390390723E-18,0.021275,-2.60543606518599E-18));
#11594=CARTESIAN_POINT('',(-0.034575,0.021275,-6.83965237323797E-18));
#11595=CARTESIAN_POINT('',(-0.034575,0.022575,-6.99885645712712E-18));
#11596=CARTESIAN_POINT('',(-0.035875,0.022575,-7.15806054101628E-18));
#11597=CARTESIAN_POINT('',(-0.035875,0.011425,-5.79257935996698E-18));
#11598=CARTESIAN_POINT('',(-0.035875,0.034575,-8.6276366999931E-18));
#11599=CARTESIAN_POINT('',(-0.034575,0.034575,-8.46843261610395E-18));
#11600=CARTESIAN_POINT('',(-0.034575,0.035875,-8.6276366999931E-18));
#11601=CARTESIAN_POINT('',(-0.022575,0.035875,-7.15806054101628E-18));
#11602=CARTESIAN_POINT('',(-0.022575,0.035875,-7.15806054101628E-18));
#11603=CARTESIAN_POINT('',(-0.022575,0.034575,-6.99885645712712E-18));
#11604=CARTESIAN_POINT('',(-0.022575,0.053625,-9.33180860950283E-18));
#11605=CARTESIAN_POINT('',(-0.022575,0.054325,-9.41753388544315E-18));
#11606=CARTESIAN_POINT('',(-0.021875,0.053625,-9.24608333356252E-18));
#11607=CARTESIAN_POINT('',(-0.021875,0.041625,-7.77650717458569E-18));
#11608=CARTESIAN_POINT('',(-0.021875,0.041625,-7.77650717458569E-18));
#11609=CARTESIAN_POINT('',(-0.022575,0.041625,-7.86223245052601E-18));
#11610=CARTESIAN_POINT('',(-0.022575,0.040925,-7.77650717458569E-18));
#11611=CARTESIAN_POINT('',(-6.93889390390723E-18,0.040925,-5.01186702551054E-18));
#11612=CARTESIAN_POINT('',(-0.034575,0.040925,-9.24608333356252E-18));
#11613=CARTESIAN_POINT('',(-0.034575,0.041625,-9.33180860950283E-18));
#11614=CARTESIAN_POINT('',(-0.035275,0.041625,-9.41753388544315E-18));
#11615=CARTESIAN_POINT('',(-0.035275,0.011425,-5.71910055201814E-18));
#11616=CARTESIAN_POINT('',(-0.035275,0.053625,-1.088711004442E-17));
#11617=CARTESIAN_POINT('',(-0.034575,0.053625,-1.08013847684797E-17));
#11618=CARTESIAN_POINT('',(-0.034575,0.054325,-1.088711004442E-17));
#11619=CARTESIAN_POINT('',(-0.022575,0.054325,-9.41753388544315E-18));
#11620=CARTESIAN_POINT('',(-0.028575,0.054125,-0.0016));
#11621=CARTESIAN_POINT('',(-0.022575,0.054125,-9.3930409494602E-18));
#11622=CARTESIAN_POINT('',(-0.022575,0.054125,-0.0014));
#11623=CARTESIAN_POINT('',(-0.022575,0.054125,-0.000200000000000009));
#11624=CARTESIAN_POINT('',(-0.034575,0.054125,-0.000200000000000011));
#11625=CARTESIAN_POINT('',(-0.034575,0.054125,-0.000200000000000011));
#11626=CARTESIAN_POINT('',(-0.034575,0.054125,-0.0016));
#11627=CARTESIAN_POINT('',(-0.034575,0.054125,-0.0014));
#11628=CARTESIAN_POINT('',(-0.028575,0.054125,-0.0014));
#11629=CARTESIAN_POINT('',(-0.035075,0.047625,-0.0016));
#11630=CARTESIAN_POINT('',(-0.035075,0.053625,-0.0016));
#11631=CARTESIAN_POINT('',(-0.035075,0.053625,-0.0014));
#11632=CARTESIAN_POINT('',(-0.035075,0.053625,-0.000200000000000011));
#11633=CARTESIAN_POINT('',(-0.035075,0.047625,-0.00020000000000001));
#11634=CARTESIAN_POINT('',(-0.035075,0.041625,-0.000200000000000009));
#11635=CARTESIAN_POINT('',(-0.035075,0.041625,-0.0016));
#11636=CARTESIAN_POINT('',(-0.035075,0.041625,-0.0014));
#11637=CARTESIAN_POINT('',(-0.035075,0.053625,-0.0014));
#11638=CARTESIAN_POINT('',(-0.028575,0.041125,-0.0016));
#11639=CARTESIAN_POINT('',(-0.034575,0.041125,-9.27057626954546E-18));
#11640=CARTESIAN_POINT('',(-0.034575,0.041125,-0.0014));
#11641=CARTESIAN_POINT('',(-0.034575,0.041125,-0.000200000000000009));
#11642=CARTESIAN_POINT('',(-0.028575,0.041125,-0.000200000000000009));
#11643=CARTESIAN_POINT('',(-0.022575,0.041125,-0.000200000000000008));
#11644=CARTESIAN_POINT('',(-0.022575,0.041125,-0.0016));
#11645=CARTESIAN_POINT('',(-0.022575,0.041125,-0.0014));
#11646=CARTESIAN_POINT('',(-0.034575,0.041125,-0.0014));
#11647=CARTESIAN_POINT('',(-1.36818443199509E-17,-0.040575,-0.0016));
#11648=CARTESIAN_POINT('',(0.041,-0.040575,-0.0016));
#11649=CARTESIAN_POINT('',(0.041,-0.040575,-0.0014));
#11650=CARTESIAN_POINT('',(0.041,-0.040575,-0.00019999999999999));
#11651=CARTESIAN_POINT('',(-1.38532948718315E-17,-0.040575,-0.000199999999999995));
#11652=CARTESIAN_POINT('',(-0.041,-0.040575,-0.0002));
#11653=CARTESIAN_POINT('',(-0.041,-0.040575,-0.0016));
#11654=CARTESIAN_POINT('',(-0.041,-0.040575,-0.0014));
#11655=CARTESIAN_POINT('',(0.041,-0.040575,-0.0014));
#11656=CARTESIAN_POINT('',(0.022575,-0.022575,-0.0016));
#11657=CARTESIAN_POINT('',(0.022575,-0.021475,-0.0016));
#11658=CARTESIAN_POINT('',(0.022575,-0.021475,-0.0014));
#11659=CARTESIAN_POINT('',(0.022575,-0.021475,-0.000199999999999995));
#11660=CARTESIAN_POINT('',(0.022575,-0.022575,-0.000199999999999995));
#11661=CARTESIAN_POINT('',(0.021475,-0.022575,-0.000199999999999995));
#11662=CARTESIAN_POINT('',(0.021475,-0.022575,-0.0016));
#11663=CARTESIAN_POINT('',(0.021475,-0.022575,-0.0014));
#11664=CARTESIAN_POINT('',(0.022575,-0.022575,-0.0014));
#11665=CARTESIAN_POINT('',(0.021475,-0.028575,-0.0016));
#11666=CARTESIAN_POINT('',(0.021475,-0.034575,-0.000199999999999993));
#11667=CARTESIAN_POINT('',(0.021475,-0.034575,-0.000199999999999993));
#11668=CARTESIAN_POINT('',(0.021475,-0.034575,-0.0016));
#11669=CARTESIAN_POINT('',(0.021475,-0.034575,-0.0014));
#11670=CARTESIAN_POINT('',(0.021475,-0.028575,-0.0014));
#11671=CARTESIAN_POINT('',(0.022575,-0.034575,-0.0016));
#11672=CARTESIAN_POINT('',(0.022575,-0.034575,-0.000199999999999993));
#11673=CARTESIAN_POINT('',(0.022575,-0.035675,-0.000199999999999993));
#11674=CARTESIAN_POINT('',(0.022575,-0.035675,-0.0016));
#11675=CARTESIAN_POINT('',(0.022575,-0.035675,-0.0014));
#11676=CARTESIAN_POINT('',(0.022575,-0.034575,-0.0014));
#11677=CARTESIAN_POINT('',(0.028575,-0.035675,-0.0016));
#11678=CARTESIAN_POINT('',(0.034575,-0.035675,-0.000199999999999991));
#11679=CARTESIAN_POINT('',(0.034575,-0.035675,-0.000199999999999991));
#11680=CARTESIAN_POINT('',(0.034575,-0.035675,-0.0016));
#11681=CARTESIAN_POINT('',(0.034575,-0.035675,-0.0014));
#11682=CARTESIAN_POINT('',(0.028575,-0.035675,-0.0014));
#11683=CARTESIAN_POINT('',(0.034575,-0.034575,-0.0016));
#11684=CARTESIAN_POINT('',(0.034575,-0.034575,-0.000199999999999991));
#11685=CARTESIAN_POINT('',(0.035675,-0.034575,-0.000199999999999991));
#11686=CARTESIAN_POINT('',(0.035675,-0.034575,-0.0016));
#11687=CARTESIAN_POINT('',(0.035675,-0.034575,-0.0014));
#11688=CARTESIAN_POINT('',(0.034575,-0.034575,-0.0014));
#11689=CARTESIAN_POINT('',(0.035675,-0.028575,-0.0016));
#11690=CARTESIAN_POINT('',(0.035675,-0.028575,-0.000199999999999992));
#11691=CARTESIAN_POINT('',(0.035675,-0.022575,-0.000199999999999993));
#11692=CARTESIAN_POINT('',(0.035675,-0.022575,-0.0016));
#11693=CARTESIAN_POINT('',(0.035675,-0.022575,-0.0014));
#11694=CARTESIAN_POINT('',(0.035675,-0.034575,-0.0014));
#11695=CARTESIAN_POINT('',(0.034575,-0.022575,-0.0016));
#11696=CARTESIAN_POINT('',(0.034575,-0.022575,-0.000199999999999993));
#11697=CARTESIAN_POINT('',(0.034575,-0.021475,-0.000199999999999993));
#11698=CARTESIAN_POINT('',(0.034575,-0.021475,-0.0016));
#11699=CARTESIAN_POINT('',(0.034575,-0.021475,-0.0014));
#11700=CARTESIAN_POINT('',(0.034575,-0.022575,-0.0014));
#11701=CARTESIAN_POINT('',(0.028575,-0.021475,-0.0016));
#11702=CARTESIAN_POINT('',(0.028575,-0.021475,-0.000199999999999994));
#11703=CARTESIAN_POINT('',(0.034575,-0.021475,-0.0014));
#11704=CARTESIAN_POINT('',(-0.022075,0.047625,-0.0016));
#11705=CARTESIAN_POINT('',(-0.022075,0.041625,-0.0016));
#11706=CARTESIAN_POINT('',(-0.022075,0.041625,-0.0014));
#11707=CARTESIAN_POINT('',(-0.022075,0.041625,-0.000200000000000008));
#11708=CARTESIAN_POINT('',(-0.022075,0.053625,-0.000200000000000009));
#11709=CARTESIAN_POINT('',(-0.022075,0.053625,-0.000200000000000009));
#11710=CARTESIAN_POINT('',(-0.022075,0.053625,-0.0016));
#11711=CARTESIAN_POINT('',(-0.022075,0.053625,-0.0014));
#11712=CARTESIAN_POINT('',(-0.022075,0.047625,-0.0014));
#11713=CARTESIAN_POINT('',(-0.043,-0.034575,1.99999999999901E-6));
#11714=CARTESIAN_POINT('',(-0.043,-0.034575,-0.0002));
#11715=CARTESIAN_POINT('',(-0.04465,-0.034575,-0.0002));
#11716=CARTESIAN_POINT('',(-0.043,-0.034575,-0.0014));
#11717=CARTESIAN_POINT('',(-0.04465,-0.034575,-0.0014));
#11718=CARTESIAN_POINT('',(-0.043,0.057425,1.99999999998775E-6));
#11719=CARTESIAN_POINT('',(-0.043,0.057425,-0.000200000000000013));
#11720=CARTESIAN_POINT('',(-0.04465,0.057425,-0.000200000000000013));
#11721=CARTESIAN_POINT('',(-0.043,0.057425,-0.00140000000000001));
#11722=CARTESIAN_POINT('',(-0.04465,0.057425,-0.00140000000000001));
#11723=CARTESIAN_POINT('',(-0.043,0.011425,1.99999999999339E-6));
#11724=CARTESIAN_POINT('',(-0.043,0.011425,-0.000200000000000007));
#11725=CARTESIAN_POINT('',(-0.04465,0.011425,-0.000200000000000007));
#11726=CARTESIAN_POINT('',(-0.043,0.011425,-0.0014));
#11727=CARTESIAN_POINT('',(-0.04465,0.011425,-0.0014));
#11728=CARTESIAN_POINT('',(-0.047,0.011425,1.99999999999289E-6));
#11729=CARTESIAN_POINT('',(-0.047,-0.034575,-1.52162364794058E-18));
#11730=CARTESIAN_POINT('',(-0.047,-0.034575,-0.0014));
#11731=CARTESIAN_POINT('',(-0.047,-0.034575,-0.0002));
#11732=CARTESIAN_POINT('',(-0.047,0.057425,-0.000200000000000013));
#11733=CARTESIAN_POINT('',(-0.047,0.057425,-0.000200000000000013));
#11734=CARTESIAN_POINT('',(-0.047,0.057425,1.99999999998726E-6));
#11735=CARTESIAN_POINT('',(-0.047,0.057425,-0.00140000000000001));
#11736=CARTESIAN_POINT('',(-0.047,0.011425,-0.0014));
#11737=CARTESIAN_POINT('',(0.043,-0.034575,2.00000000000955E-6));
#11738=CARTESIAN_POINT('',(0.043,-0.034575,-0.00019999999999999));
#11739=CARTESIAN_POINT('',(0.04135,-0.034575,-0.000199999999999991));
#11740=CARTESIAN_POINT('',(0.043,-0.034575,-0.0014));
#11741=CARTESIAN_POINT('',(0.04135,-0.034575,-0.0014));
#11742=CARTESIAN_POINT('',(0.043,0.011425,2.00000000000391E-6));
#11743=CARTESIAN_POINT('',(0.043,0.011425,-0.000199999999999996));
#11744=CARTESIAN_POINT('',(0.04135,0.011425,-0.000199999999999996));
#11745=CARTESIAN_POINT('',(0.043,0.011425,-0.0014));
#11746=CARTESIAN_POINT('',(0.04135,0.011425,-0.0014));
#11747=CARTESIAN_POINT('',(0.043,0.057425,1.99999999999828E-6));
#11748=CARTESIAN_POINT('',(0.043,0.057425,-0.0002));
#11749=CARTESIAN_POINT('',(0.04135,0.057425,-0.0002));
#11750=CARTESIAN_POINT('',(0.043,0.057425,-0.0014));
#11751=CARTESIAN_POINT('',(0.04135,0.057425,-0.0014));
#11752=CARTESIAN_POINT('',(0.047,0.011425,2.0000000000044E-6));
#11753=CARTESIAN_POINT('',(0.047,0.057425,-1.27669428811112E-18));
#11754=CARTESIAN_POINT('',(0.047,0.057425,-0.0014));
#11755=CARTESIAN_POINT('',(0.047,0.057425,-0.0002));
#11756=CARTESIAN_POINT('',(0.047,0.011425,-0.000199999999999996));
#11757=CARTESIAN_POINT('',(0.047,-0.034575,-0.00019999999999999));
#11758=CARTESIAN_POINT('',(0.047,-0.034575,2.00000000001004E-6));
#11759=CARTESIAN_POINT('',(0.047,-0.034575,-0.0014));
#11760=CARTESIAN_POINT('',(0.047,0.057425,-0.0014));
#11761=CARTESIAN_POINT('',(0.041,0.057425,-0.0016));
#11762=CARTESIAN_POINT('',(0.041,0.057425,-0.0002));
#11763=CARTESIAN_POINT('',(0.041,0.057425,-0.0014));
#11764=CARTESIAN_POINT('',(-0.041,0.057425,1.99999999998799E-6));
#11765=CARTESIAN_POINT('',(-0.041,0.057425,-0.000200000000000012));
#11766=CARTESIAN_POINT('',(-0.041,0.057425,-0.00140000000000001));
#11767=CARTESIAN_POINT('',(-0.041,-0.034575,-0.0016));
#11768=CARTESIAN_POINT('',(-0.041,-0.034575,-0.0002));
#11769=CARTESIAN_POINT('',(-0.041,-0.034575,-0.0014));
#11770=CARTESIAN_POINT('',(0.041,-0.034575,2.0000000000093E-6));
#11771=CARTESIAN_POINT('',(0.041,-0.034575,-0.00019999999999999));
#11772=CARTESIAN_POINT('',(0.041,-0.034575,-0.0014));
#11773=CARTESIAN_POINT('',(0.034575,0.022575,0.0234));
#11774=CARTESIAN_POINT('',(0.034575,0.021475,0.0234));
#11775=CARTESIAN_POINT('',(0.034575,0.021475,-0.000199999999999997));
#11776=CARTESIAN_POINT('',(0.034575,0.021475,-0.0014));
#11777=CARTESIAN_POINT('',(0.034575,0.022575,-0.000199999999999998));
#11778=CARTESIAN_POINT('',(0.035675,0.022575,-0.000199999999999997));
#11779=CARTESIAN_POINT('',(0.035675,0.022575,0.0234));
#11780=CARTESIAN_POINT('',(0.035675,0.022575,-0.0014));
#11781=CARTESIAN_POINT('',(0.034575,0.022575,-0.0014));
#11782=CARTESIAN_POINT('',(0.028575,0.021475,0.0234));
#11783=CARTESIAN_POINT('',(0.022575,0.021475,0.0234));
#11784=CARTESIAN_POINT('',(0.022575,0.021475,-0.0002));
#11785=CARTESIAN_POINT('',(0.022575,0.021475,-0.0014));
#11786=CARTESIAN_POINT('',(0.028575,0.021475,-0.0002));
#11787=CARTESIAN_POINT('',(0.022575,0.021475,-0.0014));
#11788=CARTESIAN_POINT('',(0.022575,0.022575,0.0234));
#11789=CARTESIAN_POINT('',(0.021475,0.022575,0.0234));
#11790=CARTESIAN_POINT('',(0.021475,0.022575,-0.0002));
#11791=CARTESIAN_POINT('',(0.021475,0.022575,-0.0014));
#11792=CARTESIAN_POINT('',(0.022575,0.022575,-0.0002));
#11793=CARTESIAN_POINT('',(0.022575,0.022575,-0.0014));
#11794=CARTESIAN_POINT('',(0.021475,0.028575,0.0234));
#11795=CARTESIAN_POINT('',(0.021475,0.034575,0.0234));
#11796=CARTESIAN_POINT('',(0.021475,0.034575,-0.0002));
#11797=CARTESIAN_POINT('',(0.021475,0.034575,-0.0014));
#11798=CARTESIAN_POINT('',(0.021475,0.028575,-0.0002));
#11799=CARTESIAN_POINT('',(0.021475,0.034575,-0.0014));
#11800=CARTESIAN_POINT('',(0.022575,0.034575,0.0234));
#11801=CARTESIAN_POINT('',(0.022575,0.035675,0.0234));
#11802=CARTESIAN_POINT('',(0.022575,0.035675,-0.0002));
#11803=CARTESIAN_POINT('',(0.022575,0.035675,-0.0014));
#11804=CARTESIAN_POINT('',(0.022575,0.034575,-0.0002));
#11805=CARTESIAN_POINT('',(0.022575,0.034575,-0.0014));
#11806=CARTESIAN_POINT('',(0.028575,0.035675,0.0234));
#11807=CARTESIAN_POINT('',(0.034575,0.035675,0.0234));
#11808=CARTESIAN_POINT('',(0.034575,0.035675,-0.0002));
#11809=CARTESIAN_POINT('',(0.034575,0.035675,-0.0014));
#11810=CARTESIAN_POINT('',(0.022575,0.035675,-0.0002));
#11811=CARTESIAN_POINT('',(0.028575,0.035675,-0.0014));
#11812=CARTESIAN_POINT('',(0.034575,0.034575,0.0234));
#11813=CARTESIAN_POINT('',(0.035675,0.034575,0.0234));
#11814=CARTESIAN_POINT('',(0.035675,0.034575,-0.0002));
#11815=CARTESIAN_POINT('',(0.035675,0.034575,-0.0014));
#11816=CARTESIAN_POINT('',(0.034575,0.034575,-0.0002));
#11817=CARTESIAN_POINT('',(0.034575,0.034575,-0.0014));
#11818=CARTESIAN_POINT('',(0.035675,0.028575,0.0234));
#11819=CARTESIAN_POINT('',(0.035675,0.034575,-0.0002));
#11820=CARTESIAN_POINT('',(0.035675,0.028575,-0.0014));
#11821=CARTESIAN_POINT('',(-0.022575,0.003525,0.0234));
#11822=CARTESIAN_POINT('',(-0.022575,0.002425,0.0234));
#11823=CARTESIAN_POINT('',(-0.022575,0.002425,-0.0002));
#11824=CARTESIAN_POINT('',(-0.022575,0.002425,-0.0014));
#11825=CARTESIAN_POINT('',(-0.022575,0.003525,-0.0002));
#11826=CARTESIAN_POINT('',(-0.021475,0.003525,-0.0002));
#11827=CARTESIAN_POINT('',(-0.021475,0.003525,0.0234));
#11828=CARTESIAN_POINT('',(-0.021475,0.003525,-0.0014));
#11829=CARTESIAN_POINT('',(-0.022575,0.003525,-0.0014));
#11830=CARTESIAN_POINT('',(-0.028575,0.002425,0.0234));
#11831=CARTESIAN_POINT('',(-0.034575,0.002425,0.0234));
#11832=CARTESIAN_POINT('',(-0.034575,0.002425,-0.000200000000000004));
#11833=CARTESIAN_POINT('',(-0.034575,0.002425,-0.0014));
#11834=CARTESIAN_POINT('',(-0.028575,0.002425,-0.000200000000000003));
#11835=CARTESIAN_POINT('',(-0.034575,0.002425,-0.0014));
#11836=CARTESIAN_POINT('',(-0.034575,0.003525,0.0234));
#11837=CARTESIAN_POINT('',(-0.035675,0.003525,0.0234));
#11838=CARTESIAN_POINT('',(-0.035675,0.003525,-0.000200000000000004));
#11839=CARTESIAN_POINT('',(-0.035675,0.003525,-0.0014));
#11840=CARTESIAN_POINT('',(-0.034575,0.003525,-0.000200000000000004));
#11841=CARTESIAN_POINT('',(-0.034575,0.003525,-0.0014));
#11842=CARTESIAN_POINT('',(-0.035675,0.009525,0.0234));
#11843=CARTESIAN_POINT('',(-0.035675,0.015525,0.0234));
#11844=CARTESIAN_POINT('',(-0.035675,0.015525,-0.000200000000000005));
#11845=CARTESIAN_POINT('',(-0.035675,0.015525,-0.0014));
#11846=CARTESIAN_POINT('',(-0.035675,0.009525,-0.000200000000000005));
#11847=CARTESIAN_POINT('',(-0.035675,0.015525,-0.0014));
#11848=CARTESIAN_POINT('',(-0.034575,0.015525,0.0234));
#11849=CARTESIAN_POINT('',(-0.034575,0.016625,0.0234));
#11850=CARTESIAN_POINT('',(-0.034575,0.016625,-0.000200000000000005));
#11851=CARTESIAN_POINT('',(-0.034575,0.016625,-0.0014));
#11852=CARTESIAN_POINT('',(-0.034575,0.015525,-0.000200000000000005));
#11853=CARTESIAN_POINT('',(-0.034575,0.015525,-0.0014));
#11854=CARTESIAN_POINT('',(-0.028575,0.016625,0.0234));
#11855=CARTESIAN_POINT('',(-0.022575,0.016625,0.0234));
#11856=CARTESIAN_POINT('',(-0.022575,0.016625,-0.000200000000000004));
#11857=CARTESIAN_POINT('',(-0.022575,0.016625,-0.0014));
#11858=CARTESIAN_POINT('',(-0.034575,0.016625,-0.000200000000000005));
#11859=CARTESIAN_POINT('',(-0.028575,0.016625,-0.0014));
#11860=CARTESIAN_POINT('',(-0.022575,0.015525,0.0234));
#11861=CARTESIAN_POINT('',(-0.021475,0.015525,0.0234));
#11862=CARTESIAN_POINT('',(-0.021475,0.015525,-0.000200000000000004));
#11863=CARTESIAN_POINT('',(-0.021475,0.015525,-0.0014));
#11864=CARTESIAN_POINT('',(-0.022575,0.015525,-0.000200000000000004));
#11865=CARTESIAN_POINT('',(-0.022575,0.015525,-0.0014));
#11866=CARTESIAN_POINT('',(-0.021475,0.009525,0.0234));
#11867=CARTESIAN_POINT('',(-0.021475,0.015525,-0.000200000000000004));
#11868=CARTESIAN_POINT('',(-0.021475,0.009525,-0.0014));
#11869=CARTESIAN_POINT('',(-0.003525,0.003525,0.0234));
#11870=CARTESIAN_POINT('',(-0.003525,0.002425,0.0234));
#11871=CARTESIAN_POINT('',(-0.003525,0.002425,-0.0002));
#11872=CARTESIAN_POINT('',(-0.003525,0.002425,-0.0014));
#11873=CARTESIAN_POINT('',(-0.003525,0.003525,-0.0002));
#11874=CARTESIAN_POINT('',(-0.002425,0.003525,-0.0002));
#11875=CARTESIAN_POINT('',(-0.002425,0.003525,0.0234));
#11876=CARTESIAN_POINT('',(-0.002425,0.003525,-0.0014));
#11877=CARTESIAN_POINT('',(-0.003525,0.003525,-0.0014));
#11878=CARTESIAN_POINT('',(-0.009525,0.002425,0.0234));
#11879=CARTESIAN_POINT('',(-0.015525,0.002425,0.0234));
#11880=CARTESIAN_POINT('',(-0.015525,0.002425,-0.0002));
#11881=CARTESIAN_POINT('',(-0.015525,0.002425,-0.0014));
#11882=CARTESIAN_POINT('',(-0.009525,0.002425,-0.0002));
#11883=CARTESIAN_POINT('',(-0.015525,0.002425,-0.0014));
#11884=CARTESIAN_POINT('',(-0.015525,0.003525,0.0234));
#11885=CARTESIAN_POINT('',(-0.016625,0.003525,0.0234));
#11886=CARTESIAN_POINT('',(-0.016625,0.003525,-0.0002));
#11887=CARTESIAN_POINT('',(-0.016625,0.003525,-0.0014));
#11888=CARTESIAN_POINT('',(-0.015525,0.003525,-0.0002));
#11889=CARTESIAN_POINT('',(-0.015525,0.003525,-0.0014));
#11890=CARTESIAN_POINT('',(-0.016625,0.009525,0.0234));
#11891=CARTESIAN_POINT('',(-0.016625,0.015525,0.0234));
#11892=CARTESIAN_POINT('',(-0.016625,0.015525,-0.000200000000000003));
#11893=CARTESIAN_POINT('',(-0.016625,0.015525,-0.0014));
#11894=CARTESIAN_POINT('',(-0.016625,0.009525,-0.0002));
#11895=CARTESIAN_POINT('',(-0.016625,0.015525,-0.0014));
#11896=CARTESIAN_POINT('',(-0.015525,0.015525,0.0234));
#11897=CARTESIAN_POINT('',(-0.015525,0.016625,0.0234));
#11898=CARTESIAN_POINT('',(-0.015525,0.016625,-0.000200000000000003));
#11899=CARTESIAN_POINT('',(-0.015525,0.016625,-0.0014));
#11900=CARTESIAN_POINT('',(-0.015525,0.015525,-0.000200000000000003));
#11901=CARTESIAN_POINT('',(-0.015525,0.015525,-0.0014));
#11902=CARTESIAN_POINT('',(-0.009525,0.016625,0.0234));
#11903=CARTESIAN_POINT('',(-0.003525,0.016625,0.0234));
#11904=CARTESIAN_POINT('',(-0.003525,0.016625,-0.0002));
#11905=CARTESIAN_POINT('',(-0.003525,0.016625,-0.0014));
#11906=CARTESIAN_POINT('',(-0.015525,0.016625,-0.000200000000000003));
#11907=CARTESIAN_POINT('',(-0.009525,0.016625,-0.0014));
#11908=CARTESIAN_POINT('',(-0.003525,0.015525,0.0234));
#11909=CARTESIAN_POINT('',(-0.002425,0.015525,0.0234));
#11910=CARTESIAN_POINT('',(-0.002425,0.015525,-0.0002));
#11911=CARTESIAN_POINT('',(-0.002425,0.015525,-0.0014));
#11912=CARTESIAN_POINT('',(-0.003525,0.015525,-0.0002));
#11913=CARTESIAN_POINT('',(-0.003525,0.015525,-0.0014));
#11914=CARTESIAN_POINT('',(-0.002425,0.009525,0.0234));
#11915=CARTESIAN_POINT('',(-0.002425,0.015525,-0.0002));
#11916=CARTESIAN_POINT('',(-0.002425,0.009525,-0.0014));
#11917=CARTESIAN_POINT('',(0.015525,0.003525,0.0234));
#11918=CARTESIAN_POINT('',(0.015525,0.002425,0.0234));
#11919=CARTESIAN_POINT('',(0.015525,0.002425,-0.000199999999999997));
#11920=CARTESIAN_POINT('',(0.015525,0.002425,-0.0014));
#11921=CARTESIAN_POINT('',(0.015525,0.003525,-0.000199999999999998));
#11922=CARTESIAN_POINT('',(0.016625,0.003525,-0.000199999999999997));
#11923=CARTESIAN_POINT('',(0.016625,0.003525,0.0234));
#11924=CARTESIAN_POINT('',(0.016625,0.003525,-0.0014));
#11925=CARTESIAN_POINT('',(0.015525,0.003525,-0.0014));
#11926=CARTESIAN_POINT('',(0.009525,0.002425,0.0234));
#11927=CARTESIAN_POINT('',(0.003525,0.002425,0.0234));
#11928=CARTESIAN_POINT('',(0.003525,0.002425,-0.0002));
#11929=CARTESIAN_POINT('',(0.003525,0.002425,-0.0014));
#11930=CARTESIAN_POINT('',(0.009525,0.002425,-0.0002));
#11931=CARTESIAN_POINT('',(0.003525,0.002425,-0.0014));
#11932=CARTESIAN_POINT('',(0.003525,0.003525,0.0234));
#11933=CARTESIAN_POINT('',(0.002425,0.003525,0.0234));
#11934=CARTESIAN_POINT('',(0.002425,0.003525,-0.0002));
#11935=CARTESIAN_POINT('',(0.002425,0.003525,-0.0014));
#11936=CARTESIAN_POINT('',(0.003525,0.003525,-0.0002));
#11937=CARTESIAN_POINT('',(0.003525,0.003525,-0.0014));
#11938=CARTESIAN_POINT('',(0.002425,0.009525,0.0234));
#11939=CARTESIAN_POINT('',(0.002425,0.015525,0.0234));
#11940=CARTESIAN_POINT('',(0.002425,0.015525,-0.0002));
#11941=CARTESIAN_POINT('',(0.002425,0.015525,-0.0014));
#11942=CARTESIAN_POINT('',(0.002425,0.009525,-0.0002));
#11943=CARTESIAN_POINT('',(0.002425,0.015525,-0.0014));
#11944=CARTESIAN_POINT('',(0.003525,0.015525,0.0234));
#11945=CARTESIAN_POINT('',(0.003525,0.016625,0.0234));
#11946=CARTESIAN_POINT('',(0.003525,0.016625,-0.0002));
#11947=CARTESIAN_POINT('',(0.003525,0.016625,-0.0014));
#11948=CARTESIAN_POINT('',(0.003525,0.015525,-0.0002));
#11949=CARTESIAN_POINT('',(0.003525,0.015525,-0.0014));
#11950=CARTESIAN_POINT('',(0.009525,0.016625,0.0234));
#11951=CARTESIAN_POINT('',(0.015525,0.016625,0.0234));
#11952=CARTESIAN_POINT('',(0.015525,0.016625,-0.0002));
#11953=CARTESIAN_POINT('',(0.015525,0.016625,-0.0014));
#11954=CARTESIAN_POINT('',(0.003525,0.016625,-0.0002));
#11955=CARTESIAN_POINT('',(0.009525,0.016625,-0.0014));
#11956=CARTESIAN_POINT('',(0.015525,0.015525,0.0234));
#11957=CARTESIAN_POINT('',(0.016625,0.015525,0.0234));
#11958=CARTESIAN_POINT('',(0.016625,0.015525,-0.0002));
#11959=CARTESIAN_POINT('',(0.016625,0.015525,-0.0014));
#11960=CARTESIAN_POINT('',(0.015525,0.015525,-0.0002));
#11961=CARTESIAN_POINT('',(0.015525,0.015525,-0.0014));
#11962=CARTESIAN_POINT('',(0.016625,0.009525,0.0234));
#11963=CARTESIAN_POINT('',(0.016625,0.015525,-0.0002));
#11964=CARTESIAN_POINT('',(0.016625,0.009525,-0.0014));
#11965=CARTESIAN_POINT('',(0.015525,0.022575,0.0234));
#11966=CARTESIAN_POINT('',(0.015525,0.021475,0.0234));
#11967=CARTESIAN_POINT('',(0.015525,0.021475,-0.0002));
#11968=CARTESIAN_POINT('',(0.015525,0.021475,-0.0014));
#11969=CARTESIAN_POINT('',(0.015525,0.022575,-0.0002));
#11970=CARTESIAN_POINT('',(0.016625,0.022575,-0.0002));
#11971=CARTESIAN_POINT('',(0.016625,0.022575,0.0234));
#11972=CARTESIAN_POINT('',(0.016625,0.022575,-0.0014));
#11973=CARTESIAN_POINT('',(0.015525,0.022575,-0.0014));
#11974=CARTESIAN_POINT('',(0.009525,0.021475,0.0234));
#11975=CARTESIAN_POINT('',(0.003525,0.021475,0.0234));
#11976=CARTESIAN_POINT('',(0.003525,0.021475,-0.0002));
#11977=CARTESIAN_POINT('',(0.003525,0.021475,-0.0014));
#11978=CARTESIAN_POINT('',(0.009525,0.021475,-0.0002));
#11979=CARTESIAN_POINT('',(0.003525,0.021475,-0.0014));
#11980=CARTESIAN_POINT('',(0.003525,0.022575,0.0234));
#11981=CARTESIAN_POINT('',(0.002425,0.022575,0.0234));
#11982=CARTESIAN_POINT('',(0.002425,0.022575,-0.0002));
#11983=CARTESIAN_POINT('',(0.002425,0.022575,-0.0014));
#11984=CARTESIAN_POINT('',(0.003525,0.022575,-0.0002));
#11985=CARTESIAN_POINT('',(0.003525,0.022575,-0.0014));
#11986=CARTESIAN_POINT('',(0.002425,0.028575,0.0234));
#11987=CARTESIAN_POINT('',(0.002425,0.034575,0.0234));
#11988=CARTESIAN_POINT('',(0.002425,0.034575,-0.000200000000000003));
#11989=CARTESIAN_POINT('',(0.002425,0.034575,-0.0014));
#11990=CARTESIAN_POINT('',(0.002425,0.028575,-0.0002));
#11991=CARTESIAN_POINT('',(0.002425,0.034575,-0.0014));
#11992=CARTESIAN_POINT('',(0.003525,0.034575,0.0234));
#11993=CARTESIAN_POINT('',(0.003525,0.035675,0.0234));
#11994=CARTESIAN_POINT('',(0.003525,0.035675,-0.000200000000000003));
#11995=CARTESIAN_POINT('',(0.003525,0.035675,-0.0014));
#11996=CARTESIAN_POINT('',(0.003525,0.034575,-0.000200000000000003));
#11997=CARTESIAN_POINT('',(0.003525,0.034575,-0.0014));
#11998=CARTESIAN_POINT('',(0.009525,0.035675,0.0234));
#11999=CARTESIAN_POINT('',(0.015525,0.035675,0.0234));
#12000=CARTESIAN_POINT('',(0.015525,0.035675,-0.0002));
#12001=CARTESIAN_POINT('',(0.015525,0.035675,-0.0014));
#12002=CARTESIAN_POINT('',(0.003525,0.035675,-0.000200000000000003));
#12003=CARTESIAN_POINT('',(0.009525,0.035675,-0.0014));
#12004=CARTESIAN_POINT('',(0.015525,0.034575,0.0234));
#12005=CARTESIAN_POINT('',(0.016625,0.034575,0.0234));
#12006=CARTESIAN_POINT('',(0.016625,0.034575,-0.0002));
#12007=CARTESIAN_POINT('',(0.016625,0.034575,-0.0014));
#12008=CARTESIAN_POINT('',(0.015525,0.034575,-0.0002));
#12009=CARTESIAN_POINT('',(0.015525,0.034575,-0.0014));
#12010=CARTESIAN_POINT('',(0.016625,0.028575,0.0234));
#12011=CARTESIAN_POINT('',(0.016625,0.034575,-0.0002));
#12012=CARTESIAN_POINT('',(0.016625,0.028575,-0.0014));
#12013=CARTESIAN_POINT('',(-0.003525,0.022575,0.0234));
#12014=CARTESIAN_POINT('',(-0.003525,0.021475,0.0234));
#12015=CARTESIAN_POINT('',(-0.003525,0.021475,-0.0002));
#12016=CARTESIAN_POINT('',(-0.003525,0.021475,-0.0014));
#12017=CARTESIAN_POINT('',(-0.003525,0.022575,-0.0002));
#12018=CARTESIAN_POINT('',(-0.002425,0.022575,-0.0002));
#12019=CARTESIAN_POINT('',(-0.002425,0.022575,0.0234));
#12020=CARTESIAN_POINT('',(-0.002425,0.022575,-0.0014));
#12021=CARTESIAN_POINT('',(-0.003525,0.022575,-0.0014));
#12022=CARTESIAN_POINT('',(-0.009525,0.021475,0.0234));
#12023=CARTESIAN_POINT('',(-0.015525,0.021475,0.0234));
#12024=CARTESIAN_POINT('',(-0.015525,0.021475,-0.000200000000000004));
#12025=CARTESIAN_POINT('',(-0.015525,0.021475,-0.0014));
#12026=CARTESIAN_POINT('',(-0.009525,0.021475,-0.000200000000000003));
#12027=CARTESIAN_POINT('',(-0.015525,0.021475,-0.0014));
#12028=CARTESIAN_POINT('',(-0.015525,0.022575,0.0234));
#12029=CARTESIAN_POINT('',(-0.016625,0.022575,0.0234));
#12030=CARTESIAN_POINT('',(-0.016625,0.022575,-0.000200000000000004));
#12031=CARTESIAN_POINT('',(-0.016625,0.022575,-0.0014));
#12032=CARTESIAN_POINT('',(-0.015525,0.022575,-0.000200000000000004));
#12033=CARTESIAN_POINT('',(-0.015525,0.022575,-0.0014));
#12034=CARTESIAN_POINT('',(-0.016625,0.028575,0.0234));
#12035=CARTESIAN_POINT('',(-0.016625,0.034575,0.0234));
#12036=CARTESIAN_POINT('',(-0.016625,0.034575,-0.000200000000000005));
#12037=CARTESIAN_POINT('',(-0.016625,0.034575,-0.0014));
#12038=CARTESIAN_POINT('',(-0.016625,0.028575,-0.000200000000000005));
#12039=CARTESIAN_POINT('',(-0.016625,0.034575,-0.0014));
#12040=CARTESIAN_POINT('',(-0.015525,0.034575,0.0234));
#12041=CARTESIAN_POINT('',(-0.015525,0.035675,0.0234));
#12042=CARTESIAN_POINT('',(-0.015525,0.035675,-0.000200000000000005));
#12043=CARTESIAN_POINT('',(-0.015525,0.035675,-0.0014));
#12044=CARTESIAN_POINT('',(-0.015525,0.034575,-0.000200000000000005));
#12045=CARTESIAN_POINT('',(-0.015525,0.034575,-0.0014));
#12046=CARTESIAN_POINT('',(-0.009525,0.035675,0.0234));
#12047=CARTESIAN_POINT('',(-0.003525,0.035675,0.0234));
#12048=CARTESIAN_POINT('',(-0.003525,0.035675,-0.000200000000000004));
#12049=CARTESIAN_POINT('',(-0.003525,0.035675,-0.0014));
#12050=CARTESIAN_POINT('',(-0.015525,0.035675,-0.000200000000000005));
#12051=CARTESIAN_POINT('',(-0.009525,0.035675,-0.0014));
#12052=CARTESIAN_POINT('',(-0.003525,0.034575,0.0234));
#12053=CARTESIAN_POINT('',(-0.002425,0.034575,0.0234));
#12054=CARTESIAN_POINT('',(-0.002425,0.034575,-0.000200000000000004));
#12055=CARTESIAN_POINT('',(-0.002425,0.034575,-0.0014));
#12056=CARTESIAN_POINT('',(-0.003525,0.034575,-0.000200000000000004));
#12057=CARTESIAN_POINT('',(-0.003525,0.034575,-0.0014));
#12058=CARTESIAN_POINT('',(-0.002425,0.028575,0.0234));
#12059=CARTESIAN_POINT('',(-0.002425,0.034575,-0.000200000000000004));
#12060=CARTESIAN_POINT('',(-0.002425,0.028575,-0.0014));
#12061=CARTESIAN_POINT('',(-0.022575,0.022575,0.0234));
#12062=CARTESIAN_POINT('',(-0.022575,0.021475,0.0234));
#12063=CARTESIAN_POINT('',(-0.022575,0.021475,-0.000200000000000004));
#12064=CARTESIAN_POINT('',(-0.022575,0.021475,-0.0014));
#12065=CARTESIAN_POINT('',(-0.022575,0.022575,-0.000200000000000005));
#12066=CARTESIAN_POINT('',(-0.021475,0.022575,-0.000200000000000004));
#12067=CARTESIAN_POINT('',(-0.021475,0.022575,0.0234));
#12068=CARTESIAN_POINT('',(-0.021475,0.022575,-0.0014));
#12069=CARTESIAN_POINT('',(-0.022575,0.022575,-0.0014));
#12070=CARTESIAN_POINT('',(-0.028575,0.021475,0.0234));
#12071=CARTESIAN_POINT('',(-0.034575,0.021475,0.0234));
#12072=CARTESIAN_POINT('',(-0.034575,0.021475,-0.000200000000000006));
#12073=CARTESIAN_POINT('',(-0.034575,0.021475,-0.0014));
#12074=CARTESIAN_POINT('',(-0.028575,0.021475,-0.000200000000000005));
#12075=CARTESIAN_POINT('',(-0.034575,0.021475,-0.0014));
#12076=CARTESIAN_POINT('',(-0.034575,0.022575,0.0234));
#12077=CARTESIAN_POINT('',(-0.035675,0.022575,0.0234));
#12078=CARTESIAN_POINT('',(-0.035675,0.022575,-0.000200000000000006));
#12079=CARTESIAN_POINT('',(-0.035675,0.022575,-0.0014));
#12080=CARTESIAN_POINT('',(-0.034575,0.022575,-0.000200000000000006));
#12081=CARTESIAN_POINT('',(-0.034575,0.022575,-0.0014));
#12082=CARTESIAN_POINT('',(-0.035675,0.028575,0.0234));
#12083=CARTESIAN_POINT('',(-0.035675,0.034575,0.0234));
#12084=CARTESIAN_POINT('',(-0.035675,0.034575,-0.000200000000000008));
#12085=CARTESIAN_POINT('',(-0.035675,0.034575,-0.0014));
#12086=CARTESIAN_POINT('',(-0.035675,0.028575,-0.000200000000000007));
#12087=CARTESIAN_POINT('',(-0.035675,0.034575,-0.0014));
#12088=CARTESIAN_POINT('',(-0.034575,0.034575,0.0234));
#12089=CARTESIAN_POINT('',(-0.034575,0.035675,0.0234));
#12090=CARTESIAN_POINT('',(-0.034575,0.035675,-0.000200000000000008));
#12091=CARTESIAN_POINT('',(-0.034575,0.035675,-0.0014));
#12092=CARTESIAN_POINT('',(-0.034575,0.034575,-0.000200000000000008));
#12093=CARTESIAN_POINT('',(-0.034575,0.034575,-0.0014));
#12094=CARTESIAN_POINT('',(-0.028575,0.035675,0.0234));
#12095=CARTESIAN_POINT('',(-0.022575,0.035675,0.0234));
#12096=CARTESIAN_POINT('',(-0.022575,0.035675,-0.000200000000000006));
#12097=CARTESIAN_POINT('',(-0.022575,0.035675,-0.0014));
#12098=CARTESIAN_POINT('',(-0.034575,0.035675,-0.000200000000000008));
#12099=CARTESIAN_POINT('',(-0.028575,0.035675,-0.0014));
#12100=CARTESIAN_POINT('',(-0.022575,0.034575,0.0234));
#12101=CARTESIAN_POINT('',(-0.021475,0.034575,0.0234));
#12102=CARTESIAN_POINT('',(-0.021475,0.034575,-0.000200000000000006));
#12103=CARTESIAN_POINT('',(-0.021475,0.034575,-0.0014));
#12104=CARTESIAN_POINT('',(-0.022575,0.034575,-0.000200000000000006));
#12105=CARTESIAN_POINT('',(-0.022575,0.034575,-0.0014));
#12106=CARTESIAN_POINT('',(-0.021475,0.028575,0.0234));
#12107=CARTESIAN_POINT('',(-0.021475,0.034575,-0.000200000000000006));
#12108=CARTESIAN_POINT('',(-0.021475,0.028575,-0.0014));
#12109=CARTESIAN_POINT('',(0.034575,-0.015525,0.0234));
#12110=CARTESIAN_POINT('',(0.034575,-0.016625,0.0234));
#12111=CARTESIAN_POINT('',(0.034575,-0.016625,-0.000199999999999993));
#12112=CARTESIAN_POINT('',(0.034575,-0.016625,-0.0014));
#12113=CARTESIAN_POINT('',(0.034575,-0.015525,-0.000199999999999993));
#12114=CARTESIAN_POINT('',(0.035675,-0.015525,-0.000199999999999993));
#12115=CARTESIAN_POINT('',(0.035675,-0.015525,0.0234));
#12116=CARTESIAN_POINT('',(0.035675,-0.015525,-0.0014));
#12117=CARTESIAN_POINT('',(0.034575,-0.015525,-0.0014));
#12118=CARTESIAN_POINT('',(0.028575,-0.016625,0.0234));
#12119=CARTESIAN_POINT('',(0.022575,-0.016625,0.0234));
#12120=CARTESIAN_POINT('',(0.022575,-0.016625,-0.000199999999999994));
#12121=CARTESIAN_POINT('',(0.022575,-0.016625,-0.0014));
#12122=CARTESIAN_POINT('',(0.028575,-0.016625,-0.000199999999999994));
#12123=CARTESIAN_POINT('',(0.022575,-0.016625,-0.0014));
#12124=CARTESIAN_POINT('',(0.022575,-0.015525,0.0234));
#12125=CARTESIAN_POINT('',(0.021475,-0.015525,0.0234));
#12126=CARTESIAN_POINT('',(0.021475,-0.015525,-0.000199999999999995));
#12127=CARTESIAN_POINT('',(0.021475,-0.015525,-0.0014));
#12128=CARTESIAN_POINT('',(0.022575,-0.015525,-0.000199999999999994));
#12129=CARTESIAN_POINT('',(0.022575,-0.015525,-0.0014));
#12130=CARTESIAN_POINT('',(0.021475,-0.009525,0.0234));
#12131=CARTESIAN_POINT('',(0.021475,-0.003525,0.0234));
#12132=CARTESIAN_POINT('',(0.021475,-0.003525,-0.000199999999999996));
#12133=CARTESIAN_POINT('',(0.021475,-0.003525,-0.0014));
#12134=CARTESIAN_POINT('',(0.021475,-0.009525,-0.000199999999999995));
#12135=CARTESIAN_POINT('',(0.021475,-0.003525,-0.0014));
#12136=CARTESIAN_POINT('',(0.022575,-0.003525,0.0234));
#12137=CARTESIAN_POINT('',(0.022575,-0.002425,0.0234));
#12138=CARTESIAN_POINT('',(0.022575,-0.002425,-0.000199999999999996));
#12139=CARTESIAN_POINT('',(0.022575,-0.002425,-0.0014));
#12140=CARTESIAN_POINT('',(0.022575,-0.003525,-0.000199999999999996));
#12141=CARTESIAN_POINT('',(0.022575,-0.003525,-0.0014));
#12142=CARTESIAN_POINT('',(0.028575,-0.002425,0.0234));
#12143=CARTESIAN_POINT('',(0.034575,-0.002425,0.0234));
#12144=CARTESIAN_POINT('',(0.034575,-0.002425,-0.000199999999999995));
#12145=CARTESIAN_POINT('',(0.034575,-0.002425,-0.0014));
#12146=CARTESIAN_POINT('',(0.022575,-0.002425,-0.000199999999999996));
#12147=CARTESIAN_POINT('',(0.028575,-0.002425,-0.0014));
#12148=CARTESIAN_POINT('',(0.034575,-0.003525,0.0234));
#12149=CARTESIAN_POINT('',(0.035675,-0.003525,0.0234));
#12150=CARTESIAN_POINT('',(0.035675,-0.003525,-0.000199999999999994));
#12151=CARTESIAN_POINT('',(0.035675,-0.003525,-0.0014));
#12152=CARTESIAN_POINT('',(0.034575,-0.003525,-0.000199999999999994));
#12153=CARTESIAN_POINT('',(0.034575,-0.003525,-0.0014));
#12154=CARTESIAN_POINT('',(0.035675,-0.009525,0.0234));
#12155=CARTESIAN_POINT('',(0.035675,-0.003525,-0.000199999999999994));
#12156=CARTESIAN_POINT('',(0.035675,-0.009525,-0.0014));
#12157=CARTESIAN_POINT('',(-0.022575,-0.034575,0.0234));
#12158=CARTESIAN_POINT('',(-0.022575,-0.035675,0.0234));
#12159=CARTESIAN_POINT('',(-0.022575,-0.035675,-0.000199999999999997));
#12160=CARTESIAN_POINT('',(-0.022575,-0.035675,-0.0014));
#12161=CARTESIAN_POINT('',(-0.022575,-0.034575,-0.000199999999999998));
#12162=CARTESIAN_POINT('',(-0.021475,-0.034575,-0.000199999999999997));
#12163=CARTESIAN_POINT('',(-0.021475,-0.034575,0.0234));
#12164=CARTESIAN_POINT('',(-0.021475,-0.034575,-0.0014));
#12165=CARTESIAN_POINT('',(-0.022575,-0.034575,-0.0014));
#12166=CARTESIAN_POINT('',(-0.028575,-0.035675,0.0234));
#12167=CARTESIAN_POINT('',(-0.034575,-0.035675,0.0234));
#12168=CARTESIAN_POINT('',(-0.034575,-0.035675,-0.0002));
#12169=CARTESIAN_POINT('',(-0.034575,-0.035675,-0.0014));
#12170=CARTESIAN_POINT('',(-0.028575,-0.035675,-0.0002));
#12171=CARTESIAN_POINT('',(-0.034575,-0.035675,-0.0014));
#12172=CARTESIAN_POINT('',(-0.034575,-0.034575,0.0234));
#12173=CARTESIAN_POINT('',(-0.035675,-0.034575,0.0234));
#12174=CARTESIAN_POINT('',(-0.035675,-0.034575,-0.0002));
#12175=CARTESIAN_POINT('',(-0.035675,-0.034575,-0.0014));
#12176=CARTESIAN_POINT('',(-0.034575,-0.034575,-0.0002));
#12177=CARTESIAN_POINT('',(-0.034575,-0.034575,-0.0014));
#12178=CARTESIAN_POINT('',(-0.035675,-0.028575,0.0234));
#12179=CARTESIAN_POINT('',(-0.035675,-0.022575,0.0234));
#12180=CARTESIAN_POINT('',(-0.035675,-0.022575,-0.0002));
#12181=CARTESIAN_POINT('',(-0.035675,-0.022575,-0.0014));
#12182=CARTESIAN_POINT('',(-0.035675,-0.028575,-0.0002));
#12183=CARTESIAN_POINT('',(-0.035675,-0.022575,-0.0014));
#12184=CARTESIAN_POINT('',(-0.034575,-0.022575,0.0234));
#12185=CARTESIAN_POINT('',(-0.034575,-0.021475,0.0234));
#12186=CARTESIAN_POINT('',(-0.034575,-0.021475,-0.0002));
#12187=CARTESIAN_POINT('',(-0.034575,-0.021475,-0.0014));
#12188=CARTESIAN_POINT('',(-0.034575,-0.022575,-0.0002));
#12189=CARTESIAN_POINT('',(-0.034575,-0.022575,-0.0014));
#12190=CARTESIAN_POINT('',(-0.028575,-0.021475,0.0234));
#12191=CARTESIAN_POINT('',(-0.022575,-0.021475,0.0234));
#12192=CARTESIAN_POINT('',(-0.022575,-0.021475,-0.0002));
#12193=CARTESIAN_POINT('',(-0.022575,-0.021475,-0.0014));
#12194=CARTESIAN_POINT('',(-0.034575,-0.021475,-0.0002));
#12195=CARTESIAN_POINT('',(-0.028575,-0.021475,-0.0014));
#12196=CARTESIAN_POINT('',(-0.022575,-0.022575,0.0234));
#12197=CARTESIAN_POINT('',(-0.021475,-0.022575,0.0234));
#12198=CARTESIAN_POINT('',(-0.021475,-0.022575,-0.0002));
#12199=CARTESIAN_POINT('',(-0.021475,-0.022575,-0.0014));
#12200=CARTESIAN_POINT('',(-0.022575,-0.022575,-0.0002));
#12201=CARTESIAN_POINT('',(-0.022575,-0.022575,-0.0014));
#12202=CARTESIAN_POINT('',(-0.021475,-0.028575,0.0234));
#12203=CARTESIAN_POINT('',(-0.021475,-0.022575,-0.0002));
#12204=CARTESIAN_POINT('',(-0.021475,-0.028575,-0.0014));
#12205=CARTESIAN_POINT('',(-0.003525,-0.034575,0.0234));
#12206=CARTESIAN_POINT('',(-0.003525,-0.035675,0.0234));
#12207=CARTESIAN_POINT('',(-0.003525,-0.035675,-0.000199999999999995));
#12208=CARTESIAN_POINT('',(-0.003525,-0.035675,-0.0014));
#12209=CARTESIAN_POINT('',(-0.003525,-0.034575,-0.000199999999999995));
#12210=CARTESIAN_POINT('',(-0.002425,-0.034575,-0.000199999999999995));
#12211=CARTESIAN_POINT('',(-0.002425,-0.034575,0.0234));
#12212=CARTESIAN_POINT('',(-0.002425,-0.034575,-0.0014));
#12213=CARTESIAN_POINT('',(-0.003525,-0.034575,-0.0014));
#12214=CARTESIAN_POINT('',(-0.009525,-0.035675,0.0234));
#12215=CARTESIAN_POINT('',(-0.015525,-0.035675,0.0234));
#12216=CARTESIAN_POINT('',(-0.015525,-0.035675,-0.000199999999999997));
#12217=CARTESIAN_POINT('',(-0.015525,-0.035675,-0.0014));
#12218=CARTESIAN_POINT('',(-0.009525,-0.035675,-0.000199999999999996));
#12219=CARTESIAN_POINT('',(-0.015525,-0.035675,-0.0014));
#12220=CARTESIAN_POINT('',(-0.015525,-0.034575,0.0234));
#12221=CARTESIAN_POINT('',(-0.016625,-0.034575,0.0234));
#12222=CARTESIAN_POINT('',(-0.016625,-0.034575,-0.000199999999999997));
#12223=CARTESIAN_POINT('',(-0.016625,-0.034575,-0.0014));
#12224=CARTESIAN_POINT('',(-0.015525,-0.034575,-0.000199999999999997));
#12225=CARTESIAN_POINT('',(-0.015525,-0.034575,-0.0014));
#12226=CARTESIAN_POINT('',(-0.016625,-0.028575,0.0234));
#12227=CARTESIAN_POINT('',(-0.016625,-0.022575,0.0234));
#12228=CARTESIAN_POINT('',(-0.016625,-0.022575,-0.0002));
#12229=CARTESIAN_POINT('',(-0.016625,-0.022575,-0.0014));
#12230=CARTESIAN_POINT('',(-0.016625,-0.028575,-0.000199999999999998));
#12231=CARTESIAN_POINT('',(-0.016625,-0.022575,-0.0014));
#12232=CARTESIAN_POINT('',(-0.015525,-0.022575,0.0234));
#12233=CARTESIAN_POINT('',(-0.015525,-0.021475,0.0234));
#12234=CARTESIAN_POINT('',(-0.015525,-0.021475,-0.0002));
#12235=CARTESIAN_POINT('',(-0.015525,-0.021475,-0.0014));
#12236=CARTESIAN_POINT('',(-0.015525,-0.022575,-0.0002));
#12237=CARTESIAN_POINT('',(-0.015525,-0.022575,-0.0014));
#12238=CARTESIAN_POINT('',(-0.009525,-0.021475,0.0234));
#12239=CARTESIAN_POINT('',(-0.003525,-0.021475,0.0234));
#12240=CARTESIAN_POINT('',(-0.003525,-0.021475,-0.000199999999999997));
#12241=CARTESIAN_POINT('',(-0.003525,-0.021475,-0.0014));
#12242=CARTESIAN_POINT('',(-0.015525,-0.021475,-0.0002));
#12243=CARTESIAN_POINT('',(-0.009525,-0.021475,-0.0014));
#12244=CARTESIAN_POINT('',(-0.003525,-0.022575,0.0234));
#12245=CARTESIAN_POINT('',(-0.002425,-0.022575,0.0234));
#12246=CARTESIAN_POINT('',(-0.002425,-0.022575,-0.000199999999999997));
#12247=CARTESIAN_POINT('',(-0.002425,-0.022575,-0.0014));
#12248=CARTESIAN_POINT('',(-0.003525,-0.022575,-0.000199999999999997));
#12249=CARTESIAN_POINT('',(-0.003525,-0.022575,-0.0014));
#12250=CARTESIAN_POINT('',(-0.002425,-0.028575,0.0234));
#12251=CARTESIAN_POINT('',(-0.002425,-0.022575,-0.000199999999999997));
#12252=CARTESIAN_POINT('',(-0.002425,-0.028575,-0.0014));
#12253=CARTESIAN_POINT('',(0.015525,-0.034575,0.0234));
#12254=CARTESIAN_POINT('',(0.015525,-0.035675,0.0234));
#12255=CARTESIAN_POINT('',(0.015525,-0.035675,-0.000199999999999993));
#12256=CARTESIAN_POINT('',(0.015525,-0.035675,-0.0014));
#12257=CARTESIAN_POINT('',(0.015525,-0.034575,-0.000199999999999993));
#12258=CARTESIAN_POINT('',(0.016625,-0.034575,-0.000199999999999993));
#12259=CARTESIAN_POINT('',(0.016625,-0.034575,0.0234));
#12260=CARTESIAN_POINT('',(0.016625,-0.034575,-0.0014));
#12261=CARTESIAN_POINT('',(0.015525,-0.034575,-0.0014));
#12262=CARTESIAN_POINT('',(0.009525,-0.035675,0.0234));
#12263=CARTESIAN_POINT('',(0.003525,-0.035675,0.0234));
#12264=CARTESIAN_POINT('',(0.003525,-0.035675,-0.000199999999999994));
#12265=CARTESIAN_POINT('',(0.003525,-0.035675,-0.0014));
#12266=CARTESIAN_POINT('',(0.009525,-0.035675,-0.000199999999999994));
#12267=CARTESIAN_POINT('',(0.003525,-0.035675,-0.0014));
#12268=CARTESIAN_POINT('',(0.003525,-0.034575,0.0234));
#12269=CARTESIAN_POINT('',(0.002425,-0.034575,0.0234));
#12270=CARTESIAN_POINT('',(0.002425,-0.034575,-0.000199999999999995));
#12271=CARTESIAN_POINT('',(0.002425,-0.034575,-0.0014));
#12272=CARTESIAN_POINT('',(0.003525,-0.034575,-0.000199999999999994));
#12273=CARTESIAN_POINT('',(0.003525,-0.034575,-0.0014));
#12274=CARTESIAN_POINT('',(0.002425,-0.028575,0.0234));
#12275=CARTESIAN_POINT('',(0.002425,-0.022575,0.0234));
#12276=CARTESIAN_POINT('',(0.002425,-0.022575,-0.000199999999999996));
#12277=CARTESIAN_POINT('',(0.002425,-0.022575,-0.0014));
#12278=CARTESIAN_POINT('',(0.002425,-0.028575,-0.000199999999999995));
#12279=CARTESIAN_POINT('',(0.002425,-0.022575,-0.0014));
#12280=CARTESIAN_POINT('',(0.003525,-0.022575,0.0234));
#12281=CARTESIAN_POINT('',(0.003525,-0.021475,0.0234));
#12282=CARTESIAN_POINT('',(0.003525,-0.021475,-0.000199999999999996));
#12283=CARTESIAN_POINT('',(0.003525,-0.021475,-0.0014));
#12284=CARTESIAN_POINT('',(0.003525,-0.022575,-0.000199999999999996));
#12285=CARTESIAN_POINT('',(0.003525,-0.022575,-0.0014));
#12286=CARTESIAN_POINT('',(0.009525,-0.021475,0.0234));
#12287=CARTESIAN_POINT('',(0.015525,-0.021475,0.0234));
#12288=CARTESIAN_POINT('',(0.015525,-0.021475,-0.000199999999999995));
#12289=CARTESIAN_POINT('',(0.015525,-0.021475,-0.0014));
#12290=CARTESIAN_POINT('',(0.003525,-0.021475,-0.000199999999999996));
#12291=CARTESIAN_POINT('',(0.009525,-0.021475,-0.0014));
#12292=CARTESIAN_POINT('',(0.015525,-0.022575,0.0234));
#12293=CARTESIAN_POINT('',(0.016625,-0.022575,0.0234));
#12294=CARTESIAN_POINT('',(0.016625,-0.022575,-0.000199999999999994));
#12295=CARTESIAN_POINT('',(0.016625,-0.022575,-0.0014));
#12296=CARTESIAN_POINT('',(0.015525,-0.022575,-0.000199999999999994));
#12297=CARTESIAN_POINT('',(0.015525,-0.022575,-0.0014));
#12298=CARTESIAN_POINT('',(0.016625,-0.028575,0.0234));
#12299=CARTESIAN_POINT('',(0.016625,-0.022575,-0.000199999999999994));
#12300=CARTESIAN_POINT('',(0.016625,-0.028575,-0.0014));
#12301=CARTESIAN_POINT('',(0.034575,0.003525,0.0234));
#12302=CARTESIAN_POINT('',(0.034575,0.002425,0.0234));
#12303=CARTESIAN_POINT('',(0.034575,0.002425,-0.000199999999999995));
#12304=CARTESIAN_POINT('',(0.034575,0.002425,-0.0014));
#12305=CARTESIAN_POINT('',(0.034575,0.003525,-0.000199999999999995));
#12306=CARTESIAN_POINT('',(0.035675,0.003525,-0.000199999999999995));
#12307=CARTESIAN_POINT('',(0.035675,0.003525,0.0234));
#12308=CARTESIAN_POINT('',(0.035675,0.003525,-0.0014));
#12309=CARTESIAN_POINT('',(0.034575,0.003525,-0.0014));
#12310=CARTESIAN_POINT('',(0.028575,0.002425,0.0234));
#12311=CARTESIAN_POINT('',(0.022575,0.002425,0.0234));
#12312=CARTESIAN_POINT('',(0.022575,0.002425,-0.000199999999999997));
#12313=CARTESIAN_POINT('',(0.022575,0.002425,-0.0014));
#12314=CARTESIAN_POINT('',(0.028575,0.002425,-0.000199999999999996));
#12315=CARTESIAN_POINT('',(0.022575,0.002425,-0.0014));
#12316=CARTESIAN_POINT('',(0.022575,0.003525,0.0234));
#12317=CARTESIAN_POINT('',(0.021475,0.003525,0.0234));
#12318=CARTESIAN_POINT('',(0.021475,0.003525,-0.000199999999999997));
#12319=CARTESIAN_POINT('',(0.021475,0.003525,-0.0014));
#12320=CARTESIAN_POINT('',(0.022575,0.003525,-0.000199999999999997));
#12321=CARTESIAN_POINT('',(0.022575,0.003525,-0.0014));
#12322=CARTESIAN_POINT('',(0.021475,0.009525,0.0234));
#12323=CARTESIAN_POINT('',(0.021475,0.015525,0.0234));
#12324=CARTESIAN_POINT('',(0.021475,0.015525,-0.0002));
#12325=CARTESIAN_POINT('',(0.021475,0.015525,-0.0014));
#12326=CARTESIAN_POINT('',(0.021475,0.009525,-0.000199999999999998));
#12327=CARTESIAN_POINT('',(0.021475,0.015525,-0.0014));
#12328=CARTESIAN_POINT('',(0.022575,0.015525,0.0234));
#12329=CARTESIAN_POINT('',(0.022575,0.016625,0.0234));
#12330=CARTESIAN_POINT('',(0.022575,0.016625,-0.0002));
#12331=CARTESIAN_POINT('',(0.022575,0.016625,-0.0014));
#12332=CARTESIAN_POINT('',(0.022575,0.015525,-0.0002));
#12333=CARTESIAN_POINT('',(0.022575,0.015525,-0.0014));
#12334=CARTESIAN_POINT('',(0.028575,0.016625,0.0234));
#12335=CARTESIAN_POINT('',(0.034575,0.016625,0.0234));
#12336=CARTESIAN_POINT('',(0.034575,0.016625,-0.000199999999999997));
#12337=CARTESIAN_POINT('',(0.034575,0.016625,-0.0014));
#12338=CARTESIAN_POINT('',(0.022575,0.016625,-0.0002));
#12339=CARTESIAN_POINT('',(0.028575,0.016625,-0.0014));
#12340=CARTESIAN_POINT('',(0.034575,0.015525,0.0234));
#12341=CARTESIAN_POINT('',(0.035675,0.015525,0.0234));
#12342=CARTESIAN_POINT('',(0.035675,0.015525,-0.000199999999999997));
#12343=CARTESIAN_POINT('',(0.035675,0.015525,-0.0014));
#12344=CARTESIAN_POINT('',(0.034575,0.015525,-0.000199999999999997));
#12345=CARTESIAN_POINT('',(0.034575,0.015525,-0.0014));
#12346=CARTESIAN_POINT('',(0.035675,0.009525,0.0234));
#12347=CARTESIAN_POINT('',(0.035675,0.015525,-0.000199999999999997));
#12348=CARTESIAN_POINT('',(0.035675,0.009525,-0.0014));
#12349=CARTESIAN_POINT('',(-0.022575,-0.015525,0.0234));
#12350=CARTESIAN_POINT('',(-0.022575,-0.016625,0.0234));
#12351=CARTESIAN_POINT('',(-0.022575,-0.016625,-0.0002));
#12352=CARTESIAN_POINT('',(-0.022575,-0.016625,-0.0014));
#12353=CARTESIAN_POINT('',(-0.022575,-0.015525,-0.0002));
#12354=CARTESIAN_POINT('',(-0.021475,-0.015525,-0.0002));
#12355=CARTESIAN_POINT('',(-0.021475,-0.015525,0.0234));
#12356=CARTESIAN_POINT('',(-0.021475,-0.015525,-0.0014));
#12357=CARTESIAN_POINT('',(-0.022575,-0.015525,-0.0014));
#12358=CARTESIAN_POINT('',(-0.028575,-0.016625,0.0234));
#12359=CARTESIAN_POINT('',(-0.034575,-0.016625,0.0234));
#12360=CARTESIAN_POINT('',(-0.034575,-0.016625,-0.0002));
#12361=CARTESIAN_POINT('',(-0.034575,-0.016625,-0.0014));
#12362=CARTESIAN_POINT('',(-0.028575,-0.016625,-0.0002));
#12363=CARTESIAN_POINT('',(-0.034575,-0.016625,-0.0014));
#12364=CARTESIAN_POINT('',(-0.034575,-0.015525,0.0234));
#12365=CARTESIAN_POINT('',(-0.035675,-0.015525,0.0234));
#12366=CARTESIAN_POINT('',(-0.035675,-0.015525,-0.0002));
#12367=CARTESIAN_POINT('',(-0.035675,-0.015525,-0.0014));
#12368=CARTESIAN_POINT('',(-0.034575,-0.015525,-0.0002));
#12369=CARTESIAN_POINT('',(-0.034575,-0.015525,-0.0014));
#12370=CARTESIAN_POINT('',(-0.035675,-0.009525,0.0234));
#12371=CARTESIAN_POINT('',(-0.035675,-0.003525,0.0234));
#12372=CARTESIAN_POINT('',(-0.035675,-0.003525,-0.000200000000000003));
#12373=CARTESIAN_POINT('',(-0.035675,-0.003525,-0.0014));
#12374=CARTESIAN_POINT('',(-0.035675,-0.009525,-0.0002));
#12375=CARTESIAN_POINT('',(-0.035675,-0.003525,-0.0014));
#12376=CARTESIAN_POINT('',(-0.034575,-0.003525,0.0234));
#12377=CARTESIAN_POINT('',(-0.034575,-0.002425,0.0234));
#12378=CARTESIAN_POINT('',(-0.034575,-0.002425,-0.000200000000000003));
#12379=CARTESIAN_POINT('',(-0.034575,-0.002425,-0.0014));
#12380=CARTESIAN_POINT('',(-0.034575,-0.003525,-0.000200000000000003));
#12381=CARTESIAN_POINT('',(-0.034575,-0.003525,-0.0014));
#12382=CARTESIAN_POINT('',(-0.028575,-0.002425,0.0234));
#12383=CARTESIAN_POINT('',(-0.022575,-0.002425,0.0234));
#12384=CARTESIAN_POINT('',(-0.022575,-0.002425,-0.0002));
#12385=CARTESIAN_POINT('',(-0.022575,-0.002425,-0.0014));
#12386=CARTESIAN_POINT('',(-0.034575,-0.002425,-0.000200000000000003));
#12387=CARTESIAN_POINT('',(-0.028575,-0.002425,-0.0014));
#12388=CARTESIAN_POINT('',(-0.022575,-0.003525,0.0234));
#12389=CARTESIAN_POINT('',(-0.021475,-0.003525,0.0234));
#12390=CARTESIAN_POINT('',(-0.021475,-0.003525,-0.0002));
#12391=CARTESIAN_POINT('',(-0.021475,-0.003525,-0.0014));
#12392=CARTESIAN_POINT('',(-0.022575,-0.003525,-0.0002));
#12393=CARTESIAN_POINT('',(-0.022575,-0.003525,-0.0014));
#12394=CARTESIAN_POINT('',(-0.021475,-0.009525,0.0234));
#12395=CARTESIAN_POINT('',(-0.021475,-0.003525,-0.0002));
#12396=CARTESIAN_POINT('',(-0.021475,-0.009525,-0.0014));
#12397=CARTESIAN_POINT('',(-0.003525,-0.015525,0.0234));
#12398=CARTESIAN_POINT('',(-0.003525,-0.016625,0.0234));
#12399=CARTESIAN_POINT('',(-0.003525,-0.016625,-0.000199999999999997));
#12400=CARTESIAN_POINT('',(-0.003525,-0.016625,-0.0014));
#12401=CARTESIAN_POINT('',(-0.003525,-0.015525,-0.000199999999999998));
#12402=CARTESIAN_POINT('',(-0.002425,-0.015525,-0.000199999999999997));
#12403=CARTESIAN_POINT('',(-0.002425,-0.015525,0.0234));
#12404=CARTESIAN_POINT('',(-0.002425,-0.015525,-0.0014));
#12405=CARTESIAN_POINT('',(-0.003525,-0.015525,-0.0014));
#12406=CARTESIAN_POINT('',(-0.009525,-0.016625,0.0234));
#12407=CARTESIAN_POINT('',(-0.015525,-0.016625,0.0234));
#12408=CARTESIAN_POINT('',(-0.015525,-0.016625,-0.0002));
#12409=CARTESIAN_POINT('',(-0.015525,-0.016625,-0.0014));
#12410=CARTESIAN_POINT('',(-0.009525,-0.016625,-0.0002));
#12411=CARTESIAN_POINT('',(-0.015525,-0.016625,-0.0014));
#12412=CARTESIAN_POINT('',(-0.015525,-0.015525,0.0234));
#12413=CARTESIAN_POINT('',(-0.016625,-0.015525,0.0234));
#12414=CARTESIAN_POINT('',(-0.016625,-0.015525,-0.0002));
#12415=CARTESIAN_POINT('',(-0.016625,-0.015525,-0.0014));
#12416=CARTESIAN_POINT('',(-0.015525,-0.015525,-0.0002));
#12417=CARTESIAN_POINT('',(-0.015525,-0.015525,-0.0014));
#12418=CARTESIAN_POINT('',(-0.016625,-0.009525,0.0234));
#12419=CARTESIAN_POINT('',(-0.016625,-0.003525,0.0234));
#12420=CARTESIAN_POINT('',(-0.016625,-0.003525,-0.0002));
#12421=CARTESIAN_POINT('',(-0.016625,-0.003525,-0.0014));
#12422=CARTESIAN_POINT('',(-0.016625,-0.009525,-0.0002));
#12423=CARTESIAN_POINT('',(-0.016625,-0.003525,-0.0014));
#12424=CARTESIAN_POINT('',(-0.015525,-0.003525,0.0234));
#12425=CARTESIAN_POINT('',(-0.015525,-0.002425,0.0234));
#12426=CARTESIAN_POINT('',(-0.015525,-0.002425,-0.0002));
#12427=CARTESIAN_POINT('',(-0.015525,-0.002425,-0.0014));
#12428=CARTESIAN_POINT('',(-0.015525,-0.003525,-0.0002));
#12429=CARTESIAN_POINT('',(-0.015525,-0.003525,-0.0014));
#12430=CARTESIAN_POINT('',(-0.009525,-0.002425,0.0234));
#12431=CARTESIAN_POINT('',(-0.003525,-0.002425,0.0234));
#12432=CARTESIAN_POINT('',(-0.003525,-0.002425,-0.0002));
#12433=CARTESIAN_POINT('',(-0.003525,-0.002425,-0.0014));
#12434=CARTESIAN_POINT('',(-0.015525,-0.002425,-0.0002));
#12435=CARTESIAN_POINT('',(-0.009525,-0.002425,-0.0014));
#12436=CARTESIAN_POINT('',(-0.003525,-0.003525,0.0234));
#12437=CARTESIAN_POINT('',(-0.002425,-0.003525,0.0234));
#12438=CARTESIAN_POINT('',(-0.002425,-0.003525,-0.0002));
#12439=CARTESIAN_POINT('',(-0.002425,-0.003525,-0.0014));
#12440=CARTESIAN_POINT('',(-0.003525,-0.003525,-0.0002));
#12441=CARTESIAN_POINT('',(-0.003525,-0.003525,-0.0014));
#12442=CARTESIAN_POINT('',(-0.002425,-0.009525,0.0234));
#12443=CARTESIAN_POINT('',(-0.002425,-0.003525,-0.0002));
#12444=CARTESIAN_POINT('',(-0.002425,-0.009525,-0.0014));
#12445=CARTESIAN_POINT('',(0.015525,-0.015525,0.0234));
#12446=CARTESIAN_POINT('',(0.015525,-0.016625,0.0234));
#12447=CARTESIAN_POINT('',(0.015525,-0.016625,-0.000199999999999995));
#12448=CARTESIAN_POINT('',(0.015525,-0.016625,-0.0014));
#12449=CARTESIAN_POINT('',(0.015525,-0.015525,-0.000199999999999995));
#12450=CARTESIAN_POINT('',(0.016625,-0.015525,-0.000199999999999995));
#12451=CARTESIAN_POINT('',(0.016625,-0.015525,0.0234));
#12452=CARTESIAN_POINT('',(0.016625,-0.015525,-0.0014));
#12453=CARTESIAN_POINT('',(0.015525,-0.015525,-0.0014));
#12454=CARTESIAN_POINT('',(0.009525,-0.016625,0.0234));
#12455=CARTESIAN_POINT('',(0.003525,-0.016625,0.0234));
#12456=CARTESIAN_POINT('',(0.003525,-0.016625,-0.000199999999999997));
#12457=CARTESIAN_POINT('',(0.003525,-0.016625,-0.0014));
#12458=CARTESIAN_POINT('',(0.009525,-0.016625,-0.000199999999999996));
#12459=CARTESIAN_POINT('',(0.003525,-0.016625,-0.0014));
#12460=CARTESIAN_POINT('',(0.003525,-0.015525,0.0234));
#12461=CARTESIAN_POINT('',(0.002425,-0.015525,0.0234));
#12462=CARTESIAN_POINT('',(0.002425,-0.015525,-0.000199999999999997));
#12463=CARTESIAN_POINT('',(0.002425,-0.015525,-0.0014));
#12464=CARTESIAN_POINT('',(0.003525,-0.015525,-0.000199999999999997));
#12465=CARTESIAN_POINT('',(0.003525,-0.015525,-0.0014));
#12466=CARTESIAN_POINT('',(0.002425,-0.009525,0.0234));
#12467=CARTESIAN_POINT('',(0.002425,-0.003525,0.0234));
#12468=CARTESIAN_POINT('',(0.002425,-0.003525,-0.0002));
#12469=CARTESIAN_POINT('',(0.002425,-0.003525,-0.0014));
#12470=CARTESIAN_POINT('',(0.002425,-0.009525,-0.000199999999999998));
#12471=CARTESIAN_POINT('',(0.002425,-0.003525,-0.0014));
#12472=CARTESIAN_POINT('',(0.003525,-0.003525,0.0234));
#12473=CARTESIAN_POINT('',(0.003525,-0.002425,0.0234));
#12474=CARTESIAN_POINT('',(0.003525,-0.002425,-0.0002));
#12475=CARTESIAN_POINT('',(0.003525,-0.002425,-0.0014));
#12476=CARTESIAN_POINT('',(0.003525,-0.003525,-0.0002));
#12477=CARTESIAN_POINT('',(0.003525,-0.003525,-0.0014));
#12478=CARTESIAN_POINT('',(0.009525,-0.002425,0.0234));
#12479=CARTESIAN_POINT('',(0.015525,-0.002425,0.0234));
#12480=CARTESIAN_POINT('',(0.015525,-0.002425,-0.000199999999999997));
#12481=CARTESIAN_POINT('',(0.015525,-0.002425,-0.0014));
#12482=CARTESIAN_POINT('',(0.003525,-0.002425,-0.0002));
#12483=CARTESIAN_POINT('',(0.009525,-0.002425,-0.0014));
#12484=CARTESIAN_POINT('',(0.015525,-0.003525,0.0234));
#12485=CARTESIAN_POINT('',(0.016625,-0.003525,0.0234));
#12486=CARTESIAN_POINT('',(0.016625,-0.003525,-0.000199999999999997));
#12487=CARTESIAN_POINT('',(0.016625,-0.003525,-0.0014));
#12488=CARTESIAN_POINT('',(0.015525,-0.003525,-0.000199999999999997));
#12489=CARTESIAN_POINT('',(0.015525,-0.003525,-0.0014));
#12490=CARTESIAN_POINT('',(0.016625,-0.009525,0.0234));
#12491=CARTESIAN_POINT('',(0.016625,-0.003525,-0.000199999999999997));
#12492=CARTESIAN_POINT('',(0.016625,-0.009525,-0.0014));
#12493=CARTESIAN_POINT('',(-0.034575,0.053625,-0.0016));
#12494=CARTESIAN_POINT('',(-0.034575,0.053625,-0.000200000000000011));
#12495=CARTESIAN_POINT('',(-0.034575,0.053625,-0.0014));
#12496=CARTESIAN_POINT('',(-0.034575,0.041625,-0.0016));
#12497=CARTESIAN_POINT('',(-0.034575,0.041625,-0.000200000000000009));
#12498=CARTESIAN_POINT('',(-0.034575,0.041625,-0.0014));
#12499=CARTESIAN_POINT('',(-0.022575,0.041625,-0.0016));
#12500=CARTESIAN_POINT('',(-0.022575,0.041625,-0.000200000000000008));
#12501=CARTESIAN_POINT('',(-0.022575,0.041625,-0.0014));
#12502=CARTESIAN_POINT('',(-0.022575,0.053625,-0.0016));
#12503=CARTESIAN_POINT('',(-0.022575,0.053625,-0.000200000000000009));
#12504=CARTESIAN_POINT('',(-0.022575,0.053625,-0.0014));
#12505=CARTESIAN_POINT('',(-0.035275,0.011425,-0.0016));
#12506=CARTESIAN_POINT('',(-0.035275,0.041625,-0.0016));
#12507=CARTESIAN_POINT('',(-0.035075,0.053625,-0.0014));
#12508=CARTESIAN_POINT('',(-0.034575,0.053625,-0.0016));
#12509=CARTESIAN_POINT('',(-0.034575,0.054125,-0.0014));
#12510=CARTESIAN_POINT('',(-0.034575,0.041625,-0.0016));
#12511=CARTESIAN_POINT('',(-0.034575,0.040925,-0.0016));
#12512=CARTESIAN_POINT('',(-0.028575,0.054125,-0.0014));
#12513=CARTESIAN_POINT('',(-0.022575,0.054125,-0.0014));
#12514=CARTESIAN_POINT('',(-6.74295041604365E-18,0.040925,-0.0016));
#12515=CARTESIAN_POINT('',(-0.022575,0.040925,-0.0016));
#12516=CARTESIAN_POINT('',(-0.022575,0.053625,-0.0016));
#12517=CARTESIAN_POINT('',(-0.022075,0.053625,-0.0014));
#12518=CARTESIAN_POINT('',(-0.022575,0.041625,-0.0016));
#12519=CARTESIAN_POINT('',(-0.021875,0.041625,-0.0016));
#12520=CARTESIAN_POINT('',(-0.022075,0.047625,-0.0014));
#12521=CARTESIAN_POINT('',(-0.034575,0.034575,-0.0014));
#12522=CARTESIAN_POINT('',(-0.035875,0.034575,-0.0016));
#12523=CARTESIAN_POINT('',(-0.034575,0.035675,-0.0014));
#12524=CARTESIAN_POINT('',(-6.74295041604365E-18,0.035875,-0.0016));
#12525=CARTESIAN_POINT('',(-0.022575,0.035675,-0.0014));
#12526=CARTESIAN_POINT('',(-0.035675,0.028575,-0.0014));
#12527=CARTESIAN_POINT('',(-0.035875,0.022575,-0.0016));
#12528=CARTESIAN_POINT('',(-0.022575,0.034575,-0.0014));
#12529=CARTESIAN_POINT('',(-0.021475,0.034575,-0.0014));
#12530=CARTESIAN_POINT('',(-0.034575,0.022575,-0.0014));
#12531=CARTESIAN_POINT('',(-0.034575,0.021275,-0.0016));
#12532=CARTESIAN_POINT('',(-0.021275,0.011425,-0.0016));
#12533=CARTESIAN_POINT('',(-0.021475,0.022575,-0.0014));
#12534=CARTESIAN_POINT('',(-0.028575,0.021475,-0.0014));
#12535=CARTESIAN_POINT('',(-0.022575,0.021275,-0.0016));
#12536=CARTESIAN_POINT('',(-0.022575,0.022575,-0.0014));
#12537=CARTESIAN_POINT('',(-0.015525,0.034575,-0.0014));
#12538=CARTESIAN_POINT('',(-0.016825,0.034575,-0.0016));
#12539=CARTESIAN_POINT('',(-0.015525,0.035675,-0.0014));
#12540=CARTESIAN_POINT('',(-6.74295041604365E-18,0.035875,-0.0016));
#12541=CARTESIAN_POINT('',(-0.003525,0.035675,-0.0014));
#12542=CARTESIAN_POINT('',(-0.016625,0.028575,-0.0014));
#12543=CARTESIAN_POINT('',(-0.016825,0.022575,-0.0016));
#12544=CARTESIAN_POINT('',(-0.003525,0.034575,-0.0014));
#12545=CARTESIAN_POINT('',(-0.002425,0.034575,-0.0014));
#12546=CARTESIAN_POINT('',(-0.015525,0.022575,-0.0014));
#12547=CARTESIAN_POINT('',(-0.015525,0.021275,-0.0016));
#12548=CARTESIAN_POINT('',(-0.002225,0.011425,-0.0016));
#12549=CARTESIAN_POINT('',(-0.002425,0.022575,-0.0014));
#12550=CARTESIAN_POINT('',(-0.009525,0.021475,-0.0014));
#12551=CARTESIAN_POINT('',(-0.003525,0.021275,-0.0016));
#12552=CARTESIAN_POINT('',(-0.003525,0.022575,-0.0014));
#12553=CARTESIAN_POINT('',(0.003525,0.034575,-0.0014));
#12554=CARTESIAN_POINT('',(0.002225,0.034575,-0.0016));
#12555=CARTESIAN_POINT('',(0.003525,0.035675,-0.0014));
#12556=CARTESIAN_POINT('',(-6.74295041604365E-18,0.035875,-0.0016));
#12557=CARTESIAN_POINT('',(0.015525,0.035675,-0.0014));
#12558=CARTESIAN_POINT('',(0.002425,0.028575,-0.0014));
#12559=CARTESIAN_POINT('',(0.002225,0.022575,-0.0016));
#12560=CARTESIAN_POINT('',(0.015525,0.034575,-0.0014));
#12561=CARTESIAN_POINT('',(0.016625,0.034575,-0.0014));
#12562=CARTESIAN_POINT('',(0.003525,0.022575,-0.0014));
#12563=CARTESIAN_POINT('',(0.003525,0.021275,-0.0016));
#12564=CARTESIAN_POINT('',(0.016825,0.011425,-0.0016));
#12565=CARTESIAN_POINT('',(0.016625,0.022575,-0.0014));
#12566=CARTESIAN_POINT('',(0.009525,0.021475,-0.0014));
#12567=CARTESIAN_POINT('',(0.015525,0.021275,-0.0016));
#12568=CARTESIAN_POINT('',(0.015525,0.022575,-0.0014));
#12569=CARTESIAN_POINT('',(0.022575,0.034575,-0.0014));
#12570=CARTESIAN_POINT('',(0.021275,0.034575,-0.0016));
#12571=CARTESIAN_POINT('',(0.022575,0.035675,-0.0014));
#12572=CARTESIAN_POINT('',(-6.74295041604365E-18,0.035875,-0.0016));
#12573=CARTESIAN_POINT('',(0.034575,0.035675,-0.0014));
#12574=CARTESIAN_POINT('',(0.021475,0.028575,-0.0014));
#12575=CARTESIAN_POINT('',(0.021275,0.022575,-0.0016));
#12576=CARTESIAN_POINT('',(0.034575,0.034575,-0.0014));
#12577=CARTESIAN_POINT('',(0.035675,0.034575,-0.0014));
#12578=CARTESIAN_POINT('',(0.022575,0.022575,-0.0014));
#12579=CARTESIAN_POINT('',(0.022575,0.021275,-0.0016));
#12580=CARTESIAN_POINT('',(0.035875,0.011425,-0.0016));
#12581=CARTESIAN_POINT('',(0.035675,0.022575,-0.0014));
#12582=CARTESIAN_POINT('',(0.028575,0.021475,-0.0014));
#12583=CARTESIAN_POINT('',(0.034575,0.021275,-0.0016));
#12584=CARTESIAN_POINT('',(0.034575,0.022575,-0.0014));
#12585=CARTESIAN_POINT('',(-0.034575,0.015525,-0.0014));
#12586=CARTESIAN_POINT('',(-0.035875,0.015525,-0.0016));
#12587=CARTESIAN_POINT('',(-0.034575,0.016625,-0.0014));
#12588=CARTESIAN_POINT('',(-6.74295041604365E-18,0.016825,-0.0016));
#12589=CARTESIAN_POINT('',(-0.022575,0.016625,-0.0014));
#12590=CARTESIAN_POINT('',(-0.035675,0.009525,-0.0014));
#12591=CARTESIAN_POINT('',(-0.035875,0.003525,-0.0016));
#12592=CARTESIAN_POINT('',(-0.022575,0.015525,-0.0014));
#12593=CARTESIAN_POINT('',(-0.021475,0.015525,-0.0014));
#12594=CARTESIAN_POINT('',(-0.034575,0.003525,-0.0014));
#12595=CARTESIAN_POINT('',(-0.034575,0.002225,-0.0016));
#12596=CARTESIAN_POINT('',(-0.021275,0.011425,-0.0016));
#12597=CARTESIAN_POINT('',(-0.021475,0.003525,-0.0014));
#12598=CARTESIAN_POINT('',(-0.028575,0.002425,-0.0014));
#12599=CARTESIAN_POINT('',(-0.022575,0.002225,-0.0016));
#12600=CARTESIAN_POINT('',(-0.022575,0.003525,-0.0014));
#12601=CARTESIAN_POINT('',(-0.015525,0.015525,-0.0014));
#12602=CARTESIAN_POINT('',(-0.016825,0.015525,-0.0016));
#12603=CARTESIAN_POINT('',(-0.015525,0.016625,-0.0014));
#12604=CARTESIAN_POINT('',(-6.74295041604365E-18,0.016825,-0.0016));
#12605=CARTESIAN_POINT('',(-0.003525,0.016625,-0.0014));
#12606=CARTESIAN_POINT('',(-0.016625,0.009525,-0.0014));
#12607=CARTESIAN_POINT('',(-0.016825,0.003525,-0.0016));
#12608=CARTESIAN_POINT('',(-0.003525,0.015525,-0.0014));
#12609=CARTESIAN_POINT('',(-0.002425,0.015525,-0.0014));
#12610=CARTESIAN_POINT('',(-0.015525,0.003525,-0.0014));
#12611=CARTESIAN_POINT('',(-0.015525,0.002225,-0.0016));
#12612=CARTESIAN_POINT('',(-0.002225,0.011425,-0.0016));
#12613=CARTESIAN_POINT('',(-0.002425,0.003525,-0.0014));
#12614=CARTESIAN_POINT('',(-0.009525,0.002425,-0.0014));
#12615=CARTESIAN_POINT('',(-0.003525,0.002225,-0.0016));
#12616=CARTESIAN_POINT('',(-0.003525,0.003525,-0.0014));
#12617=CARTESIAN_POINT('',(0.003525,0.015525,-0.0014));
#12618=CARTESIAN_POINT('',(0.002225,0.015525,-0.0016));
#12619=CARTESIAN_POINT('',(0.003525,0.016625,-0.0014));
#12620=CARTESIAN_POINT('',(-6.74295041604365E-18,0.016825,-0.0016));
#12621=CARTESIAN_POINT('',(0.015525,0.016625,-0.0014));
#12622=CARTESIAN_POINT('',(0.002425,0.009525,-0.0014));
#12623=CARTESIAN_POINT('',(0.002225,0.003525,-0.0016));
#12624=CARTESIAN_POINT('',(0.015525,0.015525,-0.0014));
#12625=CARTESIAN_POINT('',(0.016625,0.015525,-0.0014));
#12626=CARTESIAN_POINT('',(0.003525,0.003525,-0.0014));
#12627=CARTESIAN_POINT('',(0.003525,0.002225,-0.0016));
#12628=CARTESIAN_POINT('',(0.016825,0.011425,-0.0016));
#12629=CARTESIAN_POINT('',(0.016625,0.003525,-0.0014));
#12630=CARTESIAN_POINT('',(0.009525,0.002425,-0.0014));
#12631=CARTESIAN_POINT('',(0.015525,0.002225,-0.0016));
#12632=CARTESIAN_POINT('',(0.015525,0.003525,-0.0014));
#12633=CARTESIAN_POINT('',(0.022575,0.015525,-0.0014));
#12634=CARTESIAN_POINT('',(0.021275,0.015525,-0.0016));
#12635=CARTESIAN_POINT('',(0.022575,0.016625,-0.0014));
#12636=CARTESIAN_POINT('',(-6.74295041604365E-18,0.016825,-0.0016));
#12637=CARTESIAN_POINT('',(0.034575,0.016625,-0.0014));
#12638=CARTESIAN_POINT('',(0.021475,0.009525,-0.0014));
#12639=CARTESIAN_POINT('',(0.021275,0.003525,-0.0016));
#12640=CARTESIAN_POINT('',(0.034575,0.015525,-0.0014));
#12641=CARTESIAN_POINT('',(0.035675,0.015525,-0.0014));
#12642=CARTESIAN_POINT('',(0.022575,0.003525,-0.0014));
#12643=CARTESIAN_POINT('',(0.022575,0.002225,-0.0016));
#12644=CARTESIAN_POINT('',(0.035875,0.011425,-0.0016));
#12645=CARTESIAN_POINT('',(0.035675,0.003525,-0.0014));
#12646=CARTESIAN_POINT('',(0.028575,0.002425,-0.0014));
#12647=CARTESIAN_POINT('',(0.034575,0.002225,-0.0016));
#12648=CARTESIAN_POINT('',(0.034575,0.003525,-0.0014));
#12649=CARTESIAN_POINT('',(-0.034575,-0.003525,-0.0014));
#12650=CARTESIAN_POINT('',(-0.035875,-0.003525,-0.0016));
#12651=CARTESIAN_POINT('',(-0.034575,-0.002425,-0.0014));
#12652=CARTESIAN_POINT('',(-6.74295041604365E-18,-0.002225,-0.0016));
#12653=CARTESIAN_POINT('',(-0.022575,-0.002425,-0.0014));
#12654=CARTESIAN_POINT('',(-0.035675,-0.009525,-0.0014));
#12655=CARTESIAN_POINT('',(-0.035875,-0.015525,-0.0016));
#12656=CARTESIAN_POINT('',(-0.022575,-0.003525,-0.0014));
#12657=CARTESIAN_POINT('',(-0.021475,-0.003525,-0.0014));
#12658=CARTESIAN_POINT('',(-0.034575,-0.015525,-0.0014));
#12659=CARTESIAN_POINT('',(-0.034575,-0.016825,-0.0016));
#12660=CARTESIAN_POINT('',(-0.021275,0.011425,-0.0016));
#12661=CARTESIAN_POINT('',(-0.021475,-0.015525,-0.0014));
#12662=CARTESIAN_POINT('',(-0.028575,-0.016625,-0.0014));
#12663=CARTESIAN_POINT('',(-0.022575,-0.016825,-0.0016));
#12664=CARTESIAN_POINT('',(-0.022575,-0.015525,-0.0014));
#12665=CARTESIAN_POINT('',(-0.015525,-0.003525,-0.0014));
#12666=CARTESIAN_POINT('',(-0.016825,-0.003525,-0.0016));
#12667=CARTESIAN_POINT('',(-0.015525,-0.002425,-0.0014));
#12668=CARTESIAN_POINT('',(-6.74295041604365E-18,-0.002225,-0.0016));
#12669=CARTESIAN_POINT('',(-0.003525,-0.002425,-0.0014));
#12670=CARTESIAN_POINT('',(-0.016625,-0.009525,-0.0014));
#12671=CARTESIAN_POINT('',(-0.016825,-0.015525,-0.0016));
#12672=CARTESIAN_POINT('',(-0.003525,-0.003525,-0.0014));
#12673=CARTESIAN_POINT('',(-0.002425,-0.003525,-0.0014));
#12674=CARTESIAN_POINT('',(-0.015525,-0.015525,-0.0014));
#12675=CARTESIAN_POINT('',(-0.015525,-0.016825,-0.0016));
#12676=CARTESIAN_POINT('',(-0.002225,0.011425,-0.0016));
#12677=CARTESIAN_POINT('',(-0.002425,-0.015525,-0.0014));
#12678=CARTESIAN_POINT('',(-0.009525,-0.016625,-0.0014));
#12679=CARTESIAN_POINT('',(-0.003525,-0.016825,-0.0016));
#12680=CARTESIAN_POINT('',(-0.003525,-0.015525,-0.0014));
#12681=CARTESIAN_POINT('',(0.003525,-0.003525,-0.0014));
#12682=CARTESIAN_POINT('',(0.002225,-0.003525,-0.0016));
#12683=CARTESIAN_POINT('',(0.003525,-0.002425,-0.0014));
#12684=CARTESIAN_POINT('',(-6.74295041604365E-18,-0.002225,-0.0016));
#12685=CARTESIAN_POINT('',(0.015525,-0.002425,-0.0014));
#12686=CARTESIAN_POINT('',(0.002425,-0.009525,-0.0014));
#12687=CARTESIAN_POINT('',(0.002225,-0.015525,-0.0016));
#12688=CARTESIAN_POINT('',(0.015525,-0.003525,-0.0014));
#12689=CARTESIAN_POINT('',(0.016625,-0.003525,-0.0014));
#12690=CARTESIAN_POINT('',(0.003525,-0.015525,-0.0014));
#12691=CARTESIAN_POINT('',(0.003525,-0.016825,-0.0016));
#12692=CARTESIAN_POINT('',(0.016825,0.011425,-0.0016));
#12693=CARTESIAN_POINT('',(0.016625,-0.015525,-0.0014));
#12694=CARTESIAN_POINT('',(0.009525,-0.016625,-0.0014));
#12695=CARTESIAN_POINT('',(0.015525,-0.016825,-0.0016));
#12696=CARTESIAN_POINT('',(0.015525,-0.015525,-0.0014));
#12697=CARTESIAN_POINT('',(0.022575,-0.003525,-0.0014));
#12698=CARTESIAN_POINT('',(0.021275,-0.003525,-0.0016));
#12699=CARTESIAN_POINT('',(0.022575,-0.002425,-0.0014));
#12700=CARTESIAN_POINT('',(-6.74295041604365E-18,-0.002225,-0.0016));
#12701=CARTESIAN_POINT('',(0.034575,-0.002425,-0.0014));
#12702=CARTESIAN_POINT('',(0.021475,-0.009525,-0.0014));
#12703=CARTESIAN_POINT('',(0.021275,-0.015525,-0.0016));
#12704=CARTESIAN_POINT('',(0.034575,-0.003525,-0.0014));
#12705=CARTESIAN_POINT('',(0.035675,-0.003525,-0.0014));
#12706=CARTESIAN_POINT('',(0.022575,-0.015525,-0.0014));
#12707=CARTESIAN_POINT('',(0.022575,-0.016825,-0.0016));
#12708=CARTESIAN_POINT('',(0.035875,0.011425,-0.0016));
#12709=CARTESIAN_POINT('',(0.035675,-0.015525,-0.0014));
#12710=CARTESIAN_POINT('',(0.028575,-0.016625,-0.0014));
#12711=CARTESIAN_POINT('',(0.034575,-0.016825,-0.0016));
#12712=CARTESIAN_POINT('',(0.034575,-0.015525,-0.0014));
#12713=CARTESIAN_POINT('',(-0.034575,-0.022575,-0.0014));
#12714=CARTESIAN_POINT('',(-0.035875,-0.022575,-0.0016));
#12715=CARTESIAN_POINT('',(-0.034575,-0.021475,-0.0014));
#12716=CARTESIAN_POINT('',(-6.74295041604365E-18,-0.021275,-0.0016));
#12717=CARTESIAN_POINT('',(-0.022575,-0.021475,-0.0014));
#12718=CARTESIAN_POINT('',(-0.035675,-0.028575,-0.0014));
#12719=CARTESIAN_POINT('',(-0.035875,-0.034575,-0.0016));
#12720=CARTESIAN_POINT('',(-0.022575,-0.022575,-0.0014));
#12721=CARTESIAN_POINT('',(-0.021475,-0.022575,-0.0014));
#12722=CARTESIAN_POINT('',(-0.034575,-0.034575,-0.0014));
#12723=CARTESIAN_POINT('',(-0.034575,-0.035875,-0.0016));
#12724=CARTESIAN_POINT('',(-0.021275,0.011425,-0.0016));
#12725=CARTESIAN_POINT('',(-0.021475,-0.034575,-0.0014));
#12726=CARTESIAN_POINT('',(-0.028575,-0.035675,-0.0014));
#12727=CARTESIAN_POINT('',(-0.022575,-0.035875,-0.0016));
#12728=CARTESIAN_POINT('',(-0.022575,-0.034575,-0.0014));
#12729=CARTESIAN_POINT('',(-0.015525,-0.022575,-0.0014));
#12730=CARTESIAN_POINT('',(-0.016825,-0.022575,-0.0016));
#12731=CARTESIAN_POINT('',(-0.015525,-0.021475,-0.0014));
#12732=CARTESIAN_POINT('',(-6.74295041604365E-18,-0.021275,-0.0016));
#12733=CARTESIAN_POINT('',(-0.003525,-0.021475,-0.0014));
#12734=CARTESIAN_POINT('',(-0.016625,-0.028575,-0.0014));
#12735=CARTESIAN_POINT('',(-0.016825,-0.034575,-0.0016));
#12736=CARTESIAN_POINT('',(-0.003525,-0.022575,-0.0014));
#12737=CARTESIAN_POINT('',(-0.002425,-0.022575,-0.0014));
#12738=CARTESIAN_POINT('',(-0.015525,-0.034575,-0.0014));
#12739=CARTESIAN_POINT('',(-0.015525,-0.035875,-0.0016));
#12740=CARTESIAN_POINT('',(-0.002225,0.011425,-0.0016));
#12741=CARTESIAN_POINT('',(-0.002425,-0.034575,-0.0014));
#12742=CARTESIAN_POINT('',(-0.009525,-0.035675,-0.0014));
#12743=CARTESIAN_POINT('',(-0.003525,-0.035875,-0.0016));
#12744=CARTESIAN_POINT('',(-0.003525,-0.034575,-0.0014));
#12745=CARTESIAN_POINT('',(0.003525,-0.022575,-0.0014));
#12746=CARTESIAN_POINT('',(0.002225,-0.022575,-0.0016));
#12747=CARTESIAN_POINT('',(0.003525,-0.021475,-0.0014));
#12748=CARTESIAN_POINT('',(-6.74295041604365E-18,-0.021275,-0.0016));
#12749=CARTESIAN_POINT('',(0.015525,-0.021475,-0.0014));
#12750=CARTESIAN_POINT('',(0.002425,-0.028575,-0.0014));
#12751=CARTESIAN_POINT('',(0.002225,-0.034575,-0.0016));
#12752=CARTESIAN_POINT('',(0.015525,-0.022575,-0.0014));
#12753=CARTESIAN_POINT('',(0.016625,-0.022575,-0.0014));
#12754=CARTESIAN_POINT('',(0.003525,-0.034575,-0.0014));
#12755=CARTESIAN_POINT('',(0.003525,-0.035875,-0.0016));
#12756=CARTESIAN_POINT('',(0.016825,0.011425,-0.0016));
#12757=CARTESIAN_POINT('',(0.016625,-0.034575,-0.0014));
#12758=CARTESIAN_POINT('',(0.009525,-0.035675,-0.0014));
#12759=CARTESIAN_POINT('',(0.015525,-0.035875,-0.0016));
#12760=CARTESIAN_POINT('',(0.015525,-0.034575,-0.0014));
#12761=CARTESIAN_POINT('',(-6.74295041604365E-18,-0.040375,-0.0016));
#12762=CARTESIAN_POINT('',(-0.041,-0.040375,-0.0016));
#12763=CARTESIAN_POINT('',(0.041,-0.040575,-0.0014));
#12764=CARTESIAN_POINT('',(0.041,-0.034575,-0.0016));
#12765=CARTESIAN_POINT('',(0.047,-0.034575,-0.0014));
#12766=CARTESIAN_POINT('',(-0.041,-0.034575,-0.0016));
#12767=CARTESIAN_POINT('',(-0.0468,-0.034575,-0.0016));
#12768=CARTESIAN_POINT('',(0.047,0.011425,-0.0014));
#12769=CARTESIAN_POINT('',(0.047,0.057425,-0.0014));
#12770=CARTESIAN_POINT('',(-0.0468,0.011425,-0.0016));
#12771=CARTESIAN_POINT('',(-0.0468,0.057425,-0.0016));
#12772=CARTESIAN_POINT('',(0.041,0.057425,-0.0016));
#12773=CARTESIAN_POINT('',(0.041,0.063425,-0.0014));
#12774=CARTESIAN_POINT('',(-0.041,0.057425,-0.0016));
#12775=CARTESIAN_POINT('',(-0.041,0.063225,-0.0016));
#12776=CARTESIAN_POINT('',(1.7145055188063E-19,0.063425,-0.0014));
#12777=CARTESIAN_POINT('',(0.043,-0.034575,-0.0016));
#12778=CARTESIAN_POINT('',(0.043,0.057425,-0.0016));
#12779=CARTESIAN_POINT('',(0.043,0.011425,-0.0016));
#12780=CARTESIAN_POINT('',(-0.043,0.011425,-0.0014));
#12781=CARTESIAN_POINT('',(-0.043,0.057425,-0.00140000000000001));
#12782=CARTESIAN_POINT('',(-0.043,-0.034575,-0.0014));
#12783=CARTESIAN_POINT('',(0.022575,-0.022575,-0.0014));
#12784=CARTESIAN_POINT('',(0.021275,-0.022575,-0.0016));
#12785=CARTESIAN_POINT('',(0.022575,-0.021475,-0.0014));
#12786=CARTESIAN_POINT('',(-6.74295041604365E-18,-0.021275,-0.0016));
#12787=CARTESIAN_POINT('',(0.034575,-0.021475,-0.0014));
#12788=CARTESIAN_POINT('',(0.021475,-0.028575,-0.0014));
#12789=CARTESIAN_POINT('',(0.021275,-0.034575,-0.0016));
#12790=CARTESIAN_POINT('',(0.034575,-0.022575,-0.0014));
#12791=CARTESIAN_POINT('',(0.035675,-0.022575,-0.0014));
#12792=CARTESIAN_POINT('',(0.022575,-0.034575,-0.0014));
#12793=CARTESIAN_POINT('',(0.022575,-0.035875,-0.0016));
#12794=CARTESIAN_POINT('',(0.035875,0.011425,-0.0016));
#12795=CARTESIAN_POINT('',(0.035675,-0.034575,-0.0014));
#12796=CARTESIAN_POINT('',(0.028575,-0.035675,-0.0014));
#12797=CARTESIAN_POINT('',(0.034575,-0.035875,-0.0016));
#12798=CARTESIAN_POINT('',(0.034575,-0.034575,-0.0014));
#12799=CARTESIAN_POINT('',(0.0120249999999993,0.038425,0.00949));
#12800=CARTESIAN_POINT('',(0.0148534271247454,0.063420334636227,0.00849));
#12801=CARTESIAN_POINT('',(0.0148437857363829,0.0634233875971716,0.00846273003563511));
#12802=CARTESIAN_POINT('',(0.0148337264073983,0.063425,0.00843553232688054));
#12803=CARTESIAN_POINT('',(0.0148232392607028,0.063425,0.00840840070272882));
#12804=CARTESIAN_POINT('',(0.0120249999999993,0.038425,0.00649));
#12805=CARTESIAN_POINT('',(0.0138986650745637,0.060925,0.00714705757894963));
#12806=CARTESIAN_POINT('',(0.0141421658339994,0.060925,0.0073417865934083));
#12807=CARTESIAN_POINT('',(0.0145480931993476,0.0610978661462333,0.00778911620868665));
#12808=CARTESIAN_POINT('',(0.014782163049288,0.0613988231477392,0.00828843475595517));
#12809=CARTESIAN_POINT('',(0.0148534271247463,0.0616276291414164,0.00849000000000158));
#12810=CARTESIAN_POINT('',(0.00964999999999926,0.038425,0.00649));
#12811=CARTESIAN_POINT('',(0.00727499999999926,0.038425,0.00649));
#12812=CARTESIAN_POINT('',(0.00727499999999926,0.038425,0.00949));
#12813=CARTESIAN_POINT('',(0.00447676073929575,0.063425,0.00840840070272882));
#12814=CARTESIAN_POINT('',(0.00446627359260017,0.063425,0.00843553232688054));
#12815=CARTESIAN_POINT('',(0.00445621426361563,0.0634233875971717,0.00846273003563511));
#12816=CARTESIAN_POINT('',(0.00444657287525307,0.0634203346362271,0.00849));
#12817=CARTESIAN_POINT('',(0.00444657287525307,0.063420334636227,0.00849));
#12818=CARTESIAN_POINT('',(0.00444657287525308,0.038425,0.00849));
#12819=CARTESIAN_POINT('',(0.00444657287525307,0.0616276291414196,0.00849));
#12820=CARTESIAN_POINT('',(0.00444657287525307,0.0616276291414196,0.00849));
#12821=CARTESIAN_POINT('',(0.00451772747150742,0.0613991746502029,0.00828874440990384));
#12822=CARTESIAN_POINT('',(0.00475211109355401,0.0610976588083474,0.00778881405096894));
#12823=CARTESIAN_POINT('',(0.00515761788571125,0.060925,0.00734195955404875));
#12824=CARTESIAN_POINT('',(0.00540133492543477,0.060925,0.00714705757894964));
#12825=CARTESIAN_POINT('',(0.00436078643762653,0.038425,0.00849));
#12826=CARTESIAN_POINT('',(0.00447676073929575,0.063325,0.00849));
#12827=CARTESIAN_POINT('',(0.00437677596978011,0.0633232547593563,0.00849));
#12828=CARTESIAN_POINT('',(0.00481123937952071,0.0384328626853478,0.00849));
#12829=CARTESIAN_POINT('',(0.00440148723027838,0.0619075475935627,0.00849));
#12830=CARTESIAN_POINT('',(0.00540133492543477,0.061925,0.00849));
#12831=CARTESIAN_POINT('',(-0.035075,0.047625,-0.00020000000000001));
#12832=CARTESIAN_POINT('',(-0.035075,0.041625,-0.000200000000000009));
#12833=CARTESIAN_POINT('',(-0.035275,0.053625,-1.088711004442E-17));
#12834=CARTESIAN_POINT('',(-0.034575,0.053625,-1.08013847684797E-17));
#12835=CARTESIAN_POINT('',(-0.034575,0.054325,-1.088711004442E-17));
#12836=CARTESIAN_POINT('',(-0.034575,0.041625,-9.33180860950283E-18));
#12837=CARTESIAN_POINT('',(-0.034575,0.041125,-0.000200000000000009));
#12838=CARTESIAN_POINT('',(-6.93889390390723E-18,0.054325,-6.652893736368E-18));
#12839=CARTESIAN_POINT('',(-0.022575,0.054325,-9.41753388544315E-18));
#12840=CARTESIAN_POINT('',(-0.028575,0.041125,-0.000200000000000009));
#12841=CARTESIAN_POINT('',(-0.022575,0.041125,-0.000200000000000008));
#12842=CARTESIAN_POINT('',(-0.022575,0.053625,-9.33180860950283E-18));
#12843=CARTESIAN_POINT('',(-0.021875,0.053625,-9.24608333356252E-18));
#12844=CARTESIAN_POINT('',(-0.022575,0.041625,-7.86223245052601E-18));
#12845=CARTESIAN_POINT('',(-0.022075,0.041625,-0.000200000000000008));
#12846=CARTESIAN_POINT('',(-0.021875,0.011425,-4.07807384116068E-18));
#12847=CARTESIAN_POINT('',(-0.034575,0.034575,-8.46843261610395E-18));
#12848=CARTESIAN_POINT('',(-0.035675,0.034575,-0.000200000000000008));
#12849=CARTESIAN_POINT('',(-0.034575,0.035875,-8.6276366999931E-18));
#12850=CARTESIAN_POINT('',(-0.028575,0.035675,-0.000200000000000007));
#12851=CARTESIAN_POINT('',(-0.022575,0.035875,-7.15806054101628E-18));
#12852=CARTESIAN_POINT('',(-0.035875,0.011425,-5.79257935996698E-18));
#12853=CARTESIAN_POINT('',(-0.035675,0.022575,-0.000200000000000006));
#12854=CARTESIAN_POINT('',(-0.022575,0.034575,-6.99885645712712E-18));
#12855=CARTESIAN_POINT('',(-0.021275,0.034575,-6.83965237323797E-18));
#12856=CARTESIAN_POINT('',(-0.034575,0.022575,-6.99885645712712E-18));
#12857=CARTESIAN_POINT('',(-0.034575,0.021475,-0.000200000000000006));
#12858=CARTESIAN_POINT('',(-0.021475,0.028575,-0.000200000000000005));
#12859=CARTESIAN_POINT('',(-0.021275,0.022575,-5.37007621426115E-18));
#12860=CARTESIAN_POINT('',(-6.93889390390723E-18,0.021275,-2.60543606518599E-18));
#12861=CARTESIAN_POINT('',(-0.022575,0.021475,-0.000200000000000004));
#12862=CARTESIAN_POINT('',(-0.022575,0.022575,-5.5292802981503E-18));
#12863=CARTESIAN_POINT('',(-0.015525,0.034575,-6.13548046372824E-18));
#12864=CARTESIAN_POINT('',(-0.016625,0.034575,-0.000200000000000005));
#12865=CARTESIAN_POINT('',(-0.015525,0.035875,-6.2946845476174E-18));
#12866=CARTESIAN_POINT('',(-0.009525,0.035675,-0.000200000000000005));
#12867=CARTESIAN_POINT('',(-0.003525,0.035875,-4.82510838864057E-18));
#12868=CARTESIAN_POINT('',(-0.016825,0.011425,-3.45962720759127E-18));
#12869=CARTESIAN_POINT('',(-0.016625,0.022575,-0.000200000000000004));
#12870=CARTESIAN_POINT('',(-0.003525,0.034575,-4.66590430475142E-18));
#12871=CARTESIAN_POINT('',(-0.002225,0.034575,-4.50670022086226E-18));
#12872=CARTESIAN_POINT('',(-0.015525,0.022575,-4.66590430475142E-18));
#12873=CARTESIAN_POINT('',(-0.015525,0.021475,-0.000200000000000004));
#12874=CARTESIAN_POINT('',(-0.002425,0.028575,-0.000200000000000003));
#12875=CARTESIAN_POINT('',(-0.002225,0.022575,-3.03712406188543E-18));
#12876=CARTESIAN_POINT('',(-6.93889390390723E-18,0.021275,-2.60543606518599E-18));
#12877=CARTESIAN_POINT('',(-0.003525,0.021475,-0.0002));
#12878=CARTESIAN_POINT('',(-0.003525,0.022575,-3.19632814577459E-18));
#12879=CARTESIAN_POINT('',(0.003525,0.034575,-3.80252831135254E-18));
#12880=CARTESIAN_POINT('',(0.002425,0.034575,-0.000200000000000003));
#12881=CARTESIAN_POINT('',(0.003525,0.035875,-3.96173239524169E-18));
#12882=CARTESIAN_POINT('',(0.009525,0.035675,-0.0002));
#12883=CARTESIAN_POINT('',(0.015525,0.035875,-2.49215623626486E-18));
#12884=CARTESIAN_POINT('',(0.002225,0.011425,-1.12667505521556E-18));
#12885=CARTESIAN_POINT('',(0.002425,0.022575,-0.0002));
#12886=CARTESIAN_POINT('',(0.015525,0.034575,-2.33295215237571E-18));
#12887=CARTESIAN_POINT('',(0.016825,0.034575,-2.17374806848655E-18));
#12888=CARTESIAN_POINT('',(0.003525,0.022575,-2.33295215237571E-18));
#12889=CARTESIAN_POINT('',(0.003525,0.021475,-0.0002));
#12890=CARTESIAN_POINT('',(0.016625,0.028575,-0.0002));
#12891=CARTESIAN_POINT('',(0.016825,0.022575,-7.04171909509728E-19));
#12892=CARTESIAN_POINT('',(-6.93889390390723E-18,0.021275,-2.60543606518599E-18));
#12893=CARTESIAN_POINT('',(0.015525,0.021475,-0.0002));
#12894=CARTESIAN_POINT('',(0.015525,0.022575,-8.63375993398884E-19));
#12895=CARTESIAN_POINT('',(0.022575,0.034575,-1.46957615897682E-18));
#12896=CARTESIAN_POINT('',(0.021475,0.034575,-0.0002));
#12897=CARTESIAN_POINT('',(0.022575,0.035875,-1.62878024286598E-18));
#12898=CARTESIAN_POINT('',(0.028575,0.035675,-0.0002));
#12899=CARTESIAN_POINT('',(0.034575,0.035875,-1.59204083889155E-19));
#12900=CARTESIAN_POINT('',(0.021275,0.011425,1.20627709716014E-18));
#12901=CARTESIAN_POINT('',(0.021475,0.022575,-0.0002));
#12902=CARTESIAN_POINT('',(0.034575,0.034575,7.70371977754894E-34));
#12903=CARTESIAN_POINT('',(0.035875,0.034575,1.59204083889156E-19));
#12904=CARTESIAN_POINT('',(0.022575,0.022575,1.15555796663234E-33));
#12905=CARTESIAN_POINT('',(0.022575,0.021475,-0.0002));
#12906=CARTESIAN_POINT('',(0.035675,0.028575,-0.0002));
#12907=CARTESIAN_POINT('',(0.035875,0.022575,1.62878024286598E-18));
#12908=CARTESIAN_POINT('',(-6.93889390390723E-18,0.021275,-2.60543606518599E-18));
#12909=CARTESIAN_POINT('',(0.034575,0.021475,-0.000199999999999997));
#12910=CARTESIAN_POINT('',(0.034575,0.022575,1.46957615897682E-18));
#12911=CARTESIAN_POINT('',(-0.034575,0.015525,-6.13548046372824E-18));
#12912=CARTESIAN_POINT('',(-0.035675,0.015525,-0.000200000000000005));
#12913=CARTESIAN_POINT('',(-0.034575,0.016825,-6.2946845476174E-18));
#12914=CARTESIAN_POINT('',(-0.028575,0.016625,-0.000200000000000005));
#12915=CARTESIAN_POINT('',(-0.022575,0.016825,-4.82510838864057E-18));
#12916=CARTESIAN_POINT('',(-0.035875,0.011425,-5.79257935996698E-18));
#12917=CARTESIAN_POINT('',(-0.035675,0.003525,-0.000200000000000004));
#12918=CARTESIAN_POINT('',(-0.022575,0.015525,-4.66590430475142E-18));
#12919=CARTESIAN_POINT('',(-0.021275,0.015525,-4.50670022086226E-18));
#12920=CARTESIAN_POINT('',(-0.034575,0.003525,-4.66590430475142E-18));
#12921=CARTESIAN_POINT('',(-0.034575,0.002425,-0.000200000000000004));
#12922=CARTESIAN_POINT('',(-0.021475,0.009525,-0.000200000000000003));
#12923=CARTESIAN_POINT('',(-0.021275,0.003525,-3.03712406188543E-18));
#12924=CARTESIAN_POINT('',(-6.93889390390723E-18,0.002225,-2.72483912810287E-19));
#12925=CARTESIAN_POINT('',(-0.022575,0.002425,-0.0002));
#12926=CARTESIAN_POINT('',(-0.022575,0.003525,-3.19632814577459E-18));
#12927=CARTESIAN_POINT('',(-0.015525,0.015525,-3.80252831135254E-18));
#12928=CARTESIAN_POINT('',(-0.016625,0.015525,-0.000200000000000003));
#12929=CARTESIAN_POINT('',(-0.015525,0.016825,-3.96173239524169E-18));
#12930=CARTESIAN_POINT('',(-0.009525,0.016625,-0.0002));
#12931=CARTESIAN_POINT('',(-0.003525,0.016825,-2.49215623626486E-18));
#12932=CARTESIAN_POINT('',(-0.016825,0.011425,-3.45962720759127E-18));
#12933=CARTESIAN_POINT('',(-0.016625,0.003525,-0.0002));
#12934=CARTESIAN_POINT('',(-0.003525,0.015525,-2.33295215237571E-18));
#12935=CARTESIAN_POINT('',(-0.002225,0.015525,-2.17374806848655E-18));
#12936=CARTESIAN_POINT('',(-0.015525,0.003525,-2.33295215237571E-18));
#12937=CARTESIAN_POINT('',(-0.015525,0.002425,-0.0002));
#12938=CARTESIAN_POINT('',(-0.002425,0.009525,-0.0002));
#12939=CARTESIAN_POINT('',(-0.002225,0.003525,-7.04171909509728E-19));
#12940=CARTESIAN_POINT('',(-6.93889390390723E-18,0.002225,-2.72483912810287E-19));
#12941=CARTESIAN_POINT('',(-0.003525,0.002425,-0.0002));
#12942=CARTESIAN_POINT('',(-0.003525,0.003525,-8.63375993398884E-19));
#12943=CARTESIAN_POINT('',(0.003525,0.015525,-1.46957615897682E-18));
#12944=CARTESIAN_POINT('',(0.002425,0.015525,-0.0002));
#12945=CARTESIAN_POINT('',(0.003525,0.016825,-1.62878024286598E-18));
#12946=CARTESIAN_POINT('',(0.009525,0.016625,-0.0002));
#12947=CARTESIAN_POINT('',(0.015525,0.016825,-1.59204083889155E-19));
#12948=CARTESIAN_POINT('',(0.002225,0.011425,-1.12667505521556E-18));
#12949=CARTESIAN_POINT('',(0.002425,0.003525,-0.0002));
#12950=CARTESIAN_POINT('',(0.015525,0.015525,1.54074395550979E-33));
#12951=CARTESIAN_POINT('',(0.016825,0.015525,1.59204083889157E-19));
#12952=CARTESIAN_POINT('',(0.003525,0.003525,1.30000271246138E-33));
#12953=CARTESIAN_POINT('',(0.003525,0.002425,-0.0002));
#12954=CARTESIAN_POINT('',(0.016625,0.009525,-0.0002));
#12955=CARTESIAN_POINT('',(0.016825,0.003525,1.62878024286598E-18));
#12956=CARTESIAN_POINT('',(-6.93889390390723E-18,0.002225,-2.72483912810287E-19));
#12957=CARTESIAN_POINT('',(0.015525,0.002425,-0.000199999999999997));
#12958=CARTESIAN_POINT('',(0.015525,0.003525,1.46957615897682E-18));
#12959=CARTESIAN_POINT('',(0.022575,0.015525,8.63375993398883E-19));
#12960=CARTESIAN_POINT('',(0.021475,0.015525,-0.0002));
#12961=CARTESIAN_POINT('',(0.022575,0.016825,7.04171909509728E-19));
#12962=CARTESIAN_POINT('',(0.028575,0.016625,-0.000199999999999998));
#12963=CARTESIAN_POINT('',(0.034575,0.016825,2.17374806848655E-18));
#12964=CARTESIAN_POINT('',(0.021275,0.011425,1.20627709716014E-18));
#12965=CARTESIAN_POINT('',(0.021475,0.003525,-0.000199999999999997));
#12966=CARTESIAN_POINT('',(0.034575,0.015525,2.33295215237571E-18));
#12967=CARTESIAN_POINT('',(0.035875,0.015525,2.49215623626486E-18));
#12968=CARTESIAN_POINT('',(0.022575,0.003525,2.33295215237571E-18));
#12969=CARTESIAN_POINT('',(0.022575,0.002425,-0.000199999999999997));
#12970=CARTESIAN_POINT('',(0.035675,0.009525,-0.000199999999999996));
#12971=CARTESIAN_POINT('',(0.035875,0.003525,3.96173239524169E-18));
#12972=CARTESIAN_POINT('',(-6.93889390390723E-18,0.002225,-2.72483912810287E-19));
#12973=CARTESIAN_POINT('',(0.034575,0.002425,-0.000199999999999995));
#12974=CARTESIAN_POINT('',(0.034575,0.003525,3.80252831135253E-18));
#12975=CARTESIAN_POINT('',(-0.034575,-0.003525,-3.80252831135254E-18));
#12976=CARTESIAN_POINT('',(-0.035675,-0.003525,-0.000200000000000003));
#12977=CARTESIAN_POINT('',(-0.034575,-0.002225,-3.96173239524169E-18));
#12978=CARTESIAN_POINT('',(-0.028575,-0.002425,-0.0002));
#12979=CARTESIAN_POINT('',(-0.022575,-0.002225,-2.49215623626486E-18));
#12980=CARTESIAN_POINT('',(-0.035875,0.011425,-5.79257935996698E-18));
#12981=CARTESIAN_POINT('',(-0.035675,-0.015525,-0.0002));
#12982=CARTESIAN_POINT('',(-0.022575,-0.003525,-2.33295215237571E-18));
#12983=CARTESIAN_POINT('',(-0.021275,-0.003525,-2.17374806848655E-18));
#12984=CARTESIAN_POINT('',(-0.034575,-0.015525,-2.33295215237571E-18));
#12985=CARTESIAN_POINT('',(-0.034575,-0.016625,-0.0002));
#12986=CARTESIAN_POINT('',(-0.021475,-0.009525,-0.0002));
#12987=CARTESIAN_POINT('',(-0.021275,-0.015525,-7.04171909509728E-19));
#12988=CARTESIAN_POINT('',(-6.93889390390723E-18,-0.016825,2.06046823956542E-18));
#12989=CARTESIAN_POINT('',(-0.022575,-0.016625,-0.0002));
#12990=CARTESIAN_POINT('',(-0.022575,-0.015525,-8.63375993398884E-19));
#12991=CARTESIAN_POINT('',(-0.015525,-0.003525,-1.46957615897682E-18));
#12992=CARTESIAN_POINT('',(-0.016625,-0.003525,-0.0002));
#12993=CARTESIAN_POINT('',(-0.015525,-0.002225,-1.62878024286598E-18));
#12994=CARTESIAN_POINT('',(-0.009525,-0.002425,-0.0002));
#12995=CARTESIAN_POINT('',(-0.003525,-0.002225,-1.59204083889155E-19));
#12996=CARTESIAN_POINT('',(-0.016825,0.011425,-3.45962720759127E-18));
#12997=CARTESIAN_POINT('',(-0.016625,-0.015525,-0.0002));
#12998=CARTESIAN_POINT('',(-0.003525,-0.003525,1.30000271246138E-33));
#12999=CARTESIAN_POINT('',(-0.002225,-0.003525,1.59204083889157E-19));
#13000=CARTESIAN_POINT('',(-0.015525,-0.015525,1.54074395550979E-33));
#13001=CARTESIAN_POINT('',(-0.015525,-0.016625,-0.0002));
#13002=CARTESIAN_POINT('',(-0.002425,-0.009525,-0.0002));
#13003=CARTESIAN_POINT('',(-0.002225,-0.015525,1.62878024286598E-18));
#13004=CARTESIAN_POINT('',(-6.93889390390723E-18,-0.016825,2.06046823956542E-18));
#13005=CARTESIAN_POINT('',(-0.003525,-0.016625,-0.000199999999999997));
#13006=CARTESIAN_POINT('',(-0.003525,-0.015525,1.46957615897682E-18));
#13007=CARTESIAN_POINT('',(0.003525,-0.003525,8.63375993398883E-19));
#13008=CARTESIAN_POINT('',(0.002425,-0.003525,-0.0002));
#13009=CARTESIAN_POINT('',(0.003525,-0.002225,7.04171909509728E-19));
#13010=CARTESIAN_POINT('',(0.009525,-0.002425,-0.000199999999999998));
#13011=CARTESIAN_POINT('',(0.015525,-0.002225,2.17374806848655E-18));
#13012=CARTESIAN_POINT('',(0.002225,0.011425,-1.12667505521556E-18));
#13013=CARTESIAN_POINT('',(0.002425,-0.015525,-0.000199999999999997));
#13014=CARTESIAN_POINT('',(0.015525,-0.003525,2.33295215237571E-18));
#13015=CARTESIAN_POINT('',(0.016825,-0.003525,2.49215623626486E-18));
#13016=CARTESIAN_POINT('',(0.003525,-0.015525,2.33295215237571E-18));
#13017=CARTESIAN_POINT('',(0.003525,-0.016625,-0.000199999999999997));
#13018=CARTESIAN_POINT('',(0.016625,-0.009525,-0.000199999999999996));
#13019=CARTESIAN_POINT('',(0.016825,-0.015525,3.96173239524169E-18));
#13020=CARTESIAN_POINT('',(-6.93889390390723E-18,-0.016825,2.06046823956542E-18));
#13021=CARTESIAN_POINT('',(0.015525,-0.016625,-0.000199999999999995));
#13022=CARTESIAN_POINT('',(0.015525,-0.015525,3.80252831135253E-18));
#13023=CARTESIAN_POINT('',(0.022575,-0.003525,3.19632814577459E-18));
#13024=CARTESIAN_POINT('',(0.021475,-0.003525,-0.000199999999999996));
#13025=CARTESIAN_POINT('',(0.022575,-0.002225,3.03712406188543E-18));
#13026=CARTESIAN_POINT('',(0.028575,-0.002425,-0.000199999999999995));
#13027=CARTESIAN_POINT('',(0.034575,-0.002225,4.50670022086226E-18));
#13028=CARTESIAN_POINT('',(0.021275,0.011425,1.20627709716014E-18));
#13029=CARTESIAN_POINT('',(0.021475,-0.015525,-0.000199999999999995));
#13030=CARTESIAN_POINT('',(0.034575,-0.003525,4.66590430475142E-18));
#13031=CARTESIAN_POINT('',(0.035875,-0.003525,4.82510838864057E-18));
#13032=CARTESIAN_POINT('',(0.022575,-0.015525,4.66590430475142E-18));
#13033=CARTESIAN_POINT('',(0.022575,-0.016625,-0.000199999999999994));
#13034=CARTESIAN_POINT('',(0.035675,-0.009525,-0.000199999999999994));
#13035=CARTESIAN_POINT('',(0.035875,-0.015525,6.2946845476174E-18));
#13036=CARTESIAN_POINT('',(-6.93889390390723E-18,-0.016825,2.06046823956542E-18));
#13037=CARTESIAN_POINT('',(0.034575,-0.016625,-0.000199999999999993));
#13038=CARTESIAN_POINT('',(0.034575,-0.015525,6.13548046372824E-18));
#13039=CARTESIAN_POINT('',(-0.034575,-0.022575,-1.46957615897682E-18));
#13040=CARTESIAN_POINT('',(-0.035675,-0.022575,-0.0002));
#13041=CARTESIAN_POINT('',(-0.034575,-0.021275,-1.62878024286598E-18));
#13042=CARTESIAN_POINT('',(-0.028575,-0.021475,-0.0002));
#13043=CARTESIAN_POINT('',(-0.022575,-0.021275,-1.59204083889155E-19));
#13044=CARTESIAN_POINT('',(-0.035875,0.011425,-5.79257935996698E-18));
#13045=CARTESIAN_POINT('',(-0.035675,-0.034575,-0.0002));
#13046=CARTESIAN_POINT('',(-0.022575,-0.022575,1.15555796663234E-33));
#13047=CARTESIAN_POINT('',(-0.021275,-0.022575,1.59204083889157E-19));
#13048=CARTESIAN_POINT('',(-0.034575,-0.034575,7.70371977754894E-34));
#13049=CARTESIAN_POINT('',(-0.034575,-0.035675,-0.0002));
#13050=CARTESIAN_POINT('',(-0.021475,-0.028575,-0.0002));
#13051=CARTESIAN_POINT('',(-0.021275,-0.034575,1.62878024286598E-18));
#13052=CARTESIAN_POINT('',(-6.93889390390723E-18,-0.035875,4.39342039194113E-18));
#13053=CARTESIAN_POINT('',(-0.022575,-0.035675,-0.000199999999999997));
#13054=CARTESIAN_POINT('',(-0.022575,-0.034575,1.46957615897682E-18));
#13055=CARTESIAN_POINT('',(-0.015525,-0.022575,8.63375993398883E-19));
#13056=CARTESIAN_POINT('',(-0.016625,-0.022575,-0.0002));
#13057=CARTESIAN_POINT('',(-0.015525,-0.021275,7.04171909509728E-19));
#13058=CARTESIAN_POINT('',(-0.009525,-0.021475,-0.000199999999999998));
#13059=CARTESIAN_POINT('',(-0.003525,-0.021275,2.17374806848655E-18));
#13060=CARTESIAN_POINT('',(-0.016825,0.011425,-3.45962720759127E-18));
#13061=CARTESIAN_POINT('',(-0.016625,-0.034575,-0.000199999999999997));
#13062=CARTESIAN_POINT('',(-0.003525,-0.022575,2.33295215237571E-18));
#13063=CARTESIAN_POINT('',(-0.002225,-0.022575,2.49215623626486E-18));
#13064=CARTESIAN_POINT('',(-0.015525,-0.034575,2.33295215237571E-18));
#13065=CARTESIAN_POINT('',(-0.015525,-0.035675,-0.000199999999999997));
#13066=CARTESIAN_POINT('',(-0.002425,-0.028575,-0.000199999999999996));
#13067=CARTESIAN_POINT('',(-0.002225,-0.034575,3.96173239524169E-18));
#13068=CARTESIAN_POINT('',(-6.93889390390723E-18,-0.035875,4.39342039194113E-18));
#13069=CARTESIAN_POINT('',(-0.003525,-0.035675,-0.000199999999999995));
#13070=CARTESIAN_POINT('',(-0.003525,-0.034575,3.80252831135253E-18));
#13071=CARTESIAN_POINT('',(0.003525,-0.022575,3.19632814577459E-18));
#13072=CARTESIAN_POINT('',(0.002425,-0.022575,-0.000199999999999996));
#13073=CARTESIAN_POINT('',(0.003525,-0.021275,3.03712406188543E-18));
#13074=CARTESIAN_POINT('',(0.009525,-0.021475,-0.000199999999999995));
#13075=CARTESIAN_POINT('',(0.015525,-0.021275,4.50670022086226E-18));
#13076=CARTESIAN_POINT('',(0.002225,0.011425,-1.12667505521556E-18));
#13077=CARTESIAN_POINT('',(0.002425,-0.034575,-0.000199999999999995));
#13078=CARTESIAN_POINT('',(0.015525,-0.022575,4.66590430475142E-18));
#13079=CARTESIAN_POINT('',(0.016825,-0.022575,4.82510838864057E-18));
#13080=CARTESIAN_POINT('',(0.003525,-0.034575,4.66590430475142E-18));
#13081=CARTESIAN_POINT('',(0.003525,-0.035675,-0.000199999999999994));
#13082=CARTESIAN_POINT('',(0.016625,-0.028575,-0.000199999999999994));
#13083=CARTESIAN_POINT('',(0.016825,-0.034575,6.2946845476174E-18));
#13084=CARTESIAN_POINT('',(-6.93889390390723E-18,-0.035875,4.39342039194113E-18));
#13085=CARTESIAN_POINT('',(0.015525,-0.035675,-0.000199999999999993));
#13086=CARTESIAN_POINT('',(0.015525,-0.034575,6.13548046372824E-18));
#13087=CARTESIAN_POINT('',(0.043,-0.034575,9.50019754438559E-18));
#13088=CARTESIAN_POINT('',(0.043,0.057425,-1.76655300777006E-18));
#13089=CARTESIAN_POINT('',(0.043,0.011425,3.86682226830777E-18));
#13090=CARTESIAN_POINT('',(-0.043,0.011425,-0.000200000000000007));
#13091=CARTESIAN_POINT('',(-0.043,0.057425,-0.000200000000000013));
#13092=CARTESIAN_POINT('',(-0.043,-0.034575,-0.0002));
#13093=CARTESIAN_POINT('',(0.022575,-0.022575,5.5292802981503E-18));
#13094=CARTESIAN_POINT('',(0.021475,-0.022575,-0.000199999999999995));
#13095=CARTESIAN_POINT('',(0.022575,-0.021275,5.37007621426115E-18));
#13096=CARTESIAN_POINT('',(0.028575,-0.021475,-0.000199999999999994));
#13097=CARTESIAN_POINT('',(0.034575,-0.021275,6.83965237323797E-18));
#13098=CARTESIAN_POINT('',(0.021275,0.011425,1.20627709716014E-18));
#13099=CARTESIAN_POINT('',(0.021475,-0.034575,-0.000199999999999993));
#13100=CARTESIAN_POINT('',(0.034575,-0.022575,6.99885645712713E-18));
#13101=CARTESIAN_POINT('',(0.035875,-0.022575,7.15806054101628E-18));
#13102=CARTESIAN_POINT('',(0.022575,-0.034575,6.99885645712713E-18));
#13103=CARTESIAN_POINT('',(0.022575,-0.035675,-0.000199999999999993));
#13104=CARTESIAN_POINT('',(0.035675,-0.028575,-0.000199999999999992));
#13105=CARTESIAN_POINT('',(0.035875,-0.034575,8.6276366999931E-18));
#13106=CARTESIAN_POINT('',(-6.93889390390723E-18,-0.035875,4.39342039194113E-18));
#13107=CARTESIAN_POINT('',(0.034575,-0.035675,-0.000199999999999991));
#13108=CARTESIAN_POINT('',(0.034575,-0.034575,8.46843261610395E-18));
#13109=CARTESIAN_POINT('',(-6.93889390390723E-18,0.063225,-7.74282938760914E-18));
#13110=CARTESIAN_POINT('',(0.004475,0.063325,-0.000100000000000007));
#13111=CARTESIAN_POINT('',(-0.041,0.063225,-1.27638812641133E-17));
#13112=CARTESIAN_POINT('',(-0.041,0.057425,-1.20535861206078E-17));
#13113=CARTESIAN_POINT('',(-0.0468,0.057425,-1.27638812641133E-17));
#13114=CARTESIAN_POINT('',(-0.0468,0.011425,-7.13050598803546E-18));
#13115=CARTESIAN_POINT('',(-0.0468,-0.034575,-1.49713071195764E-18));
#13116=CARTESIAN_POINT('',(-0.041,-0.034575,-7.86835568452175E-19));
#13117=CARTESIAN_POINT('',(-0.041,-0.040375,-7.65404249467109E-20));
#13118=CARTESIAN_POINT('',(-1.38532948718315E-17,-0.040575,-0.000199999999999995));
#13119=CARTESIAN_POINT('',(0.041,-0.040375,9.96556332806159E-18));
#13120=CARTESIAN_POINT('',(0.041,-0.034575,9.25526818455612E-18));
#13121=CARTESIAN_POINT('',(0.0468,-0.034575,9.96556332806159E-18));
#13122=CARTESIAN_POINT('',(0.047,0.011425,-0.000199999999999996));
#13123=CARTESIAN_POINT('',(0.0468,0.057425,-1.30118722409406E-18));
#13124=CARTESIAN_POINT('',(0.041,0.057425,-2.01148236759953E-18));
#13125=CARTESIAN_POINT('',(0.041,0.063225,-2.72177751110499E-18));
#13126=CARTESIAN_POINT('',(-6.93889390390723E-18,0.063225,-7.74282938760914E-18));
#13127=CARTESIAN_POINT('',(0.014825,0.063325,-0.000100000000000006));
#13128=CARTESIAN_POINT('',(0.00441683013116274,0.0610285533905933,0.025));
#13129=CARTESIAN_POINT('',(0.00437677596978011,0.0633232547593563,-7.21886165706618E-18));
#13130=CARTESIAN_POINT('',(0.00420739851154785,0.0730268828425986,0.0129980149054762));
#13131=CARTESIAN_POINT('',(0.00440148723027838,0.0619075475935627,0.00187867965644036));
#13132=CARTESIAN_POINT('',(0.00440148723027838,0.0619075475935627,0.025));
#13133=CARTESIAN_POINT('',(0.0148831698688358,0.0610285533905933,0.025));
#13134=CARTESIAN_POINT('',(0.0149232240302184,0.0633232547593563,0.025));
#13135=CARTESIAN_POINT('',(0.0148985127697201,0.0619075475935627,0.00229289321881345));
#13136=CARTESIAN_POINT('',(0.0148985127697201,0.0619075475935627,0.00187867965644036));
#13137=CARTESIAN_POINT('',(0.0148535281592248,0.0593303809843097,-0.000698486952812707));
#13138=CARTESIAN_POINT('',(0.0138986650745637,0.061925,0.025));
#13139=CARTESIAN_POINT('',(0.0138986650745637,0.061925,0.00187867965644035));
#13140=CARTESIAN_POINT('',(0.0140927537932943,0.0730443352490359,0.0129980149054762));
#13141=CARTESIAN_POINT('',(0.00540133492543477,0.061925,0.01));
#13142=CARTESIAN_POINT('',(0.00540133492543477,0.061925,0.00187867965644036));
#13143=CARTESIAN_POINT('',(0.00540092340102197,0.0619485762178198,0.00190225587426011));
#13144=CARTESIAN_POINT('',(0.00447676073929575,0.063325,0.025));
#13145=CARTESIAN_POINT('',(0.00447500027286899,0.063424984502589,-1.24601650634439E-20));
#13146=CARTESIAN_POINT('',(0.00442323527124588,0.0634240730558639,-1.86879293865629E-20));
#13147=CARTESIAN_POINT('',(0.00437676073929575,0.0633767730251016,-1.85868349387606E-20));
#13148=CARTESIAN_POINT('',(0.00437676073929575,0.063325,-1.22464679914735E-20));
#13149=CARTESIAN_POINT('',(0.004475,0.063325,0.01));
#13150=CARTESIAN_POINT('',(0.0148232392607028,0.063325,-0.0016));
#13151=CARTESIAN_POINT('',(0.0149232392607028,0.063325,1.22464679914735E-20));
#13152=CARTESIAN_POINT('',(0.0149232392607028,0.0633767730251011,5.90610104424543E-21));
#13153=CARTESIAN_POINT('',(0.0148767647287536,0.0634240730558632,-5.57797076232641E-21));
#13154=CARTESIAN_POINT('',(0.014824999727131,0.0634249845025889,-1.20289751483562E-20));
#13155=CARTESIAN_POINT('',(0.014825,0.063325,-0.0016));
#13156=MECHANICAL_DESIGN_GEOMETRIC_PRESENTATION_REPRESENTATION('',(#7771),
#13157);
#13157=(
GEOMETRIC_REPRESENTATION_CONTEXT(3)
GLOBAL_UNCERTAINTY_ASSIGNED_CONTEXT((#13158))
GLOBAL_UNIT_ASSIGNED_CONTEXT((#13161,#13160,#13159))
REPRESENTATION_CONTEXT('Plate','TOP_LEVEL_ASSEMBLY_PART')
);
#13158=UNCERTAINTY_MEASURE_WITH_UNIT(LENGTH_MEASURE(2.E-5),#13161,
'DISTANCE_ACCURACY_VALUE','Maximum Tolerance applied to model');
#13159=(
NAMED_UNIT(*)
SI_UNIT($,.STERADIAN.)
SOLID_ANGLE_UNIT()
);
#13160=(
NAMED_UNIT(*)
PLANE_ANGLE_UNIT()
SI_UNIT($,.RADIAN.)
);
#13161=(
LENGTH_UNIT()
NAMED_UNIT(*)
SI_UNIT($,.METRE.)
);
#13162=PRODUCT_DEFINITION_SHAPE('','',#13163);
#13163=PRODUCT_DEFINITION('','',#13165,#13164);
#13164=PRODUCT_DEFINITION_CONTEXT('',#13171,'design');
#13165=PRODUCT_DEFINITION_FORMATION_WITH_SPECIFIED_SOURCE('','',#13167,
 .NOT_KNOWN.);
#13166=PRODUCT_RELATED_PRODUCT_CATEGORY('','',(#13167));
#13167=PRODUCT('Plate','Plate','Plate',(#13169));
#13168=PRODUCT_CATEGORY('','');
#13169=PRODUCT_CONTEXT('',#13171,'mechanical');
#13170=APPLICATION_PROTOCOL_DEFINITION('international standard',
'ap242_managed_model_based_3d_engineering',2020,#13171);
#13171=APPLICATION_CONTEXT('managed model based 3d engineering');
ENDSEC;
END-ISO-10303-21;
